website_name,product_name,product_image,brand,category,subcategory,price,original_price,discount_percent,rating,review_count,size_options,color,fit_type,fabric,sleeve_type,pattern,description,availability,seller,product_url,scrape_date
Ajio,Bollyclues Coffee Women Embroidered Regular Fit Shirt,https://assets.ajio.com/medias/sys_master/root1/20260406/l1Rk/69d3aa479e784a25d5bf6bdb/bollyclues_coffee_women_embroidered_regular_fit_shirt.jpg,Bollyclues,Women,Shirts,343,999,51,,,,Brown,Regular Fit,,,Embroidered,"Bollyclues Coffee Women Embroidered Regular Fit Shirt. Brand: Bollyclues. Color: Brown. Fit: Regular Fit. Pattern: Embroidered. Category: Women, Shirts. 1.4K shoppers wishlisted in last 30 days",InStock,,https://www.ajio.com/bollyclues-women-embroidered-regular-fit-shirt/p/703289734_brown,2026-06-26T12:13:00.063541+00:00
Ajio,Nyrika Off White Women Embroidery Relaxed Fit Shirt,https://assets.ajio.com/medias/sys_master/root1/20250803/kX5m/688f91413d468c61ab40718f/nyrika_off_white_women_embroidery_relaxed_fit_shirt.jpg,Nyrika,Women,Shirts,500,2499,77,,,XXL,Off White,Relaxed Fit,,,,"Nyrika Off White Women Embroidery Relaxed Fit Shirt. Brand: Nyrika. Color: Off White. Fit: Relaxed Fit. Size: XXL. Category: Women, Shirts. 2.8K shoppers wishlisted in last 30 days",InStock,,https://www.ajio.com/nyrika-women-embroidery-relaxed-fit-shirt-/p/701623433_offwhite,2026-06-26T12:13:00.063541+00:00
Ajio,Styli Blue Women Oversized-Fit Shirt with Patch Pockets,https://assets.ajio.com/medias/sys_master/root/20240206/n4kS/65c2629816fd2c6e6ae14366/styli_blue_women_oversized-fit_shirt_with_patch_pockets.jpg,Styli,Women,Shirts,286,1049,61,,,,Blue,Oversized Fit,,,,"Styli Blue Women Oversized-Fit Shirt with Patch Pockets. Brand: Styli. Color: Blue. Fit: Oversized Fit. Category: Women, Shirts",InStock,,https://www.ajio.com/styli-women-oversized-fit-shirt-with-patch-pockets/p/467049057_blue,2026-06-26T12:13:00.063541+00:00
Ajio,ELIXORIA Brown Women Regular Fit Shirt with Spread Collar,https://assets.ajio.com/medias/sys_master/root1/20250826/FXsJ/68ad9ed58bfb9009acb0b427/elixoria_brown_women_regular_fit_shirt_with_spread_collar.jpg,ELIXORIA,Women,Shirts,291,1299,68,,,S,Brown,Regular Fit,,,,"ELIXORIA Brown Women Regular Fit Shirt with Spread Collar. Brand: ELIXORIA. Color: Brown. Fit: Regular Fit. Size: S. Category: Women, Shirts. 862 shoppers wishlisted in last 30 days",InStock,,https://www.ajio.com/elixoria-women-regular-fit-shirt-with-spread-collar/p/702160449_brown,2026-06-26T12:13:00.063541+00:00
Ajio,CADMON Brown Women Regular Fit Classic Shirt,https://assets.ajio.com/medias/sys_master/root1/20260316/YYfs/69b7f9d50ad5d93337611375/cadmon_brown_women_regular_fit_classic_shirt.jpg,CADMON,Women,Shirts,395,989,43,,,S,Brown,Regular Fit,,,,"CADMON Brown Women Regular Fit Classic Shirt. Brand: CADMON. Color: Brown. Fit: Regular Fit. Size: S. Category: Women, Shirts",InStock,,https://www.ajio.com/cadmon-women-regular-fit-classic-shirt/p/703163249_brown,2026-06-26T12:13:00.063541+00:00
Ajio,Bollyclues Multi Women Regular Fit Graphic Shirt,https://assets.ajio.com/medias/sys_master/root1/20260509/i18R/69ff68d1fcb5bb61d2b3fd0a/bollyclues_multi_women_regular_fit_graphic_shirt.jpg,Bollyclues,Women,Shirts,343,999,51,,,XL,Multi,Regular Fit,,,Graphic,"Bollyclues Multi Women Regular Fit Graphic Shirt. Brand: Bollyclues. Color: Multi. Fit: Regular Fit. Pattern: Graphic. Size: XL. Category: Women, Shirts. 3.7K shoppers wishlisted in last 30 days",InStock,,https://www.ajio.com/bollyclues-women-regular-fit-graphic-shirt/p/702424267_multi,2026-06-26T12:13:00.063541+00:00
Ajio,Nyrika Off-white Women Embroidered Relaxed Fit Shirt,https://assets.ajio.com/medias/sys_master/root1/20250915/Iwfj/68c80b763d468c61abf3f230/nyrika_off-white_women_embroidered_relaxed_fit_shirt.jpg,Nyrika,Women,Shirts,485,2424,77,,,XXL,Off White,Relaxed Fit,,,Embroidered,"Nyrika Off-white Women Embroidered Relaxed Fit Shirt. Brand: Nyrika. Color: Off White. Fit: Relaxed Fit. Pattern: Embroidered. Size: XXL. Category: Women, Shirts. 2.2K shoppers wishlisted in last 30 days",InStock,,https://www.ajio.com/nyrika-women-embroidered-relaxed-fit-shirt/p/702256482_offwhite,2026-06-26T12:13:00.063541+00:00
Ajio,Fyre Rose Multi Women Printed Regular Fit Shirt,https://assets.ajio.com/medias/sys_master/root1/20260327/n66T/69c5a5ef5bc52e77e0099f3c/fyre_rose_multi_women_printed_regular_fit_shirt.jpg,Fyre Rose,Women,Shirts,294,999,58,,,L,Multi,Regular Fit,,,Printed,"Fyre Rose Multi Women Printed Regular Fit Shirt. Brand: Fyre Rose. Color: Multi. Fit: Regular Fit. Pattern: Printed. Size: L. Category: Women, Shirts. 6.5K shoppers wishlisted in last 30 days",InStock,,https://www.ajio.com/fyre-rose-women-printed-regular-fit-shirt/p/703228017_multi,2026-06-26T12:13:00.063541+00:00
Ajio,YOUSTA Blue Women Oversized Cotton Shirt,https://assets.ajio.com/medias/sys_master/root1/20251105/PwXZ/690b45aca470c5082f6ceb2a/yousta_blue_women_oversized_cotton_shirt.jpg,YOUSTA,Women,Shirts,140,499,60,,,,Ltblue,,Cotton,,,"YOUSTA Blue Women Oversized Cotton Shirt. Brand: YOUSTA. Color: Ltblue. Fabric: Cotton. Category: Women, Shirts",InStock,,https://www.ajio.com/yousta-women-oversized-cotton-shirt/p/443095562_ltblue,2026-06-26T12:13:00.063541+00:00
Ajio,Diktmark Lavender Women Regular Fit Shirt,https://assets.ajio.com/medias/sys_master/root/20241105/qi4A/672a3012260f9c41e8c078bc/diktmark_lavender_women_regular_fit_shirt.jpg,Diktmark,Women,Shirts,300,1499,72,,,XS,Lavender,Regular Fit,,,,"Diktmark Lavender Women Regular Fit Shirt. Brand: Diktmark. Color: Lavender. Fit: Regular Fit. Size: XS. Category: Women, Shirts",InStock,,https://www.ajio.com/diktmark-women-regular-fit-shirt/p/700705429_lavender,2026-06-26T12:13:00.063541+00:00
Ajio,Nyrika Teal Women Floral Print Relaxed Fit Shirt,https://assets.ajio.com/medias/sys_master/root1/20260101/gpar/6955adcccbfa0d56084251e4/nyrika_teal_women_floral_print_relaxed_fit_shirt.jpg,Nyrika,Women,Shirts,343,1717,76,,,M,Teal,Relaxed Fit,,,Floral,"Nyrika Teal Women Floral Print Relaxed Fit Shirt. Brand: Nyrika. Color: Teal. Fit: Relaxed Fit. Pattern: Floral. Size: M. Category: Women, Shirts",InStock,,https://www.ajio.com/nyrika-women-floral-print-relaxed-fit-shirt/p/702701621_teal,2026-06-26T12:13:00.063541+00:00
Ajio,Nyrika Beige Women Embroidered Relaxed Fit Shirt,https://assets.ajio.com/medias/sys_master/root1/20251213/0Wqz/693d71c0720fb821d38a6f9e/nyrika_beige_women_embroidered_relaxed_fit_shirt.jpg,Nyrika,Women,Shirts,500,2499,77,,,S,Beige,Relaxed Fit,,,Embroidered,"Nyrika Beige Women Embroidered Relaxed Fit Shirt. Brand: Nyrika. Color: Beige. Fit: Relaxed Fit. Pattern: Embroidered. Size: S. Category: Women, Shirts",InStock,,https://www.ajio.com/nyrika-women-embroidered-relaxed-fit-shirt/p/701623433_beige,2026-06-26T12:13:00.063541+00:00
Ajio,DL WOMAN Indigo Women Relaxed Fit Shirt with Full Sleeves,https://assets.ajio.com/medias/sys_master/root/20240321/80LH/65fb3fe905ac7d77bbcd1663/dl_woman_indigo_women_relaxed_fit_shirt_with_full_sleeves.jpg,DL WOMAN,Women,Shirts,647,2799,67,,,S,Indigo,Relaxed Fit,,Full Sleeve,,"DL WOMAN Indigo Women Relaxed Fit Shirt with Full Sleeves. Brand: DL WOMAN. Color: Indigo. Fit: Relaxed Fit. Sleeve: Full Sleeve. Size: S. Category: Women, Shirts",InStock,,https://www.ajio.com/dl-woman-women-relaxed-fit-shirt-with-full-sleeves/p/467189313_indigo,2026-06-26T12:13:00.063541+00:00
Ajio,Nyrika Black Women Embroidered Relaxed Fit Shirt,https://assets.ajio.com/medias/sys_master/root1/20251213/ZqDh/693d717d8945db77cf2dc008/nyrika_black_women_embroidered_relaxed_fit_shirt.jpg,Nyrika,Women,Shirts,500,2499,77,,,S,Black,Relaxed Fit,,,Embroidered,"Nyrika Black Women Embroidered Relaxed Fit Shirt. Brand: Nyrika. Color: Black. Fit: Relaxed Fit. Pattern: Embroidered. Size: S. Category: Women, Shirts",InStock,,https://www.ajio.com/nyrika-women-embroidered-relaxed-fit-shirt/p/701623433_black,2026-06-26T12:13:00.063541+00:00
Ajio,MAAESA Pink Women Ombre-Dyed Regular Fit Shirt,https://assets.ajio.com/medias/sys_master/root/20250710/5vxF/686fc8d0e590ff066e3e8cfa/maaesa_pink_women_ombre-dyed_regular_fit_shirt.jpg,MAAESA,Women,Shirts,499,2497,73,,,M,Pink,Regular Fit,,,Ombre,"MAAESA Pink Women Ombre-Dyed Regular Fit Shirt. Brand: MAAESA. Color: Pink. Fit: Regular Fit. Pattern: Ombre. Size: M. Category: Women, Shirts. 6.7K shoppers wishlisted in last 30 days",InStock,,https://www.ajio.com/maaesa-women-ombre-dyed-regular-fit-shirt/p/701909272_pink,2026-06-26T12:13:00.063541+00:00
Ajio,J&H JUNE & HARRY Black Women Loose Fit Spread-Collar Shirt,https://assets.ajio.com/medias/sys_master/root/20250103/oWzH/6777a81cc148fa1b30716264/j%26h_june_%26_harry_black_women_loose_fit_spread-collar_shirt.jpg,J&H JUNE & HARRY,Women,Shirts,462,2399,78,,,,Black,Loose Fit,,,,"J&H JUNE & HARRY Black Women Loose Fit Spread-Collar Shirt. Brand: J&H JUNE & HARRY. Color: Black. Fit: Loose Fit. Category: Women, Shirts. 980 shoppers wishlisted in last 30 days",InStock,,https://www.ajio.com/j-h-june--harry-women-loose-fit-spread-collar-shirt/p/701007326_black,2026-06-26T12:13:00.063541+00:00
Ajio,YOUSTA Black Women Oversized Shirt with Spread Collar,https://assets.ajio.com/medias/sys_master/root1/20250925/fYEA/68d510bb3d468c61ab24ddba/yousta_black_women_oversized_shirt_with_spread_collar.jpg,YOUSTA,Women,Shirts,210,599,50,,,,Darkblack,,,,,"YOUSTA Black Women Oversized Shirt with Spread Collar. Brand: YOUSTA. Color: Darkblack. Category: Women, Shirts",InStock,,https://www.ajio.com/yousta-women-oversized-shirt-with-spread-collar/p/443088482_darkblack,2026-06-26T12:13:00.063541+00:00
Ajio,Bollyclues Multi Women Regular Fit Graphic Shirt,https://assets.ajio.com/medias/sys_master/root1/20260509/KoDv/69ff6c6bfcb5bb61d2b46a6e/bollyclues_multi_women_regular_fit_graphic_shirt.jpg,Bollyclues,Women,Shirts,343,999,51,,,M,Multi,Regular Fit,,,Graphic,"Bollyclues Multi Women Regular Fit Graphic Shirt. Brand: Bollyclues. Color: Multi. Fit: Regular Fit. Pattern: Graphic. Size: M. Category: Women, Shirts. 794 shoppers wishlisted in last 30 days",InStock,,https://www.ajio.com/bollyclues-women-regular-fit-graphic-shirt/p/702424260_multi,2026-06-26T12:13:00.063541+00:00
Ajio,"KOTTY White,Black Women Graphic Shirt",https://assets.ajio.com/medias/sys_master/root/20241105/aO6Y/672a30e0260f9c41e8c096be/kotty_white%2Cblack_women_graphic_shirt.jpg,KOTTY,Women,Shirts,300,1999,84,,,,Multi,,,,Graphic,"KOTTY White,Black Women Graphic Shirt. Brand: KOTTY. Color: Multi. Pattern: Graphic. Category: Women, Shirts. 2K shoppers wishlisted in last 30 days",InStock,,https://www.ajio.com/kotty-women-graphic-shirt/p/700705922_multi,2026-06-26T12:13:00.063541+00:00
Ajio,Bollyclues Grey Women Embroidered Regular Fit Shirt,https://assets.ajio.com/medias/sys_master/root1/20260406/msa2/69d3a6625bc52e77e03477ad/bollyclues_grey_women_embroidered_regular_fit_shirt.jpg,Bollyclues,Women,Shirts,343,999,51,,,,Grey,Regular Fit,,,Embroidered,"Bollyclues Grey Women Embroidered Regular Fit Shirt. Brand: Bollyclues. Color: Grey. Fit: Regular Fit. Pattern: Embroidered. Category: Women, Shirts",InStock,,https://www.ajio.com/bollyclues-women-embroidered-regular-fit-shirt/p/703289734_grey,2026-06-26T12:13:00.063541+00:00
Ajio,DNMX Brown & White Women Checked Relaxed Fit Shirt,https://assets.ajio.com/medias/sys_master/root1/20260401/Fgi8/69ccc7269e784a25d5ad6ad7/dnmx_brown_%26_white_women_checked_relaxed_fit_shirt.jpg,DNMX,Women,Shirts,204,799,49,,,,Brown,Relaxed Fit,,,Checkered,"DNMX Brown & White Women Checked Relaxed Fit Shirt. Brand: DNMX. Color: Brown. Fit: Relaxed Fit. Pattern: Checkered. Category: Women, Shirts. 1.3K shoppers wishlisted in last 30 days",InStock,,https://www.ajio.com/dnmx-women-checked-relaxed-fit-shirt/p/443113233_brown,2026-06-26T12:13:00.063541+00:00
Ajio,LEIA Black Women Regular Fit Classic Shirt,https://assets.ajio.com/medias/sys_master/root1/20250729/Fb2J/6888ade18bfb9009ac4685e3/leia_black_women_regular_fit_classic_shirt.jpg,LEIA,Women,Shirts,340,2099,82,,,M,Black,Regular Fit,,,,"LEIA Black Women Regular Fit Classic Shirt. Brand: LEIA. Color: Black. Fit: Regular Fit. Size: M. Category: Women, Shirts. 2.2K shoppers wishlisted in last 30 days",InStock,,https://www.ajio.com/leia-women-regular-fit-classic-shirt/p/702037010_black,2026-06-26T12:13:00.063541+00:00
Ajio,Fyre Rose Brown Women Relaxed Fit Shirt with Spread Collar,https://assets.ajio.com/medias/sys_master/root1/20260221/NhNo/6998ea367ef0c7385c1dcb2f/fyre_rose_brown_women_relaxed_fit_shirt_with_spread_collar.jpg,Fyre Rose,Women,Shirts,366,1899,78,,,S,Brown,Relaxed Fit,,,,"Fyre Rose Brown Women Relaxed Fit Shirt with Spread Collar. Brand: Fyre Rose. Color: Brown. Fit: Relaxed Fit. Size: S. Category: Women, Shirts. 2K shoppers wishlisted in last 30 days",InStock,,https://www.ajio.com/fyre-rose-women-relaxed-fit-shirt-with-spread-collar/p/703002539_brown,2026-06-26T12:13:00.063541+00:00
Ajio,Styli Pink Women Regular Fit Shirt with Patch Pocket,https://assets.ajio.com/medias/sys_master/root/20231228/ykPr/658cd396ddf7791519f116a8/styli_pink_women_regular_fit_shirt_with_patch_pocket.jpg,Styli,Women,Shirts,170,849,74,,,,Pink,Regular Fit,,,,"Styli Pink Women Regular Fit Shirt with Patch Pocket. Brand: Styli. Color: Pink. Fit: Regular Fit. Category: Women, Shirts",InStock,,https://www.ajio.com/styli-women-regular-fit-shirt-with-patch-pocket/p/466903269_pink,2026-06-26T12:13:00.063541+00:00
Ajio,Styli Black Women Oversized-Fit Shirt with Spread Collar,https://assets.ajio.com/medias/sys_master/root/20240207/5v4t/65c2b18e8cdf1e0df5ef482e/styli_black_women_oversized-fit_shirt_with_spread_collar.jpg,Styli,Women,Shirts,180,899,76,,,,Black,Oversized Fit,,,,"Styli Black Women Oversized-Fit Shirt with Spread Collar. Brand: Styli. Color: Black. Fit: Oversized Fit. Category: Women, Shirts",InStock,,https://www.ajio.com/styli-women-oversized-fit-shirt-with-spread-collar/p/467048894_black,2026-06-26T12:13:00.063541+00:00
Ajio,Fyre Rose Multi Women Printed Regular Fit Shirt,https://assets.ajio.com/medias/sys_master/root1/20260327/Ft9F/69c5a76d9e784a25d5931d8c/fyre_rose_multi_women_printed_regular_fit_shirt.jpg,Fyre Rose,Women,Shirts,294,999,58,,,M,Multi,Regular Fit,,,Printed,"Fyre Rose Multi Women Printed Regular Fit Shirt. Brand: Fyre Rose. Color: Multi. Fit: Regular Fit. Pattern: Printed. Size: M. Category: Women, Shirts. 1K shoppers wishlisted in last 30 days",InStock,,https://www.ajio.com/fyre-rose-women-printed-regular-fit-shirt/p/703227994_multi,2026-06-26T12:13:00.063541+00:00
Ajio,ELIXORIA Grey Women Regular Fit Shirt with Spread Collar,https://assets.ajio.com/medias/sys_master/root1/20250826/lqq8/68ada0618bfb9009acb0e709/elixoria_grey_women_regular_fit_shirt_with_spread_collar.jpg,ELIXORIA,Women,Shirts,291,1299,68,,,XL,Grey,Regular Fit,,,,"ELIXORIA Grey Women Regular Fit Shirt with Spread Collar. Brand: ELIXORIA. Color: Grey. Fit: Regular Fit. Size: XL. Category: Women, Shirts",InStock,,https://www.ajio.com/elixoria-women-regular-fit-shirt-with-spread-collar/p/702160449_grey,2026-06-26T12:13:00.063541+00:00
Ajio,FABRANGE Silver Women Printed Relaxed Fit Shirt,https://assets.ajio.com/medias/sys_master/root1/20250808/Qpbr/6895afb33d468c61ab5888bc/fabrange_silver_women_printed_relaxed_fit_shirt.jpg,FABRANGE,Women,Shirts,339,1099,56,,,S,Silver,Relaxed Fit,,,Printed,"FABRANGE Silver Women Printed Relaxed Fit Shirt. Brand: FABRANGE. Color: Silver. Fit: Relaxed Fit. Pattern: Printed. Size: S. Category: Women, Shirts",InStock,,https://www.ajio.com/fabrange-women-printed-relaxed-fit-shirt/p/700234717_silver,2026-06-26T12:13:00.063541+00:00
Ajio,Outzidr Global Khaki Women Checked Oversized Fit Shirt,https://assets.ajio.com/medias/sys_master/root/20250531/xqFC/683aba027a6cd4182f6fe76d/outzidr_global_khaki_women_checked_oversized_fit_shirt.jpg,Outzidr Global,Women,Shirts,1173,1799,7,,,,Khaki,Oversized Fit,,,Checkered,"Outzidr Global Khaki Women Checked Oversized Fit Shirt. Brand: Outzidr Global. Color: Khaki. Fit: Oversized Fit. Pattern: Checkered. Category: Women, Shirts",InStock,,https://www.ajio.com/outzidr-global-women-checked-oversized-fit-shirt/p/701649852_khaki,2026-06-26T12:13:00.063541+00:00
Ajio,FABRANGE Olive Women Regular Fit Shirt with Spread Collar,https://assets.ajio.com/medias/sys_master/root/20250513/ZRJY/68225eb555340d4b4f2ebbf8/fabrange_olive_women_regular_fit_shirt_with_spread_collar.jpg,FABRANGE,Women,Shirts,319,1299,65,,,,Olive,Regular Fit,,,,"FABRANGE Olive Women Regular Fit Shirt with Spread Collar. Brand: FABRANGE. Color: Olive. Fit: Regular Fit. Category: Women, Shirts. 2K shoppers wishlisted in last 30 days",InStock,,https://www.ajio.com/fabrange-women-regular-fit-shirt-with-spread-collar/p/467333501_olive,2026-06-26T12:13:00.063541+00:00
Ajio,DNMX Yellow Women Striped Loose Fit Shirt,https://assets.ajio.com/medias/sys_master/root1/20260213/IulF/698f6579cbfa0d5608fa11af/dnmx_yellow_women_striped_loose_fit_shirt.jpg,DNMX,Women,Shirts,284,799,29,,,,Yellow,Loose Fit,,,Striped,"DNMX Yellow Women Striped Loose Fit Shirt. Brand: DNMX. Color: Yellow. Fit: Loose Fit. Pattern: Striped. Category: Women, Shirts. 4.7K shoppers wishlisted in last 30 days",InStock,,https://www.ajio.com/dnmx-women-striped-loose-fit-shirt/p/443114552_yellow,2026-06-26T12:13:00.063541+00:00
Ajio,LEIA Mustard Women Regular Fit Classic Shirt,https://assets.ajio.com/medias/sys_master/root1/20260403/5Uqk/69cec91d9e784a25d5b5f39b/leia_mustard_women_regular_fit_classic_shirt.jpg,LEIA,Women,Shirts,173,650,62,,,XS,Mustard,Regular Fit,,,,"LEIA Mustard Women Regular Fit Classic Shirt. Brand: LEIA. Color: Mustard. Fit: Regular Fit. Size: XS. Category: Women, Shirts",InStock,,https://www.ajio.com/leia-women-regular-fit-classic-shirt/p/703274761_mustard,2026-06-26T12:13:00.063541+00:00
Ajio,18INDIA Coral Women Printed Relaxed Fit Shirt,https://assets.ajio.com/medias/sys_master/root1/20260509/Jn23/69ff6f6b14d0c21719cf09a7/18india_coral_women_printed_relaxed_fit_shirt.jpg,18INDIA,Women,Shirts,350,1750,72,,,XXL,Coral,Relaxed Fit,,,Printed,"18INDIA Coral Women Printed Relaxed Fit Shirt. Brand: 18INDIA. Color: Coral. Fit: Relaxed Fit. Pattern: Printed. Size: XXL. Category: Women, Shirts. 2.4K shoppers wishlisted in last 30 days",InStock,,https://www.ajio.com/18india-women-printed-relaxed-fit-shirt/p/702826868_coral,2026-06-26T12:13:00.063541+00:00
Ajio,LEIA Beige Women Regular Fit Spread Collar Shirt,https://assets.ajio.com/medias/sys_master/root/20250506/0IjP/6819ceb77a6cd4182f161784/leia_beige_women_regular_fit_spread_collar_shirt.jpg,LEIA,Women,Shirts,423,1949,69,,,XS,Beige,Regular Fit,,,,"LEIA Beige Women Regular Fit Spread Collar Shirt. Brand: LEIA. Color: Beige. Fit: Regular Fit. Size: XS. Category: Women, Shirts. 1.1K shoppers wishlisted in last 30 days",InStock,,https://www.ajio.com/leia-women-regular-fit-spread-collar-shirt-/p/701541756_beige,2026-06-26T12:13:00.063541+00:00
Ajio,DNMX Pink Women Patterned Loose Fit Shirt,https://assets.ajio.com/medias/sys_master/root1/20260305/zmUQ/69a8e98e4970ce6a6e1db767/dnmx_pink_women_patterned_loose_fit_shirt.jpg,DNMX,Women,Shirts,178,699,49,,,,Pink,Loose Fit,,,,"DNMX Pink Women Patterned Loose Fit Shirt. Brand: DNMX. Color: Pink. Fit: Loose Fit. Category: Women, Shirts. 3K shoppers wishlisted in last 30 days",InStock,,https://www.ajio.com/dnmx-women-patterned-loose-fit-shirt/p/443102137_pink,2026-06-26T12:13:00.063541+00:00
Ajio,DNMX Off White Women Y-Notch Striped Oversized Shirt,https://assets.ajio.com/medias/sys_master/root1/20260122/ix9k/69711c5a7ef0c7385c85121e/dnmx_off_white_women_y-notch_striped_oversized_shirt.jpg,DNMX,Women,Shirts,204,799,49,,,,Off White,,,,Striped,"DNMX Off White Women Y-Notch Striped Oversized Shirt. Brand: DNMX. Color: Off White. Pattern: Striped. Category: Women, Shirts. 3.8K shoppers wishlisted in last 30 days",InStock,,https://www.ajio.com/dnmx-women-y-notch-striped-oversized-shirt/p/443099790_offwhite,2026-06-26T12:13:00.063541+00:00
Ajio,YOUSTA White Women Oversized Cotton Shirt,https://assets.ajio.com/medias/sys_master/root1/20251105/6jWl/690b68da88d6d62ff8c54e33/yousta_white_women_oversized_cotton_shirt.jpg,YOUSTA,Women,Shirts,140,499,60,,,,White,,Cotton,,,"YOUSTA White Women Oversized Cotton Shirt. Brand: YOUSTA. Color: White. Fabric: Cotton. Category: Women, Shirts. 878 shoppers wishlisted in last 30 days",InStock,,https://www.ajio.com/yousta-women-oversized-cotton-shirt/p/443095562_white,2026-06-26T12:13:00.063541+00:00
Ajio,FIG Cream & Black Women Floral Print Regular Fit Shirt,https://assets.ajio.com/medias/sys_master/root1/20260325/sJws/69c3cd265bc52e77e0006de5/fig_cream_%26_black_women_floral_print_regular_fit_shirt.jpg,FIG,Women,Shirts,213,599,29,,,,Off White,Regular Fit,,,Floral,"FIG Cream & Black Women Floral Print Regular Fit Shirt. Brand: FIG. Color: Off White. Fit: Regular Fit. Pattern: Floral. Category: Women, Shirts. 2.8K shoppers wishlisted in last 30 days",InStock,,https://www.ajio.com/fig-women-floral-print-regular-fit-shirt/p/443114302_offwhite,2026-06-26T12:13:00.063541+00:00
Ajio,MAAESA Blue Women Ombre-dyed Relaxed Fit Shirt,https://assets.ajio.com/medias/sys_master/root/20250203/SKS9/679ff216bc78b543a91573b7/maaesa_blue_women_ombre-dyed_relaxed_fit_shirt.jpg,MAAESA,Women,Shirts,499,2497,76,,,XL,Blue,Relaxed Fit,,,Ombre,"MAAESA Blue Women Ombre-dyed Relaxed Fit Shirt. Brand: MAAESA. Color: Blue. Fit: Relaxed Fit. Pattern: Ombre. Size: XL. Category: Women, Shirts",InStock,,https://www.ajio.com/maaesa-women-ombre-dyed-relaxed-fit-shirt/p/701147512_blue,2026-06-26T12:13:00.063541+00:00
Ajio,CADMON White Women Regular Fit Printed Shirt,https://assets.ajio.com/medias/sys_master/root1/20260316/UR7I/69b7f3350ad5d93337603412/cadmon_white_women_regular_fit_printed_shirt.jpg,CADMON,Women,Shirts,457,989,34,,,S,White,Regular Fit,,,Printed,"CADMON White Women Regular Fit Printed Shirt. Brand: CADMON. Color: White. Fit: Regular Fit. Pattern: Printed. Size: S. Category: Women, Shirts",InStock,,https://www.ajio.com/cadmon-women-regular-fit-printed-shirt/p/703158706_white,2026-06-26T12:13:00.063541+00:00
Ajio,LEIA Coffee Women Stripes Regular Fit Shirt,https://assets.ajio.com/medias/sys_master/root1/20250729/AynN/6888b0868bfb9009ac46dc0c/leia_coffee_women_stripes_regular_fit_shirt.jpg,LEIA,Women,Shirts,305,1995,83,,,S,Coffee,Regular Fit,,,Striped,"LEIA Coffee Women Stripes Regular Fit Shirt. Brand: LEIA. Color: Coffee. Fit: Regular Fit. Pattern: Striped. Size: S. Category: Women, Shirts",InStock,,https://www.ajio.com/leia-women-stripes-regular-fit-shirt/p/702037023_coffee,2026-06-26T12:13:00.063541+00:00
Ajio,COLOR CAPITAL Beige Women Relaxed Fit Spread-Collar Shirt,https://assets.ajio.com/medias/sys_master/root/20250509/fQzH/681d0d9a55340d4b4f249fd4/color_capital_beige_women_relaxed_fit_spread-collar_shirt.jpg,COLOR CAPITAL,Women,Shirts,599,1990,57,,,L,Beige,Relaxed Fit,,,,"COLOR CAPITAL Beige Women Relaxed Fit Spread-Collar Shirt. Brand: COLOR CAPITAL. Color: Beige. Fit: Relaxed Fit. Size: L. Category: Women, Shirts",InStock,,https://www.ajio.com/color-capital-women-relaxed-fit-spread-collar-shirt/p/701554119_beige,2026-06-26T12:13:00.063541+00:00
Ajio,DNMX White Women Regular Fit Shirt with Cuffed Sleeves,https://assets.ajio.com/medias/sys_master/root1/20260312/J0Ea/69b26de34970ce6a6e3bea94/dnmx_white_women_regular_fit_shirt_with_cuffed_sleeves.jpg,DNMX,Women,Shirts,248,699,29,,,,White,Regular Fit,,,,"DNMX White Women Regular Fit Shirt with Cuffed Sleeves. Brand: DNMX. Color: White. Fit: Regular Fit. Category: Women, Shirts. 3.6K shoppers wishlisted in last 30 days",InStock,,https://www.ajio.com/dnmx-women-regular-fit-shirt-with-cuffed-sleeves/p/443115669_white,2026-06-26T12:13:00.063541+00:00
Ajio,KOTTY Multicoloured Women Checked Oversized Fit Shirt,https://assets.ajio.com/medias/sys_master/root/20240918/CYZU/66eb022cf9b8ef490b4fe455/kotty_multicoloured_women_checked_oversized_fit_shirt.jpg,KOTTY,Women,Shirts,300,1999,85,,,,Multi,Oversized Fit,,,Checkered,"KOTTY Multicoloured Women Checked Oversized Fit Shirt. Brand: KOTTY. Color: Multi. Fit: Oversized Fit. Pattern: Checkered. Category: Women, Shirts",InStock,,https://www.ajio.com/kotty-women-checked-oversized-fit-shirt-/p/700441305_multi,2026-06-26T12:13:00.063541+00:00
Ajio,J&H JUNE & HARRY Yellow Women Striped Oversized Fit Spread-Collar Shirt,https://assets.ajio.com/medias/sys_master/root1/20251119/qabB/691da2c688d6d62ff8f59d34/j%26h_june_%26_harry_yellow_women_striped_oversized_fit_spread-collar_shirt.jpg,J&H JUNE & HARRY,Women,Shirts,440,2199,77,,,,Yellow,Oversized Fit,,,Striped,"J&H JUNE & HARRY Yellow Women Striped Oversized Fit Spread-Collar Shirt. Brand: J&H JUNE & HARRY. Color: Yellow. Fit: Oversized Fit. Pattern: Striped. Category: Women, Shirts",InStock,,https://www.ajio.com/j-h-june--harry-women-striped-oversized-fit-spread-collar-shirt/p/702518830_yellow,2026-06-26T12:13:00.063541+00:00
Ajio,TRUE FADES White Women Regular Fit Shirt,https://assets.ajio.com/medias/sys_master/root1/20260427/1PMu/69ef9734fcb5bb61d288f6bd/true_fades_white_women_regular_fit_shirt.jpg,TRUE FADES,Women,Shirts,296,799,47,,,M,White,Regular Fit,,,,"TRUE FADES White Women Regular Fit Shirt. Brand: TRUE FADES. Color: White. Fit: Regular Fit. Size: M. Category: Women, Shirts",InStock,,https://www.ajio.com/true-fades-women-regular-fit-shirt/p/703386101_white,2026-06-26T12:13:00.063541+00:00
Ajio,Lunice White Women Relaxed Fit Shirt,https://assets.ajio.com/medias/sys_master/root1/20250725/rMYY/6882931d8bfb9009ac381b84/lunice_white_women_relaxed_fit_shirt.jpg,Lunice,Women,Shirts,270,1350,73,,,S,White,Relaxed Fit,,,,"Lunice White Women Relaxed Fit Shirt. Brand: Lunice. Color: White. Fit: Relaxed Fit. Size: S. Category: Women, Shirts. 1.4K shoppers wishlisted in last 30 days",InStock,,https://www.ajio.com/lunice-women-relaxed-fit-shirt/p/702019557_white,2026-06-26T12:13:00.063541+00:00
Ajio,LERIYA FASHION Grey Women Relaxed Fit Shirt,https://assets.ajio.com/medias/sys_master/root1/20260219/cvhP/6996f6f37ef0c7385c0ff818/leriya_fashion_grey_women_relaxed_fit_shirt.jpg,LERIYA FASHION,Women,Shirts,462,1999,67,,,2XL,Grey,Relaxed Fit,,,,"LERIYA FASHION Grey Women Relaxed Fit Shirt. Brand: LERIYA FASHION. Color: Grey. Fit: Relaxed Fit. Size: 2XL. Category: Women, Shirts",InStock,,https://www.ajio.com/leriya-fashion-women-relaxed-fit-shirt/p/702986847_grey,2026-06-26T12:13:00.063541+00:00
Ajio,Fyre Rose Purple Women Printed Relaxed Fit Shirt,https://assets.ajio.com/medias/sys_master/root1/20251213/hv8p/693d71528945db77cf2db9ae/fyre_rose_purple_women_printed_relaxed_fit_shirt.jpg,Fyre Rose,Women,Shirts,551,2999,79,,,S,Purple,Relaxed Fit,,,Printed,"Fyre Rose Purple Women Printed Relaxed Fit Shirt. Brand: Fyre Rose. Color: Purple. Fit: Relaxed Fit. Pattern: Printed. Size: S. Category: Women, Shirts",InStock,,https://www.ajio.com/fyre-rose-women-printed-relaxed-fit-shirt/p/702613622_purple,2026-06-26T12:13:00.063541+00:00
Ajio,DNMX Black Women Paisley Print Relaxed Fit Shirt,https://assets.ajio.com/medias/sys_master/root1/20260324/fv32/69c276979e784a25d5860d5a/dnmx_black_women_paisley_print_relaxed_fit_shirt.jpg,DNMX,Women,Shirts,284,799,29,,,,Off White,Relaxed Fit,,,,"DNMX Black Women Paisley Print Relaxed Fit Shirt. Brand: DNMX. Color: Off White. Fit: Relaxed Fit. Category: Women, Shirts",InStock,,https://www.ajio.com/dnmx-women-paisley-print-relaxed-fit-shirt/p/443118475_offwhite,2026-06-26T12:13:00.063541+00:00
Ajio,Indie Picks Blue Women Geometric Print Relaxed Fit Shirt,https://assets.ajio.com/medias/sys_master/root1/20260427/61YC/69ef2a49fcb5bb61d282757a/indie_picks_blue_women_geometric_print_relaxed_fit_shirt.jpg,Indie Picks,Women,Shirts,481,2499,78,,,S,Blue,Relaxed Fit,,,,"Indie Picks Blue Women Geometric Print Relaxed Fit Shirt. Brand: Indie Picks. Color: Blue. Fit: Relaxed Fit. Size: S. Category: Women, Shirts",InStock,,https://www.ajio.com/indie-picks-women-geometric-print-relaxed-fit-shirt/p/703021253_blue,2026-06-26T12:13:00.063541+00:00
Ajio,Acai Black Women Printed Regular Fit Shirt,https://assets.ajio.com/medias/sys_master/root1/20251210/QH38/693886578945db77cf2166cf/acai_black_women_printed_regular_fit_shirt.png,Acai,Women,Shirts,270,1349,73,,,L,Black,Regular Fit,,,Printed,"Acai Black Women Printed Regular Fit Shirt. Brand: Acai. Color: Black. Fit: Regular Fit. Pattern: Printed. Size: L. Category: Women, Shirts. 754 shoppers wishlisted in last 30 days",InStock,,https://www.ajio.com/acai-women-printed-regular-fit-shirt/p/702606466_black,2026-06-26T12:13:00.063541+00:00
Ajio,DNMX Brown Women Patterned Relaxed Fit Shirt,https://assets.ajio.com/medias/sys_master/root1/20260304/isij/69a8267faf321a7f92f73119/dnmx_brown_women_patterned_relaxed_fit_shirt.jpg,DNMX,Women,Shirts,178,699,49,,,,Brown,Relaxed Fit,,,,"DNMX Brown Women Patterned Relaxed Fit Shirt. Brand: DNMX. Color: Brown. Fit: Relaxed Fit. Category: Women, Shirts. 1K shoppers wishlisted in last 30 days",InStock,,https://www.ajio.com/dnmx-women-patterned-relaxed-fit-shirt/p/443108827_brown,2026-06-26T12:13:00.063541+00:00
Ajio,Nyrika Lavender Women Floral Print Relaxed Fit Shirt,https://assets.ajio.com/medias/sys_master/root1/20260109/L0qA/69600a39cbfa0d5608603912/nyrika_lavender_women_floral_print_relaxed_fit_shirt.jpg,Nyrika,Women,Shirts,343,1717,76,,,XL,Lavender,Relaxed Fit,,,Floral,"Nyrika Lavender Women Floral Print Relaxed Fit Shirt. Brand: Nyrika. Color: Lavender. Fit: Relaxed Fit. Pattern: Floral. Size: XL. Category: Women, Shirts",InStock,,https://www.ajio.com/nyrika-women-floral-print-relaxed-fit-shirt/p/702701621_lavender,2026-06-26T12:13:00.063541+00:00
Ajio,GUFRINA BLACK Women Graphic Regular Fit Shirt,https://assets.ajio.com/medias/sys_master/root/20250519/0d1r/682b17837a6cd4182f39f9ab/gufrina_black_women_graphic_regular_fit_shirt.jpg,GUFRINA,Women,Shirts,400,1999,73,,,M,Black,Regular Fit,,,Graphic,"GUFRINA BLACK Women Graphic Regular Fit Shirt. Brand: GUFRINA. Color: Black. Fit: Regular Fit. Pattern: Graphic. Size: M. Category: Women, Shirts",InStock,,https://www.ajio.com/gufrina-women-graphic-regular-fit-shirt/p/701589253_black,2026-06-26T12:13:00.063541+00:00
Ajio,Indie Picks Pink Women Regular Fit Ombr Shirt with Curved Hemline,https://assets.ajio.com/medias/sys_master/root/20250710/dFHj/686fc837e590ff066e3e78cd/indie_picks_pink_women_regular_fit_ombr_shirt_with_curved_hemline.jpg,Indie Picks,Women,Shirts,499,2497,75,,,XXL,Pink,Regular Fit,,,,"Indie Picks Pink Women Regular Fit Ombr Shirt with Curved Hemline. Brand: Indie Picks. Color: Pink. Fit: Regular Fit. Size: XXL. Category: Women, Shirts",InStock,,https://www.ajio.com/indie-picks-women-regular-fit-ombr-shirt-with-curved-hemline/p/701909102_pink,2026-06-26T12:13:00.063541+00:00
Ajio,FIG Off White Women Printed Concealed Placket Classic Shirt,https://assets.ajio.com/medias/sys_master/root1/20260513/R7rD/6a04424914d0c21719d95d22/fig_off_white_women_printed_concealed_placket_classic_shirt.jpg,FIG,Women,Shirts,419,599,30.05,,,,Off White,,,,Printed,"FIG Off White Women Printed Concealed Placket Classic Shirt. Brand: FIG. Color: Off White. Pattern: Printed. Category: Women, Shirts",InStock,,https://www.ajio.com/fig-women-printed-concealed-placket-classic-shirt/p/443120208_offwhite,2026-06-26T12:13:00.063541+00:00
Ajio,LEIA Black Women Regular Fit Classic Shirt,https://assets.ajio.com/medias/sys_master/root1/20250729/Dzs5/6888ab138bfb9009ac461d38/leia_black_women_regular_fit_classic_shirt.jpg,LEIA,Women,Shirts,308,1799,81,,,L,Black,Regular Fit,,,,"LEIA Black Women Regular Fit Classic Shirt. Brand: LEIA. Color: Black. Fit: Regular Fit. Size: L. Category: Women, Shirts. 3.8K shoppers wishlisted in last 30 days",InStock,,https://www.ajio.com/leia-women-regular-fit-classic-shirt/p/702037108_black,2026-06-26T12:13:00.063541+00:00
Ajio,DNMX Olive Women Relaxed Fit Shirt with Cutwork Detail,https://assets.ajio.com/medias/sys_master/root1/20260213/UEir/698ed4307ef0c7385cea17ac/dnmx_olive_women_relaxed_fit_shirt_with_cutwork_detail.jpg,DNMX,Women,Shirts,356,999,49,,,,Olive,Relaxed Fit,,,,"DNMX Olive Women Relaxed Fit Shirt with Cutwork Detail. Brand: DNMX. Color: Olive. Fit: Relaxed Fit. Category: Women, Shirts. 4.5K shoppers wishlisted in last 30 days",InStock,,https://www.ajio.com/dnmx-women-relaxed-fit-shirt-with-cutwork-detail/p/443098566_olive,2026-06-26T12:13:00.063541+00:00
Ajio,FABRANGE Multi Women Relaxed Fit Shirt with Spread Collar,https://assets.ajio.com/medias/sys_master/root1/20250805/lNbI/689234f38bfb9009ac64d114/fabrange_multi_women_relaxed_fit_shirt_with_spread_collar.jpg,FABRANGE,Women,Shirts,293,1099,62,,,L,Multi,Relaxed Fit,,,,"FABRANGE Multi Women Relaxed Fit Shirt with Spread Collar. Brand: FABRANGE. Color: Multi. Fit: Relaxed Fit. Size: L. Category: Women, Shirts",InStock,,https://www.ajio.com/fabrange-women-relaxed-fit-shirt-with-spread-collar-/p/700234717_multi,2026-06-26T12:13:00.063541+00:00
Ajio,TRUE FADES Peach Women Regular Fit Shirt,https://assets.ajio.com/medias/sys_master/root1/20260427/2K4m/69ef96ee14d0c21719a2461b/true_fades_peach_women_regular_fit_shirt.jpg,TRUE FADES,Women,Shirts,296,799,47,,,S,Peach,Regular Fit,,,,"TRUE FADES Peach Women Regular Fit Shirt. Brand: TRUE FADES. Color: Peach. Fit: Regular Fit. Size: S. Category: Women, Shirts",InStock,,https://www.ajio.com/true-fades-women-regular-fit-shirt/p/703386101_peach,2026-06-26T12:13:00.063541+00:00
Ajio,FIG Beige Women Leaf Print Regular Fit Shirt,https://assets.ajio.com/medias/sys_master/root1/20260307/pS7T/69abf72a4970ce6a6e2c0658/fig_beige_women_leaf_print_regular_fit_shirt.jpg,FIG,Women,Shirts,153,599,49,,,,Beige,Regular Fit,,,,"FIG Beige Women Leaf Print Regular Fit Shirt. Brand: FIG. Color: Beige. Fit: Regular Fit. Category: Women, Shirts",InStock,,https://www.ajio.com/fig-women-leaf-print-regular-fit-shirt/p/443115453_beige,2026-06-26T12:13:00.063541+00:00
Ajio,Zilcon Black Women Leaf Print Regular Fit Shirt,https://assets.ajio.com/medias/sys_master/root1/20260119/Rj2s/696e15477ef0c7385c71a84a/zilcon_black_women_leaf_print_regular_fit_shirt.jpg,Zilcon,Women,Shirts,269,1999,87,,,L,Black,Regular Fit,,,,"Zilcon Black Women Leaf Print Regular Fit Shirt. Brand: Zilcon. Color: Black. Fit: Regular Fit. Size: L. Category: Women, Shirts",InStock,,https://www.ajio.com/zilcon-women-leaf-print-regular-fit-shirt/p/702767039_black,2026-06-26T12:13:00.063541+00:00
Ajio,LEIA White Women Regular Fit Classic Shirt,https://assets.ajio.com/medias/sys_master/root1/20250729/w7kH/6888ac7d8bfb9009ac46509f/leia_white_women_regular_fit_classic_shirt.jpg,LEIA,Women,Shirts,305,1995,83,,,S,White,Regular Fit,,,,"LEIA White Women Regular Fit Classic Shirt. Brand: LEIA. Color: White. Fit: Regular Fit. Size: S. Category: Women, Shirts",InStock,,https://www.ajio.com/leia-women-regular-fit-classic-shirt/p/702036970_white,2026-06-26T12:13:00.063541+00:00
Ajio,Fyre Rose Black Women Embroidered Regular Fit Shirt,https://assets.ajio.com/medias/sys_master/root1/20251103/iyND/6908ca79a470c5082f6455ff/fyre_rose_black_women_embroidered_regular_fit_shirt.jpg,Fyre Rose,Women,Shirts,305,1499,71,,,XL,Black,Regular Fit,,,Embroidered,"Fyre Rose Black Women Embroidered Regular Fit Shirt. Brand: Fyre Rose. Color: Black. Fit: Regular Fit. Pattern: Embroidered. Size: XL. Category: Women, Shirts",InStock,,https://www.ajio.com/fyre-rose-women-embroidered-regular-fit-shirt/p/702455066_black,2026-06-26T12:13:00.063541+00:00
Ajio,RIO Black Women Patterned Regular Fit Zip-Front Shirt,https://assets.ajio.com/medias/sys_master/root1/20260326/cnwX/69c5373e9e784a25d58e6ff2/rio_black_women_patterned_regular_fit_zip-front_shirt.jpg,RIO,Women,Shirts,319,899,29,,,,Black,Regular Fit,,,,"RIO Black Women Patterned Regular Fit Zip-Front Shirt. Brand: RIO. Color: Black. Fit: Regular Fit. Category: Women, Shirts",InStock,,https://www.ajio.com/rio-women-patterned-regular-fit-zip-front-shirt/p/443109126_black,2026-06-26T12:13:00.063541+00:00
Ajio,YOUSTA Beige Women Relaxed Fit Cotton Shirt with Elasticated Hem,https://assets.ajio.com/medias/sys_master/root1/20251210/TeSa/693901dc8945db77cf223fc8/yousta_beige_women_relaxed_fit_cotton_shirt_with_elasticated_hem.jpg,YOUSTA,Women,Shirts,210,599,50,,,,Beige,Relaxed Fit,Cotton,,,"YOUSTA Beige Women Relaxed Fit Cotton Shirt with Elasticated Hem. Brand: YOUSTA. Color: Beige. Fit: Relaxed Fit. Fabric: Cotton. Category: Women, Shirts",InStock,,https://www.ajio.com/yousta-women-relaxed-fit-cotton-shirt-with-elasticated-hem/p/443088366_beige,2026-06-26T12:13:00.063541+00:00
Ajio,TRUE FADES Cream Women Regular Fit Classic Shirt,https://assets.ajio.com/medias/sys_master/root1/20260427/SHtD/69ef986c14d0c21719a276f2/true_fades_cream_women_regular_fit_classic_shirt.jpg,TRUE FADES,Women,Shirts,294,999,58,,,S,Cream,Regular Fit,,,,"TRUE FADES Cream Women Regular Fit Classic Shirt. Brand: TRUE FADES. Color: Cream. Fit: Regular Fit. Size: S. Category: Women, Shirts",InStock,,https://www.ajio.com/true-fades-women-regular-fit-classic-shirt/p/703386096_cream,2026-06-26T12:13:00.063541+00:00
Ajio,Fyre Rose Brown Women Paisley Print Relaxed Fit Shirt,https://assets.ajio.com/medias/sys_master/root1/20251212/KC0m/693b7700720fb821d3865e5e/fyre_rose_brown_women_paisley_print_relaxed_fit_shirt.jpg,Fyre Rose,Women,Shirts,551,2999,79,,,S,Brown,Relaxed Fit,,,,"Fyre Rose Brown Women Paisley Print Relaxed Fit Shirt. Brand: Fyre Rose. Color: Brown. Fit: Relaxed Fit. Size: S. Category: Women, Shirts",InStock,,https://www.ajio.com/fyre-rose-women-paisley-print-relaxed-fit-shirt/p/702613622_brown,2026-06-26T12:13:00.063541+00:00
Ajio,Fyre Rose Black Women Printed Relaxed Fit Shirt,https://assets.ajio.com/medias/sys_master/root1/20260219/qQDS/6996f727cbfa0d56081c8e75/fyre_rose_black_women_printed_relaxed_fit_shirt.jpg,Fyre Rose,Women,Shirts,420,2099,73,,,XXL,Black,Relaxed Fit,,,Printed,"Fyre Rose Black Women Printed Relaxed Fit Shirt. Brand: Fyre Rose. Color: Black. Fit: Relaxed Fit. Pattern: Printed. Size: XXL. Category: Women, Shirts",InStock,,https://www.ajio.com/fyre-rose-women-printed-relaxed-fit-shirt/p/702988570_black,2026-06-26T12:13:00.063541+00:00
Ajio,Fyre Rose Brown Women Printed Relaxed Fit Shirt,https://assets.ajio.com/medias/sys_master/root1/20260219/pX7k/6996fc98cbfa0d56081d476c/fyre_rose_brown_women_printed_relaxed_fit_shirt.jpg,Fyre Rose,Women,Shirts,420,2099,73,,,S,Brown,Relaxed Fit,,,Printed,"Fyre Rose Brown Women Printed Relaxed Fit Shirt. Brand: Fyre Rose. Color: Brown. Fit: Relaxed Fit. Pattern: Printed. Size: S. Category: Women, Shirts",InStock,,https://www.ajio.com/fyre-rose-women-printed-relaxed-fit-shirt/p/702989760_brown,2026-06-26T12:13:00.063541+00:00
Ajio,MAX LIGHT GREEN Women Stylised Fit Classic Shirt,https://assets.ajio.com/medias/sys_master/root1/20250804/YNlu/689096a68bfb9009ac59a2e5/max_light_green_women_stylised_fit_classic_shirt.jpg,MAX,Women,Shirts,386,799,31,,,,Green,,,,,"MAX LIGHT GREEN Women Stylised Fit Classic Shirt. Brand: MAX. Color: Green. Category: Women, Shirts",InStock,,https://www.ajio.com/max-women-stylised-fit-classic-shirt/p/702057424_green,2026-06-26T12:13:00.063541+00:00
Ajio,Mystere Paris Pink Women Oversized Fit Spread-Collar Shirt,https://assets.ajio.com/medias/sys_master/root1/20260424/HT9W/69eb57acfcb5bb61d27da0c9/mystere_paris_pink_women_oversized_fit_spread-collar_shirt.jpg,Mystere Paris,Women,Shirts,613,1749,50,,,XS,Pink,Oversized Fit,,,,"Mystere Paris Pink Women Oversized Fit Spread-Collar Shirt. Brand: Mystere Paris. Color: Pink. Fit: Oversized Fit. Size: XS. Category: Women, Shirts",InStock,,https://www.ajio.com/mystere-paris-women-oversized-fit-spread-collar-shirt/p/703366925_pink,2026-06-26T12:13:00.063541+00:00
Ajio,Fyre Rose Red Women Geometric Print Relaxed Fit Shirt,https://assets.ajio.com/medias/sys_master/root1/20260219/Eiry/6996f6accbfa0d56081c7ea4/fyre_rose_red_women_geometric_print_relaxed_fit_shirt.jpg,Fyre Rose,Women,Shirts,420,2099,73,,,S,Red,Relaxed Fit,,,,"Fyre Rose Red Women Geometric Print Relaxed Fit Shirt. Brand: Fyre Rose. Color: Red. Fit: Relaxed Fit. Size: S. Category: Women, Shirts. 728 shoppers wishlisted in last 30 days",InStock,,https://www.ajio.com/fyre-rose-women-geometric-print-relaxed-fit-shirt/p/702989738_red,2026-06-26T12:13:00.063541+00:00
Ajio,LEIA Coffee Women Regular Fit Classic Shirt,https://assets.ajio.com/medias/sys_master/root1/20250729/WrF1/6888ab083d468c61ab2dbc0b/leia_coffee_women_regular_fit_classic_shirt.jpg,LEIA,Women,Shirts,308,1799,81,,,L,Coffee,Regular Fit,,,,"LEIA Coffee Women Regular Fit Classic Shirt. Brand: LEIA. Color: Coffee. Fit: Regular Fit. Size: L. Category: Women, Shirts. 3.5K shoppers wishlisted in last 30 days",InStock,,https://www.ajio.com/leia-women-regular-fit-classic-shirt/p/702037052_coffee,2026-06-26T12:13:00.063541+00:00
Ajio,FIG Off White Women Printed Regular Fit Shirt,https://assets.ajio.com/medias/sys_master/root1/20260324/cEdL/69c26eb79e784a25d584f1f6/fig_off_white_women_printed_regular_fit_shirt.jpg,FIG,Women,Shirts,319,899,29,,,,Off White,Regular Fit,,,Printed,"FIG Off White Women Printed Regular Fit Shirt. Brand: FIG. Color: Off White. Fit: Regular Fit. Pattern: Printed. Category: Women, Shirts. 745 shoppers wishlisted in last 30 days",InStock,,https://www.ajio.com/fig-women-printed-regular-fit-shirt/p/443116782_offwhite,2026-06-26T12:13:00.063541+00:00
Ajio,Fyre Rose Blue Women Floral Shirt,https://assets.ajio.com/medias/sys_master/root1/20260402/3sBi/69ce4d9b9e784a25d5b33501/fyre_rose_blue_women_floral_shirt.jpg,Fyre Rose,Women,Shirts,146,650,68,,,XL,Blue,,,,Floral,"Fyre Rose Blue Women Floral Shirt. Brand: Fyre Rose. Color: Blue. Pattern: Floral. Size: XL. Category: Women, Shirts",InStock,,https://www.ajio.com/fyre-rose-women-floral-shirt/p/703273361_blue,2026-06-26T12:13:00.063541+00:00
Ajio,YOUSTA Beige Women Regular Fit Cotton Shirt,https://assets.ajio.com/medias/sys_master/root1/20250819/zJsz/68a472793d468c61ab7a74f9/yousta_beige_women_regular_fit_cotton_shirt.jpg,YOUSTA,Women,Shirts,140,499,60,,,,Beige,Regular Fit,Cotton,,,"YOUSTA Beige Women Regular Fit Cotton Shirt. Brand: YOUSTA. Color: Beige. Fit: Regular Fit. Fabric: Cotton. Category: Women, Shirts",InStock,,https://www.ajio.com/yousta-women-regular-fit-cotton-shirt/p/443084860_beige,2026-06-26T12:13:00.063541+00:00
Ajio,DL WOMAN Rust Women Relaxed Fit Shirt with Spread Collar,https://assets.ajio.com/medias/sys_master/root/20240420/F0ot/6622eec716fd2c6e6ac2536d/dl_woman_rust_women_relaxed_fit_shirt_with_spread_collar.jpg,DL WOMAN,Women,Shirts,560,2799,73,,,S,Rust,Relaxed Fit,,,,"DL WOMAN Rust Women Relaxed Fit Shirt with Spread Collar. Brand: DL WOMAN. Color: Rust. Fit: Relaxed Fit. Size: S. Category: Women, Shirts. 740 shoppers wishlisted in last 30 days",InStock,,https://www.ajio.com/dl-woman-women-relaxed-fit-shirt-with-spread-collar-/p/467180733_rust,2026-06-26T12:13:00.063541+00:00
Ajio,LIMEROAD Black Women Regular Fit Shirt,https://assets.ajio.com/medias/sys_master/root1/20260509/VPn4/69fe3fb814d0c21719c99bc6/limeroad_black_women_regular_fit_shirt.jpg,LIMEROAD,Women,Shirts,208,349,15,,,,Black,Regular Fit,,,,"LIMEROAD Black Women Regular Fit Shirt. Brand: LIMEROAD. Color: Black. Fit: Regular Fit. Category: Women, Shirts",InStock,,https://www.ajio.com/limeroad-women-regular-fit-shirt/p/703430615_black,2026-06-26T12:13:00.063541+00:00
Ajio,RIO Pink Women Printed Regular Fit Shirt,https://assets.ajio.com/medias/sys_master/root1/20250731/vMgb/688b74b48bfb9009ac50c373/rio_pink_women_printed_regular_fit_shirt.jpg,RIO,Women,Shirts,153,599,49,,,,Pink,Regular Fit,,,Printed,"RIO Pink Women Printed Regular Fit Shirt. Brand: RIO. Color: Pink. Fit: Regular Fit. Pattern: Printed. Category: Women, Shirts",InStock,,https://www.ajio.com/rio-women-printed-regular-fit-shirt/p/443083019_pink,2026-06-26T12:13:00.063541+00:00
Ajio,Zilcon Olive Green Women Patterned Regular Fit Shirt,https://assets.ajio.com/medias/sys_master/root1/20260128/4HFz/69796e6dcbfa0d5608a2c537/zilcon_olive_green_women_patterned_regular_fit_shirt.jpg,Zilcon,Women,Shirts,239,1999,88,,,L,Olive,Regular Fit,,,,"Zilcon Olive Green Women Patterned Regular Fit Shirt. Brand: Zilcon. Color: Olive. Fit: Regular Fit. Size: L. Category: Women, Shirts",InStock,,https://www.ajio.com/zilcon-women-patterned-regular-fit-shirt/p/702818754_olive,2026-06-26T12:13:00.063541+00:00
Ajio,DNMX Beige Women Printed Relaxed Fit Shirt,https://assets.ajio.com/medias/sys_master/root1/20250825/vShC/68ac4c613d468c61ab93b7c7/dnmx_beige_women_printed_relaxed_fit_shirt.jpg,DNMX,Women,Shirts,178,699,49,,,,Beige,Relaxed Fit,,,Printed,"DNMX Beige Women Printed Relaxed Fit Shirt. Brand: DNMX. Color: Beige. Fit: Relaxed Fit. Pattern: Printed. Category: Women, Shirts. 865 shoppers wishlisted in last 30 days",InStock,,https://www.ajio.com/dnmx-women-printed-relaxed-fit-shirt/p/443077858_beige,2026-06-26T12:13:00.063541+00:00
Ajio,DNMX Red Women Striped Relaxed Fit Shirt,https://assets.ajio.com/medias/sys_master/root1/20260330/BfI9/69ca9cdb9e784a25d5a24ab2/dnmx_red_women_striped_relaxed_fit_shirt.jpg,DNMX,Women,Shirts,284,799,29,,,,Red,Relaxed Fit,,,Striped,"DNMX Red Women Striped Relaxed Fit Shirt. Brand: DNMX. Color: Red. Fit: Relaxed Fit. Pattern: Striped. Category: Women, Shirts. 7.3K shoppers wishlisted in last 30 days",InStock,,https://www.ajio.com/dnmx-women-striped-relaxed-fit-shirt/p/443109067_red,2026-06-26T12:13:00.063541+00:00
Ajio,DNMX beige Women Stripes Loose Fit Classic Shirt,https://assets.ajio.com/medias/sys_master/root1/20260601/TGqV/6a1d3d36fcb5bb61d2f77fe1/dnmx_beige_women_stripes_loose_fit_classic_shirt.jpg,DNMX,Women,Shirts,769,1099,30.03,,,,Beige,Loose Fit,,,Striped,"DNMX beige Women Stripes Loose Fit Classic Shirt. Brand: DNMX. Color: Beige. Fit: Loose Fit. Pattern: Striped. Category: Women, Shirts. 1.1K shoppers wishlisted in last 30 days",InStock,,https://www.ajio.com/dnmx-women-stripes-loose-fit-classic-shirt/p/443117702_beige,2026-06-26T12:13:00.063541+00:00
Ajio,Fyre Rose Cream Women Printed Regular Fit Shirt,https://assets.ajio.com/medias/sys_master/root1/20260327/lRKn/69c5a0b59e784a25d5924b8b/fyre_rose_cream_women_printed_regular_fit_shirt.jpg,Fyre Rose,Women,Shirts,224,999,68,,,L,Multi,Regular Fit,,,Printed,"Fyre Rose Cream Women Printed Regular Fit Shirt. Brand: Fyre Rose. Color: Multi. Fit: Regular Fit. Pattern: Printed. Size: L. Category: Women, Shirts. 1K shoppers wishlisted in last 30 days",InStock,,https://www.ajio.com/fyre-rose-women-printed-regular-fit-shirt/p/703228226_multi,2026-06-26T12:13:00.063541+00:00
Ajio,Etraana Beige Women Schiffli Embroidered Regular Fit Shirt,https://assets.ajio.com/medias/sys_master/root/20250121/1tKE/678f65ca0431850e0daedbe8/etraana_beige_women_schiffli_embroidered_regular_fit_shirt.jpg,Etraana,Women,Shirts,700,2499,60,,,S,Beige,Regular Fit,,,Embroidered,"Etraana Beige Women Schiffli Embroidered Regular Fit Shirt. Brand: Etraana. Color: Beige. Fit: Regular Fit. Pattern: Embroidered. Size: S. Category: Women, Shirts",InStock,,https://www.ajio.com/etraana-women-schiffli-embroidered-regular-fit-shirt/p/701082982_beige,2026-06-26T12:13:00.063541+00:00
Ajio,LEIA Wine Women Regular Fit Shirt with Full Sleeves,https://assets.ajio.com/medias/sys_master/root1/20251218/dhU9/69438aea720fb821d3971741/leia_wine_women_regular_fit_shirt_with_full_sleeves.jpg,LEIA,Women,Shirts,240,1199,75,,,S,Wine,Regular Fit,,Full Sleeve,,"LEIA Wine Women Regular Fit Shirt with Full Sleeves. Brand: LEIA. Color: Wine. Fit: Regular Fit. Sleeve: Full Sleeve. Size: S. Category: Women, Shirts",InStock,,https://www.ajio.com/leia-women-regular-fit-shirt-with-full-sleeves/p/702603941_wine,2026-06-26T12:13:00.063541+00:00
Ajio,STREET9 Blue Women Oversized Fit Classic Shirt,https://assets.ajio.com/medias/sys_master/root1/20251118/eZGD/691c590da470c5082f9dd911/street9_blue_women_oversized_fit_classic_shirt.jpg,STREET9,Women,Shirts,460,2299,72,,,,Blue,Oversized Fit,,,,"STREET9 Blue Women Oversized Fit Classic Shirt. Brand: STREET9. Color: Blue. Fit: Oversized Fit. Category: Women, Shirts",InStock,,https://www.ajio.com/street9-women-oversized-fit-classic-shirt/p/702517744_blue,2026-06-26T12:13:00.063541+00:00
Ajio,Fyre Rose Red Women Printed Relaxed Fit Shirt,https://assets.ajio.com/medias/sys_master/root1/20260219/9XL1/6996f7dccbfa0d56081ca702/fyre_rose_red_women_printed_relaxed_fit_shirt.jpg,Fyre Rose,Women,Shirts,420,2099,73,,,S,Red,Relaxed Fit,,,Printed,"Fyre Rose Red Women Printed Relaxed Fit Shirt. Brand: Fyre Rose. Color: Red. Fit: Relaxed Fit. Pattern: Printed. Size: S. Category: Women, Shirts",InStock,,https://www.ajio.com/fyre-rose-women-printed-relaxed-fit-shirt/p/702989743_red,2026-06-26T12:13:00.063541+00:00
Ajio,MICORIA Red Women Geometric Print Relaxed Fit Shirt,https://assets.ajio.com/medias/sys_master/root1/20260119/fpLr/696e41147ef0c7385c775aef/micoria_red_women_geometric_print_relaxed_fit_shirt.jpg,MICORIA,Women,Shirts,560,2499,68,,,L,Red,Relaxed Fit,,,,"MICORIA Red Women Geometric Print Relaxed Fit Shirt. Brand: MICORIA. Color: Red. Fit: Relaxed Fit. Size: L. Category: Women, Shirts",InStock,,https://www.ajio.com/micoria-women-geometric-print-relaxed-fit-shirt/p/702773485_red,2026-06-26T12:13:00.063541+00:00
Ajio,CADMON White Women Embroidered Loose Fit Shirt,https://assets.ajio.com/medias/sys_master/root1/20260221/1a6D/6998e85bcbfa0d56082a6ebc/cadmon_white_women_embroidered_loose_fit_shirt.jpg,CADMON,Women,Shirts,356,999,49,,,XXL,White,Loose Fit,,,Embroidered,"CADMON White Women Embroidered Loose Fit Shirt. Brand: CADMON. Color: White. Fit: Loose Fit. Pattern: Embroidered. Size: XXL. Category: Women, Shirts",InStock,,https://www.ajio.com/cadmon-women-embroidered-loose-fit-shirt/p/703003041_white,2026-06-26T12:13:00.063541+00:00
Ajio,Zilcon Pink Women Patterned Regular Fit Shirt,https://assets.ajio.com/medias/sys_master/root1/20250806/00zA/689339dc8bfb9009ac677e15/zilcon_pink_women_patterned_regular_fit_shirt.jpg,Zilcon,Women,Shirts,209,1999,90,,,S,Pink,Regular Fit,,,,"Zilcon Pink Women Patterned Regular Fit Shirt. Brand: Zilcon. Color: Pink. Fit: Regular Fit. Size: S. Category: Women, Shirts",InStock,,https://www.ajio.com/zilcon-women-patterned-regular-fit-shirt-/p/702079699_pink,2026-06-26T12:13:00.063541+00:00
Ajio,LEIA Olive Women Floral Print Boxy Fit Shirt with Short Sleeves,https://assets.ajio.com/medias/sys_master/root1/20260211/V2sG/698bb8c97ef0c7385cd93f6c/leia_olive_women_floral_print_boxy_fit_shirt_with_short_sleeves.jpg,LEIA,Women,Shirts,192,722,62,,,XXL,Olive,Boxy Fit,,Short Sleeve,Floral,"LEIA Olive Women Floral Print Boxy Fit Shirt with Short Sleeves. Brand: LEIA. Color: Olive. Fit: Boxy Fit. Sleeve: Short Sleeve. Pattern: Floral. Size: XXL. Category: Women, Shirts",InStock,,https://www.ajio.com/leia-women-floral-print-boxy-fit-shirt-with-short-sleeves/p/702903420_olive,2026-06-26T12:13:00.063541+00:00
Ajio,Sassafras Navy Blue Women Schiffli Embroidered Regular Fit Spread-Collar Shirt,https://assets.ajio.com/medias/sys_master/root1/20260509/EbzL/69ff6a0414d0c21719ce68a4/sassafras_navy_blue_women_schiffli_embroidered_regular_fit_spread-collar_shirt.jpg,Sassafras,Women,Shirts,420,1999,70,,,,Navy,Regular Fit,,,Embroidered,"Sassafras Navy Blue Women Schiffli Embroidered Regular Fit Spread-Collar Shirt. Brand: Sassafras. Color: Navy. Fit: Regular Fit. Pattern: Embroidered. Category: Women, Shirts",InStock,,https://www.ajio.com/sassafras-women-schiffli-embroidered-regular-fit-spread-collar-shirt/p/702435008_navy,2026-06-26T12:13:00.063541+00:00
Ajio,Fyre Rose Orange Women Typographic Shirt,https://assets.ajio.com/medias/sys_master/root1/20260402/Viaw/69ce4eba5bc52e77e02951d2/fyre_rose_orange_women_typographic_shirt.jpg,Fyre Rose,Women,Shirts,141,650,69,,,XXL,Orange,,,,Graphic,"Fyre Rose Orange Women Typographic Shirt. Brand: Fyre Rose. Color: Orange. Pattern: Graphic. Size: XXL. Category: Women, Shirts",InStock,,https://www.ajio.com/fyre-rose-women-typographic-shirt/p/703273293_orange,2026-06-26T12:13:00.063541+00:00
Ajio,MAAESA Blue Women Tie & Dye Print Regular Fit Shirt,https://assets.ajio.com/medias/sys_master/root/20250625/APtT/685bdebb0f920c69cc550f04/maaesa_blue_women_tie_%26_dye_print_regular_fit_shirt.jpg,MAAESA,Women,Shirts,499,2497,75,,,XL,Blue,Regular Fit,,,,"MAAESA Blue Women Tie & Dye Print Regular Fit Shirt. Brand: MAAESA. Color: Blue. Fit: Regular Fit. Size: XL. Category: Women, Shirts",InStock,,https://www.ajio.com/maaesa-women-tie--dye-print-regular-fit-shirt/p/701816793_blue,2026-06-26T12:13:00.063541+00:00
Ajio,FABRANGE Black Women Relaxed Fit Shirt with Spread Collar,https://assets.ajio.com/medias/sys_master/root/20240729/XUJr/66a6a2006f60443f31d24ec6/fabrange_black_women_relaxed_fit_shirt_with_spread_collar.jpg,FABRANGE,Women,Shirts,277,1099,64,,,S,Black,Relaxed Fit,,,,"FABRANGE Black Women Relaxed Fit Shirt with Spread Collar. Brand: FABRANGE. Color: Black. Fit: Relaxed Fit. Size: S. Category: Women, Shirts",InStock,,https://www.ajio.com/fabrange-women-relaxed-fit-shirt-with-spread-collar-/p/700234717_black,2026-06-26T12:13:00.063541+00:00
Ajio,Styli Navy blue Women Oversized-Fit Shirt with Patch Pocket,https://assets.ajio.com/medias/sys_master/root/20240207/6lpD/65c2b2dc16fd2c6e6ae1a091/styli_navy_blue_women_oversized-fit_shirt_with_patch_pocket.jpg,Styli,Women,Shirts,426,999,39,,,,Navy,Oversized Fit,,,,"Styli Navy blue Women Oversized-Fit Shirt with Patch Pocket. Brand: Styli. Color: Navy. Fit: Oversized Fit. Category: Women, Shirts. 3.5K shoppers wishlisted in last 30 days",InStock,,https://www.ajio.com/styli-women-oversized-fit-shirt-with-patch-pocket/p/467049060_navy,2026-06-26T12:13:00.063541+00:00
Ajio,FIG Blue Women Geometric Print Relaxed Fit Shirt,https://assets.ajio.com/medias/sys_master/root/20250516/VbtH/68273f8255340d4b4f3a6024/fig_blue_women_geometric_print_relaxed_fit_shirt.jpg,FIG,Women,Shirts,153,599,49,,,,Blue,Relaxed Fit,,,,"FIG Blue Women Geometric Print Relaxed Fit Shirt. Brand: FIG. Color: Blue. Fit: Relaxed Fit. Category: Women, Shirts",InStock,,https://www.ajio.com/fig-women-geometric-print-relaxed-fit-shirt/p/443067966_blue,2026-06-26T12:13:00.063541+00:00
Ajio,Fyre Rose Wine Women Floral Shirt,https://assets.ajio.com/medias/sys_master/root1/20260402/rMJ6/69ce4ee69e784a25d5b36282/fyre_rose_wine_women_floral_shirt.jpg,Fyre Rose,Women,Shirts,146,650,68,,,XS,Wine,,,,Floral,"Fyre Rose Wine Women Floral Shirt. Brand: Fyre Rose. Color: Wine. Pattern: Floral. Size: XS. Category: Women, Shirts",InStock,,https://www.ajio.com/fyre-rose-women-floral-shirt/p/703273361_wine,2026-06-26T12:13:00.063541+00:00
Ajio,Bollyclues Multicoloured Women Floral Print Regular Fit Shirt,https://assets.ajio.com/medias/sys_master/root1/20251127/WVzB/692832aca470c5082fb8eb5d/bollyclues_multicoloured_women_floral_print_regular_fit_shirt.jpg,Bollyclues,Women,Shirts,343,999,51,,,,Multi,Regular Fit,,,Floral,"Bollyclues Multicoloured Women Floral Print Regular Fit Shirt. Brand: Bollyclues. Color: Multi. Fit: Regular Fit. Pattern: Floral. Category: Women, Shirts",InStock,,https://www.ajio.com/bollyclues-women-floral-print-regular-fit-shirt/p/702553985_multi,2026-06-26T12:13:00.063541+00:00
Ajio,RIO Brown Women Patterned Regular Fit Shirt,https://assets.ajio.com/medias/sys_master/root1/20260421/hQX0/69e6743cfcb5bb61d26c07ce/rio_brown_women_patterned_regular_fit_shirt.jpg,RIO,Women,Shirts,248,699,29,,,,Dkbrown,Regular Fit,,,,"RIO Brown Women Patterned Regular Fit Shirt. Brand: RIO. Color: Dkbrown. Fit: Regular Fit. Category: Women, Shirts. 1.4K shoppers wishlisted in last 30 days",InStock,,https://www.ajio.com/rio-women-patterned-regular-fit-shirt/p/443115891_dkbrown,2026-06-26T12:13:00.063541+00:00
Ajio,PINACOLADA Blue Women Oversized Fit Shirt,https://assets.ajio.com/medias/sys_master/root/20241117/TX5L/6739f264c148fa1b30cf4bcf/pinacolada_blue_women_oversized_fit_shirt.jpg,PINACOLADA,Women,Shirts,525,1499,50,,,M,Blue,Oversized Fit,,,,"PINACOLADA Blue Women Oversized Fit Shirt. Brand: PINACOLADA. Color: Blue. Fit: Oversized Fit. Size: M. Category: Women, Shirts",InStock,,https://www.ajio.com/pinacolada-women-oversized-fit-shirt-/p/700762481_blue,2026-06-26T12:13:00.063541+00:00
Ajio,MAX BEIGE Women Embroidered Regular Fit Shirt,https://assets.ajio.com/medias/sys_master/root1/20260319/RYsl/69bbdb879e784a25d5771d14/max_beige_women_embroidered_regular_fit_shirt.jpg,MAX,Women,Shirts,839,1199,30.03,,,,Beige,Regular Fit,,,Embroidered,"MAX BEIGE Women Embroidered Regular Fit Shirt. Brand: MAX. Color: Beige. Fit: Regular Fit. Pattern: Embroidered. Category: Women, Shirts",InStock,,https://www.ajio.com/max-women-embroidered-regular-fit-shirt/p/703183005_beige,2026-06-26T12:13:00.063541+00:00
Ajio,DNMX Pink & White Women Printed Loose Fit Y-Notch Shirt,https://assets.ajio.com/medias/sys_master/root1/20260121/a4KD/6970efd2cbfa0d56088c370d/dnmx_pink_%26_white_women_printed_loose_fit_y-notch_shirt.jpg,DNMX,Women,Shirts,229,899,49,,,,Pink,Loose Fit,,,Printed,"DNMX Pink & White Women Printed Loose Fit Y-Notch Shirt. Brand: DNMX. Color: Pink. Fit: Loose Fit. Pattern: Printed. Category: Women, Shirts. 1.1K shoppers wishlisted in last 30 days",InStock,,https://www.ajio.com/dnmx-women-printed-loose-fit-y-notch-shirt/p/443102128_pink,2026-06-26T12:13:00.063541+00:00
Ajio,DNMX Peach Women Patterned Relaxed Fit Shirt,https://assets.ajio.com/medias/sys_master/root/20250407/UBLo/67f3babb7a6cd4182fb0a7b7/dnmx_peach_women_patterned_relaxed_fit_shirt.jpg,DNMX,Women,Shirts,229,899,49,,,,Peach,Relaxed Fit,,,,"DNMX Peach Women Patterned Relaxed Fit Shirt. Brand: DNMX. Color: Peach. Fit: Relaxed Fit. Category: Women, Shirts",InStock,,https://www.ajio.com/dnmx-women-patterned-relaxed-fit-shirt/p/443064363_peach,2026-06-26T12:13:00.063541+00:00
Ajio,YOUSTA Black Women Patterned Oversized Shirt,https://assets.ajio.com/medias/sys_master/root1/20251117/Br1l/691b456288d6d62ff8f22a31/yousta_black_women_patterned_oversized_shirt.jpg,YOUSTA,Women,Shirts,210,599,50,,,,Darkblack,,,,,"YOUSTA Black Women Patterned Oversized Shirt. Brand: YOUSTA. Color: Darkblack. Category: Women, Shirts",InStock,,https://www.ajio.com/yousta-women-patterned-oversized-shirt/p/443094108_darkblack,2026-06-26T12:13:00.063541+00:00
Ajio,FREEHAND Pink Women Oversized Shirt,https://assets.ajio.com/medias/sys_master/root/20240619/tnY8/6672f4d16f60443f3158e5a4/freehand_pink_women_oversized_shirt.jpg,FREEHAND,Women,Shirts,431,2049,70,,,,Pink,,,,,"FREEHAND Pink Women Oversized Shirt. Brand: FREEHAND. Color: Pink. Category: Women, Shirts",InStock,,https://www.ajio.com/freehand-women-oversized-shirt/p/469602177_pink,2026-06-26T12:13:00.063541+00:00
Ajio,LERIYA FASHION Green Women Relaxed Fit Shirt,https://assets.ajio.com/medias/sys_master/root1/20260219/GLCW/6996f999cbfa0d56081ce2d2/leriya_fashion_green_women_relaxed_fit_shirt.jpg,LERIYA FASHION,Women,Shirts,462,1999,67,,,2XL,Green,Relaxed Fit,,,,"LERIYA FASHION Green Women Relaxed Fit Shirt. Brand: LERIYA FASHION. Color: Green. Fit: Relaxed Fit. Size: 2XL. Category: Women, Shirts",InStock,,https://www.ajio.com/leriya-fashion-women-relaxed-fit-shirt/p/702986847_green,2026-06-26T12:13:00.063541+00:00
Ajio,LEIA Brown Women Geometric-Knit Relaxed Fit Shirt,https://assets.ajio.com/medias/sys_master/root/20250707/SZxl/686bd0e6e590ff066e2c173e/leia_brown_women_geometric-knit_relaxed_fit_shirt.jpg,LEIA,Women,Shirts,252,1200,70,,,XXL,Brown,Relaxed Fit,Knit,,,"LEIA Brown Women Geometric-Knit Relaxed Fit Shirt. Brand: LEIA. Color: Brown. Fit: Relaxed Fit. Fabric: Knit. Size: XXL. Category: Women, Shirts",InStock,,https://www.ajio.com/leia-women-geometric-knit-relaxed-fit-shirt/p/701880299_brown,2026-06-26T12:13:00.063541+00:00
Ajio,BN - BEING NAUGHTY Red Women Embroidered Relaxed Fit Shirt with Mandarin Collar,https://assets.ajio.com/medias/sys_master/root/20231209/Wukp/65737554ddf7791519bdd6b5/bn_-_being_naughty_red_women_embroidered_relaxed_fit_shirt_with_mandarin_collar.jpg,BN - BEING NAUGHTY,Women,Shirts,547,2299,66,,,XS,Red,Relaxed Fit,,,Embroidered,"BN - BEING NAUGHTY Red Women Embroidered Relaxed Fit Shirt with Mandarin Collar. Brand: BN - BEING NAUGHTY. Color: Red. Fit: Relaxed Fit. Pattern: Embroidered. Size: XS. Category: Women, Shirts",InStock,,https://www.ajio.com/bn--being-naughty-women-embroidered-relaxed-fit-shirt-with-mandarin-collar/p/466867208_red,2026-06-26T12:13:00.063541+00:00
Ajio,MAX ECRU Women Embroidered Shirt,https://assets.ajio.com/medias/sys_master/root1/20260108/OP03/695fb8efcbfa0d56085e9b98/max_ecru_women_embroidered_shirt.jpg,MAX,Women,Shirts,629,899,30.03,,,,Cream,,,,Embroidered,"MAX ECRU Women Embroidered Shirt. Brand: MAX. Color: Cream. Pattern: Embroidered. Category: Women, Shirts. 1.3K shoppers wishlisted in last 30 days",InStock,,https://www.ajio.com/max-women-embroidered-shirt/p/702737238_cream,2026-06-26T12:13:00.063541+00:00
Ajio,High Buy X AG Beige Women Embroidered Relaxed Fit Shirt,https://assets.ajio.com/medias/sys_master/root1/20260308/FGka/69acafa04970ce6a6e2df98f/high_buy_x_ag_beige_women_embroidered_relaxed_fit_shirt.jpg,High Buy X AG,Women,Shirts,490,1000,30,,,3XL,Beige,Relaxed Fit,,,Embroidered,"High Buy X AG Beige Women Embroidered Relaxed Fit Shirt. Brand: High Buy X AG. Color: Beige. Fit: Relaxed Fit. Pattern: Embroidered. Size: 3XL. Category: Women, Shirts",InStock,,https://www.ajio.com/high-buy-x-ag-women-embroidered-relaxed-fit-shirt/p/703128463_beige,2026-06-26T12:13:00.063541+00:00
Ajio,LIRIT Orange Women Regular Fit Shirt,https://assets.ajio.com/medias/sys_master/root1/20260119/5EmF/696e4ccccbfa0d5608828c68/lirit_orange_women_regular_fit_shirt.jpg,LIRIT,Women,Shirts,397,1620,65,,,L,Orange,Regular Fit,,,,"LIRIT Orange Women Regular Fit Shirt. Brand: LIRIT. Color: Orange. Fit: Regular Fit. Size: L. Category: Women, Shirts",InStock,,https://www.ajio.com/lirit-women-regular-fit-shirt/p/702779966_orange,2026-06-26T12:13:00.063541+00:00
Ajio,Mayra Grey Women Regular Fit Shirt with Cutaway Collar,https://assets.ajio.com/medias/sys_master/root/20240109/PZLy/659c796954c30e62769e6376/mayra_grey_women_regular_fit_shirt_with_cutaway_collar.jpg,Mayra,Women,Shirts,202,995,71,,,M,Grey,Regular Fit,,,,"Mayra Grey Women Regular Fit Shirt with Cutaway Collar. Brand: Mayra. Color: Grey. Fit: Regular Fit. Size: M. Category: Women, Shirts",InStock,,https://www.ajio.com/mayra-women-regular-fit-shirt-with-cutaway-collar/p/466963731_grey,2026-06-26T12:13:00.063541+00:00
Ajio,MAX OLIVE GREEN Women Stylised Fit Classic Shirt,https://assets.ajio.com/medias/sys_master/root1/20250804/gSGR/689094a38bfb9009ac59550c/max_olive_green_women_stylised_fit_classic_shirt.jpg,MAX,Women,Shirts,386,699,21,,,,Olive,,,,,"MAX OLIVE GREEN Women Stylised Fit Classic Shirt. Brand: MAX. Color: Olive. Category: Women, Shirts",InStock,,https://www.ajio.com/max-women-stylised-fit-classic-shirt/p/702057407_olive,2026-06-26T12:13:00.063541+00:00
Ajio,YOUSTA Pink Women Patterned Oversized Shirt,https://assets.ajio.com/medias/sys_master/root1/20260213/3LtK/698f438ecbfa0d5608f948dc/yousta_pink_women_patterned_oversized_shirt.jpg,YOUSTA,Women,Shirts,210,599,50,,,,Pink,,,,,"YOUSTA Pink Women Patterned Oversized Shirt. Brand: YOUSTA. Color: Pink. Category: Women, Shirts",InStock,,https://www.ajio.com/yousta-women-patterned-oversized-shirt/p/443611092_pink,2026-06-26T12:13:00.063541+00:00
Ajio,FIG Taupe Women Regular Fit Shirt,https://assets.ajio.com/medias/sys_master/root1/20260324/UtKC/69c27b7d5bc52e77e0fd3882/fig_taupe_women_regular_fit_shirt.jpg,FIG,Women,Shirts,355,999,29,,,,Grey,Regular Fit,,,,"FIG Taupe Women Regular Fit Shirt. Brand: FIG. Color: Grey. Fit: Regular Fit. Category: Women, Shirts",InStock,,https://www.ajio.com/fig-women-regular-fit-shirt/p/443115287_grey,2026-06-26T12:13:00.063541+00:00
Ajio,FABRANGE White Women Printed Regular Fit Shirt,https://assets.ajio.com/medias/sys_master/root1/20250906/uMId/68bb3df18bfb9009ace192c2/fabrange_white_women_printed_regular_fit_shirt.jpg,FABRANGE,Women,Shirts,300,1499,77,,,S,White,Regular Fit,,,Printed,"FABRANGE White Women Printed Regular Fit Shirt. Brand: FABRANGE. Color: White. Fit: Regular Fit. Pattern: Printed. Size: S. Category: Women, Shirts",InStock,,https://www.ajio.com/fabrange-women-printed-regular-fit-shirt/p/467333501_white,2026-06-26T12:13:00.063541+00:00
Ajio,LEIA Pink Women Regular Fit Shirt with Spread Collar,https://assets.ajio.com/medias/sys_master/root/20250604/2J3O/683faa1a55340d4b4f8152a1/leia_pink_women_regular_fit_shirt_with_spread_collar.jpg,LEIA,Women,Shirts,168,800,70,,,XXL,Pink,Regular Fit,,,,"LEIA Pink Women Regular Fit Shirt with Spread Collar. Brand: LEIA. Color: Pink. Fit: Regular Fit. Size: XXL. Category: Women, Shirts",InStock,,https://www.ajio.com/leia-women-regular-fit-shirt-with-spread-collar/p/701673513_pink,2026-06-26T12:13:00.063541+00:00
Ajio,URBANO FASHION Maroon Women Regular Fit Shirt,https://assets.ajio.com/medias/sys_master/root1/20260415/VIMI/69df788f14d0c2171975754b/urbano_fashion_maroon_women_regular_fit_shirt.jpg,URBANO FASHION,Women,Shirts,840,2499,52,,,S,Maroon,Regular Fit,,,,"URBANO FASHION Maroon Women Regular Fit Shirt. Brand: URBANO FASHION. Color: Maroon. Fit: Regular Fit. Size: S. Category: Women, Shirts",InStock,,https://www.ajio.com/urbano-fashion-women-regular-fit-shirt/p/703333142_maroon,2026-06-26T12:13:00.063541+00:00
Ajio,FABRANGE Black Women Regular Fit Shirt,https://assets.ajio.com/medias/sys_master/root/20250513/kE5J/68227bd555340d4b4f2ee013/fabrange_black_women_regular_fit_shirt.jpg,FABRANGE,Women,Shirts,264,1299,71,,,,Black,Regular Fit,,,,"FABRANGE Black Women Regular Fit Shirt. Brand: FABRANGE. Color: Black. Fit: Regular Fit. Category: Women, Shirts. 1.4K shoppers wishlisted in last 30 days",InStock,,https://www.ajio.com/fabrange-women-regular-fit-shirt/p/467333501_black,2026-06-26T12:13:00.063541+00:00
Ajio,MAX SAGE Women Stylised Fit Classic Shirt,https://assets.ajio.com/medias/sys_master/root1/20250821/08T6/68a702be8bfb9009aca1d534/max_sage_women_stylised_fit_classic_shirt.jpg,MAX,Women,Shirts,434,899,31,,,,Green,,,,,"MAX SAGE Women Stylised Fit Classic Shirt. Brand: MAX. Color: Green. Category: Women, Shirts",InStock,,https://www.ajio.com/max-women-stylised-fit-classic-shirt/p/702139320_green,2026-06-26T12:13:00.063541+00:00
Ajio,LEIA Wine Women Regular Fit Classic Shirt,https://assets.ajio.com/medias/sys_master/root/20250604/v2iM/683fe1c555340d4b4f82adc5/leia_wine_women_regular_fit_classic_shirt.jpg,LEIA,Women,Shirts,210,1000,70,,,XS,Wine,Regular Fit,,,,"LEIA Wine Women Regular Fit Classic Shirt. Brand: LEIA. Color: Wine. Fit: Regular Fit. Size: XS. Category: Women, Shirts",InStock,,https://www.ajio.com/leia-women-regular-fit-classic-shirt/p/701672368_wine,2026-06-26T12:13:00.063541+00:00
Ajio,DNMX White Women Embellished Relaxed Fit Cotton Shirt,https://assets.ajio.com/medias/sys_master/root1/20251111/JQIJ/691335baa470c5082f86bff2/dnmx_white_women_embellished_relaxed_fit_cotton_shirt.jpg,DNMX,Women,Shirts,204,799,49,,,,White,Relaxed Fit,Cotton,,,"DNMX White Women Embellished Relaxed Fit Cotton Shirt. Brand: DNMX. Color: White. Fit: Relaxed Fit. Fabric: Cotton. Category: Women, Shirts. 2.4K shoppers wishlisted in last 30 days",InStock,,https://www.ajio.com/dnmx-women-embellished-relaxed-fit-cotton-shirt/p/443104534_white,2026-06-26T12:13:00.063541+00:00
Ajio,DNMX Beige Women Patterned Oversized Shirt with Flap Pockets,https://assets.ajio.com/medias/sys_master/root1/20260203/iX0t/6981edcf7ef0c7385cb0f46d/dnmx_beige_women_patterned_oversized_shirt_with_flap_pockets.jpg,DNMX,Women,Shirts,280,1099,49,,,,Beige,,,,,"DNMX Beige Women Patterned Oversized Shirt with Flap Pockets. Brand: DNMX. Color: Beige. Category: Women, Shirts. 1.8K shoppers wishlisted in last 30 days",InStock,,https://www.ajio.com/dnmx-women-patterned-oversized-shirt-with-flap-pockets/p/443099930_beige,2026-06-26T12:13:00.063541+00:00
Ajio,Fyre Rose Coffee Women Printed Relaxed Fit Shirt,https://assets.ajio.com/medias/sys_master/root1/20260225/o4Wi/699ede1b67bcd75393534203/fyre_rose_coffee_women_printed_relaxed_fit_shirt.jpg,Fyre Rose,Women,Shirts,300,1499,74,,,S,Coffee,Relaxed Fit,,,Printed,"Fyre Rose Coffee Women Printed Relaxed Fit Shirt. Brand: Fyre Rose. Color: Coffee. Fit: Relaxed Fit. Pattern: Printed. Size: S. Category: Women, Shirts",InStock,,https://www.ajio.com/fyre-rose-women-printed-relaxed-fit-shirt-/p/703041965_coffee,2026-06-26T12:13:00.063541+00:00
Ajio,FIG Green Women Relaxed Fit Shirt with Neck Chain,https://assets.ajio.com/medias/sys_master/root1/20251125/B7OD/69253ee8a470c5082faedb69/fig_green_women_relaxed_fit_shirt_with_neck_chain.jpg,FIG,Women,Shirts,255,999,49,,,,Mintgreen,Relaxed Fit,,,,"FIG Green Women Relaxed Fit Shirt with Neck Chain. Brand: FIG. Color: Mintgreen. Fit: Relaxed Fit. Category: Women, Shirts. 731 shoppers wishlisted in last 30 days",InStock,,https://www.ajio.com/fig-women-relaxed-fit-shirt-with-neck-chain/p/443084212_mintgreen,2026-06-26T12:13:00.063541+00:00
Ajio,CHIMPAAANZEE Pink Women Classic Oversized Fit Shirt,https://assets.ajio.com/medias/sys_master/root1/20250731/YJmp/688b43848bfb9009ac4f0c2c/chimpaaanzee_pink_women_classic_oversized_fit_shirt.jpg,CHIMPAAANZEE,Women,Shirts,559,999,20,,,,Pink,Oversized Fit,,,,"CHIMPAAANZEE Pink Women Classic Oversized Fit Shirt. Brand: CHIMPAAANZEE. Color: Pink. Fit: Oversized Fit. Category: Women, Shirts",InStock,,https://www.ajio.com/chimpaaanzee-women-classic-oversized-fit-shirt/p/701761567_pink,2026-06-26T12:13:00.063541+00:00
Ajio,YOUSTA Black Women Oversized Mesh Shirt,https://assets.ajio.com/medias/sys_master/root1/20260304/VIIB/69a8373caf321a7f92f9783a/yousta_black_women_oversized_mesh_shirt.jpg,YOUSTA,Women,Shirts,210,599,50,,,,Black,,,,,"YOUSTA Black Women Oversized Mesh Shirt. Brand: YOUSTA. Color: Black. Category: Women, Shirts",InStock,,https://www.ajio.com/yousta-women-oversized-mesh-shirt/p/443611086_black,2026-06-26T12:13:00.063541+00:00
Ajio,LERIYA FASHION Multi Women Relaxed Fit Shirt,https://assets.ajio.com/medias/sys_master/root1/20260220/WFgT/6997961b7ef0c7385c160c61/leriya_fashion_multi_women_relaxed_fit_shirt.jpg,LERIYA FASHION,Women,Shirts,400,1999,72,,,2XL,Multi,Relaxed Fit,,,,"LERIYA FASHION Multi Women Relaxed Fit Shirt. Brand: LERIYA FASHION. Color: Multi. Fit: Relaxed Fit. Size: 2XL. Category: Women, Shirts",InStock,,https://www.ajio.com/leriya-fashion-women-relaxed-fit-shirt/p/702986591_multi,2026-06-26T12:13:00.063541+00:00
Ajio,GAP Blue Women Washed Relaxed Fit Shirt,https://assets.ajio.com/medias/sys_master/root/20250602/PGQL/683d9c6155340d4b4f7c0cf7/gap_blue_women_washed_relaxed_fit_shirt.jpg,GAP,Women,Shirts,840,2999,60,,,,Ltblue,Relaxed Fit,,,,"GAP Blue Women Washed Relaxed Fit Shirt. Brand: GAP. Color: Ltblue. Fit: Relaxed Fit. Category: Women, Shirts",InStock,,https://www.ajio.com/gap-women-washed-relaxed-fit-shirt/p/442528408_ltblue,2026-06-26T12:13:00.063541+00:00
Ajio,MAX LIGHT BROWN Women Checked Shirt with Double Pockets,https://assets.ajio.com/medias/sys_master/root1/20251209/JVop/69380857720fb821d378d92f/max_light_brown_women_checked_shirt_with_double_pockets.jpg,MAX,Women,Shirts,482,999,31,,,,Brown,,,,Checkered,"MAX LIGHT BROWN Women Checked Shirt with Double Pockets. Brand: MAX. Color: Brown. Pattern: Checkered. Category: Women, Shirts",InStock,,https://www.ajio.com/max-women-checked-shirt-with-double-pockets/p/702387821_brown,2026-06-26T12:13:00.063541+00:00
Ajio,Fyre Rose Blue Women Printed Relaxed Fit Shirt,https://assets.ajio.com/medias/sys_master/root1/20260219/prxB/6997008d7ef0c7385c113534/fyre_rose_blue_women_printed_relaxed_fit_shirt.jpg,Fyre Rose,Women,Shirts,420,2099,73,,,S,Blue,Relaxed Fit,,,Printed,"Fyre Rose Blue Women Printed Relaxed Fit Shirt. Brand: Fyre Rose. Color: Blue. Fit: Relaxed Fit. Pattern: Printed. Size: S. Category: Women, Shirts",InStock,,https://www.ajio.com/fyre-rose-women-printed-relaxed-fit-shirt/p/702989931_blue,2026-06-26T12:13:00.063541+00:00
Ajio,MAX IVORY Women Textured Regular Fit Shirt,https://assets.ajio.com/medias/sys_master/root1/20251210/o5Be/69387cf6720fb821d37dc0ba/max_ivory_women_textured_regular_fit_shirt.jpg,MAX,Women,Shirts,386,799,31,,,,Cream,Regular Fit,,,,"MAX IVORY Women Textured Regular Fit Shirt. Brand: MAX. Color: Cream. Fit: Regular Fit. Category: Women, Shirts",InStock,,https://www.ajio.com/max-women-textured-regular-fit-shirt/p/702422241_cream,2026-06-26T12:13:00.063541+00:00
Ajio,CHIMPAAANZEE Blue Women Checked Oversized Fit Shirt,https://assets.ajio.com/medias/sys_master/root/20250616/sNMC/684f4ab67a6cd4182fb0062e/chimpaaanzee_blue_women_checked_oversized_fit__shirt.jpg,CHIMPAAANZEE,Women,Shirts,503,999,28,,,,Blue,Oversized Fit,,,Checkered,"CHIMPAAANZEE Blue Women Checked Oversized Fit Shirt. Brand: CHIMPAAANZEE. Color: Blue. Fit: Oversized Fit. Pattern: Checkered. Category: Women, Shirts",InStock,,https://www.ajio.com/chimpaaanzee-women-checked-oversized-fit-shirt/p/701754135_blue,2026-06-26T12:13:00.063541+00:00
Ajio,YOUSTA Green Women Oversized Shirt with Patch Pocket,https://assets.ajio.com/medias/sys_master/root1/20250812/PBbW/689b35a38bfb9009ac7d069f/yousta_green_women_oversized_shirt_with_patch_pocket.jpg,YOUSTA,Women,Shirts,210,599,50,,,,Darkgreen,,,,,"YOUSTA Green Women Oversized Shirt with Patch Pocket. Brand: YOUSTA. Color: Darkgreen. Category: Women, Shirts",InStock,,https://www.ajio.com/yousta-women-oversized-shirt-with-patch-pocket/p/443087646_darkgreen,2026-06-26T12:13:00.063541+00:00
Ajio,FIG Off White Women Embellished Relaxed Fit Shirt,https://assets.ajio.com/medias/sys_master/root1/20251018/NiQI/68f2c243d3b48604f837e7d5/fig_off_white_women_embellished_relaxed_fit_shirt.jpg,FIG,Women,Shirts,331,1299,49,,,,Off White,Relaxed Fit,,,,"FIG Off White Women Embellished Relaxed Fit Shirt. Brand: FIG. Color: Off White. Fit: Relaxed Fit. Category: Women, Shirts",InStock,,https://www.ajio.com/fig-women-embellished-relaxed-fit-shirt/p/443088742_offwhite,2026-06-26T12:13:00.063541+00:00
Ajio,DNMX White Women Relaxed Fit Shirt,https://assets.ajio.com/medias/sys_master/root1/20251008/rb09/68e63b708bfb9009ac5cec03/dnmx_white_women_relaxed_fit_shirt.jpg,DNMX,Women,Shirts,178,699,49,,,,White,Relaxed Fit,,,,"DNMX White Women Relaxed Fit Shirt. Brand: DNMX. Color: White. Fit: Relaxed Fit. Category: Women, Shirts",InStock,,https://www.ajio.com/dnmx-women-relaxed-fit-shirt/p/443086264_white,2026-06-26T12:13:00.063541+00:00
Ajio,Lulu & Sky Blue Women Checked Regular Fit Shirt,https://assets.ajio.com/medias/sys_master/root1/20251212/DAc8/693bfa598945db77cf2b088b/lulu_%26_sky_blue_women_checked_regular_fit_shirt.jpg,Lulu & Sky,Women,Shirts,1177,4193,60,,,M,Blue,Regular Fit,,,Checkered,"Lulu & Sky Blue Women Checked Regular Fit Shirt. Brand: Lulu & Sky. Color: Blue. Fit: Regular Fit. Pattern: Checkered. Size: M. Category: Women, Shirts. 811 shoppers wishlisted in last 30 days",InStock,,https://www.ajio.com/lulu--sky-women-checked-regular-fit-shirt-/p/702616433_blue,2026-06-26T12:13:00.063541+00:00
Ajio,Fyre Rose Green Women Animal Print Relaxed Fit Shirt with Spread Collar,https://assets.ajio.com/medias/sys_master/root1/20260227/1bFy/69a1962167bcd753936193ab/fyre_rose_green_women_animal_print_relaxed_fit_shirt_with_spread_collar.jpg,Fyre Rose,Women,Shirts,305,1499,71,,,S,Green,Relaxed Fit,,,,"Fyre Rose Green Women Animal Print Relaxed Fit Shirt with Spread Collar. Brand: Fyre Rose. Color: Green. Fit: Relaxed Fit. Size: S. Category: Women, Shirts",InStock,,https://www.ajio.com/fyre-rose-women-animal-print-relaxed-fit-shirt-with-spread-collar/p/703062669_green,2026-06-26T12:13:00.063541+00:00
Ajio,SIYAHI Teal Women Embroidered Relaxed Fit Button-Down Shirt,https://assets.ajio.com/medias/sys_master/root1/20251027/dkRb/68ff88fcd3b48604f84e5aa5/siyahi_teal_women_embroidered_relaxed_fit_button-down_shirt.jpg,SIYAHI,Women,Shirts,229,899,49,,,,Teal,Relaxed Fit,,,Embroidered,"SIYAHI Teal Women Embroidered Relaxed Fit Button-Down Shirt. Brand: SIYAHI. Color: Teal. Fit: Relaxed Fit. Pattern: Embroidered. Category: Women, Shirts",InStock,,https://www.ajio.com/siyahi-women-embroidered-relaxed-fit-button-down-shirt/p/443100707_teal,2026-06-26T12:13:00.063541+00:00
Ajio,LERIYA FASHION White Women Relaxed Fit Shirt,https://assets.ajio.com/medias/sys_master/root1/20260219/vshY/6996fb6a7ef0c7385c10928f/leriya_fashion_white_women_relaxed_fit_shirt.jpg,LERIYA FASHION,Women,Shirts,462,1999,67,,,2XL,White,Relaxed Fit,,,,"LERIYA FASHION White Women Relaxed Fit Shirt. Brand: LERIYA FASHION. Color: White. Fit: Relaxed Fit. Size: 2XL. Category: Women, Shirts",InStock,,https://www.ajio.com/leriya-fashion-women-relaxed-fit-shirt/p/702986667_white,2026-06-26T12:13:00.063541+00:00
Ajio,Mystere Paris Maroon Women Oversized Fit Shirt,https://assets.ajio.com/medias/sys_master/root1/20260305/mi6T/69a974bdaf321a7f92016ff1/mystere_paris_maroon_women_oversized_fit_shirt.jpg,Mystere Paris,Women,Shirts,613,1749,50,,,XS,Maroon,Oversized Fit,,,,"Mystere Paris Maroon Women Oversized Fit Shirt. Brand: Mystere Paris. Color: Maroon. Fit: Oversized Fit. Size: XS. Category: Women, Shirts",InStock,,https://www.ajio.com/mystere-paris-women-oversized-fit-shirt/p/703114114_maroon,2026-06-26T12:13:00.063541+00:00
Ajio,Lulu & Sky Blue Women Checked Oversized Fit Shirt,https://assets.ajio.com/medias/sys_master/root1/20251212/LImq/693bf90c720fb821d3879e15/lulu_%26_sky_blue_women_checked_oversized_fit_shirt.jpg,Lulu & Sky,Women,Shirts,1059,5295,75,,,S,Blue,Oversized Fit,,,Checkered,"Lulu & Sky Blue Women Checked Oversized Fit Shirt. Brand: Lulu & Sky. Color: Blue. Fit: Oversized Fit. Pattern: Checkered. Size: S. Category: Women, Shirts",InStock,,https://www.ajio.com/lulu--sky-women-checked-oversized-fit-shirt-/p/702616500_blue,2026-06-26T12:13:00.063541+00:00
Ajio,DNMX Olive Green Women Loose Fit Shirt with Flap Pockets,https://assets.ajio.com/medias/sys_master/root1/20260320/GD6g/69bcf52d5bc52e77e0f19b8b/dnmx_olive_green_women_loose_fit_shirt_with_flap_pockets.jpg,DNMX,Women,Shirts,319,899,29,,,,Olive,Loose Fit,,,,"DNMX Olive Green Women Loose Fit Shirt with Flap Pockets. Brand: DNMX. Color: Olive. Fit: Loose Fit. Category: Women, Shirts",InStock,,https://www.ajio.com/dnmx-women-loose-fit-shirt-with-flap-pockets/p/443102132_olive,2026-06-26T12:13:00.063541+00:00
Ajio,Style Quotient Beige Women Printed Regular Fit Shirt,https://assets.ajio.com/medias/sys_master/root1/20260509/SC2h/69ff647c14d0c21719cdb30d/style_quotient_beige_women_printed_regular_fit_shirt.jpg,Style Quotient,Women,Shirts,499,1399,49,,,,Beige,Regular Fit,,,Printed,"Style Quotient Beige Women Printed Regular Fit Shirt. Brand: Style Quotient. Color: Beige. Fit: Regular Fit. Pattern: Printed. Category: Women, Shirts. 791 shoppers wishlisted in last 30 days",InStock,,https://www.ajio.com/style-quotient-women-printed-regular-fit-shirt/p/702446529_beige,2026-06-26T12:13:00.063541+00:00
Ajio,Fyre Rose Orange Women Printed Relaxed Fit Shirt with Spread Collar,https://assets.ajio.com/medias/sys_master/root1/20260227/CCSa/69a18c9408a98823902cda5b/fyre_rose_orange_women_printed_relaxed_fit_shirt_with_spread_collar.jpg,Fyre Rose,Women,Shirts,305,1499,71,,,XL,Orange,Relaxed Fit,,,Printed,"Fyre Rose Orange Women Printed Relaxed Fit Shirt with Spread Collar. Brand: Fyre Rose. Color: Orange. Fit: Relaxed Fit. Pattern: Printed. Size: XL. Category: Women, Shirts",InStock,,https://www.ajio.com/fyre-rose-women-printed-relaxed-fit-shirt-with-spread-collar/p/703062669_orange,2026-06-26T12:13:00.063541+00:00
Ajio,U.S. Polo Assn. Purple Women Regular Fit Shirt with Embroidered Logo,https://assets.ajio.com/medias/sys_master/root/20240829/Q35w/66d06da66f60443f313ce4bb/u.s._polo_assn._purple_women_regular_fit_shirt_with_embroidered_logo.jpg,U.S. Polo Assn.,Women,Shirts,881,1999,37,,,,Purple,Regular Fit,,,Embroidered,"U.S. Polo Assn. Purple Women Regular Fit Shirt with Embroidered Logo. Brand: U.S. Polo Assn.. Color: Purple. Fit: Regular Fit. Pattern: Embroidered. Category: Women, Shirts",InStock,,https://www.ajio.com/u-s-polo-assn-women-regular-fit-shirt-with-embroidered-logo/p/469681066_purple,2026-06-26T12:13:00.063541+00:00
Ajio,MAX IVORY Women Embroidered Regular Fit Shirt,https://assets.ajio.com/medias/sys_master/root1/20260410/9fOZ/69d806665bc52e77e04b81a5/max_ivory_women_embroidered_regular_fit_shirt.jpg,MAX,Women,Shirts,699,999,30.03,,,,Off White,Regular Fit,,,Embroidered,"MAX IVORY Women Embroidered Regular Fit Shirt. Brand: MAX. Color: Off White. Fit: Regular Fit. Pattern: Embroidered. Category: Women, Shirts",InStock,,https://www.ajio.com/max-women-embroidered-regular-fit-shirt/p/703308751_offwhite,2026-06-26T12:13:00.063541+00:00
Ajio,FIG Jet Black Women Printed Relaxed Fit Shirt,https://assets.ajio.com/medias/sys_master/root1/20250925/qXsu/68d4e43a3d468c61ab2411e8/fig_jet_black_women_printed_relaxed_fit_shirt.jpg,FIG,Women,Shirts,153,599,49,,,,Jetblack,Relaxed Fit,,,Printed,"FIG Jet Black Women Printed Relaxed Fit Shirt. Brand: FIG. Color: Jetblack. Fit: Relaxed Fit. Pattern: Printed. Category: Women, Shirts",InStock,,https://www.ajio.com/fig-women-printed-relaxed-fit-shirt/p/443099744_jetblack,2026-06-26T12:13:00.063541+00:00
Ajio,The Souled Store Beige Women Embroidered Loose Fit Shirt,https://assets.ajio.com/medias/sys_master/root1/20260131/OOMT/697d0b657ef0c7385ca1ba64/the_souled_store_beige_women_embroidered_loose_fit_shirt.jpg,The Souled Store,Women,Shirts,1699,1699,,,,,Beige,Loose Fit,,,Embroidered,"The Souled Store Beige Women Embroidered Loose Fit Shirt. Brand: The Souled Store. Color: Beige. Fit: Loose Fit. Pattern: Embroidered. Category: Women, Shirts",InStock,,https://www.ajio.com/the-souled-store-women-embroidered-loose-fit-shirt/p/702831401_beige,2026-06-26T12:13:00.063541+00:00
Ajio,The Souled Store Cream Women Slim Fit Shirt with Spread Collar,https://assets.ajio.com/medias/sys_master/root1/20260225/KFQR/699edc8c08a98823901fc25a/the_souled_store_cream_women_slim_fit_shirt_with_spread_collar.jpg,The Souled Store,Women,Shirts,1299,1299,,,,,Cream,Slim Fit,,,,"The Souled Store Cream Women Slim Fit Shirt with Spread Collar. Brand: The Souled Store. Color: Cream. Fit: Slim Fit. Category: Women, Shirts",InStock,,https://www.ajio.com/the-souled-store-women-slim-fit-shirt-with-spread-collar/p/703042468_cream,2026-06-26T12:13:00.063541+00:00
Ajio,Fyre Rose Coffee Women Relaxed Fit Printed Shirt,https://assets.ajio.com/medias/sys_master/root1/20260625/VeKh/6a3cfa63afd8cf5e7394b79a/fyre_rose_coffee_women_relaxed_fit_printed_shirt.jpg,Fyre Rose,Women,Shirts,551,2999,79,,,M,Coffee,Relaxed Fit,,,Printed,"Fyre Rose Coffee Women Relaxed Fit Printed Shirt. Brand: Fyre Rose. Color: Coffee. Fit: Relaxed Fit. Pattern: Printed. Size: M. Category: Women, Shirts",InStock,,https://www.ajio.com/fyre-rose-women-relaxed-fit-printed-shirt/p/703367743_coffee,2026-06-26T12:13:00.063541+00:00
Ajio,FREEHAND Wax Yellow Women Regular Fit Classic Shirt,https://assets.ajio.com/medias/sys_master/root/20250707/LkLf/686bc5fdb13fc54edd001fb3/freehand_wax_yellow_women_regular_fit_classic_shirt.jpg,FREEHAND,Women,Shirts,399,1899,70,,,,Yellow,Regular Fit,,,,"FREEHAND Wax Yellow Women Regular Fit Classic Shirt. Brand: FREEHAND. Color: Yellow. Fit: Regular Fit. Category: Women, Shirts",InStock,,https://www.ajio.com/freehand-women-regular-fit-classic-shirt/p/701879836_yellow,2026-06-26T12:13:00.063541+00:00
Ajio,RIO Beige Women Printed Regular Fit Shirt,https://assets.ajio.com/medias/sys_master/root1/20260310/rMDj/69b00724af321a7f9214a5a1/rio_beige_women_printed_regular_fit_shirt.jpg,RIO,Women,Shirts,213,599,29,,,,Beige,Regular Fit,,,Printed,"RIO Beige Women Printed Regular Fit Shirt. Brand: RIO. Color: Beige. Fit: Regular Fit. Pattern: Printed. Category: Women, Shirts. 2.5K shoppers wishlisted in last 30 days",InStock,,https://www.ajio.com/rio-women-printed-regular-fit-shirt/p/443115861_beige,2026-06-26T12:13:00.063541+00:00
Ajio,MAX BLACK Women Printed Shirt,https://assets.ajio.com/medias/sys_master/root1/20251205/nZLg/6932bc74720fb821d36df403/max_black_women_printed_shirt.jpg,MAX,Women,Shirts,489,699,30.04,,,,Black,,,,Printed,"MAX BLACK Women Printed Shirt. Brand: MAX. Color: Black. Pattern: Printed. Category: Women, Shirts",InStock,,https://www.ajio.com/max-women-printed-shirt/p/702588892_black,2026-06-26T12:13:00.063541+00:00
Ajio,Zilcon Pink Women Patterned Relaxed Fit Shirt,https://assets.ajio.com/medias/sys_master/root1/20250806/K9vk/68933cfc3d468c61ab50d1e9/zilcon_pink_women_patterned_relaxed_fit_shirt.jpg,Zilcon,Women,Shirts,239,1999,88,,,XL,Pink,Relaxed Fit,,,,"Zilcon Pink Women Patterned Relaxed Fit Shirt. Brand: Zilcon. Color: Pink. Fit: Relaxed Fit. Size: XL. Category: Women, Shirts",InStock,,https://www.ajio.com/zilcon-women-patterned-relaxed-fit-shirt/p/702080799_pink,2026-06-26T12:13:00.063541+00:00
Ajio,J&H JUNE & HARRY Black Women Spread Collar Relaxed Fit Shirt,https://assets.ajio.com/medias/sys_master/root/20250416/7j5i/67fedbc37a6cd4182fd5e672/j%26h_june_%26_harry_black_women_spread_collar_relaxed_fit_shirt.jpg,J&H JUNE & HARRY,Women,Shirts,540,2699,75,,,,Black,Relaxed Fit,,,,"J&H JUNE & HARRY Black Women Spread Collar Relaxed Fit Shirt. Brand: J&H JUNE & HARRY. Color: Black. Fit: Relaxed Fit. Category: Women, Shirts",InStock,,https://www.ajio.com/j-h-june--harry-women-spread-collar-relaxed-fit-shirt/p/701463100_black,2026-06-26T12:13:00.063541+00:00
Ajio,MICORIA Off White Women Embroidered Relaxed Fit Shirt,https://assets.ajio.com/medias/sys_master/root1/20251218/plST/6943e4a5720fb821d3986289/micoria_off_white_women_embroidered_relaxed_fit_shirt.jpg,MICORIA,Women,Shirts,560,2424,67,,,XXL,Off White,Relaxed Fit,,,Embroidered,"MICORIA Off White Women Embroidered Relaxed Fit Shirt. Brand: MICORIA. Color: Off White. Fit: Relaxed Fit. Pattern: Embroidered. Size: XXL. Category: Women, Shirts",InStock,,https://www.ajio.com/micoria-women-embroidered-relaxed-fit-shirt/p/702638395_offwhite,2026-06-26T12:13:00.063541+00:00
Ajio,LEIA Fuchsia Women Regular Fit Shirt with Mandarin Collar,https://assets.ajio.com/medias/sys_master/root/20250415/lw98/67fe1de655340d4b4fd7d5e2/leia_fuchsia_women_regular_fit_shirt_with_mandarin_collar.jpg,LEIA,Women,Shirts,300,1499,74,,,S,Fuchsia,Regular Fit,,,,"LEIA Fuchsia Women Regular Fit Shirt with Mandarin Collar. Brand: LEIA. Color: Fuchsia. Fit: Regular Fit. Size: S. Category: Women, Shirts. 1.6K shoppers wishlisted in last 30 days",InStock,,https://www.ajio.com/leia-women-regular-fit-shirt-with-mandarin-collar/p/701458954_fuchsia,2026-06-26T12:13:00.063541+00:00
Ajio,YOUSTA Beige Women Regular Fit Shirt,https://assets.ajio.com/medias/sys_master/root1/20250916/A2IC/68c952cc3d468c61abfc04e4/yousta_beige_women_regular_fit_shirt.jpg,YOUSTA,Women,Shirts,196,699,60,,,,Beige,Regular Fit,,,,"YOUSTA Beige Women Regular Fit Shirt. Brand: YOUSTA. Color: Beige. Fit: Regular Fit. Category: Women, Shirts",InStock,,https://www.ajio.com/yousta-women-regular-fit-shirt/p/443080977_beige,2026-06-26T12:13:00.063541+00:00
Ajio,DNMX Off White Women Oversized Cotton Shirt,https://assets.ajio.com/medias/sys_master/root1/20260320/2rEm/69bcf2da9e784a25d57aa7d1/dnmx_off_white_women_oversized_cotton_shirt.jpg,DNMX,Women,Shirts,319,899,29,,,,Off White,,Cotton,,,"DNMX Off White Women Oversized Cotton Shirt. Brand: DNMX. Color: Off White. Fabric: Cotton. Category: Women, Shirts",InStock,,https://www.ajio.com/dnmx-women-oversized-cotton-shirt/p/443109048_offwhite,2026-06-26T12:13:00.063541+00:00
Ajio,Fyre Rose Blue Women Checked Regular Fit Shirt,https://assets.ajio.com/medias/sys_master/root1/20250922/cKpd/68d116208bfb9009ac1fb676/fyre_rose_blue_women_checked_regular_fit_shirt.jpg,Fyre Rose,Women,Shirts,319,1593,75,,,,Blue,Regular Fit,,,Checkered,"Fyre Rose Blue Women Checked Regular Fit Shirt. Brand: Fyre Rose. Color: Blue. Fit: Regular Fit. Pattern: Checkered. Category: Women, Shirts",InStock,,https://www.ajio.com/fyre-rose-women-checked-regular-fit-shirt/p/469773724_blue,2026-06-26T12:13:00.063541+00:00
Ajio,Piludi Black Women Embroidered Regular Fit Shirt,https://assets.ajio.com/medias/sys_master/root1/20260509/vFVS/69ff74b114d0c21719cfa54f/piludi_black_women_embroidered_regular_fit_shirt.jpg,Piludi,Women,Shirts,368,1999,77,,,,Black,Regular Fit,,,Embroidered,"Piludi Black Women Embroidered Regular Fit Shirt. Brand: Piludi. Color: Black. Fit: Regular Fit. Pattern: Embroidered. Category: Women, Shirts. 1K shoppers wishlisted in last 30 days",InStock,,https://www.ajio.com/piludi-women-embroidered-regular-fit-shirt/p/702701509_black,2026-06-26T12:13:00.063541+00:00
Ajio,YOUSTA Blue Women Patterned Oversized Shirt,https://assets.ajio.com/medias/sys_master/root1/20260331/JbcD/69cb46d09e784a25d5a634fd/yousta_blue_women_patterned_oversized_shirt.jpg,YOUSTA,Women,Shirts,210,599,50,,,,Blue,,,,,"YOUSTA Blue Women Patterned Oversized Shirt. Brand: YOUSTA. Color: Blue. Category: Women, Shirts",InStock,,https://www.ajio.com/yousta-women-patterned-oversized-shirt/p/443114979_blue,2026-06-26T12:13:00.063541+00:00
Ajio,MAX BLUE Women Stylised Fit Shirt,https://assets.ajio.com/medias/sys_master/root1/20250924/AQI7/68d3d8733d468c61ab1dba08/max_blue_women_stylised_fit_shirt.jpg,MAX,Women,Shirts,210,599,50,,,,Blue,,,,,"MAX BLUE Women Stylised Fit Shirt. Brand: MAX. Color: Blue. Category: Women, Shirts",InStock,,https://www.ajio.com/max-women-stylised-fit-shirt/p/702305053_blue,2026-06-26T12:13:00.063541+00:00
Ajio,STREET9 Blue Women Relaxed Fit Spread-Collar Shirt,https://assets.ajio.com/medias/sys_master/root1/20251019/sZZ5/68f3e4980bb2bb61bc1a4d18/street9_blue_women_relaxed_fit_spread-collar_shirt.jpg,STREET9,Women,Shirts,476,1699,60,,,,Blue,Relaxed Fit,,,,"STREET9 Blue Women Relaxed Fit Spread-Collar Shirt. Brand: STREET9. Color: Blue. Fit: Relaxed Fit. Category: Women, Shirts",InStock,,https://www.ajio.com/street9-women-relaxed-fit-spread-collar-shirt/p/702410119_blue,2026-06-26T12:13:00.063541+00:00
Ajio,MAX BEIGE Women Embroidered Regular Fit Shirt,https://assets.ajio.com/medias/sys_master/root1/20260410/RUcv/69d806f35bc52e77e04b9603/max_beige_women_embroidered_regular_fit_shirt.jpg,MAX,Women,Shirts,699,999,30.03,,,,Beige,Regular Fit,,,Embroidered,"MAX BEIGE Women Embroidered Regular Fit Shirt. Brand: MAX. Color: Beige. Fit: Regular Fit. Pattern: Embroidered. Category: Women, Shirts",InStock,,https://www.ajio.com/max-women-embroidered-regular-fit-shirt/p/703308751_beige,2026-06-26T12:13:00.063541+00:00
Ajio,Glam & Chique X AG Ivory Cream Women Patterned Relaxed Fit Shirt,https://assets.ajio.com/medias/sys_master/root1/20260419/Buin/69e3cfcb14d0c217197ebea8/glam_%26_chique_x_ag_ivory_cream_women_patterned_relaxed_fit_shirt.jpg,Glam & Chique X AG,Women,Shirts,280,999,60,,,2XL,Cream,Relaxed Fit,,,,"Glam & Chique X AG Ivory Cream Women Patterned Relaxed Fit Shirt. Brand: Glam & Chique X AG. Color: Cream. Fit: Relaxed Fit. Size: 2XL. Category: Women, Shirts",InStock,,https://www.ajio.com/glam--chique-x-ag-women-patterned-relaxed-fit-shirt/p/703340695_cream,2026-06-26T12:13:00.063541+00:00
Ajio,The Souled Store Charcoal Women Regular Fit Shirt with Full Sleeves,https://assets.ajio.com/medias/sys_master/root1/20260225/crDr/699edd7108a98823901fe26d/the_souled_store_charcoal_women_regular_fit_shirt_with_full_sleeves.jpg,The Souled Store,Women,Shirts,1512,1699,11,,,,Charcoal,Regular Fit,,Full Sleeve,,"The Souled Store Charcoal Women Regular Fit Shirt with Full Sleeves. Brand: The Souled Store. Color: Charcoal. Fit: Regular Fit. Sleeve: Full Sleeve. Category: Women, Shirts",InStock,,https://www.ajio.com/the-souled-store-women-regular-fit-shirt-with-full-sleeves/p/703042198_charcoal,2026-06-26T12:13:00.063541+00:00
Ajio,American Eagle Green Women Regular Fit Shirt,https://assets.ajio.com/medias/sys_master/root1/20251114/jdow/69163741a470c5082f8f510f/american_eagle_green_women_regular_fit__shirt.jpg,American Eagle,Women,Shirts,861,2999,59,,,,Green,Regular Fit,,,,"American Eagle Green Women Regular Fit Shirt. Brand: American Eagle. Color: Green. Fit: Regular Fit. Category: Women, Shirts",InStock,,https://www.ajio.com/american-eagle-women-regular-fit-shirt/p/700521864_green,2026-06-26T12:13:00.063541+00:00
Ajio,VOLTEDGE Olive Women Oversized Fit Shirt,https://assets.ajio.com/medias/sys_master/root/20250120/5Uxh/678e7f11663dbe1c5fe78b94/voltedge_olive_women_oversized_fit_shirt.jpg,VOLTEDGE,Women,Shirts,839,1999,40,,,XL,Olive,Oversized Fit,,,,"VOLTEDGE Olive Women Oversized Fit Shirt. Brand: VOLTEDGE. Color: Olive. Fit: Oversized Fit. Size: XL. Category: Women, Shirts",InStock,,https://www.ajio.com/voltedge-women-oversized-fit-shirt/p/701024569_olive,2026-06-26T12:13:00.063541+00:00
Ajio,PINACOLADA Beige Women Striped Relaxed Fit Shirt,https://assets.ajio.com/medias/sys_master/root1/20250724/yg95/688265933d468c61ab1e279c/pinacolada_beige_women_striped_relaxed_fit_shirt.jpg,PINACOLADA,Women,Shirts,525,1499,50,,,XL,Beige,Relaxed Fit,,,Striped,"PINACOLADA Beige Women Striped Relaxed Fit Shirt. Brand: PINACOLADA. Color: Beige. Fit: Relaxed Fit. Pattern: Striped. Size: XL. Category: Women, Shirts",InStock,,https://www.ajio.com/pinacolada-women-striped-relaxed-fit-shirt/p/702018201_beige,2026-06-26T12:13:00.063541+00:00
Ajio,Lulu & Sky White Women Oversized Fit Shirt,https://assets.ajio.com/medias/sys_master/root/20250109/McQf/677efc220431850e0d8c7286/lulu_%26_sky_white_women_oversized_fit_shirt.jpg,Lulu & Sky,Women,Shirts,2510,3137,19.99,,,,White,Oversized Fit,,,,"Lulu & Sky White Women Oversized Fit Shirt. Brand: Lulu & Sky. Color: White. Fit: Oversized Fit. Category: Women, Shirts",InStock,,https://www.ajio.com/lulu--sky-women-oversized-fit-shirt/p/701029633_white,2026-06-26T12:13:00.063541+00:00
Ajio,GAP Blue Women Lightly Washed Loose Fit Shirt with Patch Pocket,https://assets.ajio.com/medias/sys_master/root/20250606/XEoS/6842ff2a55340d4b4f8c08e2/gap_blue_women_lightly_washed_loose_fit_shirt_with_patch_pocket.jpg,GAP,Women,Shirts,980,3499,60,,,,Blue,Loose Fit,,,,"GAP Blue Women Lightly Washed Loose Fit Shirt with Patch Pocket. Brand: GAP. Color: Blue. Fit: Loose Fit. Category: Women, Shirts",InStock,,https://www.ajio.com/gap-women-lightly-washed-loose-fit-shirt-with-patch-pocket/p/442695706_blue,2026-06-26T12:13:00.063541+00:00
Ajio,TYLISSA Purple Women Embroidered Regular Fit Shirt,https://assets.ajio.com/medias/sys_master/root1/20260406/PnRy/69d3a6d89e784a25d5bef64a/tylissa_purple_women_embroidered_regular_fit_shirt.jpg,TYLISSA,Women,Shirts,355,921,45,,,S,Purple,Regular Fit,,,Embroidered,"TYLISSA Purple Women Embroidered Regular Fit Shirt. Brand: TYLISSA. Color: Purple. Fit: Regular Fit. Pattern: Embroidered. Size: S. Category: Women, Shirts",InStock,,https://www.ajio.com/tylissa-women-embroidered-regular-fit-shirt/p/703286890_purple,2026-06-26T12:13:00.063541+00:00
Ajio,Biba Green Women Floral Print Regular Fit Shirt,https://assets.ajio.com/medias/sys_master/root/20240521/Ymfo/664cbfe305ac7d77bb6c5f70/biba_green_women_floral_print_regular_fit_shirt.jpg,Biba,Women,Shirts,455,1299,50,,,,Green,Regular Fit,,,Floral,"Biba Green Women Floral Print Regular Fit Shirt. Brand: Biba. Color: Green. Fit: Regular Fit. Pattern: Floral. Category: Women, Shirts",InStock,,https://www.ajio.com/biba-women-floral-print-regular-fit-shirt/p/442419671_green,2026-06-26T12:13:00.063541+00:00
Ajio,Outryt by AZORTE Rust Red Women Printed Regular Fit Shirt,https://assets.ajio.com/medias/sys_master/root1/20251125/tGsa/6925c7f788d6d62ff809353c/outryt_by_azorte_rust_red_women_printed_regular_fit_shirt.jpg,Outryt by AZORTE,Women,Shirts,525,1499,50,,,,Rust,Regular Fit,,,Printed,"Outryt by AZORTE Rust Red Women Printed Regular Fit Shirt. Brand: Outryt by AZORTE. Color: Rust. Fit: Regular Fit. Pattern: Printed. Category: Women, Shirts",InStock,,https://www.ajio.com/outryt-by-azorte-women-printed-regular-fit-shirt/p/443104558_rust,2026-06-26T12:13:00.063541+00:00
Ajio,Hubberholme Pink Women Graphic Print Oversized Fit Shirt with Spread Collar,https://assets.ajio.com/medias/sys_master/root1/20250802/VtYD/688d50688bfb9009ac5752bf/hubberholme_pink_women_graphic_print_oversized_fit_shirt_with_spread_collar.jpg,Hubberholme,Women,Shirts,1029,3499,58,,,XS,Pink,Oversized Fit,,,Graphic Print,"Hubberholme Pink Women Graphic Print Oversized Fit Shirt with Spread Collar. Brand: Hubberholme. Color: Pink. Fit: Oversized Fit. Pattern: Graphic Print. Size: XS. Category: Women, Shirts",InStock,,https://www.ajio.com/hubberholme-women-graphic-print-oversized-fit-shirt-with-spread-collar/p/702055704_pink,2026-06-26T12:13:00.063541+00:00
Ajio,The Souled Store Blue Women Regular Fit Shirt,https://assets.ajio.com/medias/sys_master/root1/20260202/gP7w/697ff29ecbfa0d5608b0448a/the_souled_store_blue_women_regular_fit_shirt.jpg,The Souled Store,Women,Shirts,1601,1799,11,,,,Blue,Regular Fit,,,,"The Souled Store Blue Women Regular Fit Shirt. Brand: The Souled Store. Color: Blue. Fit: Regular Fit. Category: Women, Shirts. 996 shoppers wishlisted in last 30 days",InStock,,https://www.ajio.com/the-souled-store-women-regular-fit-shirt/p/702836332_blue,2026-06-26T12:13:00.063541+00:00
Ajio,Fyre Rose Pink Women Printed Relaxed Fit Shirt,https://assets.ajio.com/medias/sys_master/root1/20250719/ITL3/687b4ce86034bf77f0da03e1/fyre_rose_pink_women_printed_relaxed_fit_shirt.jpg,Fyre Rose,Women,Shirts,300,1499,74,,,XS,Pink,Relaxed Fit,,,Printed,"Fyre Rose Pink Women Printed Relaxed Fit Shirt. Brand: Fyre Rose. Color: Pink. Fit: Relaxed Fit. Pattern: Printed. Size: XS. Category: Women, Shirts. 2.8K shoppers wishlisted in last 30 days",InStock,,https://www.ajio.com/fyre-rose-women-printed-relaxed-fit-shirt/p/701749764_pink,2026-06-26T12:13:00.063541+00:00
Ajio,LEIA Off White Women Geometric-Knit Relaxed Fit Shirt,https://assets.ajio.com/medias/sys_master/root/20250707/JGTp/686bd0dbe590ff066e2c1588/leia_off_white_women_geometric-knit_relaxed_fit_shirt.jpg,LEIA,Women,Shirts,252,1200,70,,,XXL,Off White,Relaxed Fit,Knit,,,"LEIA Off White Women Geometric-Knit Relaxed Fit Shirt. Brand: LEIA. Color: Off White. Fit: Relaxed Fit. Fabric: Knit. Size: XXL. Category: Women, Shirts",InStock,,https://www.ajio.com/leia-women-geometric-knit-relaxed-fit-shirt/p/701880299_offwhite,2026-06-26T12:13:00.063541+00:00
Ajio,RIO Olive Women Patterned Regular Fit Shirt,https://assets.ajio.com/medias/sys_master/root1/20260123/2JWh/6973a592cbfa0d560896591d/rio_olive_women_patterned_regular_fit_shirt.jpg,RIO,Women,Shirts,127,499,49,,,,Olive,Regular Fit,,,,"RIO Olive Women Patterned Regular Fit Shirt. Brand: RIO. Color: Olive. Fit: Regular Fit. Category: Women, Shirts. 1K shoppers wishlisted in last 30 days",InStock,,https://www.ajio.com/rio-women-patterned-regular-fit-shirt/p/443106631_olive,2026-06-26T12:13:00.063541+00:00
Ajio,Vishudh Yellow Women Embroidered Regular Fit Shirt,https://assets.ajio.com/medias/sys_master/root1/20251117/m5L8/691b0a64a470c5082f980db5/vishudh_yellow_women_embroidered_regular_fit_shirt.jpg,Vishudh,Women,Shirts,902,1899,32,,,,Yellow,Regular Fit,,,Embroidered,"Vishudh Yellow Women Embroidered Regular Fit Shirt. Brand: Vishudh. Color: Yellow. Fit: Regular Fit. Pattern: Embroidered. Category: Women, Shirts. 758 shoppers wishlisted in last 30 days",InStock,,https://www.ajio.com/vishudh-women-embroidered-regular-fit-shirt/p/702507759_yellow,2026-06-26T12:13:00.063541+00:00
Ajio,DNMX Beige Women Relaxed Fit Shirt with Flap Pockets,https://assets.ajio.com/medias/sys_master/root/20250424/vcKB/680a30de7a6cd4182ff174c9/dnmx_beige_women_relaxed_fit_shirt_with_flap_pockets.jpg,DNMX,Women,Shirts,178,699,49,,,,Beige,Relaxed Fit,,,,"DNMX Beige Women Relaxed Fit Shirt with Flap Pockets. Brand: DNMX. Color: Beige. Fit: Relaxed Fit. Category: Women, Shirts",InStock,,https://www.ajio.com/dnmx-women-relaxed-fit-shirt-with-flap-pockets/p/443064356_beige,2026-06-26T12:13:00.063541+00:00
Ajio,LEIA Pink Women Regular Fit Classic Shirt,https://assets.ajio.com/medias/sys_master/root1/20260313/MGGI/69b444e98deac970f0685209/leia_pink_women_regular_fit_classic_shirt.jpg,LEIA,Women,Shirts,389,1849,70,,,S,Pink,Regular Fit,,,,"LEIA Pink Women Regular Fit Classic Shirt. Brand: LEIA. Color: Pink. Fit: Regular Fit. Size: S. Category: Women, Shirts",InStock,,https://www.ajio.com/leia-women-regular-fit-classic-shirt/p/703155832_pink,2026-06-26T12:13:00.063541+00:00
Ajio,OLD NAVY Red & White Women Striped Loose Fit Shirt with Patch Pocket,https://assets.ajio.com/medias/sys_master/root1/20251212/Iaib/693b3910720fb821d385e897/old_navy_red_%26_white_women_striped_loose_fit_shirt_with_patch_pocket.jpg,OLD NAVY,Women,Shirts,917,1799,49,,,,Red,Loose Fit,,,Striped,"OLD NAVY Red & White Women Striped Loose Fit Shirt with Patch Pocket. Brand: OLD NAVY. Color: Red. Fit: Loose Fit. Pattern: Striped. Category: Women, Shirts",InStock,,https://www.ajio.com/old-navy-women-striped-loose-fit-shirt-with-patch-pocket/p/442754099_red,2026-06-26T12:13:00.063541+00:00
Ajio,J TURRITOPSIS Brown Women Embroidered Regular Fit Shirt,https://assets.ajio.com/medias/sys_master/root/20250712/PhfS/68729296e590ff066e4983e3/j_turritopsis_brown_women_embroidered_regular_fit_shirt.jpg,J TURRITOPSIS,Women,Shirts,686,1999,51,,,S,Brown,Regular Fit,,,Embroidered,"J TURRITOPSIS Brown Women Embroidered Regular Fit Shirt. Brand: J TURRITOPSIS. Color: Brown. Fit: Regular Fit. Pattern: Embroidered. Size: S. Category: Women, Shirts",InStock,,https://www.ajio.com/j-turritopsis-women-embroidered-regular-fit-shirt/p/701906483_brown,2026-06-26T12:13:00.063541+00:00
Ajio,High Buy X AG Pink Women Embroidered Relaxed Fit Shirt,https://assets.ajio.com/medias/sys_master/root1/20260308/W1jW/69acafcd4970ce6a6e2dffba/high_buy_x_ag_pink_women_embroidered_relaxed_fit_shirt.jpg,High Buy X AG,Women,Shirts,490,1000,30,,,4XL,Pink,Relaxed Fit,,,Embroidered,"High Buy X AG Pink Women Embroidered Relaxed Fit Shirt. Brand: High Buy X AG. Color: Pink. Fit: Relaxed Fit. Pattern: Embroidered. Size: 4XL. Category: Women, Shirts. 886 shoppers wishlisted in last 30 days",InStock,,https://www.ajio.com/high-buy-x-ag-women-embroidered-relaxed-fit-shirt/p/703128473_pink,2026-06-26T12:13:00.063541+00:00
Ajio,J TURRITOPSIS Brown Women Embroidered Regular Fit Shirt,https://assets.ajio.com/medias/sys_master/root/20250713/znt5/6872bad0b13fc54edd1e6daf/j_turritopsis_brown_women_embroidered_regular_fit_shirt.jpg,J TURRITOPSIS,Women,Shirts,686,1999,51,,,XL,Brown,Regular Fit,,,Embroidered,"J TURRITOPSIS Brown Women Embroidered Regular Fit Shirt. Brand: J TURRITOPSIS. Color: Brown. Fit: Regular Fit. Pattern: Embroidered. Size: XL. Category: Women, Shirts",InStock,,https://www.ajio.com/j-turritopsis-women-embroidered-regular-fit-shirt/p/701865726_brown,2026-06-26T12:13:00.063541+00:00
Ajio,LEIA Beige Women Floral Print Regular Fit Shirt,https://assets.ajio.com/medias/sys_master/root1/20250731/DrAm/688b76973d468c61ab395d38/leia_beige_women_floral_print_regular_fit_shirt.jpg,LEIA,Women,Shirts,195,650,70,,,XL,Beige,Regular Fit,,,Floral,"LEIA Beige Women Floral Print Regular Fit Shirt. Brand: LEIA. Color: Beige. Fit: Regular Fit. Pattern: Floral. Size: XL. Category: Women, Shirts",InStock,,https://www.ajio.com/leia-women-floral-print-regular-fit-shirt/p/702048885_beige,2026-06-26T12:13:00.063541+00:00
Ajio,FABRANGE Pink Women Relaxed Fit Shirt with Spread Collar,https://assets.ajio.com/medias/sys_master/root1/20250805/32rc/689234ee3d468c61ab4dd4b3/fabrange_pink_women_relaxed_fit_shirt_with_spread_collar.jpg,FABRANGE,Women,Shirts,339,1099,56,,,M,Pink,Relaxed Fit,,,,"FABRANGE Pink Women Relaxed Fit Shirt with Spread Collar. Brand: FABRANGE. Color: Pink. Fit: Relaxed Fit. Size: M. Category: Women, Shirts",InStock,,https://www.ajio.com/fabrange-women-relaxed-fit-shirt-with-spread-collar-/p/700234717_pink,2026-06-26T12:13:00.063541+00:00
Ajio,Bene Kleed Medium blue Women Regular Fit Shirt with Contrast Stitching,https://assets.ajio.com/medias/sys_master/root1/20260509/uxwO/69ff580114d0c21719cc0196/bene_kleed_medium_blue_women_regular_fit_shirt_with_contrast_stitching.jpg,Bene Kleed,Women,Shirts,644,2299,60,,,S,Blue,Regular Fit,,,,"Bene Kleed Medium blue Women Regular Fit Shirt with Contrast Stitching. Brand: Bene Kleed. Color: Blue. Fit: Regular Fit. Size: S. Category: Women, Shirts",InStock,,https://www.ajio.com/bene-kleed-women-regular-fit-shirt-with-contrast-stitching/p/466844519_blue,2026-06-26T12:13:00.063541+00:00
Ajio,Lulu & Sky Blue Women Checked Slim Fit Shirt,https://assets.ajio.com/medias/sys_master/root1/20251222/tJmR/694939a6239b37265a94e0f8/lulu_%26_sky_blue_women_checked_slim_fit_shirt.jpg,Lulu & Sky,Women,Shirts,1386,4715,60,,,L,Blue,Slim Fit,,,Checkered,"Lulu & Sky Blue Women Checked Slim Fit Shirt. Brand: Lulu & Sky. Color: Blue. Fit: Slim Fit. Pattern: Checkered. Size: L. Category: Women, Shirts",InStock,,https://www.ajio.com/lulu--sky-women-checked-slim-fit-shirt/p/702649510_blue,2026-06-26T12:13:00.063541+00:00
Ajio,The Souled Store Blue Women Regular Fit Shirt,https://assets.ajio.com/medias/sys_master/root1/20260202/6a4T/697fe706cbfa0d5608aed5a3/the_souled_store_blue_women_regular_fit_shirt.jpg,The Souled Store,Women,Shirts,1614,1699,5,,,,Blue,Regular Fit,,,,"The Souled Store Blue Women Regular Fit Shirt. Brand: The Souled Store. Color: Blue. Fit: Regular Fit. Category: Women, Shirts. 1.6K shoppers wishlisted in last 30 days",InStock,,https://www.ajio.com/the-souled-store-women-regular-fit-shirt/p/702836116_blue,2026-06-26T12:13:00.063541+00:00
Ajio,MAX OFF WHITE Women Embroidered Shirt,https://assets.ajio.com/medias/sys_master/root1/20260203/f57q/6981e5e8cbfa0d5608bb2750/max_off_white_women_embroidered_shirt.jpg,MAX,Women,Shirts,489,699,30.04,,,,Off White,,,,Embroidered,"MAX OFF WHITE Women Embroidered Shirt. Brand: MAX. Color: Off White. Pattern: Embroidered. Category: Women, Shirts",InStock,,https://www.ajio.com/max-women-embroidered-shirt/p/702849577_offwhite,2026-06-26T12:13:00.063541+00:00
Ajio,The Souled Store Blue Women Embroidered Loose Fit Shirt,https://assets.ajio.com/medias/sys_master/root/20250416/rICL/67ff3cb27a6cd4182fd6c2a1/the_souled_store_blue_women_embroidered_loose_fit_shirt.jpg,The Souled Store,Women,Shirts,1999,1999,,,,,Blue,Loose Fit,,,Embroidered,"The Souled Store Blue Women Embroidered Loose Fit Shirt. Brand: The Souled Store. Color: Blue. Fit: Loose Fit. Pattern: Embroidered. Category: Women, Shirts. 1.6K shoppers wishlisted in last 30 days",InStock,,https://www.ajio.com/the-souled-store-women-embroidered-loose-fit-shirt/p/701456140_blue,2026-06-26T12:13:00.063541+00:00
Ajio,Outzidr Global Grey Women Textured Regular Fit Shirt,https://assets.ajio.com/medias/sys_master/root/20250526/6UJy/683477be7a6cd4182f52c54b/outzidr_global_grey_women_textured_regular_fit_shirt.jpg,Outzidr Global,Women,Shirts,755,1199,10,,,,Grey,Regular Fit,,,,"Outzidr Global Grey Women Textured Regular Fit Shirt. Brand: Outzidr Global. Color: Grey. Fit: Regular Fit. Category: Women, Shirts. 1K shoppers wishlisted in last 30 days",InStock,,https://www.ajio.com/outzidr-global-women-textured-regular-fit-shirt/p/701623704_grey,2026-06-26T12:13:00.063541+00:00
Ajio,Outzidr Global Blue Women Patterned Regular Fit Shirt,https://assets.ajio.com/medias/sys_master/root1/20260410/3JB4/69d93240fcb5bb61d24effde/outzidr_global_blue_women_patterned_regular_fit_shirt.jpg,Outzidr Global,Women,Shirts,1070,1799,15,,,,Blue,Regular Fit,,,,"Outzidr Global Blue Women Patterned Regular Fit Shirt. Brand: Outzidr Global. Color: Blue. Fit: Regular Fit. Category: Women, Shirts",InStock,,https://www.ajio.com/outzidr-global-women-patterned-regular-fit-shirt/p/703316827_blue,2026-06-26T12:13:00.063541+00:00
Ajio,MAX ECRU Women Regular Fit Shirt,https://assets.ajio.com/medias/sys_master/root1/20260413/dN1C/69dccf9614d0c2171968c88a/max_ecru_women_regular_fit_shirt.jpg,MAX,Women,Shirts,419,599,30.05,,,,Beige,Regular Fit,,,,"MAX ECRU Women Regular Fit Shirt. Brand: MAX. Color: Beige. Fit: Regular Fit. Category: Women, Shirts",InStock,,https://www.ajio.com/max-women-regular-fit-shirt/p/703319539_beige,2026-06-26T12:13:00.063541+00:00
Ajio,Fyre Rose Brown Women Regular Fit Shirt with Peter Pan Collar,https://assets.ajio.com/medias/sys_master/root1/20250814/8Ung/689dda108bfb9009ac843443/fyre_rose_brown_women_regular_fit_shirt_with_peter_pan_collar.jpg,Fyre Rose,Women,Shirts,318,1592,75,,,,Brown,Regular Fit,,,,"Fyre Rose Brown Women Regular Fit Shirt with Peter Pan Collar. Brand: Fyre Rose. Color: Brown. Fit: Regular Fit. Category: Women, Shirts",InStock,,https://www.ajio.com/fyre-rose-women-regular-fit-shirt-with-peter-pan-collar/p/469741934_brown,2026-06-26T12:13:00.063541+00:00
Ajio,MAX IVORY Women Stylised Fit Shirt,https://assets.ajio.com/medias/sys_master/root1/20250924/keO7/68d3dc768bfb9009ac2cd4f9/max_ivory_women_stylised_fit_shirt.jpg,MAX,Women,Shirts,210,599,50,,,,Cream,,,,,"MAX IVORY Women Stylised Fit Shirt. Brand: MAX. Color: Cream. Category: Women, Shirts",InStock,,https://www.ajio.com/max-women-stylised-fit-shirt/p/702305053_cream,2026-06-26T12:13:00.063541+00:00
Ajio,U.S. Polo Assn. Off-White Women Geometric Pattern Relaxed Fit Shirt,https://assets.ajio.com/medias/sys_master/root/20240924/pqHM/66f29755f9b8ef490b602c43/u.s._polo_assn._off-white_women_geometric_pattern_relaxed_fit_shirt.jpg,U.S. Polo Assn.,Women,Shirts,777,2999,63,,,,Off White,Relaxed Fit,,,,"U.S. Polo Assn. Off-White Women Geometric Pattern Relaxed Fit Shirt. Brand: U.S. Polo Assn.. Color: Off White. Fit: Relaxed Fit. Category: Women, Shirts",InStock,,https://www.ajio.com/u-s-polo-assn-women-geometric-pattern-relaxed-fit-shirt/p/469681053_offwhite,2026-06-26T12:13:00.063541+00:00
Ajio,MAX OFF WHITE Women Embroidered Shirt,https://assets.ajio.com/medias/sys_master/root1/20260119/67H4/696e2de47ef0c7385c74dc3f/max_off_white_women_embroidered_shirt.jpg,MAX,Women,Shirts,559,799,30.04,,,,Off White,,,,Embroidered,"MAX OFF WHITE Women Embroidered Shirt. Brand: MAX. Color: Off White. Pattern: Embroidered. Category: Women, Shirts",InStock,,https://www.ajio.com/max-women-embroidered-shirt/p/702772020_offwhite,2026-06-26T12:13:00.063541+00:00
Ajio,The Souled Store Lime Women Oversized Fit Shirt with Cuffed Sleeves,https://assets.ajio.com/medias/sys_master/root/20240828/S3SJ/66ce543b1d763220faa14401/the_souled_store_lime_women_oversized_fit_shirt_with_cuffed_sleeves.jpg,The Souled Store,Women,Shirts,1614,1699,5,,,,Lime,Oversized Fit,,,,"The Souled Store Lime Women Oversized Fit Shirt with Cuffed Sleeves. Brand: The Souled Store. Color: Lime. Fit: Oversized Fit. Category: Women, Shirts. 1.2K shoppers wishlisted in last 30 days",InStock,,https://www.ajio.com/the-souled-store-women-oversized-fit-shirt-with-cuffed-sleeves/p/700334156_lime,2026-06-26T12:13:00.063541+00:00
Ajio,DNMX Navy Blue Women Printed Relaxed Fit Shirt,https://assets.ajio.com/medias/sys_master/root/20250307/eWbn/67cad9082960820c49d8ccac/dnmx_navy_blue_women_printed_relaxed_fit_shirt.jpg,DNMX,Women,Shirts,178,699,49,,,,Navy,Relaxed Fit,,,Printed,"DNMX Navy Blue Women Printed Relaxed Fit Shirt. Brand: DNMX. Color: Navy. Fit: Relaxed Fit. Pattern: Printed. Category: Women, Shirts",InStock,,https://www.ajio.com/dnmx-women-printed-relaxed-fit-shirt/p/443064353_navy,2026-06-26T12:13:00.063541+00:00
Ajio,Outzidr Global White Women Polka-Dot Print Fitted Shirt,https://assets.ajio.com/medias/sys_master/root1/20260331/vSZL/69cbb11c5bc52e77e01db73f/outzidr_global_white_women_polka-dot_print_fitted_shirt.jpg,Outzidr Global,Women,Shirts,986,1499,6,,,,White,,,,Polka,"Outzidr Global White Women Polka-Dot Print Fitted Shirt. Brand: Outzidr Global. Color: White. Pattern: Polka. Category: Women, Shirts",InStock,,https://www.ajio.com/outzidr-global-women-polka-dot-print-fitted-shirt/p/703257806_white,2026-06-26T12:13:00.063541+00:00
Ajio,Outzidr Global Brown Women Schiffli Embroidered Regular Fit Shirt,https://assets.ajio.com/medias/sys_master/root1/20251229/2irg/69526a1f7ef0c7385c2d6f70/outzidr_global_brown_women_schiffli_embroidered_regular_fit_shirt.jpg,Outzidr Global,Women,Shirts,1163,1749,5,,,,Brown,Regular Fit,,,Embroidered,"Outzidr Global Brown Women Schiffli Embroidered Regular Fit Shirt. Brand: Outzidr Global. Color: Brown. Fit: Regular Fit. Pattern: Embroidered. Category: Women, Shirts",InStock,,https://www.ajio.com/outzidr-global-women-schiffli-embroidered-regular-fit-shirt/p/702686959_brown,2026-06-26T12:13:00.063541+00:00
Ajio,Styli Off White Women Oversized Fit Longline Shirt with Patch Pocket,https://assets.ajio.com/medias/sys_master/root/20240726/wP84/66a3cf761d763220fa37e9a2/styli_off_white_women_oversized_fit_longline_shirt_with_patch_pocket.jpg,Styli,Women,Shirts,468,999,33,,,,Off White,Oversized Fit,,,,"Styli Off White Women Oversized Fit Longline Shirt with Patch Pocket. Brand: Styli. Color: Off White. Fit: Oversized Fit. Category: Women, Shirts",InStock,,https://www.ajio.com/styli-women-oversized-fit-longline-shirt-with-patch-pocket/p/700233370_offwhite,2026-06-26T12:13:00.063541+00:00
Ajio,Shaye White Women Classic Shirt,https://assets.ajio.com/medias/sys_master/root/20250409/75bt/67f607c67a6cd4182fb7c48b/shaye_white_women_classic_shirt.jpg,Shaye,Women,Shirts,1077,2199,30,,,L,White,,,,,"Shaye White Women Classic Shirt. Brand: Shaye. Color: White. Size: L. Category: Women, Shirts",InStock,,https://www.ajio.com/shaye-women-classic-shirt/p/701338543_white,2026-06-26T12:13:00.063541+00:00
Ajio,Terra Luna Navy Women Regular Fit Shirt with Patch Pocket,https://assets.ajio.com/medias/sys_master/root1/20250821/GZEP/68a7257a8bfb9009aca35b82/terra_luna_navy_women_regular_fit_shirt_with_patch_pocket.jpg,Terra Luna,Women,Shirts,4999,5499,9.09,,,,Navy,Regular Fit,,,,"Terra Luna Navy Women Regular Fit Shirt with Patch Pocket. Brand: Terra Luna. Color: Navy. Fit: Regular Fit. Category: Women, Shirts",InStock,,https://www.ajio.com/terra-luna-women-regular-fit-shirt-with-patch-pocket/p/702140256_navy,2026-06-26T12:13:00.063541+00:00
Ajio,Fyre Rose Yellow Women Checked Regular Fit Shirt,https://assets.ajio.com/medias/sys_master/root1/20250929/hAWE/68da69123d468c61ab34c1c7/fyre_rose_yellow_women_checked_regular_fit_shirt.jpg,Fyre Rose,Women,Shirts,319,1593,75,,,,Yellow,Regular Fit,,,Checkered,"Fyre Rose Yellow Women Checked Regular Fit Shirt. Brand: Fyre Rose. Color: Yellow. Fit: Regular Fit. Pattern: Checkered. Category: Women, Shirts",InStock,,https://www.ajio.com/fyre-rose-women-checked-regular-fit-shirt/p/469773723_yellow,2026-06-26T12:13:00.063541+00:00
Ajio,American Eagle Navy Women Classic Fitted Shirt,https://assets.ajio.com/medias/sys_master/root1/20250815/PyJw/689e3f0e8bfb9009ac84d4ec/american_eagle_navy_women_classic_fitted_shirt.jpg,American Eagle,Women,Shirts,2202,4740,43,,,,Navy,,,,,"American Eagle Navy Women Classic Fitted Shirt. Brand: American Eagle. Color: Navy. Category: Women, Shirts",InStock,,https://www.ajio.com/american-eagle-women-classic-fitted-shirt/p/702116750_navy,2026-06-26T12:13:00.063541+00:00
Ajio,YOUSTA Navy Blue Women Patterned Shirt with Patch Pocket,https://assets.ajio.com/medias/sys_master/root/20250211/tRY5/67ab57afbc78b543a93891c3/yousta_navy_blue_women_patterned_shirt_with_patch_pocket.jpg,YOUSTA,Women,Shirts,140,499,60,,,,Navy,,,,,"YOUSTA Navy Blue Women Patterned Shirt with Patch Pocket. Brand: YOUSTA. Color: Navy. Category: Women, Shirts",InStock,,https://www.ajio.com/yousta-women-patterned-shirt-with-patch-pocket/p/443066873_navy,2026-06-26T12:13:00.063541+00:00
Ajio,Fyre Rose Pink Women Relaxed Fit Shirt,https://assets.ajio.com/medias/sys_master/root1/20260227/jUwT/69a0f6e967bcd753935dbeb7/fyre_rose_pink_women_relaxed_fit_shirt.jpg,Fyre Rose,Women,Shirts,300,1499,74,,,S,Pink,Relaxed Fit,,,,"Fyre Rose Pink Women Relaxed Fit Shirt. Brand: Fyre Rose. Color: Pink. Fit: Relaxed Fit. Size: S. Category: Women, Shirts",InStock,,https://www.ajio.com/fyre-rose-women-relaxed-fit-shirt/p/703042532_pink,2026-06-26T12:13:00.063541+00:00
Ajio,U.S. Polo Assn. Blue Women Printed Relaxed Fit Shirt with Spread Collar,https://assets.ajio.com/medias/sys_master/root1/20260509/2HEa/69ff710714d0c21719cf389a/u.s._polo_assn._blue_women_printed_relaxed_fit_shirt_with_spread_collar.jpg,U.S. Polo Assn.,Women,Shirts,999,2799,49,,,,Blue,Relaxed Fit,,,Printed,"U.S. Polo Assn. Blue Women Printed Relaxed Fit Shirt with Spread Collar. Brand: U.S. Polo Assn.. Color: Blue. Fit: Relaxed Fit. Pattern: Printed. Category: Women, Shirts",InStock,,https://www.ajio.com/u-s-polo-assn-women-printed-relaxed-fit-shirt-with-spread-collar/p/702018717_blue,2026-06-26T12:13:00.063541+00:00
Ajio,American Eagle Blue Women Regular Fit Cotton Shirt,https://assets.ajio.com/medias/sys_master/root1/20251114/2xqu/6916b2a6a470c5082f909164/american_eagle_blue_women_regular_fit_cotton_shirt.jpg,American Eagle,Women,Shirts,683,2499,61,,,,Blue,Regular Fit,Cotton,,,"American Eagle Blue Women Regular Fit Cotton Shirt. Brand: American Eagle. Color: Blue. Fit: Regular Fit. Fabric: Cotton. Category: Women, Shirts",InStock,,https://www.ajio.com/american-eagle-women-regular-fit-cotton-shirt/p/469649636_blue,2026-06-26T12:13:00.063541+00:00
Ajio,The Souled Store Cream Women Relaxed Fit Spread-Collar Shirt,https://assets.ajio.com/medias/sys_master/root1/20260203/Jr3y/698103c3cbfa0d5608b52a86/the_souled_store_cream_women_relaxed_fit_spread-collar_shirt.jpg,The Souled Store,Women,Shirts,1000,1999,50,,,,Cream,Relaxed Fit,,,,"The Souled Store Cream Women Relaxed Fit Spread-Collar Shirt. Brand: The Souled Store. Color: Cream. Fit: Relaxed Fit. Category: Women, Shirts",InStock,,https://www.ajio.com/the-souled-store-women-relaxed-fit-spread-collar-shirt/p/702844750_cream,2026-06-26T12:13:00.063541+00:00
Ajio,The Souled Store Black Women Embroidered Patch Relaxed Fit Shirt with Back Tie-Up,https://assets.ajio.com/medias/sys_master/root1/20260223/kFOu/699c685c7ef0c7385c25ad5b/the_souled_store_black_women_embroidered_patch_relaxed_fit_shirt_with_back_tie-up.jpg,The Souled Store,Women,Shirts,1699,1699,,,,,Black,Relaxed Fit,,,Embroidered,"The Souled Store Black Women Embroidered Patch Relaxed Fit Shirt with Back Tie-Up. Brand: The Souled Store. Color: Black. Fit: Relaxed Fit. Pattern: Embroidered. Category: Women, Shirts",InStock,,https://www.ajio.com/the-souled-store-women-embroidered-patch-relaxed-fit-shirt-with-back-tie-up/p/703020901_black,2026-06-26T12:13:00.063541+00:00
Ajio,MADAME Sky Blue Women Embroidered Relaxed Fit Shirt,https://assets.ajio.com/medias/sys_master/root/20240712/cmEb/669087611d763220fa64a345/madame_sky_blue_women_embroidered_relaxed_fit_shirt.jpg,MADAME,Women,Shirts,1155,3299,50,,,,Blue,Relaxed Fit,,,Embroidered,"MADAME Sky Blue Women Embroidered Relaxed Fit Shirt. Brand: MADAME. Color: Blue. Fit: Relaxed Fit. Pattern: Embroidered. Category: Women, Shirts",InStock,,https://www.ajio.com/madame-women-embroidered-relaxed-fit-shirt/p/700184473_blue,2026-06-26T12:13:00.063541+00:00
Ajio,Outzidr Global Maroon Women Embroidered Relaxed Fit Shirt,https://assets.ajio.com/medias/sys_master/root1/20260319/OFJy/69bb07139e784a25d575e2af/outzidr_global_maroon_women_embroidered_relaxed_fit_shirt.jpg,Outzidr Global,Women,Shirts,1209,1799,5,,,,Maroon,Relaxed Fit,,,Embroidered,"Outzidr Global Maroon Women Embroidered Relaxed Fit Shirt. Brand: Outzidr Global. Color: Maroon. Fit: Relaxed Fit. Pattern: Embroidered. Category: Women, Shirts",InStock,,https://www.ajio.com/outzidr-global-women-embroidered-relaxed-fit-shirt/p/703179644_maroon,2026-06-26T12:13:00.063541+00:00
Ajio,Fyre Rose Pink Women Checked Regular Fit Shirt,https://assets.ajio.com/medias/sys_master/root1/20250922/tTqg/68d11ffd3d468c61ab107f8b/fyre_rose_pink_women_checked_regular_fit_shirt.jpg,Fyre Rose,Women,Shirts,319,1593,75,,,,Pink,Regular Fit,,,Checkered,"Fyre Rose Pink Women Checked Regular Fit Shirt. Brand: Fyre Rose. Color: Pink. Fit: Regular Fit. Pattern: Checkered. Category: Women, Shirts",InStock,,https://www.ajio.com/fyre-rose-women-checked-regular-fit-shirt/p/469773724_pink,2026-06-26T12:13:00.063541+00:00
Ajio,MAX MAROON Women Printed Shirt,https://assets.ajio.com/medias/sys_master/root1/20251221/H7Be/694701b7720fb821d39f63cd/max_maroon_women_printed_shirt.jpg,MAX,Women,Shirts,497,899,21,,,,Maroon,,,,Printed,"MAX MAROON Women Printed Shirt. Brand: MAX. Color: Maroon. Pattern: Printed. Category: Women, Shirts",InStock,,https://www.ajio.com/max-women-printed-shirt/p/702602568_maroon,2026-06-26T12:13:00.063541+00:00
Ajio,The Souled Store White Women Printed Regular Fit Shirt,https://assets.ajio.com/medias/sys_master/root1/20260131/85ym/697d0c5a7ef0c7385ca1dc65/the_souled_store_white_women_printed_regular_fit_shirt.jpg,The Souled Store,Women,Shirts,1053,1699,38,,,,White,Regular Fit,,,Printed,"The Souled Store White Women Printed Regular Fit Shirt. Brand: The Souled Store. Color: White. Fit: Regular Fit. Pattern: Printed. Category: Women, Shirts",InStock,,https://www.ajio.com/the-souled-store-women-printed-regular-fit-shirt-/p/702831179_white,2026-06-26T12:13:00.063541+00:00
Ajio,MAX GREEN Women Embroidered Shirt,https://assets.ajio.com/medias/sys_master/root1/20260108/lVoZ/695fba387ef0c7385c56870c/max_green_women_embroidered_shirt.jpg,MAX,Women,Shirts,489,699,30.04,,,,Green,,,,Embroidered,"MAX GREEN Women Embroidered Shirt. Brand: MAX. Color: Green. Pattern: Embroidered. Category: Women, Shirts",InStock,,https://www.ajio.com/max-women-embroidered-shirt/p/702737247_green,2026-06-26T12:13:00.063541+00:00
Ajio,MAX BLACK Women Printed Shirt,https://assets.ajio.com/medias/sys_master/root1/20250720/cwC6/687c8c075d4cb413803fffd9/max_black_women_printed_shirt.jpg,MAX,Women,Shirts,247,599,41,,,,Black,,,,Printed,"MAX BLACK Women Printed Shirt. Brand: MAX. Color: Black. Pattern: Printed. Category: Women, Shirts",InStock,,https://www.ajio.com/max-women-printed-shirt/p/701994625_black,2026-06-26T12:13:00.063541+00:00
Ajio,GLOBAL REPUBLIC Black Women Embroidered Relaxed Fit Shirt with Lace Hem,https://assets.ajio.com/medias/sys_master/root/20250127/o8VS/67970c3a0431850e0dc89df6/global_republic_black_women_embroidered_relaxed_fit_shirt_with_lace_hem.jpg,GLOBAL REPUBLIC,Women,Shirts,2799,3299,15.16,,,,Black,Relaxed Fit,,,Embroidered,"GLOBAL REPUBLIC Black Women Embroidered Relaxed Fit Shirt with Lace Hem. Brand: GLOBAL REPUBLIC. Color: Black. Fit: Relaxed Fit. Pattern: Embroidered. Category: Women, Shirts",InStock,,https://www.ajio.com/global-republic-women-embroidered-relaxed-fit-shirt-with-lace-hem/p/701112958_black,2026-06-26T12:13:00.063541+00:00
Ajio,HOUSE OF MAE Orange Women Graphic Print Relaxed Fit Shirt,https://assets.ajio.com/medias/sys_master/root/20250616/tmxc/6850132155340d4b4fb5b0dd/house_of_mae_orange_women_graphic_print_relaxed_fit_shirt.jpg,HOUSE OF MAE,Women,Shirts,3299,3999,17.50,,,,Orange,Relaxed Fit,,,Graphic Print,"HOUSE OF MAE Orange Women Graphic Print Relaxed Fit Shirt. Brand: HOUSE OF MAE. Color: Orange. Fit: Relaxed Fit. Pattern: Graphic Print. Category: Women, Shirts",InStock,,https://www.ajio.com/house-of-mae-women-graphic-print-relaxed-fit-shirt-/p/701270268_orange,2026-06-26T12:13:00.063541+00:00
Ajio,BEWAKOOF Pink Women All-Over Print Oversized Fit Shirt,https://assets.ajio.com/medias/sys_master/root1/20251120/KPQ1/691f4c7288d6d62ff8f9ae08/bewakoof_pink_women_all-over_print_oversized_fit_shirt.jpg,BEWAKOOF,Women,Shirts,839,2799,57,,,,Pink,Oversized Fit,,,,"BEWAKOOF Pink Women All-Over Print Oversized Fit Shirt. Brand: BEWAKOOF. Color: Pink. Fit: Oversized Fit. Category: Women, Shirts",InStock,,https://www.ajio.com/bewakoof-women-all-over-print-oversized-fit-shirt/p/702524952_pink,2026-06-26T12:13:00.063541+00:00
Ajio,CRIMSOUNE CLUB Pink Women Embroidery Relaxed Fit Shirt,https://assets.ajio.com/medias/sys_master/root/20250325/cOre/67e1b4637a6cd4182f7cde2b/crimsoune_club_pink_women_embroidery_relaxed_fit_shirt.jpg,CRIMSOUNE CLUB,Women,Shirts,560,1599,50,,,L,Pink,Relaxed Fit,,,,"CRIMSOUNE CLUB Pink Women Embroidery Relaxed Fit Shirt. Brand: CRIMSOUNE CLUB. Color: Pink. Fit: Relaxed Fit. Size: L. Category: Women, Shirts. 1.4K shoppers wishlisted in last 30 days",InStock,,https://www.ajio.com/crimsoune-club-women-embroidery-relaxed-fit-shirt-/p/701372444_pink,2026-06-26T12:13:00.063541+00:00
Ajio,Miakee Blue Women Relaxed Fit Spread-Collar Shirt,https://assets.ajio.com/medias/sys_master/root/20240605/CJpB/66606cc505ac7d77bba0353b/miakee_blue_women_relaxed_fit_spread-collar_shirt.jpg,Miakee,Women,Shirts,3775,4750,10,,,L,Blue,Relaxed Fit,,,,"Miakee Blue Women Relaxed Fit Spread-Collar Shirt. Brand: Miakee. Color: Blue. Fit: Relaxed Fit. Size: L. Category: Women, Shirts",InStock,,https://www.ajio.com/miakee-women-relaxed-fit-spread-collar-shirt/p/700027911_blue,2026-06-26T12:13:00.063541+00:00
Ajio,The Souled Store Blue Women Cotton Loose Fit Shirt,https://assets.ajio.com/medias/sys_master/root/20250414/Ls0a/67fd133e55340d4b4fd26e02/the_souled_store_blue___women_cotton_loose_fit_shirt.jpg,The Souled Store,Women,Shirts,1512,1699,11,,,,Blue,Loose Fit,Cotton,,,"The Souled Store Blue Women Cotton Loose Fit Shirt. Brand: The Souled Store. Color: Blue. Fit: Loose Fit. Fabric: Cotton. Category: Women, Shirts",InStock,,https://www.ajio.com/the-souled-store--women-cotton-loose-fit-shirt/p/701452300_blue,2026-06-26T12:13:00.063541+00:00
Ajio,SHOWOFF White Women Graphic Print Oversized Fit Shirt,https://assets.ajio.com/medias/sys_master/root/20250324/ucMF/67e064a455340d4b4f820133/showoff_white_women_graphic_print_oversized_fit_shirt.jpg,SHOWOFF,Women,Shirts,783,2798,60,,,M,White,Oversized Fit,,,Graphic Print,"SHOWOFF White Women Graphic Print Oversized Fit Shirt. Brand: SHOWOFF. Color: White. Fit: Oversized Fit. Pattern: Graphic Print. Size: M. Category: Women, Shirts",InStock,,https://www.ajio.com/showoff-women-graphic-print-oversized-fit-shirt/p/701367706_white,2026-06-26T12:13:00.063541+00:00
Ajio,RIO Off White Women Printed Regular Fit Shirt,https://assets.ajio.com/medias/sys_master/root1/20250826/G1yj/68adad003d468c61ab9c7b14/rio_off_white_women_printed_regular_fit_shirt.jpg,RIO,Women,Shirts,153,599,49,,,,Off White,Regular Fit,,,Printed,"RIO Off White Women Printed Regular Fit Shirt. Brand: RIO. Color: Off White. Fit: Regular Fit. Pattern: Printed. Category: Women, Shirts",InStock,,https://www.ajio.com/rio-women-printed-regular-fit-shirt/p/443082661_offwhite,2026-06-26T12:13:00.063541+00:00
Ajio,ONLY Blue & White Women Typographic Print Regular Fit Shirt,https://assets.ajio.com/medias/sys_master/root1/20251024/NWkH/68faa69e0bb2bb61bc27a983/only_blue_%26_white_women_typographic_print_regular_fit_shirt.jpg,ONLY,Women,Shirts,1250,3499,50,,,,Blue,Regular Fit,,,Graphic Print,"ONLY Blue & White Women Typographic Print Regular Fit Shirt. Brand: ONLY. Color: Blue. Fit: Regular Fit. Pattern: Graphic Print. Category: Women, Shirts",InStock,,https://www.ajio.com/only-women-typographic-print-regular-fit-shirt/p/469775759_blue,2026-06-26T12:13:00.063541+00:00
Ajio,Outzidr Global Pink Women Embroidered Regular Fit Shirt,https://assets.ajio.com/medias/sys_master/root1/20250916/WgT1/68c870c03d468c61abf7ef38/outzidr_global_pink_women_embroidered_regular_fit_shirt.jpg,Outzidr Global,Women,Shirts,548,799,2,,,,Pink,Regular Fit,,,Embroidered,"Outzidr Global Pink Women Embroidered Regular Fit Shirt. Brand: Outzidr Global. Color: Pink. Fit: Regular Fit. Pattern: Embroidered. Category: Women, Shirts",InStock,,https://www.ajio.com/outzidr-global-women-embroidered-regular-fit-shirt/p/702253866_pink,2026-06-26T12:13:00.063541+00:00
Ajio,LABEL RITU KUMAR Navy Blue Women Janette Embroidered Relaxed Fit Shirt,https://assets.ajio.com/medias/sys_master/root/20250206/7MGk/67a4c385bc78b543a928d88f/label_ritu_kumar_navy_blue_women_janette_embroidered_relaxed_fit_shirt.jpg,LABEL RITU KUMAR,Women,Shirts,4680,6500,20,,,,Navy,Relaxed Fit,,,Embroidered,"LABEL RITU KUMAR Navy Blue Women Janette Embroidered Relaxed Fit Shirt. Brand: LABEL RITU KUMAR. Color: Navy. Fit: Relaxed Fit. Pattern: Embroidered. Category: Women, Shirts",InStock,,https://www.ajio.com/label-ritu-kumar-women-janette-embroidered-relaxed-fit-shirt/p/410445937_navy,2026-06-26T12:13:00.063541+00:00
Ajio,HOUSE OF MAE Brown Women Polka-Dot Print Relaxed Fit Shirt,https://assets.ajio.com/medias/sys_master/root1/20251006/agvl/68e3a9703d468c61ab482e13/house_of_mae_brown_women_polka-dot_print_relaxed_fit_shirt.jpg,HOUSE OF MAE,Women,Shirts,5299,5999,11.67,,,,Brown,Relaxed Fit,,,Polka,"HOUSE OF MAE Brown Women Polka-Dot Print Relaxed Fit Shirt. Brand: HOUSE OF MAE. Color: Brown. Fit: Relaxed Fit. Pattern: Polka. Category: Women, Shirts",InStock,,https://www.ajio.com/house-of-mae-women-polka-dot-print-relaxed-fit-shirt/p/702365170_brown,2026-06-26T12:13:00.063541+00:00
Ajio,MAAESA Pink Women Ombre-Dyes Regular Fit Shirt,https://assets.ajio.com/medias/sys_master/root/20250418/cRPY/6802821955340d4b4fe6b5ad/maaesa_pink_women_ombre-dyes_regular_fit_shirt.jpg,MAAESA,Women,Shirts,499,2497,75,,,L,Pink,Regular Fit,,,Ombre,"MAAESA Pink Women Ombre-Dyes Regular Fit Shirt. Brand: MAAESA. Color: Pink. Fit: Regular Fit. Pattern: Ombre. Size: L. Category: Women, Shirts",InStock,,https://www.ajio.com/maaesa-women-ombre-dyes-regular-fit-shirt/p/701475476_pink,2026-06-26T12:13:00.063541+00:00
Ajio,FITHUB Beige Women Regular Fit Shirt,https://assets.ajio.com/medias/sys_master/root1/20251015/UuvU/68eed1d08bfb9009ac6db501/fithub_beige_women_regular_fit_shirt.jpg,FITHUB,Women,Shirts,578,2499,67,,,,Beige,Regular Fit,,,,"FITHUB Beige Women Regular Fit Shirt. Brand: FITHUB. Color: Beige. Fit: Regular Fit. Category: Women, Shirts",InStock,,https://www.ajio.com/fithub-women-regular-fit-shirt/p/702271086_beige,2026-06-26T12:13:00.063541+00:00
Ajio,Lounge Dreams Yellow Women Schiffli Embroidered Regular Fit Shirt with Curved Hem,https://assets.ajio.com/medias/sys_master/root/20240522/xLL5/664e1d9f05ac7d77bb70e49f/lounge_dreams_yellow_women_schiffli_embroidered_regular_fit_shirt_with_curved_hem.jpg,Lounge Dreams,Women,Shirts,1867,3699,36,,,,Yellow,Regular Fit,,,Embroidered,"Lounge Dreams Yellow Women Schiffli Embroidered Regular Fit Shirt with Curved Hem. Brand: Lounge Dreams. Color: Yellow. Fit: Regular Fit. Pattern: Embroidered. Category: Women, Shirts",InStock,,https://www.ajio.com/lounge-dreams-women-schiffli-embroidered-regular-fit-shirt-with-curved-hem/p/700002137_yellow,2026-06-26T12:13:00.063541+00:00
Ajio,ELIXORIA Baby pink Women Regular Fit Shirt with Spread Collar,https://assets.ajio.com/medias/sys_master/root1/20250826/traG/68ad99298bfb9009acaff490/elixoria_baby_pink_women_regular_fit_shirt_with_spread_collar.jpg,ELIXORIA,Women,Shirts,291,1299,68,,,XL,Pink,Regular Fit,,,,"ELIXORIA Baby pink Women Regular Fit Shirt with Spread Collar. Brand: ELIXORIA. Color: Pink. Fit: Regular Fit. Size: XL. Category: Women, Shirts",InStock,,https://www.ajio.com/elixoria-women-regular-fit-shirt-with-spread-collar/p/702160449_pink,2026-06-26T12:13:00.063541+00:00
Ajio,Fyre Rose Sea green Women Relaxed Fit Shirt with Spread Collar,https://assets.ajio.com/medias/sys_master/root1/20260220/GiHd/69989916cbfa0d560828b387/fyre_rose_sea_green_women_relaxed_fit_shirt_with_spread_collar.jpg,Fyre Rose,Women,Shirts,366,1899,78,,,S,Seagreen,Relaxed Fit,,,,"Fyre Rose Sea green Women Relaxed Fit Shirt with Spread Collar. Brand: Fyre Rose. Color: Seagreen. Fit: Relaxed Fit. Size: S. Category: Women, Shirts. 1.1K shoppers wishlisted in last 30 days",InStock,,https://www.ajio.com/fyre-rose-women-relaxed-fit-shirt-with-spread-collar/p/703002539_seagreen,2026-06-26T12:13:00.063541+00:00
Ajio,Outryt by AZORTE Grey Women Relaxed Fit Satin Shirt,https://assets.ajio.com/medias/sys_master/root1/20260218/fxsc/69956f2ecbfa0d560813ee4c/outryt_by_azorte_grey_women_relaxed_fit_satin_shirt.jpg,Outryt by AZORTE,Women,Shirts,350,999,50,,,,Ltgrey,Relaxed Fit,Satin,,,"Outryt by AZORTE Grey Women Relaxed Fit Satin Shirt. Brand: Outryt by AZORTE. Color: Ltgrey. Fit: Relaxed Fit. Fabric: Satin. Category: Women, Shirts",InStock,,https://www.ajio.com/outryt-by-azorte-women-relaxed-fit-satin-shirt/p/443104815_ltgrey,2026-06-26T12:13:00.063541+00:00
Ajio,FIG Green Women Relaxed Fit Shirt with Spread Collar,https://assets.ajio.com/medias/sys_master/root1/20260616/7DGm/6a315112ade02f052a302490/fig_green_women_relaxed_fit_shirt_with_spread_collar.jpg,FIG,Women,Shirts,629,899,30.03,,,,Green,Relaxed Fit,,,,"FIG Green Women Relaxed Fit Shirt with Spread Collar. Brand: FIG. Color: Green. Fit: Relaxed Fit. Category: Women, Shirts",InStock,,https://www.ajio.com/fig-women-relaxed-fit-shirt-with-spread-collar/p/443122936_green,2026-06-26T12:13:00.063541+00:00
Ajio,Samant Chauhan Brown Women Relaxed Fit Spread-Collar Shirt,https://assets.ajio.com/medias/sys_master/root1/20250811/UQBg/6899d9e73d468c61ab5f6622/samant_chauhan_brown_women_relaxed_fit_spread-collar_shirt.jpg,Samant Chauhan,Women,Shirts,8000,8500,5.88,,,XXL,Brown,Relaxed Fit,,,,"Samant Chauhan Brown Women Relaxed Fit Spread-Collar Shirt. Brand: Samant Chauhan. Color: Brown. Fit: Relaxed Fit. Size: XXL. Category: Women, Shirts",InStock,,https://www.ajio.com/samant-chauhan-women-relaxed-fit-spread-collar-shirt/p/702101136_brown,2026-06-26T12:13:00.063541+00:00
Ajio,The Souled Store Green Women Spread Collar Oversized Fit Shirt,https://assets.ajio.com/medias/sys_master/root/20250617/RQnM/6850766c7a6cd4182fb56a6a/the_souled_store_green__women_spread_collar_oversized_fit_shirt.jpg,The Souled Store,Women,Shirts,1699,1999,15,,,,Green,Oversized Fit,,,,"The Souled Store Green Women Spread Collar Oversized Fit Shirt. Brand: The Souled Store. Color: Green. Fit: Oversized Fit. Category: Women, Shirts",InStock,,https://www.ajio.com/the-souled-store--women-spread-collar-oversized-fit-shirt/p/701758368_green,2026-06-26T12:13:00.063541+00:00
Ajio,Outzidr Global Purple Women Relaxed Fit Shirt with Patch Pocket,https://assets.ajio.com/medias/sys_master/root1/20260124/s5kX/6973d1f4cbfa0d5608984d35/outzidr_global_purple_women_relaxed_fit_shirt_with_patch_pocket.jpg,Outzidr Global,Women,Shirts,450,649,1,,,,Purple,Relaxed Fit,,,,"Outzidr Global Purple Women Relaxed Fit Shirt with Patch Pocket. Brand: Outzidr Global. Color: Purple. Fit: Relaxed Fit. Category: Women, Shirts",InStock,,https://www.ajio.com/outzidr-global-women-relaxed-fit-shirt-with-patch-pocket/p/702803827_purple,2026-06-26T12:13:00.063541+00:00
Ajio,U.S. Polo Assn. Green Women Relaxed Fit Shirt with Logo Embroidery,https://assets.ajio.com/medias/sys_master/root/20240808/Cn0B/66b4e7cb1d763220fa6ada30/u.s._polo_assn._green_women_relaxed_fit_shirt_with_logo_embroidery.jpg,U.S. Polo Assn.,Women,Shirts,1159,2299,28,,,,Yellow,Relaxed Fit,,,,"U.S. Polo Assn. Green Women Relaxed Fit Shirt with Logo Embroidery. Brand: U.S. Polo Assn.. Color: Yellow. Fit: Relaxed Fit. Category: Women, Shirts",InStock,,https://www.ajio.com/u-s-polo-assn-women-relaxed-fit-shirt-with-logo-embroidery/p/469680038_yellow,2026-06-26T12:13:00.063541+00:00
Ajio,CHIMPAAANZEE Off White Women Checked Relaxed Fit Shirt,https://assets.ajio.com/medias/sys_master/root1/20260414/lUqS/69de6f1f14d0c217196ffe3f/chimpaaanzee_off_white_women_checked_relaxed_fit_shirt.jpg,CHIMPAAANZEE,Women,Shirts,629,999,10,,,,Off White,Relaxed Fit,,,Checkered,"CHIMPAAANZEE Off White Women Checked Relaxed Fit Shirt. Brand: CHIMPAAANZEE. Color: Off White. Fit: Relaxed Fit. Pattern: Checkered. Category: Women, Shirts",InStock,,https://www.ajio.com/chimpaaanzee-women-checked-relaxed-fit-shirt/p/703150456_offwhite,2026-06-26T12:13:00.063541+00:00
Ajio,TRUE FADES White Women Regular Fit Shirt,https://assets.ajio.com/medias/sys_master/root1/20260427/2SsZ/69ef96fbfcb5bb61d288ef24/true_fades_white_women_regular_fit_shirt.jpg,TRUE FADES,Women,Shirts,294,999,58,,,S,White,Regular Fit,,,,"TRUE FADES White Women Regular Fit Shirt. Brand: TRUE FADES. Color: White. Fit: Regular Fit. Size: S. Category: Women, Shirts",InStock,,https://www.ajio.com/true-fades-women-regular-fit-shirt/p/703386096_white,2026-06-26T12:13:00.063541+00:00
Ajio,FUSION White Women Printed Relaxed Fit Shirt,https://assets.ajio.com/medias/sys_master/root1/20250812/7OBJ/689b39d88bfb9009ac7d1da2/fusion_white_women_printed_relaxed_fit_shirt.jpg,FUSION,Women,Shirts,127,499,49,,,,White,Relaxed Fit,,,Printed,"FUSION White Women Printed Relaxed Fit Shirt. Brand: FUSION. Color: White. Fit: Relaxed Fit. Pattern: Printed. Category: Women, Shirts",InStock,,https://www.ajio.com/fusion-women-printed-relaxed-fit-shirt/p/443088188_white,2026-06-26T12:13:00.063541+00:00
Ajio,Fyre Rose Multicoloured Women Printed Regular Fit Top,https://assets.ajio.com/medias/sys_master/root1/20260402/Tovz/69ce52fb9e784a25d5b3f4f4/fyre_rose_multicoloured_women_printed_regular_fit_top.jpg,Fyre Rose,Women,Shirts,224,999,68,,,S,Multi,Regular Fit,,,Printed,"Fyre Rose Multicoloured Women Printed Regular Fit Top. Brand: Fyre Rose. Color: Multi. Fit: Regular Fit. Pattern: Printed. Size: S. Category: Women, Shirts",InStock,,https://www.ajio.com/fyre-rose-women-printed-regular-fit-top-/p/703274604_multi,2026-06-26T12:13:00.063541+00:00
Ajio,MAX GREEN Women Jacquard Shirt,https://assets.ajio.com/medias/sys_master/root1/20251110/m9gT/6911dd9ca470c5082f815a60/max_green_women_jacquard_shirt.jpg,MAX,Women,Shirts,434,899,31,,,,Green,,,,,"MAX GREEN Women Jacquard Shirt. Brand: MAX. Color: Green. Category: Women, Shirts",InStock,,https://www.ajio.com/max-women-jacquard-shirt/p/702483068_green,2026-06-26T12:13:00.063541+00:00
Ajio,Lee Cooper Black Women Ribbed Regular Fit Shirt,https://assets.ajio.com/medias/sys_master/root1/20260330/sl2a/69caa9ce9e784a25d5a263d1/lee_cooper_black_women_ribbed_regular_fit_shirt.jpg,Lee Cooper,Women,Shirts,373,1299,59,,,,Darkblack,Regular Fit,,,,"Lee Cooper Black Women Ribbed Regular Fit Shirt. Brand: Lee Cooper. Color: Darkblack. Fit: Regular Fit. Category: Women, Shirts",InStock,,https://www.ajio.com/lee-cooper-women-ribbed-regular-fit-shirt/p/443101441_darkblack,2026-06-26T12:13:00.063541+00:00
Ajio,FIG Off White Women Stencil Floral Print Regular Fit Shirt,https://assets.ajio.com/medias/sys_master/root1/20260317/epgK/69b921798deac970f073b7b7/fig_off_white_women_stencil_floral_print_regular_fit_shirt.jpg,FIG,Women,Shirts,213,599,29,,,,Off White,Regular Fit,,,Floral,"FIG Off White Women Stencil Floral Print Regular Fit Shirt. Brand: FIG. Color: Off White. Fit: Regular Fit. Pattern: Floral. Category: Women, Shirts. 1.2K shoppers wishlisted in last 30 days",InStock,,https://www.ajio.com/fig-women-stencil-floral-print-regular-fit-shirt/p/443115667_offwhite,2026-06-26T12:13:00.063541+00:00
Ajio,Lee Cooper Red Women Regular Fit Shirt,https://assets.ajio.com/medias/sys_master/root/20250205/WHuF/67a3315bbc78b543a922f879/lee_cooper_red_women_regular_fit_shirt.jpg,Lee Cooper,Women,Shirts,457,1592,59,,,,Red,Regular Fit,,,,"Lee Cooper Red Women Regular Fit Shirt. Brand: Lee Cooper. Color: Red. Fit: Regular Fit. Category: Women, Shirts",InStock,,https://www.ajio.com/lee-cooper-women-regular-fit-shirt/p/443068104_red,2026-06-26T12:13:00.063541+00:00
Ajio,Biba Pink Women Leaf Print Relaxed Fit Shirt,https://assets.ajio.com/medias/sys_master/root/20250311/tlAQ/67cffa6e2960820c49e26528/biba_pink_women_leaf_print_relaxed_fit_shirt.jpg,Biba,Women,Shirts,692,1799,45,,,,Pink,Relaxed Fit,,,,"Biba Pink Women Leaf Print Relaxed Fit Shirt. Brand: Biba. Color: Pink. Fit: Relaxed Fit. Category: Women, Shirts",InStock,,https://www.ajio.com/biba-women-leaf-print-relaxed-fit-shirt-/p/701326713_pink,2026-06-26T12:13:00.063541+00:00
Ajio,CRIMSOUNE CLUB Blue Women Cotton Relaxed Fit Floral Shirt,https://assets.ajio.com/medias/sys_master/root/20250324/uHrJ/67e0652e55340d4b4f8210fc/crimsoune_club_blue_women_cotton_relaxed_fit_floral_shirt.jpg,CRIMSOUNE CLUB,Women,Shirts,490,1399,50,,,XL,Blue,Relaxed Fit,Cotton,,Floral,"CRIMSOUNE CLUB Blue Women Cotton Relaxed Fit Floral Shirt. Brand: CRIMSOUNE CLUB. Color: Blue. Fit: Relaxed Fit. Fabric: Cotton. Pattern: Floral. Size: XL. Category: Women, Shirts",InStock,,https://www.ajio.com/crimsoune-club-women-cotton-relaxed-fit-floral-shirt/p/701367264_blue,2026-06-26T12:13:00.063541+00:00
Ajio,Styli Beige Women Oversized Fit Shirt with Patch Pocket,https://assets.ajio.com/medias/sys_master/root/20240209/4PKp/65c536f405ac7d77bb47f994/styli_beige_women_oversized_fit_shirt_with_patch_pocket.jpg,Styli,Women,Shirts,461,999,34,,,,Beige,Oversized Fit,,,,"Styli Beige Women Oversized Fit Shirt with Patch Pocket. Brand: Styli. Color: Beige. Fit: Oversized Fit. Category: Women, Shirts",InStock,,https://www.ajio.com/styli-women-oversized-fit-shirt-with-patch-pocket/p/467055777_beige,2026-06-26T12:13:00.063541+00:00
Ajio,Aahwan X AG White Women Regular Fit Shirt,https://assets.ajio.com/medias/sys_master/root1/20260424/gmuH/69eb58b7fcb5bb61d27dc394/aahwan_x_ag_white_women_regular_fit_shirt.jpg,Aahwan X AG,Women,Shirts,420,1999,70,,,XS,White,Regular Fit,,,,"Aahwan X AG White Women Regular Fit Shirt. Brand: Aahwan X AG. Color: White. Fit: Regular Fit. Size: XS. Category: Women, Shirts",InStock,,https://www.ajio.com/aahwan-x-ag-women-regular-fit-shirt/p/703366790_white,2026-06-26T12:13:00.063541+00:00
Ajio,CRIMSOUNE CLUB Yellow Women Embroidery Relaxed Fit Shirt,https://assets.ajio.com/medias/sys_master/root/20250325/GR7A/67e1b2a455340d4b4f85b530/crimsoune_club_yellow_women_embroidery_relaxed_fit_shirt.jpg,CRIMSOUNE CLUB,Women,Shirts,811,1999,42,,,XXL,Yellow,Relaxed Fit,,,,"CRIMSOUNE CLUB Yellow Women Embroidery Relaxed Fit Shirt. Brand: CRIMSOUNE CLUB. Color: Yellow. Fit: Relaxed Fit. Size: XXL. Category: Women, Shirts. 850 shoppers wishlisted in last 30 days",InStock,,https://www.ajio.com/crimsoune-club-women-embroidery-relaxed-fit-shirt-/p/701372437_yellow,2026-06-26T12:13:00.063541+00:00
Ajio,FIG Pink Women Regular Fit Shirt,https://assets.ajio.com/medias/sys_master/root1/20260317/dIma/69b929ae0ad5d9333766f47b/fig_pink_women_regular_fit_shirt.jpg,FIG,Women,Shirts,355,999,29,,,,Pink,Regular Fit,,,,"FIG Pink Women Regular Fit Shirt. Brand: FIG. Color: Pink. Fit: Regular Fit. Category: Women, Shirts",InStock,,https://www.ajio.com/fig-women-regular-fit-shirt/p/443115287_pink,2026-06-26T12:13:00.063541+00:00
Ajio,Mystere Paris Beige Women Oversized Fit Shirt,https://assets.ajio.com/medias/sys_master/root1/20260305/kom1/69a96d33af321a7f9200764f/mystere_paris_beige_women_oversized_fit_shirt.jpg,Mystere Paris,Women,Shirts,613,1749,50,,,XS,Beige,Oversized Fit,,,,"Mystere Paris Beige Women Oversized Fit Shirt. Brand: Mystere Paris. Color: Beige. Fit: Oversized Fit. Size: XS. Category: Women, Shirts",InStock,,https://www.ajio.com/mystere-paris-women-oversized-fit-shirt/p/703113598_beige,2026-06-26T12:13:00.063541+00:00
Ajio,MAAESA Multi-Color Women Tie And Dye Regular Fit Shirt,https://assets.ajio.com/medias/sys_master/root/20250623/Revx/68594b340f920c69cc479c7c/maaesa_multi-color_women_tie_and_dye_regular_fit_shirt.jpg,MAAESA,Women,Shirts,499,2497,75,,,M,Multi,Regular Fit,,,,"MAAESA Multi-Color Women Tie And Dye Regular Fit Shirt. Brand: MAAESA. Color: Multi. Fit: Regular Fit. Size: M. Category: Women, Shirts",InStock,,https://www.ajio.com/maaesa-women-tie-and-dye-regular-fit-shirt/p/701800869_multi,2026-06-26T12:13:00.063541+00:00
Ajio,LEIA Pink Women Floral Print Relaxed Fit Shirt,https://assets.ajio.com/medias/sys_master/root1/20260416/yaks/69e0e86d14d0c2171978b94b/leia_pink_women_floral_print_relaxed_fit_shirt.jpg,LEIA,Women,Shirts,349,1716,71,,,S,Pink,Relaxed Fit,,,Floral,"LEIA Pink Women Floral Print Relaxed Fit Shirt. Brand: LEIA. Color: Pink. Fit: Relaxed Fit. Pattern: Floral. Size: S. Category: Women, Shirts. 3.7K shoppers wishlisted in last 30 days",InStock,,https://www.ajio.com/leia-women-floral-print-relaxed-fit-shirt/p/703333947_pink,2026-06-26T12:13:00.063541+00:00
Ajio,MAX BLACK Women Embroidered Shirt,https://assets.ajio.com/medias/sys_master/root1/20260409/UbgK/69d7ad865bc52e77e04985c6/max_black_women_embroidered_shirt.jpg,MAX,Women,Shirts,629,899,30.03,,,,Black,,,,Embroidered,"MAX BLACK Women Embroidered Shirt. Brand: MAX. Color: Black. Pattern: Embroidered. Category: Women, Shirts",InStock,,https://www.ajio.com/max-women-embroidered-shirt/p/702737238_black,2026-06-26T12:13:00.063541+00:00
Ajio,LEIA Off White Women Relaxed Fit Knitted Shirt,https://assets.ajio.com/medias/sys_master/root1/20251011/LrOe/68e9b7798bfb9009ac67627f/leia_off_white_women_relaxed_fit_knitted_shirt.jpg,LEIA,Women,Shirts,267,1272,70,,,XXL,Off White,Relaxed Fit,,,,"LEIA Off White Women Relaxed Fit Knitted Shirt. Brand: LEIA. Color: Off White. Fit: Relaxed Fit. Size: XXL. Category: Women, Shirts",InStock,,https://www.ajio.com/leia-women-relaxed-fit-knitted-shirt/p/702383858_offwhite,2026-06-26T12:13:00.063541+00:00
Ajio,PINACOLADA Blue Women Checked Oversized Shirt,https://assets.ajio.com/medias/sys_master/root1/20260210/HFVf/698b3e467ef0c7385cd3228a/pinacolada_blue_women_checked_oversized_shirt.jpg,PINACOLADA,Women,Shirts,577,1499,45,,,S,Blue,,,,Checkered,"PINACOLADA Blue Women Checked Oversized Shirt. Brand: PINACOLADA. Color: Blue. Pattern: Checkered. Size: S. Category: Women, Shirts. 3.4K shoppers wishlisted in last 30 days",InStock,,https://www.ajio.com/pinacolada-women-checked-oversized-shirt/p/700707544_blue,2026-06-26T12:13:00.063541+00:00
Ajio,DNMX Yellow Women Checked Loose Fit Shirt with Elasticated Waist,https://assets.ajio.com/medias/sys_master/root1/20251229/QAEb/69529fb17ef0c7385c2faca5/dnmx_yellow_women_checked_loose_fit_shirt_with_elasticated_waist.jpg,DNMX,Women,Shirts,229,899,49,,,,Off White,Loose Fit,,,Checkered,"DNMX Yellow Women Checked Loose Fit Shirt with Elasticated Waist. Brand: DNMX. Color: Off White. Fit: Loose Fit. Pattern: Checkered. Category: Women, Shirts. 3.2K shoppers wishlisted in last 30 days",InStock,,https://www.ajio.com/dnmx-women-checked-loose-fit-shirt-with-elasticated-waist/p/443099601_offwhite,2026-06-26T12:13:00.063541+00:00
Ajio,Piludi Brown Women Embroidered Regular Fit Shirt,https://assets.ajio.com/medias/sys_master/root1/20260509/3Dxa/69ff6f58fcb5bb61d2b4c0b9/piludi_brown_women_embroidered_regular_fit_shirt.jpg,Piludi,Women,Shirts,368,1999,77,,,,Bronze,Regular Fit,,,Embroidered,"Piludi Brown Women Embroidered Regular Fit Shirt. Brand: Piludi. Color: Bronze. Fit: Regular Fit. Pattern: Embroidered. Category: Women, Shirts",InStock,,https://www.ajio.com/piludi-women-embroidered-regular-fit-shirt/p/702701509_bronze,2026-06-26T12:13:00.063541+00:00
Ajio,QIOA Blue Women Regular Fit Stripes Shirt,https://assets.ajio.com/medias/sys_master/root/20250527/gtfJ/6834f70a7a6cd4182f544e5f/qioa_blue_women_regular_fit_stripes_shirt.jpg,QIOA,Women,Shirts,300,1499,72,,,XL,Blue,Regular Fit,,,Striped,"QIOA Blue Women Regular Fit Stripes Shirt. Brand: QIOA. Color: Blue. Fit: Regular Fit. Pattern: Striped. Size: XL. Category: Women, Shirts. 1.1K shoppers wishlisted in last 30 days",InStock,,https://www.ajio.com/qioa-women-regular-fit-stripes-shirt/p/701607430_blue,2026-06-26T12:13:00.063541+00:00
Ajio,URBANO FASHION Navy Women Regular Fit Shirt,https://assets.ajio.com/medias/sys_master/root1/20260415/QDtt/69df74ff14d0c2171975046c/urbano_fashion_navy_women_regular_fit_shirt.jpg,URBANO FASHION,Women,Shirts,840,2499,52,,,L,Navy,Regular Fit,,,,"URBANO FASHION Navy Women Regular Fit Shirt. Brand: URBANO FASHION. Color: Navy. Fit: Regular Fit. Size: L. Category: Women, Shirts",InStock,,https://www.ajio.com/urbano-fashion-women-regular-fit-shirt/p/703333142_navy,2026-06-26T12:13:00.063541+00:00
Ajio,The Souled Store Pink Women Embroidered Relaxed Fit Shirt with Tie-Up,https://assets.ajio.com/medias/sys_master/root1/20260223/TzmU/699c69897ef0c7385c25d331/the_souled_store_pink_women_embroidered_relaxed_fit_shirt_with_tie-up.jpg,The Souled Store,Women,Shirts,1899,1899,,,,,Pink,Relaxed Fit,,,Embroidered,"The Souled Store Pink Women Embroidered Relaxed Fit Shirt with Tie-Up. Brand: The Souled Store. Color: Pink. Fit: Relaxed Fit. Pattern: Embroidered. Category: Women, Shirts",InStock,,https://www.ajio.com/the-souled-store-women-embroidered-relaxed-fit-shirt-with-tie-up/p/703020903_pink,2026-06-26T12:13:00.063541+00:00
Ajio,Fyre Rose Green Women Floral Regular Fit Shirt,https://assets.ajio.com/medias/sys_master/root/20250613/rDHD/684baf887a6cd4182fa6857c/fyre_rose_green_women_floral_regular_fit_shirt.jpg,Fyre Rose,Women,Shirts,300,1499,77,,,L,Green,Regular Fit,,,Floral,"Fyre Rose Green Women Floral Regular Fit Shirt. Brand: Fyre Rose. Color: Green. Fit: Regular Fit. Pattern: Floral. Size: L. Category: Women, Shirts",InStock,,https://www.ajio.com/fyre-rose-women-floral-regular-fit-shirt/p/701737376_green,2026-06-26T12:13:00.063541+00:00
Ajio,DNMX Beige & White Women Checked Relaxed Fit Shirt,https://assets.ajio.com/medias/sys_master/root1/20260401/K4PA/69ccc3ae5bc52e77e023a5f6/dnmx_beige_%26_white_women_checked_relaxed_fit_shirt.jpg,DNMX,Women,Shirts,153,599,49,,,,Beige,Relaxed Fit,,,Checkered,"DNMX Beige & White Women Checked Relaxed Fit Shirt. Brand: DNMX. Color: Beige. Fit: Relaxed Fit. Pattern: Checkered. Category: Women, Shirts. 1.4K shoppers wishlisted in last 30 days",InStock,,https://www.ajio.com/dnmx-women-checked-relaxed-fit-shirt/p/443113234_beige,2026-06-26T12:13:00.063541+00:00
Ajio,LEIA PINK Women Floral Regular Fit Shirt,https://assets.ajio.com/medias/sys_master/root1/20250822/Ufw8/68a777058bfb9009aca3ebc7/leia_pink_women_floral_regular_fit_shirt.jpg,LEIA,Women,Shirts,448,1999,68,,,S,Pink,Regular Fit,,,Floral,"LEIA PINK Women Floral Regular Fit Shirt. Brand: LEIA. Color: Pink. Fit: Regular Fit. Pattern: Floral. Size: S. Category: Women, Shirts. 941 shoppers wishlisted in last 30 days",InStock,,https://www.ajio.com/leia-women-floral-regular-fit-shirt/p/702140748_pink,2026-06-26T12:13:00.063541+00:00
Ajio,RIO Beige Women Printed Slim Fit Shirt,https://assets.ajio.com/medias/sys_master/root1/20260410/SyGb/69d8d1359e784a25d5d97c8b/rio_beige_women_printed_slim_fit_shirt.jpg,RIO,Women,Shirts,213,599,29,,,,Beige,Slim Fit,,,Printed,"RIO Beige Women Printed Slim Fit Shirt. Brand: RIO. Color: Beige. Fit: Slim Fit. Pattern: Printed. Category: Women, Shirts",InStock,,https://www.ajio.com/rio-women-printed-slim-fit-shirt/p/443116288_beige,2026-06-26T12:13:00.063541+00:00
Ajio,The Souled Store Beige Women Regular Fit Shirt,https://assets.ajio.com/medias/sys_master/root1/20260202/Q21q/697fec27cbfa0d5608af7c5b/the_souled_store_beige_women_regular_fit_shirt.jpg,The Souled Store,Women,Shirts,1699,1699,,,,,Beige,Regular Fit,,,,"The Souled Store Beige Women Regular Fit Shirt. Brand: The Souled Store. Color: Beige. Fit: Regular Fit. Category: Women, Shirts",InStock,,https://www.ajio.com/the-souled-store-women-regular-fit-shirt/p/702836377_beige,2026-06-26T12:13:00.063541+00:00
Ajio,LEIA Maroon Women Paisley Print Regular Fit Shirt with Cuban Collar,https://assets.ajio.com/medias/sys_master/root1/20250818/mn0L/68a325243d468c61ab74b962/leia_maroon_women_paisley_print_regular_fit_shirt_with_cuban_collar.jpg,LEIA,Women,Shirts,151,650,67,,,XXL,Maroon,Regular Fit,,,,"LEIA Maroon Women Paisley Print Regular Fit Shirt with Cuban Collar. Brand: LEIA. Color: Maroon. Fit: Regular Fit. Size: XXL. Category: Women, Shirts. 7.5K shoppers wishlisted in last 30 days",InStock,,https://www.ajio.com/leia-women-paisley-print-regular-fit-shirt-with-cuban-collar/p/702124730_maroon,2026-06-26T12:13:00.063541+00:00
Ajio,RIO Sky Blue Women Patterned Regular Fit Shirt,https://assets.ajio.com/medias/sys_master/root1/20250826/RVD2/68adab948bfb9009acb16d4a/rio_sky_blue_women_patterned_regular_fit_shirt.jpg,RIO,Women,Shirts,153,599,49,,,,Skyblue,Regular Fit,,,,"RIO Sky Blue Women Patterned Regular Fit Shirt. Brand: RIO. Color: Skyblue. Fit: Regular Fit. Category: Women, Shirts",InStock,,https://www.ajio.com/rio-women-patterned-regular-fit-shirt/p/443082658_skyblue,2026-06-26T12:13:00.063541+00:00
Ajio,YOUSTA Sky Blue Women All-Over Print Boxy Fit Shirt,https://assets.ajio.com/medias/sys_master/root1/20250728/xTIC/68877bce3d468c61ab2a5fd5/yousta_sky_blue_women_all-over_print_boxy_fit_shirt.jpg,YOUSTA,Women,Shirts,140,499,60,,,,Skyblue,Boxy Fit,,,,"YOUSTA Sky Blue Women All-Over Print Boxy Fit Shirt. Brand: YOUSTA. Color: Skyblue. Fit: Boxy Fit. Category: Women, Shirts",InStock,,https://www.ajio.com/yousta-women-all-over-print-boxy-fit-shirt/p/443081460_skyblue,2026-06-26T12:13:00.063541+00:00
Ajio,Acai Brown Women Relaxed Fit Spread-Collar Shirt,https://assets.ajio.com/medias/sys_master/root1/20260521/Nuuw/6a0ee8dafcb5bb61d2d9f1cc/acai_brown_women_relaxed_fit_spread-collar_shirt.jpg,Acai,Women,Shirts,366,1899,78,,,M,Brown,Relaxed Fit,,,,"Acai Brown Women Relaxed Fit Spread-Collar Shirt. Brand: Acai. Color: Brown. Fit: Relaxed Fit. Size: M. Category: Women, Shirts",InStock,,https://www.ajio.com/acai-women-relaxed-fit-spread-collar-shirt/p/703476565_brown,2026-06-26T12:13:00.063541+00:00
Ajio,RIO Wine Women Regular Fit Shirt with Patch Pocket,https://assets.ajio.com/medias/sys_master/root1/20251025/PS4p/68fbf6ec0bb2bb61bc2a566b/rio_wine_women_regular_fit_shirt_with_patch_pocket.jpg,RIO,Women,Shirts,178,699,49,,,,Wine,Regular Fit,,,,"RIO Wine Women Regular Fit Shirt with Patch Pocket. Brand: RIO. Color: Wine. Fit: Regular Fit. Category: Women, Shirts. 2.1K shoppers wishlisted in last 30 days",InStock,,https://www.ajio.com/rio-women-regular-fit-shirt-with-patch-pocket/p/443083013_wine,2026-06-26T12:13:00.063541+00:00
Ajio,YOUSTA Pink Women Cherry Print Regular Fit Shirt,https://assets.ajio.com/medias/sys_master/root1/20260608/PMub/6a26c9c414d0c217192f9c3a/yousta_pink_women_cherry_print_regular_fit_shirt.jpg,YOUSTA,Women,Shirts,489,699,30.04,,,,Beige,Regular Fit,,,,"YOUSTA Pink Women Cherry Print Regular Fit Shirt. Brand: YOUSTA. Color: Beige. Fit: Regular Fit. Category: Women, Shirts. 834 shoppers wishlisted in last 30 days",InStock,,https://www.ajio.com/yousta-women-cherry-print-regular-fit-shirt/p/443677655_beige,2026-06-26T12:13:00.063541+00:00
Ajio,Glam & Chique X AG Blue & White Women Striped Relaxed Fit Shirt with Patch Pocket,https://assets.ajio.com/medias/sys_master/root1/20260421/7eS4/69e788c614d0c21719873bf1/glam_%26_chique_x_ag_blue_%26_white_women_striped_relaxed_fit_shirt_with_patch_pocket.jpg,Glam & Chique X AG,Women,Shirts,280,999,60,,,2XL,Blue,Relaxed Fit,,,Striped,"Glam & Chique X AG Blue & White Women Striped Relaxed Fit Shirt with Patch Pocket. Brand: Glam & Chique X AG. Color: Blue. Fit: Relaxed Fit. Pattern: Striped. Size: 2XL. Category: Women, Shirts",InStock,,https://www.ajio.com/glam--chique-x-ag-women-striped-relaxed-fit-shirt-with-patch-pocket/p/703349959_blue,2026-06-26T12:13:00.063541+00:00
Ajio,GLOBUS Pink Women Hearts Printed Spread Collar Cuff Sleeves Shirt,https://assets.ajio.com/medias/sys_master/root/20250323/PDxM/67df6a347a6cd4182f7814ca/globus_pink_women_hearts_printed__spread_collar_cuff_sleeves_shirt.jpg,GLOBUS,Women,Shirts,755,1799,40,,,,Pink,,,,Printed,"GLOBUS Pink Women Hearts Printed Spread Collar Cuff Sleeves Shirt. Brand: GLOBUS. Color: Pink. Pattern: Printed. Category: Women, Shirts",InStock,,https://www.ajio.com/globus-women-hearts-printed-spread-collar-cuff-sleeves-shirt/p/701253788_pink,2026-06-26T12:13:00.063541+00:00
Ajio,FLYING MACHINE green Women Oversized Fit Classic Shirt,https://assets.ajio.com/medias/sys_master/root1/20260409/iqe8/69d7dfa69e784a25d5d5991d/flying_machine_green_women_oversized_fit_classic_shirt.jpg,FLYING MACHINE,Women,Shirts,1539,2999,32,,,,Green,Oversized Fit,,,,"FLYING MACHINE green Women Oversized Fit Classic Shirt. Brand: FLYING MACHINE. Color: Green. Fit: Oversized Fit. Category: Women, Shirts",InStock,,https://www.ajio.com/flying-machine-women-oversized-fit-classic-shirt/p/703307042_green,2026-06-26T12:13:00.063541+00:00
Ajio,Fyre Rose Off white Women Embroidered Regular Fit Shirt,https://assets.ajio.com/medias/sys_master/root1/20260521/KogC/6a0e108214d0c21719f36931/fyre_rose_off_white_women_embroidered_regular_fit_shirt.jpg,Fyre Rose,Women,Shirts,577,2999,78,,,XL,Off White,Regular Fit,,,Embroidered,"Fyre Rose Off white Women Embroidered Regular Fit Shirt. Brand: Fyre Rose. Color: Off White. Fit: Regular Fit. Pattern: Embroidered. Size: XL. Category: Women, Shirts",InStock,,https://www.ajio.com/fyre-rose-women-embroidered-regular-fit-shirt/p/703475356_offwhite,2026-06-26T12:13:00.063541+00:00
Ajio,TYLISSA Maroon Women Embroidered Regular Fit Shirt,https://assets.ajio.com/medias/sys_master/root1/20260406/gQ34/69d3a7405bc52e77e03495db/tylissa_maroon_women_embroidered_regular_fit_shirt.jpg,TYLISSA,Women,Shirts,355,921,45,,,S,Maroon,Regular Fit,,,Embroidered,"TYLISSA Maroon Women Embroidered Regular Fit Shirt. Brand: TYLISSA. Color: Maroon. Fit: Regular Fit. Pattern: Embroidered. Size: S. Category: Women, Shirts",InStock,,https://www.ajio.com/tylissa-women-embroidered-regular-fit-shirt/p/703287159_maroon,2026-06-26T12:13:00.063541+00:00
Ajio,FREEHAND Pink Women Oversized Fit Shirt,https://assets.ajio.com/medias/sys_master/root/20240611/0Un2/666841a805ac7d77bbde8e44/freehand_pink_women_oversized_fit_shirt.jpg,FREEHAND,Women,Shirts,431,2049,70,,,,Purple,Oversized Fit,,,,"FREEHAND Pink Women Oversized Fit Shirt. Brand: FREEHAND. Color: Purple. Fit: Oversized Fit. Category: Women, Shirts",InStock,,https://www.ajio.com/freehand-women-oversized-fit-shirt/p/469602177_purple,2026-06-26T12:13:00.063541+00:00
Ajio,Fuback X AG Blue Women Floral Print Regular Fit Shirt with Lapel Collar,https://assets.ajio.com/medias/sys_master/root1/20250821/pQsj/68a701443d468c61ab8c2a18/fuback_x_ag_blue_women_floral_print_regular_fit_shirt_with_lapel_collar.jpg,Fuback X AG,Women,Shirts,306,1999,83,,,L,Blue,Regular Fit,,,Floral,"Fuback X AG Blue Women Floral Print Regular Fit Shirt with Lapel Collar. Brand: Fuback X AG. Color: Blue. Fit: Regular Fit. Pattern: Floral. Size: L. Category: Women, Shirts. 1.5K shoppers wishlisted in last 30 days",InStock,,https://www.ajio.com/fuback-x-ag-women-floral-print-regular-fit-shirt-with-lapel-collar/p/702138158_blue,2026-06-26T12:13:00.063541+00:00
Ajio,LEIA Yellow Women Floral Print Regular Fit Shirt,https://assets.ajio.com/medias/sys_master/root1/20260220/YrrZ/6998982fcbfa0d56082896d3/leia_yellow_women_floral_print_regular_fit_shirt.jpg,LEIA,Women,Shirts,193,723,62,,,S,Yellow,Regular Fit,,,Floral,"LEIA Yellow Women Floral Print Regular Fit Shirt. Brand: LEIA. Color: Yellow. Fit: Regular Fit. Pattern: Floral. Size: S. Category: Women, Shirts",InStock,,https://www.ajio.com/leia-women-floral-print-regular-fit-shirt/p/703001832_yellow,2026-06-26T12:13:00.063541+00:00
Ajio,LEIA Coral Women Floral Print Boxy Fit Shirt with Short Sleeves,https://assets.ajio.com/medias/sys_master/root1/20260211/sRkP/698bb847cbfa0d5608e500e9/leia_coral_women_floral_print_boxy_fit_shirt_with_short_sleeves.jpg,LEIA,Women,Shirts,192,722,62,,,XL,Coral,Boxy Fit,,Short Sleeve,Floral,"LEIA Coral Women Floral Print Boxy Fit Shirt with Short Sleeves. Brand: LEIA. Color: Coral. Fit: Boxy Fit. Sleeve: Short Sleeve. Pattern: Floral. Size: XL. Category: Women, Shirts",InStock,,https://www.ajio.com/leia-women-floral-print-boxy-fit-shirt-with-short-sleeves/p/702903420_coral,2026-06-26T12:13:00.063541+00:00
Ajio,DNMX Blue Women Stripes Classic Shirt,https://assets.ajio.com/medias/sys_master/root1/20260429/5n58/69f2114914d0c21719aa3ef1/dnmx_blue_women_stripes_classic_shirt.jpg,DNMX,Women,Shirts,559,799,30.04,,,,Blue,,,,Striped,"DNMX Blue Women Stripes Classic Shirt. Brand: DNMX. Color: Blue. Pattern: Striped. Category: Women, Shirts. 1.1K shoppers wishlisted in last 30 days",InStock,,https://www.ajio.com/dnmx-women-stripes-classic-shirt/p/443117725_blue,2026-06-26T12:13:00.063541+00:00
Ajio,MAAESA Peach-Blue Women Regular Fit Tie & Dye Shirt,https://assets.ajio.com/medias/sys_master/root/20250701/DEhg/6863cccbe590ff066e157a31/maaesa_peach-blue_women_regular_fit_tie_%26_dye_shirt.jpg,MAAESA,Women,Shirts,499,2497,76,,,L,Multi,Regular Fit,,,,"MAAESA Peach-Blue Women Regular Fit Tie & Dye Shirt. Brand: MAAESA. Color: Multi. Fit: Regular Fit. Size: L. Category: Women, Shirts",InStock,,https://www.ajio.com/maaesa-women-regular-fit-tie--dye-shirt/p/701852366_multi,2026-06-26T12:13:00.063541+00:00
Ajio,HOUSE OF MAE Lavender Women Floral Print Relaxed Fit Shirt,https://assets.ajio.com/medias/sys_master/root/20250616/tFTD/685012a455340d4b4fb5a814/house_of_mae_lavender_women_floral_print_relaxed_fit_shirt.jpg,HOUSE OF MAE,Women,Shirts,2639,3299,20.01,,,,Lavender,Relaxed Fit,,,Floral,"HOUSE OF MAE Lavender Women Floral Print Relaxed Fit Shirt. Brand: HOUSE OF MAE. Color: Lavender. Fit: Relaxed Fit. Pattern: Floral. Category: Women, Shirts",InStock,,https://www.ajio.com/house-of-mae-women-floral-print-relaxed-fit-shirt-/p/701270265_lavender,2026-06-26T12:13:00.063541+00:00
Ajio,YOUSTA White Women Schiffili Embroidered Relaxed Fit Shirt,https://assets.ajio.com/medias/sys_master/root/20250707/RoZo/686bb85fb13fc54eddfe4673/yousta_white_women_schiffili_embroidered_relaxed_fit_shirt.jpg,YOUSTA,Women,Shirts,168,599,60,,,,White,Relaxed Fit,,,Embroidered,"YOUSTA White Women Schiffili Embroidered Relaxed Fit Shirt. Brand: YOUSTA. Color: White. Fit: Relaxed Fit. Pattern: Embroidered. Category: Women, Shirts",InStock,,https://www.ajio.com/yousta-women-schiffili-embroidered-relaxed-fit-shirt/p/443077006_white,2026-06-26T12:13:00.063541+00:00
Ajio,FIG off white Women Regular Fit Classic Shirt,https://assets.ajio.com/medias/sys_master/root1/20260206/6Rvv/6985bf34cbfa0d5608c7616c/fig_off_white_women_regular_fit_classic_shirt.jpg,FIG,Women,Shirts,204,799,49,,,,Off White,Regular Fit,,,,"FIG off white Women Regular Fit Classic Shirt. Brand: FIG. Color: Off White. Fit: Regular Fit. Category: Women, Shirts. 7.4K shoppers wishlisted in last 30 days",InStock,,https://www.ajio.com/fig-women-regular-fit-classic-shirt/p/443114313_offwhite,2026-06-26T12:13:00.063541+00:00
Ajio,Glam & Chique X AG Maroon Women Relaxed Fit Shirt with Spread Collar,https://assets.ajio.com/medias/sys_master/root1/20260418/bu5W/69e3b443fcb5bb61d2652b39/glam_%26_chique_x_ag_maroon_women_relaxed_fit_shirt_with_spread_collar.jpg,Glam & Chique X AG,Women,Shirts,280,999,60,,,XS,Maroon,Relaxed Fit,,,,"Glam & Chique X AG Maroon Women Relaxed Fit Shirt with Spread Collar. Brand: Glam & Chique X AG. Color: Maroon. Fit: Relaxed Fit. Size: XS. Category: Women, Shirts",InStock,,https://www.ajio.com/glam--chique-x-ag-women-relaxed-fit-shirt-with-spread-collar/p/703339544_maroon,2026-06-26T12:13:00.063541+00:00
Ajio,MAX Multicoloured Women Printed Regular Fit Shirt,https://assets.ajio.com/medias/sys_master/root1/20260415/uSVP/69de891dfcb5bb61d25a886a/max_multicoloured_women_printed_regular_fit_shirt.jpg,MAX,Women,Shirts,419,599,30.05,,,,Multi,Regular Fit,,,Printed,"MAX Multicoloured Women Printed Regular Fit Shirt. Brand: MAX. Color: Multi. Fit: Regular Fit. Pattern: Printed. Category: Women, Shirts",InStock,,https://www.ajio.com/max-women-printed-regular-fit-shirt/p/703329587_multi,2026-06-26T12:13:00.063541+00:00
Ajio,ONLY White Women Graphic Print Regular Fit Shirt,https://assets.ajio.com/medias/sys_master/root/20250512/QSfu/6821aba955340d4b4f2d9d88/only_white_women_graphic_print_regular_fit_shirt.jpg,ONLY,Women,Shirts,980,2799,50,,,,White,Regular Fit,,,Graphic Print,"ONLY White Women Graphic Print Regular Fit Shirt. Brand: ONLY. Color: White. Fit: Regular Fit. Pattern: Graphic Print. Category: Women, Shirts",InStock,,https://www.ajio.com/only-women-graphic-print-regular-fit-shirt/p/469736464_white,2026-06-26T12:13:00.063541+00:00
Ajio,YOUSTA White & Green Women Printed Fitted Cotton Shirt,https://assets.ajio.com/medias/sys_master/root1/20260505/Mxju/69f98aea14d0c21719b7c145/yousta_white_%26_green_women_printed_fitted_cotton_shirt.jpg,YOUSTA,Women,Shirts,419,599,30.05,,,,White,,Cotton,,Printed,"YOUSTA White & Green Women Printed Fitted Cotton Shirt. Brand: YOUSTA. Color: White. Fabric: Cotton. Pattern: Printed. Category: Women, Shirts",InStock,,https://www.ajio.com/yousta-women-printed-fitted-cotton-shirt/p/443118691_white,2026-06-26T12:13:00.063541+00:00
Ajio,Outzidr Global Navy Blue Women Embroidered Regular Fit Blouse,https://assets.ajio.com/medias/sys_master/root1/20260418/CPnX/69e3a55814d0c217197c5fa8/outzidr_global_navy_blue_women_embroidered_regular_fit_blouse.jpg,Outzidr Global,Women,Shirts,678,999,3,,,,Navy,Regular Fit,,,Embroidered,"Outzidr Global Navy Blue Women Embroidered Regular Fit Blouse. Brand: Outzidr Global. Color: Navy. Fit: Regular Fit. Pattern: Embroidered. Category: Women, Shirts",InStock,,https://www.ajio.com/outzidr-global-women-embroidered-regular-fit-blouse/p/703341157_navy,2026-06-26T12:13:00.063541+00:00
Ajio,Aahwan X AG Black Women Regular Fit Shirt,https://assets.ajio.com/medias/sys_master/root1/20260424/A47R/69eb646414d0c2171998717f/aahwan_x_ag_black_women_regular_fit_shirt.jpg,Aahwan X AG,Women,Shirts,420,1999,70,,,L,Black,Regular Fit,,,,"Aahwan X AG Black Women Regular Fit Shirt. Brand: Aahwan X AG. Color: Black. Fit: Regular Fit. Size: L. Category: Women, Shirts. 1.3K shoppers wishlisted in last 30 days",InStock,,https://www.ajio.com/aahwan-x-ag-women-regular-fit-shirt/p/703368242_black,2026-06-26T12:13:00.063541+00:00
Ajio,The Souled Store Blue Women Relaxed Fit Shirt with Curved Hem,https://assets.ajio.com/medias/sys_master/root1/20260131/BCVH/697d0b91cbfa0d5608ac5ca6/the_souled_store_blue_women_relaxed_fit_shirt_with_curved_hem.jpg,The Souled Store,Women,Shirts,1259,1999,37,,,,Blue,Relaxed Fit,,,,"The Souled Store Blue Women Relaxed Fit Shirt with Curved Hem. Brand: The Souled Store. Color: Blue. Fit: Relaxed Fit. Category: Women, Shirts",InStock,,https://www.ajio.com/the-souled-store-women-relaxed-fit-shirt-with-curved-hem/p/702831126_blue,2026-06-26T12:13:00.063541+00:00
Ajio,The Souled Store Pink Women Relaxed Fit Shirt with Curved Hem,https://assets.ajio.com/medias/sys_master/root1/20260131/4hCX/697d0ca07ef0c7385ca1e63d/the_souled_store_pink_women_relaxed_fit_shirt_with_curved_hem.jpg,The Souled Store,Women,Shirts,1512,1699,11,,,,Pink,Relaxed Fit,,,,"The Souled Store Pink Women Relaxed Fit Shirt with Curved Hem. Brand: The Souled Store. Color: Pink. Fit: Relaxed Fit. Category: Women, Shirts",InStock,,https://www.ajio.com/the-souled-store-women-relaxed-fit-shirt-with-curved-hem/p/702831413_pink,2026-06-26T12:13:00.063541+00:00
Ajio,LEIA Off White Women Regular Fit Classic Shirt,https://assets.ajio.com/medias/sys_master/root/20250604/whKD/683fab8f7a6cd4182f7ea428/leia_off_white_women_regular_fit_classic_shirt.jpg,LEIA,Women,Shirts,195,650,70,,,XXL,Off White,Regular Fit,,,,"LEIA Off White Women Regular Fit Classic Shirt. Brand: LEIA. Color: Off White. Fit: Regular Fit. Size: XXL. Category: Women, Shirts",InStock,,https://www.ajio.com/leia-women-regular-fit-classic-shirt/p/701672418_offwhite,2026-06-26T12:13:00.063541+00:00
Ajio,LIMEROAD White Women Regular Fit Shirt,https://assets.ajio.com/medias/sys_master/root1/20260509/625M/69fe41b314d0c21719c9dd74/limeroad_white_women_regular_fit_shirt.jpg,LIMEROAD,Women,Shirts,236,449,25,,,,White,Regular Fit,,,,"LIMEROAD White Women Regular Fit Shirt. Brand: LIMEROAD. Color: White. Fit: Regular Fit. Category: Women, Shirts",InStock,,https://www.ajio.com/limeroad-women-regular-fit-shirt/p/703430461_white,2026-06-26T12:13:00.063541+00:00
Ajio,FIG Black & White Women Floral Print Regular Fit Shirt,https://assets.ajio.com/medias/sys_master/root1/20260316/EseU/69b7e7190ad5d933375e8a54/fig_black_%26_white_women_floral_print_regular_fit_shirt.jpg,FIG,Women,Shirts,248,699,29,,,,Black,Regular Fit,,,Floral,"FIG Black & White Women Floral Print Regular Fit Shirt. Brand: FIG. Color: Black. Fit: Regular Fit. Pattern: Floral. Category: Women, Shirts",InStock,,https://www.ajio.com/fig-women-floral-print-regular-fit-shirt/p/443115665_black,2026-06-26T12:13:00.063541+00:00
Ajio,DNMX Pink Women Regular Fit Shirt with Cuffed Sleeves,https://assets.ajio.com/medias/sys_master/root1/20260312/3QMC/69b26cb84970ce6a6e3be56d/dnmx_pink_women_regular_fit_shirt_with_cuffed_sleeves.jpg,DNMX,Women,Shirts,248,699,29,,,,Pink,Regular Fit,,,,"DNMX Pink Women Regular Fit Shirt with Cuffed Sleeves. Brand: DNMX. Color: Pink. Fit: Regular Fit. Category: Women, Shirts",InStock,,https://www.ajio.com/dnmx-women-regular-fit-shirt-with-cuffed-sleeves/p/443115669_pink,2026-06-26T12:13:00.063541+00:00
Ajio,FREEHAND Blue Women Loose Fit High-Low Shirt,https://assets.ajio.com/medias/sys_master/root/20240307/S33y/65e9ef9b05ac7d77bb9fba59/freehand_blue_women_loose_fit_high-low_shirt.jpg,FREEHAND,Women,Shirts,525,2499,70,,,,Blue,Loose Fit,,,,"FREEHAND Blue Women Loose Fit High-Low Shirt. Brand: FREEHAND. Color: Blue. Fit: Loose Fit. Category: Women, Shirts",InStock,,https://www.ajio.com/freehand-women-loose-fit-high-low-shirt/p/469602161_blue,2026-06-26T12:13:00.063541+00:00
Ajio,ONLY Cream Women Leaf Print Regular Fit Shirt,https://assets.ajio.com/medias/sys_master/root/20240912/Gy9L/66e2fe371d763220fae27882/only_cream_women_leaf_print_regular_fit_shirt.jpg,ONLY,Women,Shirts,784,2799,60,,,,Cream,Regular Fit,,,,"ONLY Cream Women Leaf Print Regular Fit Shirt. Brand: ONLY. Color: Cream. Fit: Regular Fit. Category: Women, Shirts",InStock,,https://www.ajio.com/only-women-leaf-print-regular-fit-shirt/p/442795257_cream,2026-06-26T12:13:00.063541+00:00
Ajio,Mystere Paris Wine Women Oversized Fit Classic Shirt,https://assets.ajio.com/medias/sys_master/root1/20250716/KcTT/6876bd865d4cb413800f25d5/mystere_paris_wine_women_oversized_fit_classic_shirt.jpg,Mystere Paris,Women,Shirts,613,1749,50,,,,Wine,Oversized Fit,,,,"Mystere Paris Wine Women Oversized Fit Classic Shirt. Brand: Mystere Paris. Color: Wine. Fit: Oversized Fit. Category: Women, Shirts. 3.9K shoppers wishlisted in last 30 days",InStock,,https://www.ajio.com/mystere-paris-women-oversized-fit-classic-shirt/p/701952123_wine,2026-06-26T12:13:00.063541+00:00
Ajio,ELIXORIA White Women Regular Fit Shirt with Spread Collar,https://assets.ajio.com/medias/sys_master/root1/20250826/ElB2/68ad9cfb8bfb9009acb0769d/elixoria_white_women_regular_fit_shirt_with_spread_collar.jpg,ELIXORIA,Women,Shirts,291,1299,68,,,L,White,Regular Fit,,,,"ELIXORIA White Women Regular Fit Shirt with Spread Collar. Brand: ELIXORIA. Color: White. Fit: Regular Fit. Size: L. Category: Women, Shirts",InStock,,https://www.ajio.com/elixoria-women-regular-fit-shirt-with-spread-collar/p/702160449_white,2026-06-26T12:13:00.063541+00:00
Ajio,DNMX Olive Green Women Printed Relaxed Fit Cotton Shirt,https://assets.ajio.com/medias/sys_master/root1/20250902/mQQl/68b6dcc78bfb9009acca4901/dnmx_olive_green_women_printed_relaxed_fit_cotton_shirt.jpg,DNMX,Women,Shirts,178,699,49,,,,Olive,Relaxed Fit,Cotton,,Printed,"DNMX Olive Green Women Printed Relaxed Fit Cotton Shirt. Brand: DNMX. Color: Olive. Fit: Relaxed Fit. Fabric: Cotton. Pattern: Printed. Category: Women, Shirts",InStock,,https://www.ajio.com/dnmx-women-printed-relaxed-fit-cotton-shirt/p/443098373_olive,2026-06-26T12:13:00.063541+00:00
Ajio,The Souled Store Multi Women Checks Shirt,https://assets.ajio.com/medias/sys_master/root/20250212/wM1O/67ac8ce02960820c497ab8b1/the_souled_store_multi_women_checks_shirt.jpg,The Souled Store,Women,Shirts,1999,1999,,,,,Multi,,,,,"The Souled Store Multi Women Checks Shirt. Brand: The Souled Store. Color: Multi. Category: Women, Shirts",InStock,,https://www.ajio.com/the-souled-store-women-checks-shirt/p/701198729_multi,2026-06-26T12:13:00.063541+00:00
Ajio,DNMX Blue Women Striped Relaxed Fit Cotton Shirt,https://assets.ajio.com/medias/sys_master/root1/20251029/Ub3c/690180de88d6d62ff8aa0289/dnmx_blue_women_striped_relaxed_fit_cotton_shirt.jpg,DNMX,Women,Shirts,255,999,49,,,,Blue,Relaxed Fit,Cotton,,Striped,"DNMX Blue Women Striped Relaxed Fit Cotton Shirt. Brand: DNMX. Color: Blue. Fit: Relaxed Fit. Fabric: Cotton. Pattern: Striped. Category: Women, Shirts. 3.2K shoppers wishlisted in last 30 days",InStock,,https://www.ajio.com/dnmx-women-striped-relaxed-fit-cotton-shirt/p/443086272_blue,2026-06-26T12:13:00.063541+00:00
Ajio,Fyre Rose Grey Women Relaxed Fit Shirt,https://assets.ajio.com/medias/sys_master/root1/20260224/3bn5/699dac3508a98823901bb780/fyre_rose_grey_women_relaxed_fit_shirt.jpg,Fyre Rose,Women,Shirts,366,1899,78,,,S,Greymelange,Relaxed Fit,,,,"Fyre Rose Grey Women Relaxed Fit Shirt. Brand: Fyre Rose. Color: Greymelange. Fit: Relaxed Fit. Size: S. Category: Women, Shirts. 1K shoppers wishlisted in last 30 days",InStock,,https://www.ajio.com/fyre-rose-women-relaxed-fit-shirt/p/703002539_greymelange,2026-06-26T12:13:00.063541+00:00
Ajio,RIO Brown Women Regular Fit Shirt with Patch Pocket,https://assets.ajio.com/medias/sys_master/root1/20251025/ZbcW/68fd00e9d3b48604f84b1a0c/rio_brown_women_regular_fit_shirt_with_patch_pocket.jpg,RIO,Women,Shirts,178,699,49,,,,Brown,Regular Fit,,,,"RIO Brown Women Regular Fit Shirt with Patch Pocket. Brand: RIO. Color: Brown. Fit: Regular Fit. Category: Women, Shirts. 910 shoppers wishlisted in last 30 days",InStock,,https://www.ajio.com/rio-women-regular-fit-shirt-with-patch-pocket/p/443083012_brown,2026-06-26T12:13:00.063541+00:00
Ajio,LEIA Navy Women Regular Fit Classic Shirt,https://assets.ajio.com/medias/sys_master/root/20250604/G9OJ/683fab957a6cd4182f7ea4ee/leia_navy_women_regular_fit_classic_shirt.jpg,LEIA,Women,Shirts,195,650,70,,,XS,Navy,Regular Fit,,,,"LEIA Navy Women Regular Fit Classic Shirt. Brand: LEIA. Color: Navy. Fit: Regular Fit. Size: XS. Category: Women, Shirts",InStock,,https://www.ajio.com/leia-women-regular-fit-classic-shirt/p/701672418_navy,2026-06-26T12:13:00.063541+00:00
Ajio,COLOR CAPITAL Black Women Regular Fit Shirt Full Sleeves,https://assets.ajio.com/medias/sys_master/root1/20260313/5tM3/69b3f5234970ce6a6e420c99/color_capital_black_women_regular_fit_shirt_full_sleeves.jpg,COLOR CAPITAL,Women,Shirts,693,1980,50,,,XS,Black,Regular Fit,,Full Sleeve,,"COLOR CAPITAL Black Women Regular Fit Shirt Full Sleeves. Brand: COLOR CAPITAL. Color: Black. Fit: Regular Fit. Sleeve: Full Sleeve. Size: XS. Category: Women, Shirts",InStock,,https://www.ajio.com/color-capital-women-regular-fit-shirt-full-sleeves/p/703153253_black,2026-06-26T12:13:00.063541+00:00
Ajio,RIO Brown Women Checked Regular Fit Shirt,https://assets.ajio.com/medias/sys_master/root1/20260304/9JnI/69a7e1d64970ce6a6e134169/rio_brown_women_checked_regular_fit_shirt.jpg,RIO,Women,Shirts,177,499,29,,,,Brown,Regular Fit,,,Checkered,"RIO Brown Women Checked Regular Fit Shirt. Brand: RIO. Color: Brown. Fit: Regular Fit. Pattern: Checkered. Category: Women, Shirts. 1.3K shoppers wishlisted in last 30 days",InStock,,https://www.ajio.com/rio-women-checked-regular-fit-shirt/p/443116292_brown,2026-06-26T12:13:00.063541+00:00
Ajio,MAX DARK BLUE Women Textured Shirt,https://assets.ajio.com/medias/sys_master/root1/20251216/K8YC/69406ac6720fb821d38f62d1/max_dark_blue_women_textured_shirt.jpg,MAX,Women,Shirts,559,799,30.04,,,,Blue,,,,,"MAX DARK BLUE Women Textured Shirt. Brand: MAX. Color: Blue. Category: Women, Shirts",InStock,,https://www.ajio.com/max-women-textured-shirt/p/702622134_blue,2026-06-26T12:13:00.063541+00:00
Ajio,The Souled Store Multi Women Spread Collar Oversized Fit Shirt,https://assets.ajio.com/medias/sys_master/root/20250617/QL2W/6850771f55340d4b4fb783db/the_souled_store_multi__women_spread_collar_oversized_fit_shirt.jpg,The Souled Store,Women,Shirts,1999,1999,,,,,Multi,Oversized Fit,,,,"The Souled Store Multi Women Spread Collar Oversized Fit Shirt. Brand: The Souled Store. Color: Multi. Fit: Oversized Fit. Category: Women, Shirts",InStock,,https://www.ajio.com/the-souled-store--women-spread-collar-oversized-fit-shirt/p/701758388_multi,2026-06-26T12:13:00.063541+00:00
Ajio,MAX IVORY Women Stylised Fit Shirt,https://assets.ajio.com/medias/sys_master/root/20250713/leSM/6872ff49b13fc54edd212114/max_ivory_women_stylised_fit_shirt.jpg,MAX,Women,Shirts,482,999,31,,,,Cream,,,,,"MAX IVORY Women Stylised Fit Shirt. Brand: MAX. Color: Cream. Category: Women, Shirts",InStock,,https://www.ajio.com/max-women-stylised-fit-shirt/p/701937160_cream,2026-06-26T12:13:00.063541+00:00
Ajio,YOUSTA Green Women All-Over Leaf Print Boxy Fit Shirt,https://assets.ajio.com/medias/sys_master/root1/20250728/Ew7D/688785a33d468c61ab2b4aaf/yousta_green_women_all-over_leaf_print_boxy_fit_shirt.jpg,YOUSTA,Women,Shirts,175,499,50,,,,Ltgreen,Boxy Fit,,,,"YOUSTA Green Women All-Over Leaf Print Boxy Fit Shirt. Brand: YOUSTA. Color: Ltgreen. Fit: Boxy Fit. Category: Women, Shirts",InStock,,https://www.ajio.com/yousta-women-all-over-leaf-print-boxy-fit-shirt/p/443081461_ltgreen,2026-06-26T12:13:00.063541+00:00
Ajio,PINACOLADA White Women Relaxed Fit Shirt,https://assets.ajio.com/medias/sys_master/root1/20260123/GAlZ/6972935e7ef0c7385c8a74b5/pinacolada_white_women_relaxed_fit_shirt.jpg,PINACOLADA,Women,Shirts,336,1599,70,,,XL,White,Relaxed Fit,,,,"PINACOLADA White Women Relaxed Fit Shirt. Brand: PINACOLADA. Color: White. Fit: Relaxed Fit. Size: XL. Category: Women, Shirts",InStock,,https://www.ajio.com/pinacolada-women-relaxed-fit-shirt/p/702798121_white,2026-06-26T12:13:00.063541+00:00
Ajio,SVARAA Off white Women Embroidered Oversized Fit Shirt,https://assets.ajio.com/medias/sys_master/root1/20260515/6fdW/6a0627bc14d0c21719ddb756/svaraa_off_white_women_embroidered_oversized_fit_shirt.jpg,SVARAA,Women,Shirts,525,2999,80,,,XXL,Off White,Oversized Fit,,,Embroidered,"SVARAA Off white Women Embroidered Oversized Fit Shirt. Brand: SVARAA. Color: Off White. Fit: Oversized Fit. Pattern: Embroidered. Size: XXL. Category: Women, Shirts. 1K shoppers wishlisted in last 30 days",InStock,,https://www.ajio.com/svaraa-women-embroidered-oversized-fit-shirt/p/703446803_offwhite,2026-06-26T12:13:00.063541+00:00
Ajio,FIG Wine Women Regular Fit Shirt with Waist Tie-Up,https://assets.ajio.com/medias/sys_master/root1/20260305/TkuF/69a96b8baf321a7f92003cc2/fig_wine_women_regular_fit_shirt_with_waist_tie-up.jpg,FIG,Women,Shirts,204,799,49,,,,Wine,Regular Fit,,,,"FIG Wine Women Regular Fit Shirt with Waist Tie-Up. Brand: FIG. Color: Wine. Fit: Regular Fit. Category: Women, Shirts",InStock,,https://www.ajio.com/fig-women-regular-fit-shirt-with-waist-tie-up/p/443107424_wine,2026-06-26T12:13:00.063541+00:00
Ajio,YOUSTA White Women Embroidered Oversized Shirt,https://assets.ajio.com/medias/sys_master/root1/20251125/agNg/69256c9588d6d62ff8050c6f/yousta_white_women_embroidered_oversized_shirt.jpg,YOUSTA,Women,Shirts,210,599,50,,,,White,,,,Embroidered,"YOUSTA White Women Embroidered Oversized Shirt. Brand: YOUSTA. Color: White. Pattern: Embroidered. Category: Women, Shirts",InStock,,https://www.ajio.com/yousta-women-embroidered-oversized-shirt/p/443087663_white,2026-06-26T12:13:00.063541+00:00
Ajio,PINACOLADA Beige Women Oversized Fit Shirt,https://assets.ajio.com/medias/sys_master/root1/20260219/DjR9/69974851cbfa0d5608217885/pinacolada_beige_women_oversized_fit_shirt.jpg,PINACOLADA,Women,Shirts,525,1499,50,,,S,Beige,Oversized Fit,,,,"PINACOLADA Beige Women Oversized Fit Shirt. Brand: PINACOLADA. Color: Beige. Fit: Oversized Fit. Size: S. Category: Women, Shirts",InStock,,https://www.ajio.com/pinacolada-women-oversized-fit-shirt/p/702993879_beige,2026-06-26T12:13:00.063541+00:00
Ajio,Bollyclues Green Women Embroidered Regular Fit Shirt,https://assets.ajio.com/medias/sys_master/root1/20260406/Skvh/69d3aa225bc52e77e034f730/bollyclues_green_women_embroidered_regular_fit_shirt.jpg,Bollyclues,Women,Shirts,343,999,51,,,,Green,Regular Fit,,,Embroidered,"Bollyclues Green Women Embroidered Regular Fit Shirt. Brand: Bollyclues. Color: Green. Fit: Regular Fit. Pattern: Embroidered. Category: Women, Shirts. 996 shoppers wishlisted in last 30 days",InStock,,https://www.ajio.com/bollyclues-women-embroidered-regular-fit-shirt/p/703289734_green,2026-06-26T12:13:00.063541+00:00
Ajio,LEIA Black Women Regular Fit Classic Shirt,https://assets.ajio.com/medias/sys_master/root/20250414/g4IL/67fcd9e67a6cd4182fc87b37/leia_black_women_regular_fit_classic_shirt.jpg,LEIA,Women,Shirts,280,1399,76,,,M,Black,Regular Fit,,,,"LEIA Black Women Regular Fit Classic Shirt. Brand: LEIA. Color: Black. Fit: Regular Fit. Size: M. Category: Women, Shirts",InStock,,https://www.ajio.com/leia-women-regular-fit-classic-shirt/p/701449913_black,2026-06-26T12:13:00.063541+00:00
Ajio,American Eagle Brown Women Crinkled Oversized Shirt with Patach Pocket,https://assets.ajio.com/medias/sys_master/root/20240604/gduF/665f1e8705ac7d77bb9c6556/american_eagle_brown_women_crinkled_oversized_shirt_with_patach_pocket.jpg,American Eagle,Women,Shirts,756,2999,64,,,,Brown,,,,,"American Eagle Brown Women Crinkled Oversized Shirt with Patach Pocket. Brand: American Eagle. Color: Brown. Category: Women, Shirts",InStock,,https://www.ajio.com/american-eagle-women-crinkled-oversized-shirt-with-patach-pocket/p/469627302_brown,2026-06-26T12:13:00.063541+00:00
Ajio,CADMON Maroon Women Stripes Fitted Shirt,https://assets.ajio.com/medias/sys_master/root1/20260323/UpFx/69c0fb7e5bc52e77e0f61a50/cadmon_maroon_women_stripes_fitted_shirt.jpg,CADMON,Women,Shirts,482,999,31,,,L,Maroon,,,,Striped,"CADMON Maroon Women Stripes Fitted Shirt. Brand: CADMON. Color: Maroon. Pattern: Striped. Size: L. Category: Women, Shirts",InStock,,https://www.ajio.com/cadmon-women-stripes-fitted-shirt/p/703191551_maroon,2026-06-26T12:13:00.063541+00:00
Ajio,CADMON White Women Embroidered Regular Fit Shirt,https://assets.ajio.com/medias/sys_master/root1/20260220/UnM9/69989afecbfa0d560828f3ef/cadmon_white_women_embroidered_regular_fit_shirt.jpg,CADMON,Women,Shirts,363,999,48,,,XXL,White,Regular Fit,,,Embroidered,"CADMON White Women Embroidered Regular Fit Shirt. Brand: CADMON. Color: White. Fit: Regular Fit. Pattern: Embroidered. Size: XXL. Category: Women, Shirts",InStock,,https://www.ajio.com/cadmon-women-embroidered-regular-fit-shirt/p/703002932_white,2026-06-26T12:13:00.063541+00:00
Ajio,Aahwan X AG Red Women Regular Fit Shirt,https://assets.ajio.com/medias/sys_master/root1/20260424/vPEs/69eb650afcb5bb61d27f4e3a/aahwan_x_ag_red_women_regular_fit_shirt.jpg,Aahwan X AG,Women,Shirts,420,1999,70,,,XS,Red,Regular Fit,,,,"Aahwan X AG Red Women Regular Fit Shirt. Brand: Aahwan X AG. Color: Red. Fit: Regular Fit. Size: XS. Category: Women, Shirts. 3.6K shoppers wishlisted in last 30 days",InStock,,https://www.ajio.com/aahwan-x-ag-women-regular-fit-shirt/p/703368250_red,2026-06-26T12:13:00.063541+00:00
Ajio,Lulu & Sky Yellow Women Striped Relaxed Fit Shirt,https://assets.ajio.com/medias/sys_master/root1/20260410/kJik/69d8e2eafcb5bb61d24cba4d/lulu_%26_sky_yellow_women_striped_relaxed_fit_shirt.jpg,Lulu & Sky,Women,Shirts,2101,6564,60,,,M,Yellow,Relaxed Fit,,,Striped,"Lulu & Sky Yellow Women Striped Relaxed Fit Shirt. Brand: Lulu & Sky. Color: Yellow. Fit: Relaxed Fit. Pattern: Striped. Size: M. Category: Women, Shirts",InStock,,https://www.ajio.com/lulu--sky-women-striped-relaxed-fit-shirt/p/703316282_yellow,2026-06-26T12:13:00.063541+00:00
Ajio,Aahwan X AG White Women Floral Print Regular Fit Shirt,https://assets.ajio.com/medias/sys_master/root1/20260504/xLH2/69f89e7114d0c21719b495a4/aahwan_x_ag_white_women_floral_print_regular_fit_shirt.jpg,Aahwan X AG,Women,Shirts,490,1999,65,,,XS,White,Regular Fit,,,Floral,"Aahwan X AG White Women Floral Print Regular Fit Shirt. Brand: Aahwan X AG. Color: White. Fit: Regular Fit. Pattern: Floral. Size: XS. Category: Women, Shirts",InStock,,https://www.ajio.com/aahwan-x-ag-women-floral-print-regular-fit-shirt/p/703406841_white,2026-06-26T12:13:00.063541+00:00
Ajio,DNMX White Women Embroidered Regular Fit Cotton Shirt,https://assets.ajio.com/medias/sys_master/root1/20260220/RcS5/6998275f7ef0c7385c17227b/dnmx_white_women_embroidered_regular_fit_cotton_shirt.jpg,DNMX,Women,Shirts,229,899,49,,,,White,Regular Fit,Cotton,,Embroidered,"DNMX White Women Embroidered Regular Fit Cotton Shirt. Brand: DNMX. Color: White. Fit: Regular Fit. Fabric: Cotton. Pattern: Embroidered. Category: Women, Shirts. 746 shoppers wishlisted in last 30 days",InStock,,https://www.ajio.com/dnmx-women-embroidered-regular-fit-cotton-shirt/p/443109052_white,2026-06-26T12:13:00.063541+00:00
Ajio,Vero Moda White Women Lace Trim Regular Fit Cotton Shirt,https://assets.ajio.com/medias/sys_master/root/20250211/6RZS/67ab5a17bc78b543a938a04a/vero_moda_white_women_lace_trim_regular_fit_cotton_shirt.jpg,Vero Moda,Women,Shirts,630,2999,70,,,,White,Regular Fit,Cotton,,,"Vero Moda White Women Lace Trim Regular Fit Cotton Shirt. Brand: Vero Moda. Color: White. Fit: Regular Fit. Fabric: Cotton. Category: Women, Shirts",InStock,,https://www.ajio.com/vero-moda-women-lace-trim-regular-fit-cotton-shirt/p/469722349_white,2026-06-26T12:13:00.063541+00:00
Ajio,Outzidr Pink Women Checked Oversized Fit Shirt,https://assets.ajio.com/medias/sys_master/root1/20250829/kqT1/68b19f963d468c61aba6e3ac/outzidr_pink_women_checked_oversized_fit_shirt.jpg,Outzidr,Women,Shirts,944,1349,30.02,,,,Pink,Oversized Fit,,,Checkered,"Outzidr Pink Women Checked Oversized Fit Shirt. Brand: Outzidr. Color: Pink. Fit: Oversized Fit. Pattern: Checkered. Category: Women, Shirts",InStock,,https://www.ajio.com/outzidr-women-checked-oversized-fit-shirt/p/702174027_pink,2026-06-26T12:13:00.063541+00:00
Ajio,DNMX White Women Embroidered Loose Fit Shirt,https://assets.ajio.com/medias/sys_master/root1/20260219/UFm6/6996a813cbfa0d56081aa051/dnmx_white_women_embroidered_loose_fit_shirt.jpg,DNMX,Women,Shirts,306,1199,49,,,,Off White,Loose Fit,,,Embroidered,"DNMX White Women Embroidered Loose Fit Shirt. Brand: DNMX. Color: Off White. Fit: Loose Fit. Pattern: Embroidered. Category: Women, Shirts. 3.7K shoppers wishlisted in last 30 days",InStock,,https://www.ajio.com/dnmx-women-embroidered-loose-fit-shirt/p/443116462_offwhite,2026-06-26T12:13:00.063541+00:00
Ajio,FIG Ecru Women Patterned Regular Fit Shirt,https://assets.ajio.com/medias/sys_master/root1/20260304/AkQb/69a74724af321a7f92f2dee6/fig_ecru_women_patterned_regular_fit_shirt.jpg,FIG,Women,Shirts,204,799,49,,,,Ecru,Regular Fit,,,,"FIG Ecru Women Patterned Regular Fit Shirt. Brand: FIG. Color: Ecru. Fit: Regular Fit. Category: Women, Shirts",InStock,,https://www.ajio.com/fig-women-patterned-regular-fit-shirt/p/443109699_ecru,2026-06-26T12:13:00.063541+00:00
Ajio,DNMX Brown Women Loose Fit Shirt with Flap Pockets,https://assets.ajio.com/medias/sys_master/root1/20260320/PpdN/69bcf4045bc52e77e0f199ee/dnmx_brown_women_loose_fit_shirt_with_flap_pockets.jpg,DNMX,Women,Shirts,319,899,29,,,,Brown,Loose Fit,,,,"DNMX Brown Women Loose Fit Shirt with Flap Pockets. Brand: DNMX. Color: Brown. Fit: Loose Fit. Category: Women, Shirts",InStock,,https://www.ajio.com/dnmx-women-loose-fit-shirt-with-flap-pockets/p/443102132_brown,2026-06-26T12:13:00.063541+00:00
Ajio,Styli Beige Women Flare Sleeves Crepe Oversized Longline Shirt,https://assets.ajio.com/medias/sys_master/root/20230807/5ZoM/64d0db5da9b42d15c991eb7f/styli_beige_women_flare_sleeves_crepe_oversized_longline_shirt.jpg,Styli,Women,Shirts,363,849,39,,,,Beige,,Crepe,,,"Styli Beige Women Flare Sleeves Crepe Oversized Longline Shirt. Brand: Styli. Color: Beige. Fabric: Crepe. Category: Women, Shirts",InStock,,https://www.ajio.com/styli-women-flare-sleeves-crepe-oversized-longline-shirt/p/466375662_beige,2026-06-26T12:13:00.063541+00:00
Ajio,Styli Pink Women Oversized Fit Shirt,https://assets.ajio.com/medias/sys_master/root/20240216/nZeb/65cf8cc816fd2c6e6a01138d/styli_pink_women_oversized_fit_shirt.jpg,Styli,Women,Shirts,390,899,38,,,,Pink,Oversized Fit,,,,"Styli Pink Women Oversized Fit Shirt. Brand: Styli. Color: Pink. Fit: Oversized Fit. Category: Women, Shirts",InStock,,https://www.ajio.com/styli-women-oversized-fit-shirt/p/467081184_pink,2026-06-26T12:13:00.063541+00:00
Ajio,Styli Navy Blue Women Embroidery Regular Fit Shirt,https://assets.ajio.com/medias/sys_master/root1/20250926/N0L5/68d6c2b63d468c61ab2fd498/styli_navy_blue_women_embroidery_regular_fit_shirt.jpg,Styli,Women,Shirts,917,1899,31,,,,Navy,Regular Fit,,,,"Styli Navy Blue Women Embroidery Regular Fit Shirt. Brand: Styli. Color: Navy. Fit: Regular Fit. Category: Women, Shirts",InStock,,https://www.ajio.com/styli-women-embroidery-regular-fit-shirt/p/701420974_navy,2026-06-26T12:13:00.063541+00:00
Ajio,Outzidr Global Blue Women Stripes Relaxed Fit Shirt,https://assets.ajio.com/medias/sys_master/root1/20260313/22rS/69b4176b8deac970f067972f/outzidr_global_blue_women_stripes_relaxed_fit_shirt.jpg,Outzidr Global,Women,Shirts,764,1199,9,,,,Blue,Relaxed Fit,,,Striped,"Outzidr Global Blue Women Stripes Relaxed Fit Shirt. Brand: Outzidr Global. Color: Blue. Fit: Relaxed Fit. Pattern: Striped. Category: Women, Shirts",InStock,,https://www.ajio.com/outzidr-global-women-stripes-relaxed-fit-shirt/p/701469402_blue,2026-06-26T12:13:00.063541+00:00
Ajio,DNMX Blue Women Printed Shirt with High Low Hem,https://assets.ajio.com/medias/sys_master/root1/20260427/4m9l/69ef372efcb5bb61d2828e9f/dnmx_blue_women_printed_shirt_with_high_low_hem.jpg,DNMX,Women,Shirts,559,799,30.04,,,,Blue,,,,Printed,"DNMX Blue Women Printed Shirt with High Low Hem. Brand: DNMX. Color: Blue. Pattern: Printed. Category: Women, Shirts. 905 shoppers wishlisted in last 30 days",InStock,,https://www.ajio.com/dnmx-women-printed-shirt-with-high-low-hem/p/443121261_blue,2026-06-26T12:13:00.063541+00:00
Ajio,Outzidr White Women Schiffli Embroidered Boxy Fit Shirt,https://assets.ajio.com/medias/sys_master/root1/20250819/1NG0/68a47acb3d468c61ab7b1709/outzidr_white_women_schiffli_embroidered_boxy_fit_shirt.jpg,Outzidr,Women,Shirts,489,699,30.04,,,,White,Boxy Fit,,,Embroidered,"Outzidr White Women Schiffli Embroidered Boxy Fit Shirt. Brand: Outzidr. Color: White. Fit: Boxy Fit. Pattern: Embroidered. Category: Women, Shirts",InStock,,https://www.ajio.com/outzidr-women-schiffli-embroidered-boxy-fit-shirt/p/701566453_white,2026-06-26T12:13:00.063541+00:00
Ajio,LEIA Blue Women Regular Fit Classic Shirt,https://assets.ajio.com/medias/sys_master/root/20250604/imz3/683fe0db55340d4b4f828bac/leia_blue_women_regular_fit_classic_shirt.jpg,LEIA,Women,Shirts,195,650,70,,,XXL,Blue,Regular Fit,,,,"LEIA Blue Women Regular Fit Classic Shirt. Brand: LEIA. Color: Blue. Fit: Regular Fit. Size: XXL. Category: Women, Shirts",InStock,,https://www.ajio.com/leia-women-regular-fit-classic-shirt/p/701672440_blue,2026-06-26T12:13:00.063541+00:00
Ajio,GAP Black Women Leaf Print Slim Fit Shirt,https://assets.ajio.com/medias/sys_master/root/20240913/S3OJ/66e44f496f60443f31798183/gap_black_women_leaf_print_slim_fit_shirt.jpg,GAP,Women,Shirts,784,2799,60,,,,Black,Slim Fit,,,,"GAP Black Women Leaf Print Slim Fit Shirt. Brand: GAP. Color: Black. Fit: Slim Fit. Category: Women, Shirts",InStock,,https://www.ajio.com/gap-women-leaf-print-slim-fit-shirt/p/442602090_black,2026-06-26T12:13:00.063541+00:00
Ajio,SPYKAR Black Women Printed Relaxed Fit Shirt,https://assets.ajio.com/medias/sys_master/root/20240621/ImvL/6675816d1d763220faeb8f25/spykar_black_women_printed_relaxed_fit_shirt.jpg,SPYKAR,Women,Shirts,560,1599,50,,,,Black,Relaxed Fit,,,Printed,"SPYKAR Black Women Printed Relaxed Fit Shirt. Brand: SPYKAR. Color: Black. Fit: Relaxed Fit. Pattern: Printed. Category: Women, Shirts",InStock,,https://www.ajio.com/spykar-women-printed-relaxed-fit-shirt/p/442198321_black,2026-06-26T12:13:00.063541+00:00
Ajio,KOTTY Multicoloured Women Floral Print Oversized Fit Shirt,https://assets.ajio.com/medias/sys_master/root/20240918/382r/66eb01e8260f9c41e81191a0/kotty_multicoloured_women_floral_print_oversized_fit_shirt.jpg,KOTTY,Women,Shirts,260,1999,87,,,,Multi,Oversized Fit,,,Floral,"KOTTY Multicoloured Women Floral Print Oversized Fit Shirt. Brand: KOTTY. Color: Multi. Fit: Oversized Fit. Pattern: Floral. Category: Women, Shirts",InStock,,https://www.ajio.com/kotty-women-floral-print-oversized-fit-shirt/p/700441289_multi,2026-06-26T12:13:00.063541+00:00
Ajio,Outzidr Pink Women Schiffli Embroidered Boxy Fit Shirt,https://assets.ajio.com/medias/sys_master/root1/20250819/OxPa/68a47ada8bfb9009ac90d2af/outzidr_pink_women_schiffli_embroidered_boxy_fit_shirt.jpg,Outzidr,Women,Shirts,489,699,30.04,,,,Pink,Boxy Fit,,,Embroidered,"Outzidr Pink Women Schiffli Embroidered Boxy Fit Shirt. Brand: Outzidr. Color: Pink. Fit: Boxy Fit. Pattern: Embroidered. Category: Women, Shirts",InStock,,https://www.ajio.com/outzidr-women-schiffli-embroidered-boxy-fit-shirt/p/701566453_pink,2026-06-26T12:13:00.063541+00:00
Ajio,FIG Green Women Printed Knit Shirt,https://assets.ajio.com/medias/sys_master/root1/20251024/saq0/68fbb0a6d3b48604f8487b71/fig_green_women_printed_knit_shirt.jpg,FIG,Women,Shirts,229,899,49,,,,Green,,Knit,,Printed,"FIG Green Women Printed Knit Shirt. Brand: FIG. Color: Green. Fabric: Knit. Pattern: Printed. Category: Women, Shirts",InStock,,https://www.ajio.com/fig-women-printed-knit-shirt/p/443101554_green,2026-06-26T12:13:00.063541+00:00
Ajio,RIO White Women Printed Pleated Regular Fit Shirt,https://assets.ajio.com/medias/sys_master/root1/20260313/ndTs/69b405ae4970ce6a6e42c659/rio_white_women_printed_pleated_regular_fit_shirt.jpg,RIO,Women,Shirts,153,599,49,,,,White,Regular Fit,,,Printed,"RIO White Women Printed Pleated Regular Fit Shirt. Brand: RIO. Color: White. Fit: Regular Fit. Pattern: Printed. Category: Women, Shirts",InStock,,https://www.ajio.com/rio-women-printed-pleated-regular-fit-shirt/p/443115873_white,2026-06-26T12:13:00.063541+00:00
Ajio,FITHUB Sky Blue Women Pleated Regular Fit Shirt,https://assets.ajio.com/medias/sys_master/root/20250325/slb3/67e285fb7a6cd4182f7de59b/fithub_sky_blue_women_pleated_regular_fit_shirt.jpg,FITHUB,Women,Shirts,799,1699,53,,,,Blue,Regular Fit,,,,"FITHUB Sky Blue Women Pleated Regular Fit Shirt. Brand: FITHUB. Color: Blue. Fit: Regular Fit. Category: Women, Shirts",InStock,,https://www.ajio.com/fithub-women-pleated-regular-fit-shirt/p/466833334_blue,2026-06-26T12:13:00.063541+00:00
Ajio,DNMX Brown Women Printed Shirt with High Low Hem,https://assets.ajio.com/medias/sys_master/root1/20260427/4d7u/69ef4eaf14d0c217199d82bc/dnmx_brown_women_printed_shirt_with_high_low_hem.jpg,DNMX,Women,Shirts,559,799,30.04,,,,Brown,,,,Printed,"DNMX Brown Women Printed Shirt with High Low Hem. Brand: DNMX. Color: Brown. Pattern: Printed. Category: Women, Shirts. 1K shoppers wishlisted in last 30 days",InStock,,https://www.ajio.com/dnmx-women-printed-shirt-with-high-low-hem/p/443121261_brown,2026-06-26T12:13:00.063541+00:00
Ajio,RIO Off White Women Schiffli Embroidered Regular Fit Shirt,https://assets.ajio.com/medias/sys_master/root1/20260331/JJtm/69cae7da9e784a25d5a5757c/rio_off_white_women_schiffli_embroidered_regular_fit_shirt.jpg,RIO,Women,Shirts,248,699,29,,,,Off White,Regular Fit,,,Embroidered,"RIO Off White Women Schiffli Embroidered Regular Fit Shirt. Brand: RIO. Color: Off White. Fit: Regular Fit. Pattern: Embroidered. Category: Women, Shirts",InStock,,https://www.ajio.com/rio-women-schiffli-embroidered-regular-fit-shirt/p/443115891_offwhite,2026-06-26T12:13:00.063541+00:00
Ajio,MAX NAVY Women Embroidered Shirt,https://assets.ajio.com/medias/sys_master/root1/20260410/mlAM/69d80af79e784a25d5d725cd/max_navy_women_embroidered_shirt.jpg,MAX,Women,Shirts,699,999,30.03,,,,Blue,,,,Embroidered,"MAX NAVY Women Embroidered Shirt. Brand: MAX. Color: Blue. Pattern: Embroidered. Category: Women, Shirts",InStock,,https://www.ajio.com/max-women-embroidered-shirt/p/703311071_blue,2026-06-26T12:13:00.063541+00:00
Ajio,HOUSE OF MAE Orange Women Crochet Relaxed Fit Shirt with Spread Collar,https://assets.ajio.com/medias/sys_master/root1/20251006/5gU2/68e3b1383d468c61ab4929b5/house_of_mae_orange_women_crochet_relaxed_fit_shirt_with_spread_collar.jpg,HOUSE OF MAE,Women,Shirts,4299,4999,14.00,,,,Orange,Relaxed Fit,,,,"HOUSE OF MAE Orange Women Crochet Relaxed Fit Shirt with Spread Collar. Brand: HOUSE OF MAE. Color: Orange. Fit: Relaxed Fit. Category: Women, Shirts",InStock,,https://www.ajio.com/house-of-mae-women-crochet-relaxed-fit-shirt-with-spread-collar/p/702366121_orange,2026-06-26T12:13:00.063541+00:00
Ajio,Fyre Rose Indigo Women Relaxed Fit Printed Shirt,https://assets.ajio.com/medias/sys_master/root1/20260424/cuyP/69eb5d8314d0c21719978ec6/fyre_rose_indigo_women_relaxed_fit_printed_shirt.jpg,Fyre Rose,Women,Shirts,551,2999,79,,,XXL,Indigo,Relaxed Fit,,,Printed,"Fyre Rose Indigo Women Relaxed Fit Printed Shirt. Brand: Fyre Rose. Color: Indigo. Fit: Relaxed Fit. Pattern: Printed. Size: XXL. Category: Women, Shirts",InStock,,https://www.ajio.com/fyre-rose-women-relaxed-fit-printed-shirt/p/703367743_indigo,2026-06-26T12:13:00.063541+00:00
Ajio,RIO Brown Women Printed Regular Fit Shirt with Waist Tie-Up,https://assets.ajio.com/medias/sys_master/root1/20251117/Lvg6/691b32aa88d6d62ff8f20f51/rio_brown_women_printed_regular_fit_shirt_with_waist_tie-up.jpg,RIO,Women,Shirts,153,599,49,,,,Ltbrown,Regular Fit,,,Printed,"RIO Brown Women Printed Regular Fit Shirt with Waist Tie-Up. Brand: RIO. Color: Ltbrown. Fit: Regular Fit. Pattern: Printed. Category: Women, Shirts. 821 shoppers wishlisted in last 30 days",InStock,,https://www.ajio.com/rio-women-printed-regular-fit-shirt-with-waist-tie-up/p/443097952_ltbrown,2026-06-26T12:13:00.063541+00:00
Ajio,MAX RED Women Printed Shirt,https://assets.ajio.com/medias/sys_master/root1/20260112/kFNQ/6964e0a2cbfa0d56086805e1/max_red_women_printed_shirt.jpg,MAX,Women,Shirts,489,699,30.04,,,,Red,,,,Printed,"MAX RED Women Printed Shirt. Brand: MAX. Color: Red. Pattern: Printed. Category: Women, Shirts",InStock,,https://www.ajio.com/max-women-printed-shirt/p/702748691_red,2026-06-26T12:13:00.063541+00:00
Ajio,The Souled Store Green Women Checked Regular Fit Shirt,https://assets.ajio.com/medias/sys_master/root1/20260609/jOAe/6a282f22fcb5bb61d2176144/the_souled_store_green_women_checked_regular_fit_shirt.jpg,The Souled Store,Women,Shirts,1699,1699,,,,,Green,Regular Fit,,,Checkered,"The Souled Store Green Women Checked Regular Fit Shirt. Brand: The Souled Store. Color: Green. Fit: Regular Fit. Pattern: Checkered. Category: Women, Shirts",InStock,,https://www.ajio.com/the-souled-store-women-checked-regular-fit-shirt/p/703461799_green,2026-06-26T12:13:00.063541+00:00
Ajio,Fery London Cream Women Floral Print Regular Fit Shirt,https://assets.ajio.com/medias/sys_master/root1/20251213/Zvbu/693cc7e4720fb821d38a458c/fery_london_cream_women_floral_print_regular_fit_shirt.jpg,Fery London,Women,Shirts,400,1999,74,,,S,Cream,Regular Fit,,,Floral,"Fery London Cream Women Floral Print Regular Fit Shirt. Brand: Fery London. Color: Cream. Fit: Regular Fit. Pattern: Floral. Size: S. Category: Women, Shirts",InStock,,https://www.ajio.com/fery-london-women-floral-print-regular-fit-shirt/p/702617709_cream,2026-06-26T12:13:00.063541+00:00
Ajio,PINACOLADA Grey Women Checked Relaxed Fit Shirt,https://assets.ajio.com/medias/sys_master/root1/20250724/09dI/688265a13d468c61ab1e28eb/pinacolada_grey_women_checked_relaxed_fit_shirt.jpg,PINACOLADA,Women,Shirts,525,1499,50,,,M,Grey,Relaxed Fit,,,Checkered,"PINACOLADA Grey Women Checked Relaxed Fit Shirt. Brand: PINACOLADA. Color: Grey. Fit: Relaxed Fit. Pattern: Checkered. Size: M. Category: Women, Shirts",InStock,,https://www.ajio.com/pinacolada-women-checked-relaxed-fit-shirt/p/702018169_grey,2026-06-26T12:13:00.063541+00:00
Ajio,U.S. Polo Assn. Off White Women Floral Print Regular Fit Shirt,https://assets.ajio.com/medias/sys_master/root1/20260509/QOuk/69ff7885fcb5bb61d2b5cf36/u.s._polo_assn._off_white_women_floral_print_regular_fit_shirt.jpg,U.S. Polo Assn.,Women,Shirts,1267,2599,32,,,,White,Regular Fit,,,Floral,"U.S. Polo Assn. Off White Women Floral Print Regular Fit Shirt. Brand: U.S. Polo Assn.. Color: White. Fit: Regular Fit. Pattern: Floral. Category: Women, Shirts",InStock,,https://www.ajio.com/u-s-polo-assn-women-floral-print-regular-fit-shirt/p/703023857_white,2026-06-26T12:13:00.063541+00:00
Ajio,FIG Off White Women Floral Print Relaxed Fit Shirt,https://assets.ajio.com/medias/sys_master/root1/20251008/hHc1/68e607618bfb9009ac5c6423/fig_off_white_women_floral_print_relaxed_fit_shirt.jpg,FIG,Women,Shirts,229,899,49,,,,Off White,Relaxed Fit,,,Floral,"FIG Off White Women Floral Print Relaxed Fit Shirt. Brand: FIG. Color: Off White. Fit: Relaxed Fit. Pattern: Floral. Category: Women, Shirts. 2.7K shoppers wishlisted in last 30 days",InStock,,https://www.ajio.com/fig-women-floral-print-relaxed-fit-shirt/p/443087362_offwhite,2026-06-26T12:13:00.063541+00:00
Ajio,Lee Cooper Pink & White Women All-Over Print Boxy Fit Shirt,https://assets.ajio.com/medias/sys_master/root1/20251205/3tod/6932e5678945db77cf116088/lee_cooper_pink_%26_white_women_all-over_print_boxy_fit_shirt.jpg,Lee Cooper,Women,Shirts,217,999,69,,,,Pink,Boxy Fit,,,,"Lee Cooper Pink & White Women All-Over Print Boxy Fit Shirt. Brand: Lee Cooper. Color: Pink. Fit: Boxy Fit. Category: Women, Shirts. 874 shoppers wishlisted in last 30 days",InStock,,https://www.ajio.com/lee-cooper-women-all-over-print-boxy-fit-shirt/p/443105860_pink,2026-06-26T12:13:00.063541+00:00
Ajio,PINACOLADA Blue Women Regular Fit Shirt,https://assets.ajio.com/medias/sys_master/root/20241107/gl64/672bed97260f9c41e8c4755c/pinacolada_blue_women_regular_fit_shirt.jpg,PINACOLADA,Women,Shirts,577,1499,45,,,S,Blue,Regular Fit,,,,"PINACOLADA Blue Women Regular Fit Shirt. Brand: PINACOLADA. Color: Blue. Fit: Regular Fit. Size: S. Category: Women, Shirts",InStock,,https://www.ajio.com/pinacolada-women-regular-fit-shirt/p/700656740_blue,2026-06-26T12:13:00.063541+00:00
Ajio,RIO Off White Women Printed Boxy Fit Shirt,https://assets.ajio.com/medias/sys_master/root1/20260427/bkJq/69ef623514d0c21719a02418/rio_off_white_women_printed_boxy_fit_shirt.jpg,RIO,Women,Shirts,349,499,30.06,,,,Off White,Boxy Fit,,,Printed,"RIO Off White Women Printed Boxy Fit Shirt. Brand: RIO. Color: Off White. Fit: Boxy Fit. Pattern: Printed. Category: Women, Shirts",InStock,,https://www.ajio.com/rio-women-printed-boxy-fit-shirt/p/443117733_offwhite,2026-06-26T12:13:00.063541+00:00
Ajio,Styli Brown Women Regular Fit Self-design Shirt,https://assets.ajio.com/medias/sys_master/root1/20251025/Swax/68fbd83fd3b48604f848b569/styli_brown_women_regular_fit_self-design_shirt.jpg,Styli,Women,Shirts,731,1899,45,,,,Brown,Regular Fit,,,Self Design,"Styli Brown Women Regular Fit Self-design Shirt. Brand: Styli. Color: Brown. Fit: Regular Fit. Pattern: Self Design. Category: Women, Shirts",InStock,,https://www.ajio.com/styli-women-regular-fit-self-design-shirt/p/701420974_brown,2026-06-26T12:13:00.063541+00:00
Ajio,SPYKAR Teal Blue Women Regular Fit Shirt,https://assets.ajio.com/medias/sys_master/root/20250515/2AZ2/68258c877a6cd4182f3149ff/spykar_teal_blue_women_regular_fit_shirt.jpg,SPYKAR,Women,Shirts,700,1999,50,,,,Tealblue,Regular Fit,,,,"SPYKAR Teal Blue Women Regular Fit Shirt. Brand: SPYKAR. Color: Tealblue. Fit: Regular Fit. Category: Women, Shirts",InStock,,https://www.ajio.com/spykar-women-regular-fit-shirt/p/442468979_tealblue,2026-06-26T12:13:00.063541+00:00
Ajio,DNMX Blue Women Loose Fit Crop Classic Shirt,https://assets.ajio.com/medias/sys_master/root1/20250925/Z59i/68d4e4b23d468c61ab241424/dnmx_blue_women_loose_fit_crop_classic_shirt.jpg,DNMX,Women,Shirts,178,699,49,,,,Blue,Loose Fit,,,,"DNMX Blue Women Loose Fit Crop Classic Shirt. Brand: DNMX. Color: Blue. Fit: Loose Fit. Category: Women, Shirts. 1K shoppers wishlisted in last 30 days",InStock,,https://www.ajio.com/dnmx-women-loose-fit-crop-classic-shirt/p/443086288_blue,2026-06-26T12:13:00.063541+00:00
Ajio,Outzidr Global Off White Women Embroidered Regular Fit Shirt,https://assets.ajio.com/medias/sys_master/root1/20260206/v4oO/6984fe6b7ef0c7385cbb297e/outzidr_global_off_white_women_embroidered_regular_fit_shirt.jpg,Outzidr Global,Women,Shirts,1019,1549,6,,,,Off White,Regular Fit,,,Embroidered,"Outzidr Global Off White Women Embroidered Regular Fit Shirt. Brand: Outzidr Global. Color: Off White. Fit: Regular Fit. Pattern: Embroidered. Category: Women, Shirts",InStock,,https://www.ajio.com/outzidr-global-women-embroidered-regular-fit-shirt/p/702866815_offwhite,2026-06-26T12:13:00.063541+00:00
Ajio,DIVAWALK Blue Women Checked Regular Fit Shirt,https://assets.ajio.com/medias/sys_master/root/20250614/Mm45/684d902355340d4b4faf1e19/divawalk_blue_women_checked_regular_fit_shirt.jpg,DIVAWALK,Women,Shirts,781,3099,64,,,3XL,Blue,Regular Fit,,,Checkered,"DIVAWALK Blue Women Checked Regular Fit Shirt. Brand: DIVAWALK. Color: Blue. Fit: Regular Fit. Pattern: Checkered. Size: 3XL. Category: Women, Shirts",InStock,,https://www.ajio.com/divawalk-women-checked-regular-fit-shirt-/p/701667733_blue,2026-06-26T12:13:00.063541+00:00
Ajio,PINACOLADA Black Women Checked Relaxed Fit Shirt,https://assets.ajio.com/medias/sys_master/root1/20260219/8lqg/699744f2cbfa0d56082104cc/pinacolada_black_women_checked_relaxed_fit_shirt.jpg,PINACOLADA,Women,Shirts,525,1499,50,,,,Multi,Relaxed Fit,,,Checkered,"PINACOLADA Black Women Checked Relaxed Fit Shirt. Brand: PINACOLADA. Color: Multi. Fit: Relaxed Fit. Pattern: Checkered. Category: Women, Shirts",InStock,,https://www.ajio.com/pinacolada-women-checked-relaxed-fit-shirt/p/702993637_multi,2026-06-26T12:13:00.063541+00:00
Ajio,PINACOLADA Purple Women Regular Fit Shirt,https://assets.ajio.com/medias/sys_master/root1/20250822/yH1K/68a7781e3d468c61ab8ea942/pinacolada_purple_women_regular_fit_shirt.jpg,PINACOLADA,Women,Shirts,420,1499,60,,,XL,Purple,Regular Fit,,,,"PINACOLADA Purple Women Regular Fit Shirt. Brand: PINACOLADA. Color: Purple. Fit: Regular Fit. Size: XL. Category: Women, Shirts",InStock,,https://www.ajio.com/pinacolada-women-regular-fit-shirt/p/702141753_purple,2026-06-26T12:13:00.063541+00:00
Ajio,KOTTY Multicoloured Women Printed Spread-Collar Shirt,https://assets.ajio.com/medias/sys_master/root/20240918/9Pn2/66eb00e2f9b8ef490b4fbd03/kotty_multicoloured_women_printed_spread-collar_shirt.jpg,KOTTY,Women,Shirts,300,1999,85,,,,Multi,,,,Printed,"KOTTY Multicoloured Women Printed Spread-Collar Shirt. Brand: KOTTY. Color: Multi. Pattern: Printed. Category: Women, Shirts",InStock,,https://www.ajio.com/kotty-women-printed-spread-collar-shirt-/p/700441295_multi,2026-06-26T12:13:00.063541+00:00
Ajio,CHIMPAAANZEE Green Women Checked Oversized Fit Shirt,https://assets.ajio.com/medias/sys_master/root1/20260121/pbKn/69710d1dcbfa0d56088d55f4/chimpaaanzee_green_women_checked_oversized_fit_shirt.jpg,CHIMPAAANZEE,Women,Shirts,538,999,23,,,,Green,Oversized Fit,,,Checkered,"CHIMPAAANZEE Green Women Checked Oversized Fit Shirt. Brand: CHIMPAAANZEE. Color: Green. Fit: Oversized Fit. Pattern: Checkered. Category: Women, Shirts. 780 shoppers wishlisted in last 30 days",InStock,,https://www.ajio.com/chimpaaanzee-women-checked-oversized-fit-shirt/p/702790953_green,2026-06-26T12:13:00.063541+00:00
Ajio,COLOR CAPITAL Pink Women Relaxed Fit Spread-Collar Shirt,https://assets.ajio.com/medias/sys_master/root/20250509/hJye/681d0e937a6cd4182f1fa89e/color_capital_pink_women_relaxed_fit_spread-collar_shirt.jpg,COLOR CAPITAL,Women,Shirts,613,1990,56,,,L,Pink,Relaxed Fit,,,,"COLOR CAPITAL Pink Women Relaxed Fit Spread-Collar Shirt. Brand: COLOR CAPITAL. Color: Pink. Fit: Relaxed Fit. Size: L. Category: Women, Shirts",InStock,,https://www.ajio.com/color-capital-women-relaxed-fit-spread-collar-shirt/p/701554119_pink,2026-06-26T12:13:00.063541+00:00
Ajio,LEIA Mustard Women Printed Regular Fit Shirt,https://assets.ajio.com/medias/sys_master/root1/20260217/8QDs/699392ba7ef0c7385cf95e99/leia_mustard_women_printed_regular_fit_shirt.jpg,LEIA,Women,Shirts,308,1799,81,,,S,Mustard,Regular Fit,,,Printed,"LEIA Mustard Women Printed Regular Fit Shirt. Brand: LEIA. Color: Mustard. Fit: Regular Fit. Pattern: Printed. Size: S. Category: Women, Shirts",InStock,,https://www.ajio.com/leia-women-printed-regular-fit-shirt/p/702946015_mustard,2026-06-26T12:13:00.063541+00:00
Ajio,Vastrado White Women Oversized Fit Classic Shirt,https://assets.ajio.com/medias/sys_master/root/20240524/547B/664f9e5016fd2c6e6a2051a1/vastrado_white_women_oversized_fit_classic_shirt.jpg,Vastrado,Women,Shirts,416,1349,56,,,XL,White,Oversized Fit,,,,"Vastrado White Women Oversized Fit Classic Shirt. Brand: Vastrado. Color: White. Fit: Oversized Fit. Size: XL. Category: Women, Shirts",InStock,,https://www.ajio.com/vastrado-women-oversized-fit-classic-shirt/p/700006656_white,2026-06-26T12:13:00.063541+00:00
Ajio,DNMX Off White Women Paisley Print Boxy Fit Shirt,https://assets.ajio.com/medias/sys_master/root1/20260519/6S3x/6a0c2ff6fcb5bb61d2cfe585/dnmx_off_white_women_paisley_print_boxy_fit_shirt.jpg,DNMX,Women,Shirts,489,699,30.04,,,,Off White,Boxy Fit,,,,"DNMX Off White Women Paisley Print Boxy Fit Shirt. Brand: DNMX. Color: Off White. Fit: Boxy Fit. Category: Women, Shirts. 4.2K shoppers wishlisted in last 30 days",InStock,,https://www.ajio.com/dnmx-women-paisley-print-boxy-fit-shirt/p/443098567_offwhite,2026-06-26T12:13:00.063541+00:00
Ajio,CHIMPAAANZEE Green Women Oversized Fit Checked Shirt,https://assets.ajio.com/medias/sys_master/root1/20250731/eXcj/688b438a8bfb9009ac4f0ce0/chimpaaanzee_green_women_oversized_fit_checked_shirt.jpg,CHIMPAAANZEE,Women,Shirts,594,999,15,,,,Green,Oversized Fit,,,Checkered,"CHIMPAAANZEE Green Women Oversized Fit Checked Shirt. Brand: CHIMPAAANZEE. Color: Green. Fit: Oversized Fit. Pattern: Checkered. Category: Women, Shirts",InStock,,https://www.ajio.com/chimpaaanzee-women-oversized-fit-checked-shirt/p/701750107_green,2026-06-26T12:13:00.063541+00:00
Ajio,PURYS Off white Women Printed Regular Fit Shirt,https://assets.ajio.com/medias/sys_master/root1/20260124/cL1L/6973d2d57ef0c7385c8e8e83/purys_off_white_women_printed_regular_fit_shirt.jpg,PURYS,Women,Shirts,531,1999,62,,,XL,Off White,Regular Fit,,,Printed,"PURYS Off white Women Printed Regular Fit Shirt. Brand: PURYS. Color: Off White. Fit: Regular Fit. Pattern: Printed. Size: XL. Category: Women, Shirts. 871 shoppers wishlisted in last 30 days",InStock,,https://www.ajio.com/purys-women-printed-regular-fit-shirt/p/702804386_offwhite,2026-06-26T12:13:00.063541+00:00
Ajio,Nyrika Aqua Women Relaxed Fit Spread-Collar Shirt,https://assets.ajio.com/medias/sys_master/root1/20260228/W1bh/69a221da08a9882390301b6e/nyrika_aqua_women_relaxed_fit_spread-collar_shirt.jpg,Nyrika,Women,Shirts,400,1999,76,,,XL,Aqua,Relaxed Fit,,,,"Nyrika Aqua Women Relaxed Fit Spread-Collar Shirt. Brand: Nyrika. Color: Aqua. Fit: Relaxed Fit. Size: XL. Category: Women, Shirts",InStock,,https://www.ajio.com/nyrika-women-relaxed-fit-spread-collar-shirt/p/703042283_aqua,2026-06-26T12:13:00.063541+00:00
Ajio,Modestouze Attires White Women Printed Fitted Shirt,https://assets.ajio.com/medias/sys_master/root1/20251223/4pmC/694a7722720fb821d3a857ac/modestouze_attires_white_women_printed_fitted_shirt.jpg,Modestouze Attires,Women,Shirts,350,999,50,,,S,White,,,,Printed,"Modestouze Attires White Women Printed Fitted Shirt. Brand: Modestouze Attires. Color: White. Pattern: Printed. Size: S. Category: Women, Shirts",InStock,,https://www.ajio.com/modestouze-attires-women-printed-fitted-shirt/p/702660895_white,2026-06-26T12:13:00.063541+00:00
Ajio,LAKSHITA SPA Women Embroidery Relaxed Fit Shirt,https://assets.ajio.com/medias/sys_master/root/20250526/yB3F/68349b5555340d4b4f56b2b5/lakshita_spa_women_embroidery_relaxed_fit_shirt.jpg,LAKSHITA,Women,Shirts,1028,3495,58,,,L,Blue,Relaxed Fit,,,,"LAKSHITA SPA Women Embroidery Relaxed Fit Shirt. Brand: LAKSHITA. Color: Blue. Fit: Relaxed Fit. Size: L. Category: Women, Shirts",InStock,,https://www.ajio.com/lakshita-women-embroidery-relaxed-fit-shirt/p/701625629_blue,2026-06-26T12:13:00.063541+00:00
Ajio,The Souled Store Wine Women Spread Collar Regular Fit Shirt,https://assets.ajio.com/medias/sys_master/root/20250617/ykYX/6850770255340d4b4fb780a1/the_souled_store_wine__women_spread_collar_regular_fit_shirt.jpg,The Souled Store,Women,Shirts,1410,1699,17,,,,Wine,Regular Fit,,,,"The Souled Store Wine Women Spread Collar Regular Fit Shirt. Brand: The Souled Store. Color: Wine. Fit: Regular Fit. Category: Women, Shirts",InStock,,https://www.ajio.com/the-souled-store--women-spread-collar-regular-fit-shirt/p/701758275_wine,2026-06-26T12:13:00.063541+00:00
Ajio,CRIMSOUNE CLUB Green Women Checked Slim Fit Shirt,https://assets.ajio.com/medias/sys_master/root/20240913/43Ro/66e46a7f1d763220fae65ce8/crimsoune_club_green_women_checked_slim_fit_shirt.jpg,CRIMSOUNE CLUB,Women,Shirts,412,1399,58,,,L,Green,Slim Fit,,,Checkered,"CRIMSOUNE CLUB Green Women Checked Slim Fit Shirt. Brand: CRIMSOUNE CLUB. Color: Green. Fit: Slim Fit. Pattern: Checkered. Size: L. Category: Women, Shirts",InStock,,https://www.ajio.com/crimsoune-club-women-checked-slim-fit-shirt-/p/700419586_green,2026-06-26T12:13:00.063541+00:00
Ajio,The Souled Store Pink Women Regular Fit Shirt,https://assets.ajio.com/medias/sys_master/root1/20260202/V629/697fe311cbfa0d5608ae4436/the_souled_store_pink_women_regular_fit_shirt.jpg,The Souled Store,Women,Shirts,1499,1499,,,,,Pink,Regular Fit,,,,"The Souled Store Pink Women Regular Fit Shirt. Brand: The Souled Store. Color: Pink. Fit: Regular Fit. Category: Women, Shirts. 830 shoppers wishlisted in last 30 days",InStock,,https://www.ajio.com/the-souled-store-women-regular-fit-shirt/p/702836307_pink,2026-06-26T12:13:00.063541+00:00
Ajio,MAX LIGHT GREEN Women Checked Oversized Shirt,https://assets.ajio.com/medias/sys_master/root1/20251004/fn9g/68e02e7f8bfb9009ac539c76/max_light_green_women_checked_oversized_shirt.jpg,MAX,Women,Shirts,434,899,31,,,,Green,,,,Checkered,"MAX LIGHT GREEN Women Checked Oversized Shirt. Brand: MAX. Color: Green. Pattern: Checkered. Category: Women, Shirts",InStock,,https://www.ajio.com/max-women-checked-oversized-shirt/p/702359735_green,2026-06-26T12:13:00.063541+00:00
Ajio,DNMX FOR TRENDS SELECT Olive Green Women Crop Fit Shirt,https://assets.ajio.com/medias/sys_master/root/20250224/uukA/67bc706e2960820c49a03463/dnmx_for_trends_select_olive_green_women_crop_fit_shirt.jpg,DNMX FOR TRENDS SELECT,Women,Shirts,150,499,70,,,,Olive,,,,,"DNMX FOR TRENDS SELECT Olive Green Women Crop Fit Shirt. Brand: DNMX FOR TRENDS SELECT. Color: Olive. Category: Women, Shirts",InStock,,https://www.ajio.com/dnmx-for-trends-select-women-crop-fit-shirt/p/442660163_olive,2026-06-26T12:13:00.063541+00:00
Ajio,CRIMSOUNE CLUB Pink Women Regular Fit Shirt with Spread Collar,https://assets.ajio.com/medias/sys_master/root/20250605/IWe0/6841c9e155340d4b4f8a306b/crimsoune_club_pink_women_regular_fit_shirt_with_spread_collar.jpg,CRIMSOUNE CLUB,Women,Shirts,571,1699,52,,,L,Pink,Regular Fit,,,,"CRIMSOUNE CLUB Pink Women Regular Fit Shirt with Spread Collar. Brand: CRIMSOUNE CLUB. Color: Pink. Fit: Regular Fit. Size: L. Category: Women, Shirts",InStock,,https://www.ajio.com/crimsoune-club-women-regular-fit-shirt-with-spread-collar/p/701684700_pink,2026-06-26T12:13:00.063541+00:00
Ajio,Fyre Rose Cream Women Colourblock Regular Fit Shirt,https://assets.ajio.com/medias/sys_master/root1/20260327/SICf/69c5a85e9e784a25d5933ab6/fyre_rose_cream_women_colourblock_regular_fit_shirt.jpg,Fyre Rose,Women,Shirts,224,999,68,,,S,Multi,Regular Fit,,,,"Fyre Rose Cream Women Colourblock Regular Fit Shirt. Brand: Fyre Rose. Color: Multi. Fit: Regular Fit. Size: S. Category: Women, Shirts",InStock,,https://www.ajio.com/fyre-rose-women-colourblock-regular-fit-shirt/p/703228558_multi,2026-06-26T12:13:00.063541+00:00
Ajio,ALLEN SOLLY Black Women Regular Fit Shirt with Spread Collar,https://assets.ajio.com/medias/sys_master/root1/20260209/sPnf/6989df9a7ef0c7385cc56bba/allen_solly_black_women_regular_fit_shirt_with_spread_collar.jpg,ALLEN SOLLY,Women,Shirts,965,2299,40,,,,Black,Regular Fit,,,,"ALLEN SOLLY Black Women Regular Fit Shirt with Spread Collar. Brand: ALLEN SOLLY. Color: Black. Fit: Regular Fit. Category: Women, Shirts. 1.1K shoppers wishlisted in last 30 days",InStock,,https://www.ajio.com/allen-solly-women-regular-fit-shirt-with-spread-collar/p/702884950_black,2026-06-26T12:13:00.063541+00:00
Ajio,MAX BLUSH Women Embroidered Shirt,https://assets.ajio.com/medias/sys_master/root1/20260304/Dlek/69a8159baf321a7f92f4d5de/max_blush_women_embroidered_shirt.jpg,MAX,Women,Shirts,559,799,30.04,,,,Pink,,,,Embroidered,"MAX BLUSH Women Embroidered Shirt. Brand: MAX. Color: Pink. Pattern: Embroidered. Category: Women, Shirts",InStock,,https://www.ajio.com/max-women-embroidered-shirt/p/703093785_pink,2026-06-26T12:13:00.063541+00:00
Ajio,LEIA Green Women Regular Fit Classic Shirt,https://assets.ajio.com/medias/sys_master/root1/20250729/w5Le/6888ab618bfb9009ac46290f/leia_green_women_regular_fit_classic_shirt.jpg,LEIA,Women,Shirts,292,1799,82,,,S,Green,Regular Fit,,,,"LEIA Green Women Regular Fit Classic Shirt. Brand: LEIA. Color: Green. Fit: Regular Fit. Size: S. Category: Women, Shirts",InStock,,https://www.ajio.com/leia-women-regular-fit-classic-shirt/p/702037103_green,2026-06-26T12:13:00.063541+00:00
Ajio,STREET9 Women Regular Fit Shirt,https://assets.ajio.com/medias/sys_master/root1/20260509/GQyC/69ff6cc3fcb5bb61d2b474a4/street9__women_regular_fit_shirt.jpg,STREET9,Women,Shirts,420,1999,70,,,,Blue,Regular Fit,,,,"STREET9 Women Regular Fit Shirt. Brand: STREET9. Color: Blue. Fit: Regular Fit. Category: Women, Shirts",InStock,,https://www.ajio.com/street9-women-regular-fit-shirt/p/702525593_blue,2026-06-26T12:13:00.063541+00:00
Ajio,DNMX white Women Schiffli Embroidered Relaxed Fit Cotton Shirt,https://assets.ajio.com/medias/sys_master/root1/20250902/ryBN/68b6e1653d468c61abb6e33a/dnmx_white_women_schiffli_embroidered_relaxed_fit_cotton_shirt.jpg,DNMX,Women,Shirts,255,999,49,,,,White,Relaxed Fit,Cotton,,Embroidered,"DNMX white Women Schiffli Embroidered Relaxed Fit Cotton Shirt. Brand: DNMX. Color: White. Fit: Relaxed Fit. Fabric: Cotton. Pattern: Embroidered. Category: Women, Shirts. 1.9K shoppers wishlisted in last 30 days",InStock,,https://www.ajio.com/dnmx-women-schiffli-embroidered-relaxed-fit-cotton-shirt/p/443087602_white,2026-06-26T12:13:00.063541+00:00
Ajio,PINACOLADA Black Women Checked Relaxed Fit Shirt,https://assets.ajio.com/medias/sys_master/root1/20260220/CptM/69979887cbfa0d560822fd2e/pinacolada_black_women_checked_relaxed_fit_shirt.jpg,PINACOLADA,Women,Shirts,473,1499,55,,,S,Multi,Relaxed Fit,,,Checkered,"PINACOLADA Black Women Checked Relaxed Fit Shirt. Brand: PINACOLADA. Color: Multi. Fit: Relaxed Fit. Pattern: Checkered. Size: S. Category: Women, Shirts",InStock,,https://www.ajio.com/pinacolada-women-checked-relaxed-fit-shirt/p/702993764_multi,2026-06-26T12:13:00.063541+00:00
Ajio,Outzidr Global Rust Women Embroidered Regular Fit Shirt,https://assets.ajio.com/medias/sys_master/root1/20260406/7Two/69d39db09e784a25d5bdbbf7/outzidr_global_rust_women_embroidered_regular_fit_shirt.jpg,Outzidr Global,Women,Shirts,1494,2099,5,,,,Rust,Regular Fit,,,Embroidered,"Outzidr Global Rust Women Embroidered Regular Fit Shirt. Brand: Outzidr Global. Color: Rust. Fit: Regular Fit. Pattern: Embroidered. Category: Women, Shirts. 2.5K shoppers wishlisted in last 30 days",InStock,,https://www.ajio.com/outzidr-global-women-embroidered-regular-fit-shirt/p/703285330_rust,2026-06-26T12:13:00.063541+00:00
Ajio,Fyre Rose Black Women Relaxed Fit Shirt with Spread Collar,https://assets.ajio.com/medias/sys_master/root1/20260220/4san/699899b97ef0c7385c1beef8/fyre_rose_black_women_relaxed_fit_shirt_with_spread_collar.jpg,Fyre Rose,Women,Shirts,366,1899,78,,,S,Black,Relaxed Fit,,,,"Fyre Rose Black Women Relaxed Fit Shirt with Spread Collar. Brand: Fyre Rose. Color: Black. Fit: Relaxed Fit. Size: S. Category: Women, Shirts",InStock,,https://www.ajio.com/fyre-rose-women-relaxed-fit-shirt-with-spread-collar/p/703002539_black,2026-06-26T12:13:00.063541+00:00
Ajio,DNMX black Women Printed Loose Fit Classic Shirt,https://assets.ajio.com/medias/sys_master/root1/20260515/y74l/6a06c92714d0c21719de6fc5/dnmx_black_women_printed_loose_fit_classic_shirt.jpg,DNMX,Women,Shirts,559,799,30.04,,,,Black,Loose Fit,,,Printed,"DNMX black Women Printed Loose Fit Classic Shirt. Brand: DNMX. Color: Black. Fit: Loose Fit. Pattern: Printed. Category: Women, Shirts. 905 shoppers wishlisted in last 30 days",InStock,,https://www.ajio.com/dnmx-women-printed-loose-fit-classic-shirt/p/443119838_black,2026-06-26T12:13:00.063541+00:00
Ajio,Fuback X AG Yellow Women Striped Regular Fit Shirt with Spread Collar,https://assets.ajio.com/medias/sys_master/root1/20251117/zrKv/691b00dc88d6d62ff8ed0aa4/fuback_x_ag_yellow_women_striped_regular_fit_shirt_with_spread_collar.jpg,Fuback X AG,Women,Shirts,342,1999,81,,,XXL,Yellow,Regular Fit,,,Striped,"Fuback X AG Yellow Women Striped Regular Fit Shirt with Spread Collar. Brand: Fuback X AG. Color: Yellow. Fit: Regular Fit. Pattern: Striped. Size: XXL. Category: Women, Shirts",InStock,,https://www.ajio.com/fuback-x-ag-women-striped-regular-fit-shirt-with-spread-collar/p/702503822_yellow,2026-06-26T12:13:00.063541+00:00
Ajio,VAN HEUSEN Brown Women Printed Regular Fit Shirt,https://assets.ajio.com/medias/sys_master/root/20250708/cKbt/686d02dab13fc54edd054420/van_heusen_brown_women_printed_regular_fit_shirt.jpg,VAN HEUSEN,Women,Shirts,686,1999,51,,,,Brown,Regular Fit,,,Printed,"VAN HEUSEN Brown Women Printed Regular Fit Shirt. Brand: VAN HEUSEN. Color: Brown. Fit: Regular Fit. Pattern: Printed. Category: Women, Shirts",InStock,,https://www.ajio.com/van-heusen-women-printed-regular-fit-shirt/p/442884956_brown,2026-06-26T12:13:00.063541+00:00
Ajio,Gerua By Libas Yellow Women Relaxed Fit Printed Shirt,https://assets.ajio.com/medias/sys_master/root1/20260422/hsBb/69e8b1cbfcb5bb61d273bedf/gerua_by_libas_yellow_women_relaxed_fit_printed_shirt.jpg,Gerua By Libas,Women,Shirts,336,1599,70,,,,Yellow,Relaxed Fit,,,Printed,"Gerua By Libas Yellow Women Relaxed Fit Printed Shirt. Brand: Gerua By Libas. Color: Yellow. Fit: Relaxed Fit. Pattern: Printed. Category: Women, Shirts",InStock,,https://www.ajio.com/gerua-by-libas-women-relaxed-fit-printed-shirt/p/703359254_yellow,2026-06-26T12:13:00.063541+00:00
Ajio,LIMEROAD Pink Women Floral Print Regular Fit Shirt,https://assets.ajio.com/medias/sys_master/root1/20260602/ewVf/6a1dd5b7fcb5bb61d2fbb26c/limeroad_pink_women_floral_print_regular_fit_shirt.jpg,LIMEROAD,Women,Shirts,176,349,28,,,,Pink,Regular Fit,,,Floral,"LIMEROAD Pink Women Floral Print Regular Fit Shirt. Brand: LIMEROAD. Color: Pink. Fit: Regular Fit. Pattern: Floral. Category: Women, Shirts",InStock,,https://www.ajio.com/limeroad-women-floral-print-regular-fit-shirt/p/703512111_pink,2026-06-26T12:13:00.063541+00:00
Ajio,ALLEN SOLLY White Women Printed Regular Fit Shirt,https://assets.ajio.com/medias/sys_master/root1/20250729/6WU1/6888fcb58bfb9009ac481f6c/allen_solly_white_women_printed_regular_fit_shirt.jpg,ALLEN SOLLY,Women,Shirts,965,2299,40,,,,White,Regular Fit,,,Printed,"ALLEN SOLLY White Women Printed Regular Fit Shirt. Brand: ALLEN SOLLY. Color: White. Fit: Regular Fit. Pattern: Printed. Category: Women, Shirts",InStock,,https://www.ajio.com/allen-solly-women-printed-regular-fit-shirt/p/702039330_white,2026-06-26T12:13:00.063541+00:00
Ajio,Outzidr Global White Women Relaxed Fit Shirt with Flap Pockets,https://assets.ajio.com/medias/sys_master/root1/20251124/6Q2y/69244af588d6d62ff8002126/outzidr_global_white_women_relaxed_fit_shirt_with_flap_pockets.jpg,Outzidr Global,Women,Shirts,1165,1849,10,,,,White,Relaxed Fit,,,,"Outzidr Global White Women Relaxed Fit Shirt with Flap Pockets. Brand: Outzidr Global. Color: White. Fit: Relaxed Fit. Category: Women, Shirts",InStock,,https://www.ajio.com/outzidr-global-women-relaxed-fit-shirt-with-flap-pockets/p/702535577_white,2026-06-26T12:13:00.063541+00:00
Ajio,Indo Yellow Women Spread Collar Regular Fit Shirt,https://assets.ajio.com/medias/sys_master/root/20250424/ucUl/6809c14255340d4b4ff6572e/indo_yellow_women_spread_collar_regular_fit_shirt.jpg,Indo,Women,Shirts,318,2000,80,,,M,Yellow,Regular Fit,,,,"Indo Yellow Women Spread Collar Regular Fit Shirt. Brand: Indo. Color: Yellow. Fit: Regular Fit. Size: M. Category: Women, Shirts",InStock,,https://www.ajio.com/indo-women-spread-collar-regular-fit-shirt---/p/701493127_yellow,2026-06-26T12:13:00.063541+00:00
Ajio,VIDA LOCA Pink & White Women Embroidered Slim Fit Shirt,https://assets.ajio.com/medias/sys_master/root1/20260217/sf2p/69938c67cbfa0d560804be2d/vida_loca_pink_%26_white_women_embroidered_slim_fit_shirt.jpg,VIDA LOCA,Women,Shirts,1949,2499,2,,,,Pink,Slim Fit,,,Embroidered,"VIDA LOCA Pink & White Women Embroidered Slim Fit Shirt. Brand: VIDA LOCA. Color: Pink. Fit: Slim Fit. Pattern: Embroidered. Category: Women, Shirts",InStock,,https://www.ajio.com/vida-loca-women-embroidered-slim-fit-shirt/p/702953393_pink,2026-06-26T12:13:00.063541+00:00
Ajio,YOUSTA Beige Women Embroidered Boxy Fit Shirt,https://assets.ajio.com/medias/sys_master/root1/20250904/NJWD/68b9b5238bfb9009acdbffb8/yousta_beige_women_embroidered_boxy_fit_shirt.jpg,YOUSTA,Women,Shirts,140,499,60,,,,Beige,Boxy Fit,,,Embroidered,"YOUSTA Beige Women Embroidered Boxy Fit Shirt. Brand: YOUSTA. Color: Beige. Fit: Boxy Fit. Pattern: Embroidered. Category: Women, Shirts",InStock,,https://www.ajio.com/yousta-women-embroidered-boxy-fit-shirt/p/443081453_beige,2026-06-26T12:13:00.063541+00:00
Ajio,LEIA Yellow Women Floral Print Relaxed Fit Shirt,https://assets.ajio.com/medias/sys_master/root1/20260416/GYiS/69e0e8f314d0c2171978ca39/leia_yellow_women_floral_print_relaxed_fit_shirt.jpg,LEIA,Women,Shirts,349,1716,71,,,S,Yellow,Relaxed Fit,,,Floral,"LEIA Yellow Women Floral Print Relaxed Fit Shirt. Brand: LEIA. Color: Yellow. Fit: Relaxed Fit. Pattern: Floral. Size: S. Category: Women, Shirts. 2.3K shoppers wishlisted in last 30 days",InStock,,https://www.ajio.com/leia-women-floral-print-relaxed-fit-shirt/p/703333947_yellow,2026-06-26T12:13:00.063541+00:00
Ajio,Outzidr Global Wine Women Relaxed Fit Shirt with Flap Pockets,https://assets.ajio.com/medias/sys_master/root1/20251124/S8Xd/6924543988d6d62ff8014879/outzidr_global_wine_women_relaxed_fit_shirt_with_flap_pockets.jpg,Outzidr Global,Women,Shirts,1165,1849,10,,,,Wine,Relaxed Fit,,,,"Outzidr Global Wine Women Relaxed Fit Shirt with Flap Pockets. Brand: Outzidr Global. Color: Wine. Fit: Relaxed Fit. Category: Women, Shirts. 1.5K shoppers wishlisted in last 30 days",InStock,,https://www.ajio.com/outzidr-global-women-relaxed-fit-shirt-with-flap-pockets/p/702535577_wine,2026-06-26T12:13:00.063541+00:00
Ajio,YOUSTA Coffee Women Oversized Fit Shirt,https://assets.ajio.com/medias/sys_master/root1/20250919/vdAA/68cd46ca3d468c61ab0b75d1/yousta_coffee_women_oversized_fit_shirt.jpg,YOUSTA,Women,Shirts,210,599,50,,,,Coffee,Oversized Fit,,,,"YOUSTA Coffee Women Oversized Fit Shirt. Brand: YOUSTA. Color: Coffee. Fit: Oversized Fit. Category: Women, Shirts",InStock,,https://www.ajio.com/yousta-women-oversized-fit-shirt/p/443088368_coffee,2026-06-26T12:13:00.063541+00:00
Ajio,Forever New Blue Women Striped Regular Fit Shirt,https://assets.ajio.com/medias/sys_master/root1/20260330/YVXn/69ca65625bc52e77e013e5a0/forever_new_blue_women_striped_regular_fit_shirt.jpg,Forever New,Women,Shirts,3616,4900,18,,,,Blue,Regular Fit,,,Striped,"Forever New Blue Women Striped Regular Fit Shirt. Brand: Forever New. Color: Blue. Fit: Regular Fit. Pattern: Striped. Category: Women, Shirts",InStock,,https://www.ajio.com/forever-new-women-striped-regular-fit-shirt/p/703243556_blue,2026-06-26T12:13:00.063541+00:00
Ajio,YOUSTA Black Women Checked Regular Fit Shirt with Patch Pocket,https://assets.ajio.com/medias/sys_master/root1/20251210/y8Mw/6939056a720fb821d37f75ae/yousta_black_women_checked_regular_fit_shirt_with_patch_pocket.jpg,YOUSTA,Women,Shirts,210,599,50,,,,Darkblack,Regular Fit,,,Checkered,"YOUSTA Black Women Checked Regular Fit Shirt with Patch Pocket. Brand: YOUSTA. Color: Darkblack. Fit: Regular Fit. Pattern: Checkered. Category: Women, Shirts",InStock,,https://www.ajio.com/yousta-women-checked-regular-fit-shirt-with-patch-pocket/p/443088494_darkblack,2026-06-26T12:13:00.063541+00:00
Ajio,DNMX Medium blue Women Relaxed FIt Classic Shirt,https://assets.ajio.com/medias/sys_master/root1/20260526/JQ3I/6a156e04fcb5bb61d2e783a0/dnmx_medium_blue_women_relaxed_fit_classic_shirt.jpg,DNMX,Women,Shirts,699,999,30.03,,,,Mediumblue,Relaxed Fit,,,,"DNMX Medium blue Women Relaxed FIt Classic Shirt. Brand: DNMX. Color: Mediumblue. Fit: Relaxed Fit. Category: Women, Shirts",InStock,,https://www.ajio.com/dnmx-women-relaxed-fit-classic-shirt/p/443117803_mediumblue,2026-06-26T12:13:00.063541+00:00
Ajio,LIRIT Orange Women Regular Fit Shirt,https://assets.ajio.com/medias/sys_master/root1/20260119/ip6V/696e3b177ef0c7385c769494/lirit_orange_women_regular_fit_shirt.jpg,LIRIT,Women,Shirts,397,1620,65,,,M,Orange,Regular Fit,,,,"LIRIT Orange Women Regular Fit Shirt. Brand: LIRIT. Color: Orange. Fit: Regular Fit. Size: M. Category: Women, Shirts",InStock,,https://www.ajio.com/lirit-women-regular-fit-shirt/p/702779813_orange,2026-06-26T12:13:00.063541+00:00
Ajio,LAKSHITA Blue Women Relaxed Fit Embroidery Shirt,https://assets.ajio.com/medias/sys_master/root/20250509/Aqxg/681e35c655340d4b4f27f93e/lakshita_blue_women_relaxed_fit_embroidery_shirt.jpg,LAKSHITA,Women,Shirts,2095,2595,19.27,,,,Blue,Relaxed Fit,,,,"LAKSHITA Blue Women Relaxed Fit Embroidery Shirt. Brand: LAKSHITA. Color: Blue. Fit: Relaxed Fit. Category: Women, Shirts",InStock,,https://www.ajio.com/lakshita-women-relaxed-fit-embroidery-shirt/p/701559290_blue,2026-06-26T12:13:00.063541+00:00
Ajio,Zilcon Off White Women Leaf Print Regular Fit Shirt with Cuban Collar,https://assets.ajio.com/medias/sys_master/root1/20260120/1tDm/696e839bcbfa0d5608857335/zilcon_off_white_women_leaf_print_regular_fit_shirt_with_cuban_collar.jpg,Zilcon,Women,Shirts,269,1999,87,,,S,Off White,Regular Fit,,,,"Zilcon Off White Women Leaf Print Regular Fit Shirt with Cuban Collar. Brand: Zilcon. Color: Off White. Fit: Regular Fit. Size: S. Category: Women, Shirts. 1.1K shoppers wishlisted in last 30 days",InStock,,https://www.ajio.com/zilcon-women-leaf-print-regular-fit-shirt-with-cuban-collar-/p/702767039_offwhite,2026-06-26T12:13:00.063541+00:00
Ajio,LEIA Blue Women Printed Regular Fit Shirt with Cuban Collar,https://assets.ajio.com/medias/sys_master/root1/20250818/6yvy/68a32ea98bfb9009ac8c118d/leia_blue_women_printed_regular_fit_shirt_with_cuban_collar.jpg,LEIA,Women,Shirts,151,650,67,,,XL,Blue,Regular Fit,,,Printed,"LEIA Blue Women Printed Regular Fit Shirt with Cuban Collar. Brand: LEIA. Color: Blue. Fit: Regular Fit. Pattern: Printed. Size: XL. Category: Women, Shirts. 3.5K shoppers wishlisted in last 30 days",InStock,,https://www.ajio.com/leia-women-printed-regular-fit-shirt-with-cuban-collar/p/702124762_blue,2026-06-26T12:13:00.063541+00:00
Ajio,Zilcon Dark Olive Green Women Patterned Relaxed Fit Shirt,https://assets.ajio.com/medias/sys_master/root1/20250806/HeV0/68933cc23d468c61ab50cb19/zilcon_dark_olive_green_women_patterned_relaxed_fit_shirt.jpg,Zilcon,Women,Shirts,239,1999,88,,,XL,Olive,Relaxed Fit,,,,"Zilcon Dark Olive Green Women Patterned Relaxed Fit Shirt. Brand: Zilcon. Color: Olive. Fit: Relaxed Fit. Size: XL. Category: Women, Shirts",InStock,,https://www.ajio.com/zilcon-women-patterned-relaxed-fit-shirt/p/702080799_olive,2026-06-26T12:13:00.063541+00:00
Ajio,FIG Off White & Pink Women Floral Print Relaxed Fit Shirt,https://assets.ajio.com/medias/sys_master/root1/20251006/Ev3y/68e3bde88bfb9009ac572574/fig_off_white_%26_pink_women_floral_print_relaxed_fit_shirt.jpg,FIG,Women,Shirts,229,899,49,,,,Off White,Relaxed Fit,,,Floral,"FIG Off White & Pink Women Floral Print Relaxed Fit Shirt. Brand: FIG. Color: Off White. Fit: Relaxed Fit. Pattern: Floral. Category: Women, Shirts. 1.6K shoppers wishlisted in last 30 days",InStock,,https://www.ajio.com/fig-women-floral-print-relaxed-fit-shirt/p/443084237_offwhite,2026-06-26T12:13:00.063541+00:00
Ajio,LEIA Blue Women Regular Fit Spread Collar Shirt,https://assets.ajio.com/medias/sys_master/root/20250506/m9M6/6819cf687a6cd4182f1630d0/leia_blue_women_regular_fit_spread_collar_shirt.jpg,LEIA,Women,Shirts,292,1949,84,,,2XL,Blue,Regular Fit,,,,"LEIA Blue Women Regular Fit Spread Collar Shirt. Brand: LEIA. Color: Blue. Fit: Regular Fit. Size: 2XL. Category: Women, Shirts",InStock,,https://www.ajio.com/leia-women-regular-fit-spread-collar-shirt-/p/701541756_blue,2026-06-26T12:13:00.063541+00:00
Ajio,YOUSTA Blue Women Boxy Fit Shirt,https://assets.ajio.com/medias/sys_master/root/20240607/7ER5/6663117916fd2c6e6a59f992/yousta_blue_women_boxy_fit_shirt.jpg,YOUSTA,Women,Shirts,168,799,70,,,,Blue,Boxy Fit,,,,"YOUSTA Blue Women Boxy Fit Shirt. Brand: YOUSTA. Color: Blue. Fit: Boxy Fit. Category: Women, Shirts",InStock,,https://www.ajio.com/yousta-women-boxy-fit-shirt/p/442659226_blue,2026-06-26T12:13:00.063541+00:00
Ajio,STREET9 Beige Women Floral Print Relaxed Fit Shirt,https://assets.ajio.com/medias/sys_master/root1/20251104/3qdM/6909f0c6a470c5082f696150/street9_beige_women_floral_print_relaxed_fit_shirt.jpg,STREET9,Women,Shirts,366,1899,78,,,,Beige,Relaxed Fit,,,Floral,"STREET9 Beige Women Floral Print Relaxed Fit Shirt. Brand: STREET9. Color: Beige. Fit: Relaxed Fit. Pattern: Floral. Category: Women, Shirts",InStock,,https://www.ajio.com/street9-women-floral-print-relaxed-fit-shirt/p/702460399_beige,2026-06-26T12:13:00.063541+00:00
Ajio,ONLY Purple Women Graphic Print Regular Fit Shirt,https://assets.ajio.com/medias/sys_master/root/20240911/4AkP/66e1aadd6f60443f31711557/only_purple_women_graphic_print_regular_fit_shirt.jpg,ONLY,Women,Shirts,945,2999,55,,,,Purple,Regular Fit,,,Graphic Print,"ONLY Purple Women Graphic Print Regular Fit Shirt. Brand: ONLY. Color: Purple. Fit: Regular Fit. Pattern: Graphic Print. Category: Women, Shirts",InStock,,https://www.ajio.com/only-women-graphic-print-regular-fit-shirt/p/442797417_purple,2026-06-26T12:13:00.063541+00:00
Ajio,The Souled Store Peach Women Oversized Fit Checks Shirt,https://assets.ajio.com/medias/sys_master/root1/20260225/boxB/699f2bfe67bcd75393551bce/the_souled_store_peach_women_oversized_fit_checks_shirt.jpg,The Souled Store,Women,Shirts,1359,1699,20,,,,Peach,Oversized Fit,,,,"The Souled Store Peach Women Oversized Fit Checks Shirt. Brand: The Souled Store. Color: Peach. Fit: Oversized Fit. Category: Women, Shirts. 1.7K shoppers wishlisted in last 30 days",InStock,,https://www.ajio.com/the-souled-store-women-oversized-fit-checks-shirt/p/703045836_peach,2026-06-26T12:13:00.063541+00:00
Ajio,LEIA Navy Women Regular Fit Self-design Shirt,https://assets.ajio.com/medias/sys_master/root1/20251210/InrD/69386eae720fb821d37d1891/leia_navy_women_regular_fit_self-design_shirt.jpg,LEIA,Women,Shirts,240,1199,75,,,M,Navy,Regular Fit,,,Self Design,"LEIA Navy Women Regular Fit Self-design Shirt. Brand: LEIA. Color: Navy. Fit: Regular Fit. Pattern: Self Design. Size: M. Category: Women, Shirts",InStock,,https://www.ajio.com/leia-women-regular-fit-self-design-shirt/p/702603941_navy,2026-06-26T12:13:00.063541+00:00
Ajio,RIO White Women Printed Regular Fit Shirt,https://assets.ajio.com/medias/sys_master/root/20250509/VQNK/681e05c455340d4b4f27485b/rio_white_women_printed_regular_fit_shirt.jpg,RIO,Women,Shirts,127,499,49,,,,White,Regular Fit,,,Printed,"RIO White Women Printed Regular Fit Shirt. Brand: RIO. Color: White. Fit: Regular Fit. Pattern: Printed. Category: Women, Shirts",InStock,,https://www.ajio.com/rio-women-printed-regular-fit-shirt/p/443066531_white,2026-06-26T12:13:00.063541+00:00
Ajio,FITHUB White Women Regular Fit Shirt with Puff Sleeves,https://assets.ajio.com/medias/sys_master/root1/20260517/mx3W/6a08d09414d0c21719e23b64/fithub_white_women_regular_fit_shirt_with_puff_sleeves.jpg,FITHUB,Women,Shirts,578,2499,67,,,,White,Regular Fit,,,,"FITHUB White Women Regular Fit Shirt with Puff Sleeves. Brand: FITHUB. Color: White. Fit: Regular Fit. Category: Women, Shirts",InStock,,https://www.ajio.com/fithub-women-regular-fit-shirt-with-puff-sleeves/p/702271086_white,2026-06-26T12:13:00.063541+00:00
Ajio,Lounge Dreams Pink Women Schiffli Embroidered Regular Fit Shirt with Curved Hem,https://assets.ajio.com/medias/sys_master/root/20240523/qX5x/664e467f05ac7d77bb711e3b/lounge_dreams_pink_women_schiffli_embroidered_regular_fit_shirt_with_curved_hem.jpg,Lounge Dreams,Women,Shirts,1867,3699,36,,,S,Pink,Regular Fit,,,Embroidered,"Lounge Dreams Pink Women Schiffli Embroidered Regular Fit Shirt with Curved Hem. Brand: Lounge Dreams. Color: Pink. Fit: Regular Fit. Pattern: Embroidered. Size: S. Category: Women, Shirts",InStock,,https://www.ajio.com/lounge-dreams-women-schiffli-embroidered-regular-fit-shirt-with-curved-hem/p/700002141_pink,2026-06-26T12:13:00.063541+00:00
Ajio,DNMX Olive Women Washed Relaxed Fit Shirt,https://assets.ajio.com/medias/sys_master/root1/20260122/mLGC/6972114d7ef0c7385c879c83/dnmx_olive_women_washed_relaxed_fit_shirt.jpg,DNMX,Women,Shirts,280,1099,49,,,,Olive,Relaxed Fit,,,,"DNMX Olive Women Washed Relaxed Fit Shirt. Brand: DNMX. Color: Olive. Fit: Relaxed Fit. Category: Women, Shirts. 723 shoppers wishlisted in last 30 days",InStock,,https://www.ajio.com/dnmx-women-washed-relaxed-fit-shirt/p/443105607_olive,2026-06-26T12:13:00.063541+00:00
Ajio,STREET9 Brown Women Regular Fit Spread-Collar Shirt,https://assets.ajio.com/medias/sys_master/root1/20251110/N3DZ/691218be88d6d62ff8da51f0/street9_brown_women_regular_fit_spread-collar_shirt.jpg,STREET9,Women,Shirts,380,1899,72,,,,Brown,Regular Fit,,,,"STREET9 Brown Women Regular Fit Spread-Collar Shirt. Brand: STREET9. Color: Brown. Fit: Regular Fit. Category: Women, Shirts",InStock,,https://www.ajio.com/street9-women-regular-fit-spread-collar-shirt/p/702485317_brown,2026-06-26T12:13:00.063541+00:00
Ajio,LAKSHITA Purple Women Regular Fit Embroidered Shirt,https://assets.ajio.com/medias/sys_master/root1/20250723/cCMr/6880e96a3d468c61ab19a4b8/lakshita_purple_women_regular_fit_embroidered_shirt.jpg,LAKSHITA,Women,Shirts,629,3495,80,,,,Purple,Regular Fit,,,Embroidered,"LAKSHITA Purple Women Regular Fit Embroidered Shirt. Brand: LAKSHITA. Color: Purple. Fit: Regular Fit. Pattern: Embroidered. Category: Women, Shirts",InStock,,https://www.ajio.com/lakshita-women-regular-fit-embroidered-shirt/p/702012723_purple,2026-06-26T12:13:00.063541+00:00
Ajio,FITHUB Black Women Regular Fit Shirt with Puff Sleeves,https://assets.ajio.com/medias/sys_master/root1/20260517/XwzJ/6a08f80814d0c21719e244b0/fithub_black_women_regular_fit_shirt_with_puff_sleeves.jpg,FITHUB,Women,Shirts,578,2499,67,,,,Black,Regular Fit,,,,"FITHUB Black Women Regular Fit Shirt with Puff Sleeves. Brand: FITHUB. Color: Black. Fit: Regular Fit. Category: Women, Shirts",InStock,,https://www.ajio.com/fithub-women-regular-fit-shirt-with-puff-sleeves/p/702271086_black,2026-06-26T12:13:00.063541+00:00
Ajio,Indie Picks White Women Frame Print Tailored Fit Cotton Shirt,https://assets.ajio.com/medias/sys_master/root1/20260528/FqNp/6a1827a0fcb5bb61d2f0a1dd/indie_picks_white_women_frame_print_tailored_fit_cotton_shirt.jpg,Indie Picks,Women,Shirts,466,2330,75,,,S,White,,Cotton,,,"Indie Picks White Women Frame Print Tailored Fit Cotton Shirt. Brand: Indie Picks. Color: White. Fabric: Cotton. Size: S. Category: Women, Shirts. 2.3K shoppers wishlisted in last 30 days",InStock,,https://www.ajio.com/indie-picks-women-frame-print-tailored-fit-cotton-shirt/p/703503664_white,2026-06-26T12:13:00.063541+00:00
Ajio,LEIA Cream Women Floral Print Relaxed Fit Shirt,https://assets.ajio.com/medias/sys_master/root1/20260416/LzCB/69e0e90e14d0c2171978cd69/leia_cream_women_floral_print_relaxed_fit_shirt.jpg,LEIA,Women,Shirts,349,1716,71,,,S,Cream,Relaxed Fit,,,Floral,"LEIA Cream Women Floral Print Relaxed Fit Shirt. Brand: LEIA. Color: Cream. Fit: Relaxed Fit. Pattern: Floral. Size: S. Category: Women, Shirts. 9.7K shoppers wishlisted in last 30 days",InStock,,https://www.ajio.com/leia-women-floral-print-relaxed-fit-shirt/p/703333947_cream,2026-06-26T12:13:00.063541+00:00
Ajio,MAX WHITE Women Floral Embroidered Shirt,https://assets.ajio.com/medias/sys_master/root/20250602/cDp6/683cdb3f7a6cd4182f74971d/max_white_women_floral_embroidered_shirt.jpg,MAX,Women,Shirts,552,999,21,,,,White,,,,Embroidered,"MAX WHITE Women Floral Embroidered Shirt. Brand: MAX. Color: White. Pattern: Embroidered. Category: Women, Shirts",InStock,,https://www.ajio.com/max-women-floral-embroidered-shirt/p/701663517_white,2026-06-26T12:13:00.063541+00:00
Ajio,TOGS & TERRE Black Women Graphic Print Oversized Fit Crew-NeckT-Shirt,https://assets.ajio.com/medias/sys_master/root/20250228/7aYa/67c0bcd32960820c49b859d7/togs_%26_terre_black_women_graphic_print_oversized_fit_crew-neckt-shirt.jpg,TOGS & TERRE,Women,Shirts,257,1499,81,,,XXL,Black,Oversized Fit,,,Graphic Print,"TOGS & TERRE Black Women Graphic Print Oversized Fit Crew-NeckT-Shirt. Brand: TOGS & TERRE. Color: Black. Fit: Oversized Fit. Pattern: Graphic Print. Size: XXL. Category: Women, Shirts",InStock,,https://www.ajio.com/togs--terre-women-graphic-print-oversized-fit-crew-neckt-shirt/p/701276764_black,2026-06-26T12:13:00.063541+00:00
Ajio,Outzidr Global Cream Women Floral Print Regular Fit Shirt,https://assets.ajio.com/medias/sys_master/root1/20251030/Tg20/69036c4688d6d62ff8afc3ff/outzidr_global_cream_women_floral_print_regular_fit_shirt.jpg,Outzidr Global,Women,Shirts,864,1299,5,,,,Cream,Regular Fit,,,Floral,"Outzidr Global Cream Women Floral Print Regular Fit Shirt. Brand: Outzidr Global. Color: Cream. Fit: Regular Fit. Pattern: Floral. Category: Women, Shirts",InStock,,https://www.ajio.com/outzidr-global-women-floral-print-regular-fit-shirt/p/702442849_cream,2026-06-26T12:13:00.063541+00:00
Ajio,LEIA Brown Women Boxy Fit Shirt with Cuban Collar,https://assets.ajio.com/medias/sys_master/root1/20251011/DPKN/68e9b6173d468c61ab5aa3d8/leia_brown_women_boxy_fit_shirt_with_cuban_collar.jpg,LEIA,Women,Shirts,183,872,70,,,XL,Brown,Boxy Fit,,,,"LEIA Brown Women Boxy Fit Shirt with Cuban Collar. Brand: LEIA. Color: Brown. Fit: Boxy Fit. Size: XL. Category: Women, Shirts",InStock,,https://www.ajio.com/leia-women-boxy-fit-shirt-with-cuban-collar/p/702384003_brown,2026-06-26T12:13:00.063541+00:00
Ajio,SIYAHI Off White Women Leaf Print Relaxed Fit Shirt,https://assets.ajio.com/medias/sys_master/root1/20260123/zGro/6973b72fcbfa0d5608980904/siyahi_off_white_women_leaf_print_relaxed_fit_shirt.jpg,SIYAHI,Women,Shirts,178,699,49,,,,Off White,Relaxed Fit,,,,"SIYAHI Off White Women Leaf Print Relaxed Fit Shirt. Brand: SIYAHI. Color: Off White. Fit: Relaxed Fit. Category: Women, Shirts",InStock,,https://www.ajio.com/siyahi-women-leaf-print-relaxed-fit-shirt/p/443113385_offwhite,2026-06-26T12:13:00.063541+00:00
Ajio,LEIA Yellow Women Striped Oversized Fit Shirt,https://assets.ajio.com/medias/sys_master/root1/20250826/8QBx/68ada2e78bfb9009acb135b4/leia_yellow_women_striped_oversized_fit_shirt.jpg,LEIA,Women,Shirts,347,1499,67,,,XL,Yellow,Oversized Fit,,,Striped,"LEIA Yellow Women Striped Oversized Fit Shirt. Brand: LEIA. Color: Yellow. Fit: Oversized Fit. Pattern: Striped. Size: XL. Category: Women, Shirts. 954 shoppers wishlisted in last 30 days",InStock,,https://www.ajio.com/leia-women-striped-oversized-fit-shirt/p/702160378_yellow,2026-06-26T12:13:00.063541+00:00
Ajio,Outryt by AZORTE Jet Black Women Floral Print Baggy Fit Casual Shirt,https://assets.ajio.com/medias/sys_master/root1/20260226/54z2/699fef7d08a9882390241793/outryt_by_azorte_jet_black_women_floral_print_baggy_fit_casual_shirt.jpg,Outryt by AZORTE,Women,Shirts,350,999,50,,,,Jetblack,,,,Floral,"Outryt by AZORTE Jet Black Women Floral Print Baggy Fit Casual Shirt. Brand: Outryt by AZORTE. Color: Jetblack. Pattern: Floral. Category: Women, Shirts",InStock,,https://www.ajio.com/outryt-by-azorte-women-floral-print-baggy-fit-casual-shirt/p/443111266_jetblack,2026-06-26T12:13:00.063541+00:00
Ajio,Outzidr Global Beige Women Loose Fit Shirt with Spread Collar,https://assets.ajio.com/medias/sys_master/root1/20251205/h60A/69330fa38945db77cf11d58b/outzidr_global_beige_women_loose_fit_shirt_with_spread_collar.jpg,Outzidr Global,Women,Shirts,1266,1899,7,,,,Beige,Loose Fit,,,,"Outzidr Global Beige Women Loose Fit Shirt with Spread Collar. Brand: Outzidr Global. Color: Beige. Fit: Loose Fit. Category: Women, Shirts",InStock,,https://www.ajio.com/outzidr-global-women-loose-fit-shirt-with-spread-collar/p/702590615_beige,2026-06-26T12:13:00.063541+00:00
Ajio,PINACOLADA Black Women Checked Relaxed Fit Shirt,https://assets.ajio.com/medias/sys_master/root1/20260219/PbCz/69974af47ef0c7385c152dee/pinacolada_black_women_checked_relaxed_fit_shirt.jpg,PINACOLADA,Women,Shirts,473,1499,55,,,,Multi,Relaxed Fit,,,Checkered,"PINACOLADA Black Women Checked Relaxed Fit Shirt. Brand: PINACOLADA. Color: Multi. Fit: Relaxed Fit. Pattern: Checkered. Category: Women, Shirts",InStock,,https://www.ajio.com/pinacolada-women-checked-relaxed-fit-shirt/p/702994538_multi,2026-06-26T12:13:00.063541+00:00
Ajio,RIO Off-white Women Printed Tie-Up Regular Fit Shirt,https://assets.ajio.com/medias/sys_master/root1/20251126/aCNy/6926155288d6d62ff809b457/rio_off-white_women_printed_tie-up_regular_fit_shirt.jpg,RIO,Women,Shirts,178,699,49,,,,Off White,Regular Fit,,,Printed,"RIO Off-white Women Printed Tie-Up Regular Fit Shirt. Brand: RIO. Color: Off White. Fit: Regular Fit. Pattern: Printed. Category: Women, Shirts. 2.1K shoppers wishlisted in last 30 days",InStock,,https://www.ajio.com/rio-women-printed-tie-up-regular-fit-shirt/p/443098450_offwhite,2026-06-26T12:13:00.063541+00:00
Ajio,House Of Mira Green Women Striped Relaxed Fit Shirt with Curved Hem,https://assets.ajio.com/medias/sys_master/root/20250708/XX9R/686c25adb13fc54edd025e94/house_of_mira_green_women_striped_relaxed_fit_shirt_with_curved_hem.jpg,House Of Mira,Women,Shirts,299,1995,85,,,,Green,Relaxed Fit,,,Striped,"House Of Mira Green Women Striped Relaxed Fit Shirt with Curved Hem. Brand: House Of Mira. Color: Green. Fit: Relaxed Fit. Pattern: Striped. Category: Women, Shirts",InStock,,https://www.ajio.com/house-of-mira-women-striped-relaxed-fit-shirt-with-curved-hem/p/701884067_green,2026-06-26T12:13:00.063541+00:00
Ajio,RIO Off White Women Geometric Print Regular Fit Shirt,https://assets.ajio.com/medias/sys_master/root1/20251111/IGxr/6912571488d6d62ff8dc0f0f/rio_off_white_women_geometric_print_regular_fit_shirt.jpg,RIO,Women,Shirts,153,599,49,,,,Off White,Regular Fit,,,,"RIO Off White Women Geometric Print Regular Fit Shirt. Brand: RIO. Color: Off White. Fit: Regular Fit. Category: Women, Shirts. 771 shoppers wishlisted in last 30 days",InStock,,https://www.ajio.com/rio-women-geometric-print-regular-fit-shirt/p/443102492_offwhite,2026-06-26T12:13:00.063541+00:00
Ajio,House Of Mira Brown Women Striped Regular Fit Shirt,https://assets.ajio.com/medias/sys_master/root/20250128/37XN/67980afd2960820c493ed22f/house_of_mira_brown_women_striped_regular_fit_shirt.jpg,House Of Mira,Women,Shirts,245,1599,83,,,M,Green,Regular Fit,,,Striped,"House Of Mira Brown Women Striped Regular Fit Shirt. Brand: House Of Mira. Color: Green. Fit: Regular Fit. Pattern: Striped. Size: M. Category: Women, Shirts",InStock,,https://www.ajio.com/house-of-mira-women-striped-regular-fit-shirt/p/700266462_green,2026-06-26T12:13:00.063541+00:00
Ajio,RIO Off White Women Regular Fit Shirt with Patch Pockets,https://assets.ajio.com/medias/sys_master/root1/20251017/cwYd/68f227310bb2bb61bc1596b8/rio_off_white_women_regular_fit_shirt_with_patch_pockets.jpg,RIO,Women,Shirts,204,799,49,,,,Off White,Regular Fit,,,,"RIO Off White Women Regular Fit Shirt with Patch Pockets. Brand: RIO. Color: Off White. Fit: Regular Fit. Category: Women, Shirts. 984 shoppers wishlisted in last 30 days",InStock,,https://www.ajio.com/rio-women-regular-fit-shirt-with-patch-pockets/p/443097953_offwhite,2026-06-26T12:13:00.063541+00:00
Ajio,Outzidr Global Pink Women Printed Relaxed Fit Shirt,https://assets.ajio.com/medias/sys_master/root1/20260223/eNd6/699c876ccbfa0d5608348533/outzidr_global_pink_women_printed_relaxed_fit_shirt.jpg,Outzidr Global,Women,Shirts,1209,1799,5,,,,Pink,Relaxed Fit,,,Printed,"Outzidr Global Pink Women Printed Relaxed Fit Shirt. Brand: Outzidr Global. Color: Pink. Fit: Relaxed Fit. Pattern: Printed. Category: Women, Shirts",InStock,,https://www.ajio.com/outzidr-global-women-printed-relaxed-fit-shirt/p/703022114_pink,2026-06-26T12:13:00.063541+00:00
Ajio,LIMEROAD Pink Women Regular Fit Shirt,https://assets.ajio.com/medias/sys_master/root1/20260509/45EF/69fe414bfcb5bb61d2afb6ae/limeroad_pink_women_regular_fit_shirt.jpg,LIMEROAD,Women,Shirts,236,449,25,,,,Pink,Regular Fit,,,,"LIMEROAD Pink Women Regular Fit Shirt. Brand: LIMEROAD. Color: Pink. Fit: Regular Fit. Category: Women, Shirts",InStock,,https://www.ajio.com/limeroad-women-regular-fit-shirt/p/703430448_pink,2026-06-26T12:13:00.063541+00:00
Ajio,DL WOMAN Lavender Solid Shirt,https://assets.ajio.com/medias/sys_master/root/20240319/pCtE/65f912bf05ac7d77bbc446b3/dl_woman_lavender_solid_shirt.jpg,DL WOMAN,Women,Shirts,560,2799,77,,,S,Lavender,,,,Solid,"DL WOMAN Lavender Solid Shirt. Brand: DL WOMAN. Color: Lavender. Pattern: Solid. Size: S. Category: Women, Shirts",InStock,,https://www.ajio.com/dl-woman-solid-shirt/p/467180733_lavender,2026-06-26T12:13:00.063541+00:00
Ajio,Styli Beige Women Roll-Up Sleeves Crepe Oversized Longline Shirt,https://assets.ajio.com/medias/sys_master/root/20230807/bl9U/64d0db0da9b42d15c991e0ac/styli_beige_women_roll-up_sleeves_crepe_oversized_longline_shirt.jpg,Styli,Women,Shirts,503,899,20,,,,Beige,,Crepe,Roll-Up Sleeve,,"Styli Beige Women Roll-Up Sleeves Crepe Oversized Longline Shirt. Brand: Styli. Color: Beige. Fabric: Crepe. Sleeve: Roll-Up Sleeve. Category: Women, Shirts",InStock,,https://www.ajio.com/styli-women-roll-up-sleeves-crepe-oversized-longline-shirt/p/466377077_beige,2026-06-26T12:13:00.063541+00:00
Ajio,Vero Moda Off-White Women Embroidered Regular Fit Shirt,https://assets.ajio.com/medias/sys_master/root/20250328/DDWF/67e6a60e55340d4b4f974529/vero_moda_off-white_women_embroidered_regular_fit_shirt.jpg,Vero Moda,Women,Shirts,1300,5999,70,,,,Off White,Regular Fit,,,Embroidered,"Vero Moda Off-White Women Embroidered Regular Fit Shirt. Brand: Vero Moda. Color: Off White. Fit: Regular Fit. Pattern: Embroidered. Category: Women, Shirts",InStock,,https://www.ajio.com/vero-moda-women-embroidered-regular-fit-shirt/p/469732851_offwhite,2026-06-26T12:13:00.063541+00:00
Ajio,Outzidr Global Brown Women Checked Oversized Shirt with Patch Pocket,https://assets.ajio.com/medias/sys_master/root/20250429/hDme/68108e487a6cd4182fff0fb5/outzidr_global_brown_women_checked_oversized_shirt_with_patch_pocket.jpg,Outzidr Global,Women,Shirts,1049,1499,30.02,,,,Brown,,,,Checkered,"Outzidr Global Brown Women Checked Oversized Shirt with Patch Pocket. Brand: Outzidr Global. Color: Brown. Pattern: Checkered. Category: Women, Shirts",InStock,,https://www.ajio.com/outzidr-global-women-checked-oversized-shirt-with-patch-pocket/p/701220784_brown,2026-06-26T12:13:00.063541+00:00
Ajio,Lee Cooper Pink Women Printed Relaxed Fit Shirt,https://assets.ajio.com/medias/sys_master/root/20241106/DPl2/672b4666260f9c41e8c2c9f6/lee_cooper_pink_women_printed_relaxed_fit_shirt.jpg,Lee Cooper,Women,Shirts,264,1217,69,,,,Pink,Relaxed Fit,,,Printed,"Lee Cooper Pink Women Printed Relaxed Fit Shirt. Brand: Lee Cooper. Color: Pink. Fit: Relaxed Fit. Pattern: Printed. Category: Women, Shirts",InStock,,https://www.ajio.com/lee-cooper-women-printed-relaxed-fit-shirt/p/443280042_pink,2026-06-26T12:13:00.063541+00:00
Ajio,Piludi Black Women Embroidered Regular Fit Shirt,https://assets.ajio.com/medias/sys_master/root1/20260509/YRkg/69ff721bfcb5bb61d2b511a6/piludi_black_women_embroidered_regular_fit_shirt.jpg,Piludi,Women,Shirts,368,1999,77,,,,Black,Regular Fit,,,Embroidered,"Piludi Black Women Embroidered Regular Fit Shirt. Brand: Piludi. Color: Black. Fit: Regular Fit. Pattern: Embroidered. Category: Women, Shirts",InStock,,https://www.ajio.com/piludi-women-embroidered-regular-fit-shirt/p/702701486_black,2026-06-26T12:13:00.063541+00:00
Ajio,DNMX Navy Women Checks Relaxed Fit Shirt,https://assets.ajio.com/medias/sys_master/root1/20251127/tSog/69286b07a470c5082fb9f3a3/dnmx_navy_women_checks_relaxed_fit_shirt.jpg,DNMX,Women,Shirts,229,899,49,,,,Navy,Relaxed Fit,,,,"DNMX Navy Women Checks Relaxed Fit Shirt. Brand: DNMX. Color: Navy. Fit: Relaxed Fit. Category: Women, Shirts. 3.4K shoppers wishlisted in last 30 days",InStock,,https://www.ajio.com/dnmx-women-checks-relaxed-fit-shirt/p/443098564_navy,2026-06-26T12:13:00.063541+00:00
Ajio,Styli Black Women Flare Sleeves Crepe Oversized Longline Shirt,https://assets.ajio.com/medias/sys_master/root/20230807/663Z/64d0db91eebac147fcad30b6/styli_black_women_flare_sleeves_crepe_oversized_longline_shirt.jpg,Styli,Women,Shirts,422,849,29,,,,Black,,Crepe,,,"Styli Black Women Flare Sleeves Crepe Oversized Longline Shirt. Brand: Styli. Color: Black. Fabric: Crepe. Category: Women, Shirts",InStock,,https://www.ajio.com/styli-women-flare-sleeves-crepe-oversized-longline-shirt/p/466377069_black,2026-06-26T12:13:00.063541+00:00
Ajio,The Souled Store White Women Spread Collar Regular Fit Shirt,https://assets.ajio.com/medias/sys_master/root/20250617/paY3/685079f67a6cd4182fb5bbf4/the_souled_store_white__women_spread_collar_regular_fit_shirt.jpg,The Souled Store,Women,Shirts,1709,1899,10,,,,White,Regular Fit,,,,"The Souled Store White Women Spread Collar Regular Fit Shirt. Brand: The Souled Store. Color: White. Fit: Regular Fit. Category: Women, Shirts",InStock,,https://www.ajio.com/the-souled-store--women-spread-collar-regular-fit-shirt/p/701758194_white,2026-06-26T12:13:00.063541+00:00
Ajio,MAX IVORY Women Stylised Fit Shirt,https://assets.ajio.com/medias/sys_master/root1/20250906/0hJy/68bbddc78bfb9009ace3639b/max_ivory_women_stylised_fit_shirt.jpg,MAX,Women,Shirts,434,899,31,,,,Cream,,,,,"MAX IVORY Women Stylised Fit Shirt. Brand: MAX. Color: Cream. Category: Women, Shirts",InStock,,https://www.ajio.com/max-women-stylised-fit-shirt/p/702212556_cream,2026-06-26T12:13:00.063541+00:00
Ajio,PINACOLADA Multicoloured Women Checked Relaxed Fit Shirt with Spread Collar,https://assets.ajio.com/medias/sys_master/root1/20251225/Rkjp/694d4eb07ef0c7385c264a0b/pinacolada_multicoloured_women_checked_relaxed_fit_shirt_with_spread_collar.jpg,PINACOLADA,Women,Shirts,525,1499,50,,,S,Multi,Relaxed Fit,,,Checkered,"PINACOLADA Multicoloured Women Checked Relaxed Fit Shirt with Spread Collar. Brand: PINACOLADA. Color: Multi. Fit: Relaxed Fit. Pattern: Checkered. Size: S. Category: Women, Shirts",InStock,,https://www.ajio.com/pinacolada-women-checked-relaxed-fit-shirt-with-spread-collar/p/702674250_multi,2026-06-26T12:13:00.063541+00:00
Ajio,Fuback X AG Green Women Floral Print Regular Fit Shirt,https://assets.ajio.com/medias/sys_master/root1/20251217/yVHA/694210408945db77cf371ef3/fuback_x_ag_green_women_floral_print_regular_fit_shirt.jpg,Fuback X AG,Women,Shirts,306,1999,83,,,XL,Green,Regular Fit,,,Floral,"Fuback X AG Green Women Floral Print Regular Fit Shirt. Brand: Fuback X AG. Color: Green. Fit: Regular Fit. Pattern: Floral. Size: XL. Category: Women, Shirts",InStock,,https://www.ajio.com/fuback-x-ag-women-floral-print-regular-fit-shirt/p/702629136_green,2026-06-26T12:13:00.063541+00:00
Ajio,FIG Beige Women Floral Print Relaxed Fit Shirt,https://assets.ajio.com/medias/sys_master/root1/20251025/8idH/68fc2a7c0bb2bb61bc2b0e32/fig_beige_women_floral_print_relaxed_fit_shirt.jpg,FIG,Women,Shirts,229,899,49,,,,Beige,Relaxed Fit,,,Floral,"FIG Beige Women Floral Print Relaxed Fit Shirt. Brand: FIG. Color: Beige. Fit: Relaxed Fit. Pattern: Floral. Category: Women, Shirts. 1K shoppers wishlisted in last 30 days",InStock,,https://www.ajio.com/fig-women-floral-print-relaxed-fit-shirt/p/443087010_beige,2026-06-26T12:13:00.063541+00:00
Ajio,QIOA Green Women Striped Oversized Fit Shirt,https://assets.ajio.com/medias/sys_master/root1/20251105/uhOL/690b2c2488d6d62ff8c39710/qioa_green_women_striped_oversized_fit_shirt.jpg,QIOA,Women,Shirts,305,1499,71,,,S,Green,Oversized Fit,,,Striped,"QIOA Green Women Striped Oversized Fit Shirt. Brand: QIOA. Color: Green. Fit: Oversized Fit. Pattern: Striped. Size: S. Category: Women, Shirts",InStock,,https://www.ajio.com/qioa-women-striped-oversized-fit-shirt/p/702162681_green,2026-06-26T12:13:00.063541+00:00
Ajio,Mystere Paris Multi Women Oversized Fit Shirt,https://assets.ajio.com/medias/sys_master/root1/20260424/CT4o/69eba56014d0c2171999f7a1/mystere_paris_multi_women_oversized_fit_shirt.jpg,Mystere Paris,Women,Shirts,613,1749,50,,,XL,Multi,Oversized Fit,,,,"Mystere Paris Multi Women Oversized Fit Shirt. Brand: Mystere Paris. Color: Multi. Fit: Oversized Fit. Size: XL. Category: Women, Shirts",InStock,,https://www.ajio.com/mystere-paris-women-oversized-fit-shirt/p/703372119_multi,2026-06-26T12:13:00.063541+00:00
Ajio,Fyre Rose Lavender Women Floral Print Relaxed Fit Shirt,https://assets.ajio.com/medias/sys_master/root1/20260204/tdc3/69834d29cbfa0d5608c091fa/fyre_rose_lavender_women_floral_print_relaxed_fit_shirt.jpg,Fyre Rose,Women,Shirts,375,1874,76,,,XL,Lavender,Relaxed Fit,,,Floral,"Fyre Rose Lavender Women Floral Print Relaxed Fit Shirt. Brand: Fyre Rose. Color: Lavender. Fit: Relaxed Fit. Pattern: Floral. Size: XL. Category: Women, Shirts",InStock,,https://www.ajio.com/fyre-rose-women-floral-print-relaxed-fit-shirt/p/702697541_lavender,2026-06-26T12:13:00.063541+00:00
Ajio,RIMSHA WEAR grey Women Regular Fit Shirt,https://assets.ajio.com/medias/sys_master/root1/20260527/5AZY/6a16e44514d0c2171909e4de/rimsha_wear_grey_women_regular_fit_shirt.jpg,RIMSHA WEAR,Women,Shirts,420,1999,70,,,S,Grey,Regular Fit,,,,"RIMSHA WEAR grey Women Regular Fit Shirt. Brand: RIMSHA WEAR. Color: Grey. Fit: Regular Fit. Size: S. Category: Women, Shirts",InStock,,https://www.ajio.com/rimsha-wear-women-regular-fit-shirt/p/703499409_grey,2026-06-26T12:13:00.063541+00:00
Ajio,FITHUB Light Grey Women Regular Fit Shirt,https://assets.ajio.com/medias/sys_master/root1/20250918/OE7y/68cc0de28bfb9009ac15cdd3/fithub_light_grey_women_regular_fit_shirt.jpg,FITHUB,Women,Shirts,578,2499,67,,,,Grey,Regular Fit,,,,"FITHUB Light Grey Women Regular Fit Shirt. Brand: FITHUB. Color: Grey. Fit: Regular Fit. Category: Women, Shirts",InStock,,https://www.ajio.com/fithub-women-regular-fit-shirt/p/702271086_grey,2026-06-26T12:13:00.063541+00:00
Ajio,Fyre Rose Yellow Women Boxy Fit Shirt,https://assets.ajio.com/medias/sys_master/root1/20251117/r4z2/691b3c0288d6d62ff8f21e5e/fyre_rose_yellow_women_boxy_fit_shirt.jpg,Fyre Rose,Women,Shirts,319,1593,75,,,,Lightyellow,Boxy Fit,,,,"Fyre Rose Yellow Women Boxy Fit Shirt. Brand: Fyre Rose. Color: Lightyellow. Fit: Boxy Fit. Category: Women, Shirts",InStock,,https://www.ajio.com/fyre-rose-women-boxy-fit-shirt/p/469773814_lightyellow,2026-06-26T12:13:00.063541+00:00
Ajio,DNMX Green Women Checked Relaxed Fit Shirt,https://assets.ajio.com/medias/sys_master/root1/20260424/GDOl/69eaf30c14d0c217199224d5/dnmx_green_women_checked_relaxed_fit_shirt.jpg,DNMX,Women,Shirts,559,799,30.04,,,,Green,Relaxed Fit,,,Checkered,"DNMX Green Women Checked Relaxed Fit Shirt. Brand: DNMX. Color: Green. Fit: Relaxed Fit. Pattern: Checkered. Category: Women, Shirts. 1.7K shoppers wishlisted in last 30 days",InStock,,https://www.ajio.com/dnmx-women-checked-relaxed-fit-shirt/p/443117703_green,2026-06-26T12:13:00.063541+00:00
Ajio,FIG Red Women Floral Print Regular Fit Shirt,https://assets.ajio.com/medias/sys_master/root1/20260421/6ttO/69e68ba414d0c217198565f0/fig_red_women_floral_print_regular_fit_shirt.jpg,FIG,Women,Shirts,629,899,30.03,,,,Darkpink,Regular Fit,,,Floral,"FIG Red Women Floral Print Regular Fit Shirt. Brand: FIG. Color: Darkpink. Fit: Regular Fit. Pattern: Floral. Category: Women, Shirts",InStock,,https://www.ajio.com/fig-women-floral-print-regular-fit-shirt/p/443117005_darkpink,2026-06-26T12:13:00.063541+00:00
Ajio,TRUE FADES Black Women Regular Fit Shirt,https://assets.ajio.com/medias/sys_master/root1/20260427/bEWY/69ef98cdfcb5bb61d2892c53/true_fades_black_women_regular_fit_shirt.jpg,TRUE FADES,Women,Shirts,296,799,47,,,XXL,Black,Regular Fit,,,,"TRUE FADES Black Women Regular Fit Shirt. Brand: TRUE FADES. Color: Black. Fit: Regular Fit. Size: XXL. Category: Women, Shirts",InStock,,https://www.ajio.com/true-fades-women-regular-fit-shirt/p/703386101_black,2026-06-26T12:13:00.063541+00:00
Ajio,PINACOLADA Green Women Checked Oversized Shirt,https://assets.ajio.com/medias/sys_master/root1/20260210/qeuE/698b42ef7ef0c7385cd3b72d/pinacolada_green_women_checked_oversized_shirt.jpg,PINACOLADA,Women,Shirts,452,1499,57,,,S,Green,,,,Checkered,"PINACOLADA Green Women Checked Oversized Shirt. Brand: PINACOLADA. Color: Green. Pattern: Checkered. Size: S. Category: Women, Shirts",InStock,,https://www.ajio.com/pinacolada-women-checked-oversized-shirt/p/700707545_green,2026-06-26T12:13:00.063541+00:00
Ajio,LEIA Purple Women Striped Oversized Fit Shirt,https://assets.ajio.com/medias/sys_master/root1/20250826/MBhC/68ada01a8bfb9009acb0dd82/leia_purple_women_striped_oversized_fit_shirt.jpg,LEIA,Women,Shirts,300,1499,75,,,S,Purple,Oversized Fit,,,Striped,"LEIA Purple Women Striped Oversized Fit Shirt. Brand: LEIA. Color: Purple. Fit: Oversized Fit. Pattern: Striped. Size: S. Category: Women, Shirts",InStock,,https://www.ajio.com/leia-women-striped-oversized-fit-shirt/p/702160378_purple,2026-06-26T12:13:00.063541+00:00
Ajio,SPYKAR White Women Printed Relaxed Fit Shirt,https://assets.ajio.com/medias/sys_master/root/20240621/jnBX/6675a12b6f60443f3170c6ad/spykar_white_women_printed_relaxed_fit_shirt.jpg,SPYKAR,Women,Shirts,560,1599,50,,,,White,Relaxed Fit,,,Printed,"SPYKAR White Women Printed Relaxed Fit Shirt. Brand: SPYKAR. Color: White. Fit: Relaxed Fit. Pattern: Printed. Category: Women, Shirts",InStock,,https://www.ajio.com/spykar-women-printed-relaxed-fit-shirt/p/442198321_white,2026-06-26T12:13:00.063541+00:00
Ajio,MICORIA Multicoloured Women Relaxed Fit Floral Shirt,https://assets.ajio.com/medias/sys_master/root1/20260119/XIHl/696e2dde7ef0c7385c74db6c/micoria_multicoloured_women_relaxed_fit_floral_shirt.jpg,MICORIA,Women,Shirts,420,1874,68,,,XXL,Multi,Relaxed Fit,,,Floral,"MICORIA Multicoloured Women Relaxed Fit Floral Shirt. Brand: MICORIA. Color: Multi. Fit: Relaxed Fit. Pattern: Floral. Size: XXL. Category: Women, Shirts",InStock,,https://www.ajio.com/micoria-women-relaxed-fit-floral-shirt/p/702772756_multi,2026-06-26T12:13:00.063541+00:00
Ajio,PINACOLADA Purple Women Relaxed Fit Spread Collar Shirt,https://assets.ajio.com/medias/sys_master/root1/20260210/8C7z/698b3dfe7ef0c7385cd319a6/pinacolada_purple__women_relaxed_fit_spread_collar_shirt.jpg,PINACOLADA,Women,Shirts,420,1499,60,,,M,Purple,Relaxed Fit,,,,"PINACOLADA Purple Women Relaxed Fit Spread Collar Shirt. Brand: PINACOLADA. Color: Purple. Fit: Relaxed Fit. Size: M. Category: Women, Shirts",InStock,,https://www.ajio.com/pinacolada--women-relaxed-fit-spread-collar-shirt/p/701835863_purple,2026-06-26T12:13:00.063541+00:00
Ajio,Vero Moda Beige Women Regular Fit Shirt with Embroidered Sleeves,https://assets.ajio.com/medias/sys_master/root/20240831/mqve/66d21d271d763220fab2817b/vero_moda_beige_women_regular_fit_shirt_with_embroidered_sleeves.jpg,Vero Moda,Women,Shirts,735,3499,70,,,,Beige,Regular Fit,,,Embroidered,"Vero Moda Beige Women Regular Fit Shirt with Embroidered Sleeves. Brand: Vero Moda. Color: Beige. Fit: Regular Fit. Pattern: Embroidered. Category: Women, Shirts",InStock,,https://www.ajio.com/vero-moda-women-regular-fit-shirt-with-embroidered-sleeves/p/442784426_beige,2026-06-26T12:13:00.063541+00:00
Ajio,FIG Pink Women Printed Relaxed Fit Shirt,https://assets.ajio.com/medias/sys_master/root/20241008/lIAf/67050c7ff9b8ef490ba34b0b/fig_pink_women_printed_relaxed_fit_shirt.jpg,FIG,Women,Shirts,489,699,30.04,,,,Pink,Relaxed Fit,,,Printed,"FIG Pink Women Printed Relaxed Fit Shirt. Brand: FIG. Color: Pink. Fit: Relaxed Fit. Pattern: Printed. Category: Women, Shirts",InStock,,https://www.ajio.com/fig-women-printed-relaxed-fit-shirt/p/443054292_pink,2026-06-26T12:13:00.063541+00:00
Ajio,YOUSTA White Women Schiffli Embroidered Oversized Fit Shirt,https://assets.ajio.com/medias/sys_master/root/20250421/ujQz/6806486755340d4b4fee04cd/yousta_white_women_schiffli_embroidered_oversized_fit_shirt.jpg,YOUSTA,Women,Shirts,210,599,50,,,,White,Oversized Fit,,,Embroidered,"YOUSTA White Women Schiffli Embroidered Oversized Fit Shirt. Brand: YOUSTA. Color: White. Fit: Oversized Fit. Pattern: Embroidered. Category: Women, Shirts",InStock,,https://www.ajio.com/yousta-women-schiffli-embroidered-oversized-fit-shirt/p/443067419_white,2026-06-26T12:13:00.063541+00:00
Ajio,HONKY TONKY Copper Women Floral Shirt,https://assets.ajio.com/medias/sys_master/root/20240913/mSGn/66e46a8a1d763220fae65de0/honky_tonky_copper_women_floral_shirt.jpg,HONKY TONKY,Women,Shirts,160,999,84,,,XXL,Copper,,,,Floral,"HONKY TONKY Copper Women Floral Shirt. Brand: HONKY TONKY. Color: Copper. Pattern: Floral. Size: XXL. Category: Women, Shirts",InStock,,https://www.ajio.com/honky-tonky-women-floral-shirt/p/700421077_copper,2026-06-26T12:13:00.063541+00:00
Ajio,Zilcon Peach Women Regular Fit Shirt,https://assets.ajio.com/medias/sys_master/root1/20260201/8B1Z/697eaf557ef0c7385ca2aa17/zilcon_peach_women_regular_fit_shirt.jpg,Zilcon,Women,Shirts,239,1999,88,,,M,Peach,Regular Fit,,,,"Zilcon Peach Women Regular Fit Shirt. Brand: Zilcon. Color: Peach. Fit: Regular Fit. Size: M. Category: Women, Shirts",InStock,,https://www.ajio.com/zilcon-women-regular-fit-shirt/p/702818754_peach,2026-06-26T12:13:00.063541+00:00
Ajio,Outzidr Global Blue Women Floral Embroidered Regular Fit Shirt,https://assets.ajio.com/medias/sys_master/root1/20260206/Ws3m/6984fbb2cbfa0d5608c65248/outzidr_global_blue_women_floral_embroidered_regular_fit_shirt.jpg,Outzidr Global,Women,Shirts,1479,2199,10,,,,Blue,Regular Fit,,,Embroidered,"Outzidr Global Blue Women Floral Embroidered Regular Fit Shirt. Brand: Outzidr Global. Color: Blue. Fit: Regular Fit. Pattern: Embroidered. Category: Women, Shirts. 1K shoppers wishlisted in last 30 days",InStock,,https://www.ajio.com/outzidr-global-women-floral-embroidered-regular-fit-shirt/p/702866890_blue,2026-06-26T12:13:00.063541+00:00
Ajio,MAX IVORY Women Embroidered Shirt,https://assets.ajio.com/medias/sys_master/root1/20260410/jqFh/69d809185bc52e77e04be00c/max_ivory_women_embroidered_shirt.jpg,MAX,Women,Shirts,699,999,30.03,,,,Cream,,,,Embroidered,"MAX IVORY Women Embroidered Shirt. Brand: MAX. Color: Cream. Pattern: Embroidered. Category: Women, Shirts. 2K shoppers wishlisted in last 30 days",InStock,,https://www.ajio.com/max-women-embroidered-shirt/p/703309141_cream,2026-06-26T12:13:00.063541+00:00
Ajio,FIG Beige Women Geometric Print Regular Fit Shirt,https://assets.ajio.com/medias/sys_master/root1/20260508/cI6m/69fd7bf1fcb5bb61d2ac991c/fig_beige_women_geometric_print_regular_fit_shirt.jpg,FIG,Women,Shirts,419,599,30.05,,,,Beige,Regular Fit,,,,"FIG Beige Women Geometric Print Regular Fit Shirt. Brand: FIG. Color: Beige. Fit: Regular Fit. Category: Women, Shirts",InStock,,https://www.ajio.com/fig-women-geometric-print-regular-fit-shirt/p/443120218_beige,2026-06-26T12:13:00.063541+00:00
Ajio,Lee Cooper Pink Women Patterned Boxy Fit Shirt with Patch Pocket,https://assets.ajio.com/medias/sys_master/root1/20251031/AV2I/6903dfe6a470c5082f5a1a0f/lee_cooper_pink_women_patterned_boxy_fit_shirt_with_patch_pocket.jpg,Lee Cooper,Women,Shirts,434,1999,69,,,,Pink,Boxy Fit,,,,"Lee Cooper Pink Women Patterned Boxy Fit Shirt with Patch Pocket. Brand: Lee Cooper. Color: Pink. Fit: Boxy Fit. Category: Women, Shirts",InStock,,https://www.ajio.com/lee-cooper-women-patterned-boxy-fit-shirt-with-patch-pocket/p/443103752_pink,2026-06-26T12:13:00.063541+00:00
Ajio,LEIA Blue Women Floral Print Boxy Fit Shirt,https://assets.ajio.com/medias/sys_master/root1/20260123/P6YJ/69728b7a7ef0c7385c899228/leia_blue_women_floral_print_boxy_fit_shirt.jpg,LEIA,Women,Shirts,195,650,70,,,XS,Blue,Boxy Fit,,,Floral,"LEIA Blue Women Floral Print Boxy Fit Shirt. Brand: LEIA. Color: Blue. Fit: Boxy Fit. Pattern: Floral. Size: XS. Category: Women, Shirts",InStock,,https://www.ajio.com/leia-women-floral-print-boxy-fit-shirt/p/702798592_blue,2026-06-26T12:13:00.063541+00:00
Ajio,CHIMPAAANZEE Brown Women Checked Relaxed Fit Shirt,https://assets.ajio.com/medias/sys_master/root1/20260415/9GH6/69dea17dfcb5bb61d25b6708/chimpaaanzee_brown_women_checked_relaxed_fit_shirt.jpg,CHIMPAAANZEE,Women,Shirts,629,999,10,,,,Brown,Relaxed Fit,,,Checkered,"CHIMPAAANZEE Brown Women Checked Relaxed Fit Shirt. Brand: CHIMPAAANZEE. Color: Brown. Fit: Relaxed Fit. Pattern: Checkered. Category: Women, Shirts",InStock,,https://www.ajio.com/chimpaaanzee-women-checked-relaxed-fit-shirt/p/703150456_brown,2026-06-26T12:13:00.063541+00:00
Ajio,LAKSHITA Orange Women Regular Fit Embroidered Shirt,https://assets.ajio.com/medias/sys_master/root1/20250723/TiEx/6880eb538bfb9009ac32f927/lakshita_orange_women_regular_fit_embroidered_shirt.jpg,LAKSHITA,Women,Shirts,629,3495,80,,,,Orange,Regular Fit,,,Embroidered,"LAKSHITA Orange Women Regular Fit Embroidered Shirt. Brand: LAKSHITA. Color: Orange. Fit: Regular Fit. Pattern: Embroidered. Category: Women, Shirts",InStock,,https://www.ajio.com/lakshita-women-regular-fit-embroidered-shirt/p/702012723_orange,2026-06-26T12:13:00.063541+00:00
Ajio,The Souled Store Beige Women Embroidered Oversized Fit Shirt,https://assets.ajio.com/medias/sys_master/root1/20260618/OL9R/6a33d46eafd8cf5e737d56d2/the_souled_store_beige_women_embroidered_oversized_fit_shirt.jpg,The Souled Store,Women,Shirts,1799,1999,10,,,,Beige,Oversized Fit,,,Embroidered,"The Souled Store Beige Women Embroidered Oversized Fit Shirt. Brand: The Souled Store. Color: Beige. Fit: Oversized Fit. Pattern: Embroidered. Category: Women, Shirts. 1.6K shoppers wishlisted in last 30 days",InStock,,https://www.ajio.com/the-souled-store-women-embroidered-oversized-fit-shirt/p/703069100_beige,2026-06-26T12:13:00.063541+00:00
Ajio,SPYKAR Black Women Regular Fit Cotton Shirt,https://assets.ajio.com/medias/sys_master/root/20240621/DqEJ/6675a6746f60443f3170e5e7/spykar_black_women_regular_fit_cotton_shirt.jpg,SPYKAR,Women,Shirts,910,2599,50,,,,Black,Regular Fit,Cotton,,,"SPYKAR Black Women Regular Fit Cotton Shirt. Brand: SPYKAR. Color: Black. Fit: Regular Fit. Fabric: Cotton. Category: Women, Shirts",InStock,,https://www.ajio.com/spykar-women-regular-fit-cotton-shirt/p/442198329_black,2026-06-26T12:13:00.063541+00:00
Ajio,SPYKAR Black Women Regular Fit Shirt,https://assets.ajio.com/medias/sys_master/root/20250515/sQNJ/682594f37a6cd4182f31cb47/spykar_black_women_regular_fit_shirt.jpg,SPYKAR,Women,Shirts,700,1999,50,,,,Black,Regular Fit,,,,"SPYKAR Black Women Regular Fit Shirt. Brand: SPYKAR. Color: Black. Fit: Regular Fit. Category: Women, Shirts",InStock,,https://www.ajio.com/spykar-women-regular-fit-shirt/p/442468976_black,2026-06-26T12:13:00.063541+00:00
Ajio,Outzidr Global Pink Women Striped Regular Fit Shirt with Patch Pocket,https://assets.ajio.com/medias/sys_master/root/20250714/9Pe2/68753831e590ff066e539687/outzidr_global_pink_women_striped_regular_fit_shirt_with_patch_pocket.jpg,Outzidr Global,Women,Shirts,519,749,1,,,,Pink,Regular Fit,,,Striped,"Outzidr Global Pink Women Striped Regular Fit Shirt with Patch Pocket. Brand: Outzidr Global. Color: Pink. Fit: Regular Fit. Pattern: Striped. Category: Women, Shirts. 4.7K shoppers wishlisted in last 30 days",InStock,,https://www.ajio.com/outzidr-global-women-striped-regular-fit-shirt-with-patch-pocket/p/701949215_pink,2026-06-26T12:13:00.063541+00:00
Ajio,PINACOLADA Multicoloured Women Checked Oversized Shirt,https://assets.ajio.com/medias/sys_master/root1/20260210/OifX/698b3d3b7ef0c7385cd30014/pinacolada_multicoloured_women_checked_oversized_shirt.jpg,PINACOLADA,Women,Shirts,577,1499,45,,,M,Multi,,,,Checkered,"PINACOLADA Multicoloured Women Checked Oversized Shirt. Brand: PINACOLADA. Color: Multi. Pattern: Checkered. Size: M. Category: Women, Shirts",InStock,,https://www.ajio.com/pinacolada-women-checked-oversized-shirt/p/700707537_multi,2026-06-26T12:13:00.063541+00:00
Ajio,STREET9 Brown Women Oversized Fit Shirt,https://assets.ajio.com/medias/sys_master/root1/20251113/rDxU/691616f8a470c5082f8e79a6/street9_brown_women_oversized_fit_shirt.jpg,STREET9,Women,Shirts,356,1799,78,,,,Brown,Oversized Fit,,,,"STREET9 Brown Women Oversized Fit Shirt. Brand: STREET9. Color: Brown. Fit: Oversized Fit. Category: Women, Shirts",InStock,,https://www.ajio.com/street9-women-oversized-fit-shirt/p/702499291_brown,2026-06-26T12:13:00.063541+00:00
Ajio,DNMX Blue Women Printed Boxy Fit Classic Shirt,https://assets.ajio.com/medias/sys_master/root1/20260427/Sjic/69ef33a9fcb5bb61d2828593/dnmx_blue_women_printed_boxy_fit_classic_shirt.jpg,DNMX,Women,Shirts,419,599,30.05,,,,Blue,Boxy Fit,,,Printed,"DNMX Blue Women Printed Boxy Fit Classic Shirt. Brand: DNMX. Color: Blue. Fit: Boxy Fit. Pattern: Printed. Category: Women, Shirts. 970 shoppers wishlisted in last 30 days",InStock,,https://www.ajio.com/dnmx-women-printed-boxy-fit-classic-shirt/p/443121351_blue,2026-06-26T12:13:00.063541+00:00
Ajio,Oxolloxo Red Women Regular Fit Shirt with Spread Collar,https://assets.ajio.com/medias/sys_master/root/20250404/XErN/67eee36355340d4b4fada1ac/oxolloxo_red_women_regular_fit_shirt_with_spread_collar.jpg,Oxolloxo,Women,Shirts,477,1949,65,,,XL,Red,Regular Fit,,,,"Oxolloxo Red Women Regular Fit Shirt with Spread Collar. Brand: Oxolloxo. Color: Red. Fit: Regular Fit. Size: XL. Category: Women, Shirts",InStock,,https://www.ajio.com/oxolloxo-women-regular-fit-shirt-with-spread-collar/p/701412354_red,2026-06-26T12:13:00.063541+00:00
Ajio,The Souled Store Pink Women Relaxed Fit Shirt with Spread Collar,https://assets.ajio.com/medias/sys_master/root1/20260223/KcAl/699c69d07ef0c7385c25dbc1/the_souled_store_pink_women_relaxed_fit_shirt_with_spread_collar.jpg,The Souled Store,Women,Shirts,1154,1499,23,,,,Pink,Relaxed Fit,,,,"The Souled Store Pink Women Relaxed Fit Shirt with Spread Collar. Brand: The Souled Store. Color: Pink. Fit: Relaxed Fit. Category: Women, Shirts",InStock,,https://www.ajio.com/the-souled-store-women-relaxed-fit-shirt-with-spread-collar/p/703020905_pink,2026-06-26T12:13:00.063541+00:00
Ajio,Mystere Paris Green Women Oversized Fit Spread-Collar Shirt,https://assets.ajio.com/medias/sys_master/root1/20260424/uAsA/69eb5a1114d0c217199723dd/mystere_paris_green_women_oversized_fit_spread-collar_shirt.jpg,Mystere Paris,Women,Shirts,700,1999,50,,,S,Green,Oversized Fit,,,,"Mystere Paris Green Women Oversized Fit Spread-Collar Shirt. Brand: Mystere Paris. Color: Green. Fit: Oversized Fit. Size: S. Category: Women, Shirts",InStock,,https://www.ajio.com/mystere-paris-women-oversized-fit-spread-collar-shirt/p/703367907_green,2026-06-26T12:13:00.063541+00:00
Ajio,DNMX Blue Women Printed Boxy Fit Classic Shirt,https://assets.ajio.com/medias/sys_master/root1/20260427/JcU7/69ef220efcb5bb61d2826a49/dnmx_blue_women_printed_boxy_fit_classic_shirt.jpg,DNMX,Women,Shirts,419,599,30.05,,,,Blue,Boxy Fit,,,Printed,"DNMX Blue Women Printed Boxy Fit Classic Shirt. Brand: DNMX. Color: Blue. Fit: Boxy Fit. Pattern: Printed. Category: Women, Shirts",InStock,,https://www.ajio.com/dnmx-women-printed-boxy-fit-classic-shirt/p/443117731_blue,2026-06-26T12:13:00.063541+00:00
Ajio,DNMX Pink & White Women Seersucker Striped Relaxed Fit Shirt,https://assets.ajio.com/medias/sys_master/root/20250626/vLHa/685d40530f920c69cc5a0034/dnmx_pink_%26_white_women_seersucker_striped_relaxed_fit_shirt.jpg,DNMX,Women,Shirts,153,599,49,,,,Pink,Relaxed Fit,,,Striped,"DNMX Pink & White Women Seersucker Striped Relaxed Fit Shirt. Brand: DNMX. Color: Pink. Fit: Relaxed Fit. Pattern: Striped. Category: Women, Shirts. 838 shoppers wishlisted in last 30 days",InStock,,https://www.ajio.com/dnmx-women-seersucker-striped-relaxed-fit-shirt/p/443083662_pink,2026-06-26T12:13:00.063541+00:00
Ajio,FIG Brown Women Regular Fit Shirt with Spread Collar,https://assets.ajio.com/medias/sys_master/root1/20260521/1QnV/6a0f3448fcb5bb61d2dbe8a6/fig_brown_women_regular_fit_shirt_with_spread_collar.jpg,FIG,Women,Shirts,559,799,30.04,,,,Brown,Regular Fit,,,,"FIG Brown Women Regular Fit Shirt with Spread Collar. Brand: FIG. Color: Brown. Fit: Regular Fit. Category: Women, Shirts. 24K shoppers wishlisted in last 30 days",InStock,,https://www.ajio.com/fig-women-regular-fit-shirt-with-spread-collar/p/443121116_brown,2026-06-26T12:13:00.063541+00:00
Ajio,FIG Off White Women Geometric Print Regular Fit Shirt,https://assets.ajio.com/medias/sys_master/root1/20260509/s73q/69fe4c8314d0c21719ca2a6b/fig_off_white_women_geometric_print_regular_fit_shirt.jpg,FIG,Women,Shirts,629,899,30.03,,,,Off White,Regular Fit,,,,"FIG Off White Women Geometric Print Regular Fit Shirt. Brand: FIG. Color: Off White. Fit: Regular Fit. Category: Women, Shirts",InStock,,https://www.ajio.com/fig-women-geometric-print-regular-fit-shirt/p/443120217_offwhite,2026-06-26T12:13:00.063541+00:00
Ajio,Outzidr Global Beige Women Printed Relaxed Fit Spread-Collar Shirt,https://assets.ajio.com/medias/sys_master/root1/20260127/No6C/6978f0adcbfa0d5608a11759/outzidr_global_beige_women_printed_relaxed_fit_spread-collar_shirt.jpg,Outzidr Global,Women,Shirts,964,1449,5,,,,Beige,Relaxed Fit,,,Printed,"Outzidr Global Beige Women Printed Relaxed Fit Spread-Collar Shirt. Brand: Outzidr Global. Color: Beige. Fit: Relaxed Fit. Pattern: Printed. Category: Women, Shirts. 1.2K shoppers wishlisted in last 30 days",InStock,,https://www.ajio.com/outzidr-global-women-printed-relaxed-fit-spread-collar-shirt/p/702818292_beige,2026-06-26T12:13:00.063541+00:00
Ajio,SPYKAR Beige Women Relaxed Fit Shirt,https://assets.ajio.com/medias/sys_master/root/20241014/606F/670d2117f9b8ef490bb84021/spykar_beige_women_relaxed_fit_shirt.jpg,SPYKAR,Women,Shirts,700,1999,50,,,,Beige,Relaxed Fit,,,,"SPYKAR Beige Women Relaxed Fit Shirt. Brand: SPYKAR. Color: Beige. Fit: Relaxed Fit. Category: Women, Shirts",InStock,,https://www.ajio.com/spykar-women-relaxed-fit-shirt/p/469603315_beige,2026-06-26T12:13:00.063541+00:00
Ajio,The Souled Store Green Women Regular Fit Shirt with Patch Pocket,https://assets.ajio.com/medias/sys_master/root/20250414/bUxn/67fd3bd77a6cd4182fcd44e3/the_souled_store_green_women_regular_fit_shirt_with_patch_pocket.jpg,The Souled Store,Women,Shirts,1512,1699,11,,,,Green,Regular Fit,,,,"The Souled Store Green Women Regular Fit Shirt with Patch Pocket. Brand: The Souled Store. Color: Green. Fit: Regular Fit. Category: Women, Shirts",InStock,,https://www.ajio.com/the-souled-store-women-regular-fit-shirt-with-patch-pocket/p/701456223_green,2026-06-26T12:13:00.063541+00:00
Ajio,LEIA PINK Women Floral Regular Fit Shirt,https://assets.ajio.com/medias/sys_master/root1/20250822/UZFk/68a777778bfb9009aca3fcc5/leia_pink_women_floral_regular_fit_shirt.jpg,LEIA,Women,Shirts,448,1999,68,,,XL,Pink,Regular Fit,,,Floral,"LEIA PINK Women Floral Regular Fit Shirt. Brand: LEIA. Color: Pink. Fit: Regular Fit. Pattern: Floral. Size: XL. Category: Women, Shirts",InStock,,https://www.ajio.com/leia-women-floral-regular-fit-shirt/p/702140774_pink,2026-06-26T12:13:00.063541+00:00
Ajio,LEIA White Women Embroidered Relaxed Fit Shirt,https://assets.ajio.com/medias/sys_master/root1/20260110/mLCX/6961654bcbfa0d5608651df7/leia_white_women_embroidered_relaxed_fit_shirt.jpg,LEIA,Women,Shirts,368,1499,65,,,L,White,Relaxed Fit,,,Embroidered,"LEIA White Women Embroidered Relaxed Fit Shirt. Brand: LEIA. Color: White. Fit: Relaxed Fit. Pattern: Embroidered. Size: L. Category: Women, Shirts",InStock,,https://www.ajio.com/leia-women-embroidered-relaxed-fit-shirt/p/702744880_white,2026-06-26T12:13:00.063541+00:00
Ajio,HANCOCK Navy Blue Women Regular Fit Cotton Shirt,https://assets.ajio.com/medias/sys_master/root/20240625/oYdd/667a77096f60443f31a292ea/hancock_navy_blue_women_regular_fit_cotton_shirt.jpg,HANCOCK,Women,Shirts,790,2399,53,,,,Navy,Regular Fit,Cotton,,,"HANCOCK Navy Blue Women Regular Fit Cotton Shirt. Brand: HANCOCK. Color: Navy. Fit: Regular Fit. Fabric: Cotton. Category: Women, Shirts",InStock,,https://www.ajio.com/hancock-women-regular-fit-cotton-shirt/p/467349053_navy,2026-06-26T12:13:00.063541+00:00
Ajio,LIRIT Off White Women Regular Fit Shirt,https://assets.ajio.com/medias/sys_master/root1/20260119/F2DM/696e4aa5cbfa0d5608824b92/lirit_off_white_women_regular_fit_shirt.jpg,LIRIT,Women,Shirts,426,1736,65,,,S,Off White,Regular Fit,,,,"LIRIT Off White Women Regular Fit Shirt. Brand: LIRIT. Color: Off White. Fit: Regular Fit. Size: S. Category: Women, Shirts. 1.5K shoppers wishlisted in last 30 days",InStock,,https://www.ajio.com/lirit-women-regular-fit-shirt/p/702779963_offwhite,2026-06-26T12:13:00.063541+00:00
Ajio,Outzidr Global White Women Floral Embroidered Regular Fit Shirt,https://assets.ajio.com/medias/sys_master/root1/20260206/3QQo/69851defcbfa0d5608c6d84a/outzidr_global_white_women_floral_embroidered_regular_fit_shirt.jpg,Outzidr Global,Women,Shirts,1139,1749,7,,,,White,Regular Fit,,,Embroidered,"Outzidr Global White Women Floral Embroidered Regular Fit Shirt. Brand: Outzidr Global. Color: White. Fit: Regular Fit. Pattern: Embroidered. Category: Women, Shirts",InStock,,https://www.ajio.com/outzidr-global-women-floral-embroidered-regular-fit-shirt-/p/702866906_white,2026-06-26T12:13:00.063541+00:00
Ajio,VAN HEUSEN Maroon Women Regular Fit Collar Shirt,https://assets.ajio.com/medias/sys_master/root1/20250815/dTxL/689e3de23d468c61ab6e795c/van_heusen_maroon_women_regular_fit_collar_shirt.jpg,VAN HEUSEN,Women,Shirts,1029,2999,51,,,,Maroon,Regular Fit,,,,"VAN HEUSEN Maroon Women Regular Fit Collar Shirt. Brand: VAN HEUSEN. Color: Maroon. Fit: Regular Fit. Category: Women, Shirts",InStock,,https://www.ajio.com/van-heusen-women-regular-fit-collar-shirt/p/702116842_maroon,2026-06-26T12:13:00.063541+00:00
Ajio,AND Black Women Regular Fit Classic Shirt,https://assets.ajio.com/medias/sys_master/root1/20260305/Hjys/69a9663c4970ce6a6e1f27f8/and_black_women_regular_fit_classic_shirt.jpg,AND,Women,Shirts,1490,1990,25.13,,,,Black,Regular Fit,,,,"AND Black Women Regular Fit Classic Shirt. Brand: AND. Color: Black. Fit: Regular Fit. Category: Women, Shirts",InStock,,https://www.ajio.com/and-women-regular-fit-classic-shirt/p/703111138_black,2026-06-26T12:13:00.063541+00:00
Ajio,American Eagle Green Women Checked Regular Fit Shirt,https://assets.ajio.com/medias/sys_master/root1/20250729/fakw/6888fb823d468c61ab2fbf98/american_eagle_green_women_checked_regular_fit_shirt.jpg,American Eagle,Women,Shirts,1156,2799,41,,,,Green,Regular Fit,,,Checkered,"American Eagle Green Women Checked Regular Fit Shirt. Brand: American Eagle. Color: Green. Fit: Regular Fit. Pattern: Checkered. Category: Women, Shirts. 927 shoppers wishlisted in last 30 days",InStock,,https://www.ajio.com/american-eagle-women-checked-regular-fit-shirt/p/702039732_green,2026-06-26T12:13:00.063541+00:00
Ajio,The Souled Store Red Women Embroidered Regular Fit Shirt,https://assets.ajio.com/medias/sys_master/root1/20260225/J7MI/699edd1a67bcd75393532009/the_souled_store_red_women_embroidered_regular_fit_shirt.jpg,The Souled Store,Women,Shirts,1699,1699,,,,,Red,Regular Fit,,,Embroidered,"The Souled Store Red Women Embroidered Regular Fit Shirt. Brand: The Souled Store. Color: Red. Fit: Regular Fit. Pattern: Embroidered. Category: Women, Shirts",InStock,,https://www.ajio.com/the-souled-store-women-embroidered-regular-fit-shirt/p/703042435_red,2026-06-26T12:13:00.063541+00:00
Ajio,LAKSHITA Purple Women Embroidered Regular Fit Shirt,https://assets.ajio.com/medias/sys_master/root/20250510/Ya9B/681e868a7a6cd4182f237e60/lakshita_purple_women_embroidered_regular_fit_shirt.jpg,LAKSHITA,Women,Shirts,2095,2595,19.27,,,,Purple,Regular Fit,,,Embroidered,"LAKSHITA Purple Women Embroidered Regular Fit Shirt. Brand: LAKSHITA. Color: Purple. Fit: Regular Fit. Pattern: Embroidered. Category: Women, Shirts",InStock,,https://www.ajio.com/lakshita-women-embroidered-regular-fit-shirt/p/701559290_purple,2026-06-26T12:13:00.063541+00:00
Ajio,RIO Off White Women Regular Fit Shirt with Patch Pockets,https://assets.ajio.com/medias/sys_master/root1/20251110/ZnZB/69121c7b88d6d62ff8daaaa7/rio_off_white_women_regular_fit_shirt_with_patch_pockets.jpg,RIO,Women,Shirts,153,599,49,,,,Off White,Regular Fit,,,,"RIO Off White Women Regular Fit Shirt with Patch Pockets. Brand: RIO. Color: Off White. Fit: Regular Fit. Category: Women, Shirts. 1.3K shoppers wishlisted in last 30 days",InStock,,https://www.ajio.com/rio-women-regular-fit-shirt-with-patch-pockets/p/443097956_offwhite,2026-06-26T12:13:00.063541+00:00
Ajio,Outzidr Global Blue Women Animal Print Relaxed Fit Shirt,https://assets.ajio.com/medias/sys_master/root1/20260429/aw95/69f2370d14d0c21719aa8179/outzidr_global_blue_women_animal_print_relaxed_fit_shirt.jpg,Outzidr Global,Women,Shirts,1030,1549,5,,,,Blue,Relaxed Fit,,,,"Outzidr Global Blue Women Animal Print Relaxed Fit Shirt. Brand: Outzidr Global. Color: Blue. Fit: Relaxed Fit. Category: Women, Shirts",InStock,,https://www.ajio.com/outzidr-global-women-animal-print-relaxed-fit-shirt/p/702803831_blue,2026-06-26T12:13:00.063541+00:00
Ajio,Mystere Paris Black Women Checked Oversized Fit Spread-Collar Shirt,https://assets.ajio.com/medias/sys_master/root1/20260424/XjJl/69eb5d61fcb5bb61d27e5ce9/mystere_paris_black_women_checked_oversized_fit_spread-collar_shirt.jpg,Mystere Paris,Women,Shirts,700,1999,50,,,XS,Black,Oversized Fit,,,Checkered,"Mystere Paris Black Women Checked Oversized Fit Spread-Collar Shirt. Brand: Mystere Paris. Color: Black. Fit: Oversized Fit. Pattern: Checkered. Size: XS. Category: Women, Shirts",InStock,,https://www.ajio.com/mystere-paris-women-checked-oversized-fit-spread-collar-shirt/p/703367513_black,2026-06-26T12:13:00.063541+00:00
Ajio,Bene Kleed Navy Women Regular Fit Shirt with Contrast Stitching,https://assets.ajio.com/medias/sys_master/root1/20260509/F2DG/69ff5618fcb5bb61d2b19677/bene_kleed_navy_women_regular_fit_shirt_with_contrast_stitching.jpg,Bene Kleed,Women,Shirts,580,2299,64,,,S,Navy,Regular Fit,,,,"Bene Kleed Navy Women Regular Fit Shirt with Contrast Stitching. Brand: Bene Kleed. Color: Navy. Fit: Regular Fit. Size: S. Category: Women, Shirts",InStock,,https://www.ajio.com/bene-kleed-women-regular-fit-shirt-with-contrast-stitching/p/466844519_navy,2026-06-26T12:13:00.063541+00:00
Ajio,J&H JUNE & HARRY Pink Women Striped Relaxed Fit Spread-Collar Shirt,https://assets.ajio.com/medias/sys_master/root1/20251010/udWG/68e8e8de3d468c61ab5797a1/j%26h_june_%26_harry_pink_women_striped_relaxed_fit_spread-collar_shirt.jpg,J&H JUNE & HARRY,Women,Shirts,481,2499,78,,,,Pink,Relaxed Fit,,,Striped,"J&H JUNE & HARRY Pink Women Striped Relaxed Fit Spread-Collar Shirt. Brand: J&H JUNE & HARRY. Color: Pink. Fit: Relaxed Fit. Pattern: Striped. Category: Women, Shirts",InStock,,https://www.ajio.com/j-h-june--harry-women-striped-relaxed-fit-spread-collar-shirt/p/702378463_pink,2026-06-26T12:13:00.063541+00:00
Ajio,Glam & Chique X AG Mocha Brown Women Patterned Regular Fit Shirt with Patch Pocket,https://assets.ajio.com/medias/sys_master/root1/20260421/u9PN/69e7837614d0c217198682be/glam_%26_chique_x_ag_mocha_brown_women_patterned_regular_fit_shirt_with_patch_pocket.jpg,Glam & Chique X AG,Women,Shirts,346,1299,62,,,XL,Brown,Regular Fit,,,,"Glam & Chique X AG Mocha Brown Women Patterned Regular Fit Shirt with Patch Pocket. Brand: Glam & Chique X AG. Color: Brown. Fit: Regular Fit. Size: XL. Category: Women, Shirts",InStock,,https://www.ajio.com/glam--chique-x-ag-women-patterned-regular-fit-shirt-with-patch-pocket/p/703349885_brown,2026-06-26T12:13:00.063541+00:00
Ajio,American Eagle Red Women Regular Fit Embroidery Shirt,https://assets.ajio.com/medias/sys_master/root1/20250815/AN2F/689e3e3d3d468c61ab6e845b/american_eagle_red_women_regular_fit_embroidery_shirt.jpg,American Eagle,Women,Shirts,1859,4213,44,,,,Red,Regular Fit,,,,"American Eagle Red Women Regular Fit Embroidery Shirt. Brand: American Eagle. Color: Red. Fit: Regular Fit. Category: Women, Shirts",InStock,,https://www.ajio.com/american-eagle-women-regular-fit-embroidery-shirt/p/702116717_red,2026-06-26T12:13:00.063541+00:00
Ajio,LEIA Off white Women Floral Print Regular Fit Shirt,https://assets.ajio.com/medias/sys_master/root1/20250731/a5UG/688b75403d468c61ab392e72/leia_off_white_women_floral_print_regular_fit_shirt.jpg,LEIA,Women,Shirts,195,650,70,,,XL,Off White,Regular Fit,,,Floral,"LEIA Off white Women Floral Print Regular Fit Shirt. Brand: LEIA. Color: Off White. Fit: Regular Fit. Pattern: Floral. Size: XL. Category: Women, Shirts",InStock,,https://www.ajio.com/leia-women-floral-print-regular-fit-shirt/p/702048885_offwhite,2026-06-26T12:13:00.063541+00:00
Ajio,PINACOLADA Grey Women Checked Oversized Fit Shirt,https://assets.ajio.com/medias/sys_master/root1/20260220/R8gr/69979a267ef0c7385c168da0/pinacolada_grey_women_checked_oversized_fit_shirt.jpg,PINACOLADA,Women,Shirts,525,1499,50,,,,Multi,Oversized Fit,,,Checkered,"PINACOLADA Grey Women Checked Oversized Fit Shirt. Brand: PINACOLADA. Color: Multi. Fit: Oversized Fit. Pattern: Checkered. Category: Women, Shirts",InStock,,https://www.ajio.com/pinacolada-women-checked-oversized-fit-shirt/p/702993746_multi,2026-06-26T12:13:00.063541+00:00
Ajio,LEVI'S Off-white Women Relaxed Fit Classic Shirt,https://assets.ajio.com/medias/sys_master/root1/20251205/oIB7/6932be84720fb821d36e3c56/levi%27s_off-white_women_relaxed_fit_classic_shirt.jpg,LEVI'S,Women,Shirts,1655,4309,50,,,,Off White,Relaxed Fit,,,,"LEVI'S Off-white Women Relaxed Fit Classic Shirt. Brand: LEVI'S. Color: Off White. Fit: Relaxed Fit. Category: Women, Shirts",InStock,,https://www.ajio.com/levi-s-women-relaxed-fit-classic-shirt/p/702589021_offwhite,2026-06-26T12:13:00.063541+00:00
Ajio,DNMX Black Women Half & Half Flannel Shirt,https://assets.ajio.com/medias/sys_master/root1/20251117/sq0U/691b3e55a470c5082f9bd9d9/dnmx_black_women_half_%26_half_flannel_shirt.jpg,DNMX,Women,Shirts,229,899,49,,,,Black,,,,,"DNMX Black Women Half & Half Flannel Shirt. Brand: DNMX. Color: Black. Category: Women, Shirts. 1.4K shoppers wishlisted in last 30 days",InStock,,https://www.ajio.com/dnmx-women-half--half-flannel-shirt/p/443098562_black,2026-06-26T12:13:00.063541+00:00
Ajio,LEIA Wine Women Regular Fit Shirt with Spread Collar,https://assets.ajio.com/medias/sys_master/root/20250604/iqZz/683fa97255340d4b4f813aaf/leia_wine_women_regular_fit_shirt_with_spread_collar.jpg,LEIA,Women,Shirts,168,800,70,,,XL,Wine,Regular Fit,,,,"LEIA Wine Women Regular Fit Shirt with Spread Collar. Brand: LEIA. Color: Wine. Fit: Regular Fit. Size: XL. Category: Women, Shirts",InStock,,https://www.ajio.com/leia-women-regular-fit-shirt-with-spread-collar/p/701673513_wine,2026-06-26T12:13:00.063541+00:00
Ajio,BLACK DUST White Women Embroidered Regular Fit Shirt,https://assets.ajio.com/medias/sys_master/root1/20251204/vWGe/69309765720fb821d3685955/black_dust_white_women_embroidered_regular_fit_shirt.jpg,BLACK DUST,Women,Shirts,378,1499,64,,,,White,Regular Fit,,,Embroidered,"BLACK DUST White Women Embroidered Regular Fit Shirt. Brand: BLACK DUST. Color: White. Fit: Regular Fit. Pattern: Embroidered. Category: Women, Shirts",InStock,,https://www.ajio.com/black-dust-women-embroidered-regular-fit-shirt/p/702582360_white,2026-06-26T12:13:00.063541+00:00
Ajio,ELIXORIA Pink Women Regular Fit Shirt with Spread Collar,https://assets.ajio.com/medias/sys_master/root1/20250829/ubTe/68b1b1543d468c61aba813a7/elixoria_pink_women_regular_fit_shirt_with_spread_collar.jpg,ELIXORIA,Women,Shirts,291,1299,68,,,S,Fuchsia,Regular Fit,,,,"ELIXORIA Pink Women Regular Fit Shirt with Spread Collar. Brand: ELIXORIA. Color: Fuchsia. Fit: Regular Fit. Size: S. Category: Women, Shirts",InStock,,https://www.ajio.com/elixoria-women-regular-fit-shirt-with-spread-collar/p/702160449_fuchsia,2026-06-26T12:13:00.063541+00:00
Ajio,CRIMSOUNE CLUB Multi Women Cotton Regular Fit Embroidery Shirt,https://assets.ajio.com/medias/sys_master/root1/20260619/OxuN/6a352243ade02f052a39eb90/crimsoune_club_multi_women_cotton_regular_fit_embroidery_shirt.jpg,CRIMSOUNE CLUB,Women,Shirts,612,2299,62,,,,Multi,Regular Fit,Cotton,,,"CRIMSOUNE CLUB Multi Women Cotton Regular Fit Embroidery Shirt. Brand: CRIMSOUNE CLUB. Color: Multi. Fit: Regular Fit. Fabric: Cotton. Category: Women, Shirts",InStock,,https://www.ajio.com/crimsoune-club-women-cotton-regular-fit-embroidery-shirt/p/701498141_multi,2026-06-26T12:13:00.063541+00:00
Ajio,MIA MAGELL Pink Women Valentine Relaxed Fit Shirt,https://assets.ajio.com/medias/sys_master/root/20240125/QbzW/65b173c516fd2c6e6abf1738/mia_magell_pink_women_valentine_relaxed_fit_shirt.jpg,MIA MAGELL,Women,Shirts,5299,5999,11.67,,,,Pink,Relaxed Fit,,,,"MIA MAGELL Pink Women Valentine Relaxed Fit Shirt. Brand: MIA MAGELL. Color: Pink. Fit: Relaxed Fit. Category: Women, Shirts",InStock,,https://www.ajio.com/mia-magell-women-valentine-relaxed-fit-shirt/p/467010689_pink,2026-06-26T12:13:00.063541+00:00
Ajio,KASHIANXSTYLE White Women Regular Fit Shirt with Spread Collar,https://assets.ajio.com/medias/sys_master/root/20250317/dylb/67d838ff2960820c49f4b95a/kashianxstyle_white_women_regular_fit_shirt_with_spread_collar.jpg,KASHIANXSTYLE,Women,Shirts,304,1999,83,,,,White,Regular Fit,,,,"KASHIANXSTYLE White Women Regular Fit Shirt with Spread Collar. Brand: KASHIANXSTYLE. Color: White. Fit: Regular Fit. Category: Women, Shirts",InStock,,https://www.ajio.com/kashianxstyle-women-regular-fit-shirt-with-spread-collar/p/701344543_white,2026-06-26T12:13:00.063541+00:00
Ajio,The Souled Store Apricot Women Oversized Fit Stripes Shirt,https://assets.ajio.com/medias/sys_master/root/20250325/vaqq/67e25b6155340d4b4f86eb92/the_souled_store_apricot_women_oversized_fit_stripes_shirt.jpg,The Souled Store,Women,Shirts,1352,2049,34,,,,Orange,Oversized Fit,,,Striped,"The Souled Store Apricot Women Oversized Fit Stripes Shirt. Brand: The Souled Store. Color: Orange. Fit: Oversized Fit. Pattern: Striped. Category: Women, Shirts",InStock,,https://www.ajio.com/the-souled-store-women-oversized-fit-stripes-shirt/p/701372040_orange,2026-06-26T12:13:00.063541+00:00
Ajio,Fuback X AG Cream Women Floral Print Regular Fit Shirt,https://assets.ajio.com/medias/sys_master/root1/20251217/kuNO/69420fe5720fb821d3937fa6/fuback_x_ag_cream_women_floral_print_regular_fit_shirt.jpg,Fuback X AG,Women,Shirts,306,1999,83,,,L,Cream,Regular Fit,,,Floral,"Fuback X AG Cream Women Floral Print Regular Fit Shirt. Brand: Fuback X AG. Color: Cream. Fit: Regular Fit. Pattern: Floral. Size: L. Category: Women, Shirts",InStock,,https://www.ajio.com/fuback-x-ag-women-floral-print-regular-fit-shirt/p/702629098_cream,2026-06-26T12:13:00.063541+00:00
Ajio,Vero Moda White Women Textured Regular Fit Shirt,https://assets.ajio.com/medias/sys_master/root/20240722/OLjs/669e2e7e1d763220fa0ddc2a/vero_moda_white_women_textured_regular_fit_shirt.jpg,Vero Moda,Women,Shirts,798,3799,70,,,,White,Regular Fit,,,,"Vero Moda White Women Textured Regular Fit Shirt. Brand: Vero Moda. Color: White. Fit: Regular Fit. Category: Women, Shirts",InStock,,https://www.ajio.com/vero-moda-women-textured-regular-fit-shirt/p/466959052_white,2026-06-26T12:13:00.063541+00:00
Ajio,DL WOMAN Rust Women Relaxed Fit Shirt with Spread Collar,https://assets.ajio.com/medias/sys_master/root/20240422/YNRU/6625719d05ac7d77bb1b43f1/dl_woman_rust_women_relaxed_fit_shirt_with_spread_collar.jpg,DL WOMAN,Women,Shirts,447,2199,71,,,S,Rust,Relaxed Fit,,,,"DL WOMAN Rust Women Relaxed Fit Shirt with Spread Collar. Brand: DL WOMAN. Color: Rust. Fit: Relaxed Fit. Size: S. Category: Women, Shirts. 1K shoppers wishlisted in last 30 days",InStock,,https://www.ajio.com/dl-woman-women-relaxed-fit-shirt-with-spread-collar-/p/467266978_rust,2026-06-26T12:13:00.063541+00:00
Ajio,Fyre Rose Mustard Women Floral Shirt,https://assets.ajio.com/medias/sys_master/root1/20260402/4Jku/69ce4c7f9e784a25d5b30e43/fyre_rose_mustard_women_floral_shirt.jpg,Fyre Rose,Women,Shirts,141,650,69,,,XS,Mustard,,,,Floral,"Fyre Rose Mustard Women Floral Shirt. Brand: Fyre Rose. Color: Mustard. Pattern: Floral. Size: XS. Category: Women, Shirts",InStock,,https://www.ajio.com/fyre-rose-women-floral-shirt/p/703273230_mustard,2026-06-26T12:13:00.063541+00:00
Ajio,LERIYA FASHION Off White Women Relaxed Fit Shirt,https://assets.ajio.com/medias/sys_master/root1/20260219/h6sc/6996f6cd7ef0c7385c0ff2d9/leriya_fashion_off_white_women_relaxed_fit_shirt.jpg,LERIYA FASHION,Women,Shirts,462,1999,67,,,2XL,Off White,Relaxed Fit,,,,"LERIYA FASHION Off White Women Relaxed Fit Shirt. Brand: LERIYA FASHION. Color: Off White. Fit: Relaxed Fit. Size: 2XL. Category: Women, Shirts. 1.9K shoppers wishlisted in last 30 days",InStock,,https://www.ajio.com/leriya-fashion-women-relaxed-fit-shirt/p/702986847_offwhite,2026-06-26T12:13:00.063541+00:00
Ajio,PINACOLADA Green Women Relaxed Fit Shirt with Spread Collar,https://assets.ajio.com/medias/sys_master/root1/20251225/2Ac8/694d4ba7cbfa0d56082cd00b/pinacolada_green_women_relaxed_fit_shirt_with_spread_collar.jpg,PINACOLADA,Women,Shirts,368,1499,65,,,L,Green,Relaxed Fit,,,,"PINACOLADA Green Women Relaxed Fit Shirt with Spread Collar. Brand: PINACOLADA. Color: Green. Fit: Relaxed Fit. Size: L. Category: Women, Shirts",InStock,,https://www.ajio.com/pinacolada-women-relaxed-fit-shirt-with-spread-collar/p/702674205_green,2026-06-26T12:13:00.063541+00:00
Ajio,U.S. Polo Assn. White Women Regular Fit Shirt with Spread Collar,https://assets.ajio.com/medias/sys_master/root1/20260509/FFA5/69ff6cd714d0c21719cebce7/u.s._polo_assn._white_women_regular_fit_shirt_with_spread_collar.jpg,U.S. Polo Assn.,Women,Shirts,1007,1999,28,,,,White,Regular Fit,,,,"U.S. Polo Assn. White Women Regular Fit Shirt with Spread Collar. Brand: U.S. Polo Assn.. Color: White. Fit: Regular Fit. Category: Women, Shirts",InStock,,https://www.ajio.com/u-s-polo-assn-women-regular-fit-shirt-with-spread-collar/p/702018746_white,2026-06-26T12:13:00.063541+00:00
Ajio,ONLY Pink Women Printed Regular Fit Shirt,https://assets.ajio.com/medias/sys_master/root/20240831/NVtH/66d2173e1d763220fab272d9/only_pink_women_printed_regular_fit_shirt.jpg,ONLY,Women,Shirts,700,2499,60,,,,Pink,Regular Fit,,,Printed,"ONLY Pink Women Printed Regular Fit Shirt. Brand: ONLY. Color: Pink. Fit: Regular Fit. Pattern: Printed. Category: Women, Shirts",InStock,,https://www.ajio.com/only-women-printed-regular-fit-shirt/p/442793757_pink,2026-06-26T12:13:00.063541+00:00
Ajio,YOUSTA White Women Oversized Fit Shirt,https://assets.ajio.com/medias/sys_master/root1/20250919/kiNF/68cd47973d468c61ab0b8e99/yousta_white_women_oversized_fit_shirt.jpg,YOUSTA,Women,Shirts,210,599,50,,,,White,Oversized Fit,,,,"YOUSTA White Women Oversized Fit Shirt. Brand: YOUSTA. Color: White. Fit: Oversized Fit. Category: Women, Shirts",InStock,,https://www.ajio.com/yousta-women-oversized-fit-shirt/p/443095843_white,2026-06-26T12:13:00.063541+00:00
Ajio,GAP White Women Loose Fit Cotton Shirt with Patch Pocket,https://assets.ajio.com/medias/sys_master/root/20250121/fm01/678f24f0663dbe1c5fe8f5fe/gap_white_women_loose_fit_cotton_shirt_with_patch_pocket.jpg,GAP,Women,Shirts,840,2799,40,,,,White,Loose Fit,Cotton,,,"GAP White Women Loose Fit Cotton Shirt with Patch Pocket. Brand: GAP. Color: White. Fit: Loose Fit. Fabric: Cotton. Category: Women, Shirts",InStock,,https://www.ajio.com/gap-women-loose-fit-cotton-shirt-with-patch-pocket/p/442695704_white,2026-06-26T12:13:00.063541+00:00
Ajio,Mystere Paris Pink Women Oversized Fit Shirt,https://assets.ajio.com/medias/sys_master/root1/20260305/MQ2T/69a976804970ce6a6e214e9b/mystere_paris_pink_women_oversized_fit_shirt.jpg,Mystere Paris,Women,Shirts,613,1749,50,,,XS,Pink,Oversized Fit,,,,"Mystere Paris Pink Women Oversized Fit Shirt. Brand: Mystere Paris. Color: Pink. Fit: Oversized Fit. Size: XS. Category: Women, Shirts. 813 shoppers wishlisted in last 30 days",InStock,,https://www.ajio.com/mystere-paris-women-oversized-fit-shirt/p/703114017_pink,2026-06-26T12:13:00.063541+00:00
Ajio,Mystere Paris Beige Women Oversized Fit Spread-Collar Shirt,https://assets.ajio.com/medias/sys_master/root1/20260424/unlA/69eb5534fcb5bb61d27d4dfa/mystere_paris_beige_women_oversized_fit_spread-collar_shirt.jpg,Mystere Paris,Women,Shirts,700,1999,50,,,M,Beige,Oversized Fit,,,,"Mystere Paris Beige Women Oversized Fit Spread-Collar Shirt. Brand: Mystere Paris. Color: Beige. Fit: Oversized Fit. Size: M. Category: Women, Shirts",InStock,,https://www.ajio.com/mystere-paris-women-oversized-fit-spread-collar-shirt/p/703366951_beige,2026-06-26T12:13:00.063541+00:00
Ajio,Zilcon Green Women Patterned Regular Fit Shirt,https://assets.ajio.com/medias/sys_master/root1/20260127/BYXG/6978f1517ef0c7385c971df9/zilcon_green_women_patterned_regular_fit_shirt.jpg,Zilcon,Women,Shirts,239,1999,88,,,XL,Green,Regular Fit,,,,"Zilcon Green Women Patterned Regular Fit Shirt. Brand: Zilcon. Color: Green. Fit: Regular Fit. Size: XL. Category: Women, Shirts",InStock,,https://www.ajio.com/zilcon-women-patterned-regular-fit-shirt/p/702818754_green,2026-06-26T12:13:00.063541+00:00
Ajio,Fyre Rose Green Women Sleeveless Regular Fit Shirt,https://assets.ajio.com/medias/sys_master/root/20250616/Zc2l/684f289255340d4b4fb16c07/fyre_rose_green_women_sleeveless_regular_fit_shirt.jpg,Fyre Rose,Women,Shirts,300,1499,74,,,XL,Green,Regular Fit,,Sleeveless,,"Fyre Rose Green Women Sleeveless Regular Fit Shirt. Brand: Fyre Rose. Color: Green. Fit: Regular Fit. Sleeve: Sleeveless. Size: XL. Category: Women, Shirts",InStock,,https://www.ajio.com/fyre-rose-women-sleeveless-regular-fit-shirt/p/701749764_green,2026-06-26T12:13:00.063541+00:00
Ajio,ONLY White Women Printed Regular Fit Shirt,https://assets.ajio.com/medias/sys_master/root/20250319/8qzZ/67dac45659f8353980490b1b/only_white_women_printed_regular_fit_shirt.jpg,ONLY,Women,Shirts,945,2999,55,,,,White,Regular Fit,,,Printed,"ONLY White Women Printed Regular Fit Shirt. Brand: ONLY. Color: White. Fit: Regular Fit. Pattern: Printed. Category: Women, Shirts",InStock,,https://www.ajio.com/only-women-printed-regular-fit-shirt/p/469728407_white,2026-06-26T12:13:00.063541+00:00
Ajio,Lunice Multicoloured Women Floral Print Regular Fit Shirt,https://assets.ajio.com/medias/sys_master/root1/20250918/KoZv/68cbe9628bfb9009ac14d98a/lunice_multicoloured_women_floral_print_regular_fit_shirt.jpg,Lunice,Women,Shirts,257,1049,65,,,XL,Multi,Regular Fit,,,Floral,"Lunice Multicoloured Women Floral Print Regular Fit Shirt. Brand: Lunice. Color: Multi. Fit: Regular Fit. Pattern: Floral. Size: XL. Category: Women, Shirts",InStock,,https://www.ajio.com/lunice-women-floral-print-regular-fit-shirt/p/702273999_multi,2026-06-26T12:13:00.063541+00:00
Ajio,The Souled Store Pink Women Embroidered Regular Fit Shirt,https://assets.ajio.com/medias/sys_master/root1/20260310/agmG/69b004304970ce6a6e34a837/the_souled_store_pink_women_embroidered_regular_fit_shirt.jpg,The Souled Store,Women,Shirts,1699,1999,15,,,,Pink,Regular Fit,,,Embroidered,"The Souled Store Pink Women Embroidered Regular Fit Shirt. Brand: The Souled Store. Color: Pink. Fit: Regular Fit. Pattern: Embroidered. Category: Women, Shirts",InStock,,https://www.ajio.com/the-souled-store-women-embroidered-regular-fit-shirt/p/703137379_pink,2026-06-26T12:13:00.063541+00:00
Ajio,RIO Pink Women Schiffili Embroidered Regular Fit Shirt,https://assets.ajio.com/medias/sys_master/root1/20251006/x0b0/68e3bfd38bfb9009ac572eb9/rio_pink_women_schiffili_embroidered_regular_fit_shirt.jpg,RIO,Women,Shirts,178,699,49,,,,Ltpink,Regular Fit,,,Embroidered,"RIO Pink Women Schiffili Embroidered Regular Fit Shirt. Brand: RIO. Color: Ltpink. Fit: Regular Fit. Pattern: Embroidered. Category: Women, Shirts",InStock,,https://www.ajio.com/rio-women-schiffili-embroidered-regular-fit-shirt/p/443082741_ltpink,2026-06-26T12:13:00.063541+00:00
Ajio,FIG Navy Blue Women Regular Fit Shirt with Spread Collar,https://assets.ajio.com/medias/sys_master/root1/20260622/jttN/6a3938dfafd8cf5e7387e056/fig_navy_blue_women_regular_fit_shirt_with_spread_collar.jpg,FIG,Women,Shirts,629,899,30.03,,,,Navy,Regular Fit,,,,"FIG Navy Blue Women Regular Fit Shirt with Spread Collar. Brand: FIG. Color: Navy. Fit: Regular Fit. Category: Women, Shirts",InStock,,https://www.ajio.com/fig-women-regular-fit-shirt-with-spread-collar/p/443122938_navy,2026-06-26T12:13:00.063541+00:00
Ajio,SPYKAR Green Women Boxy Fit Cotton Shirt,https://assets.ajio.com/medias/sys_master/root/20250515/ZShO/68258f4755340d4b4f35e162/spykar_green_women_boxy_fit_cotton_shirt.jpg,SPYKAR,Women,Shirts,840,2399,50,,,,Oliveblack,Boxy Fit,Cotton,,,"SPYKAR Green Women Boxy Fit Cotton Shirt. Brand: SPYKAR. Color: Oliveblack. Fit: Boxy Fit. Fabric: Cotton. Category: Women, Shirts",InStock,,https://www.ajio.com/spykar-women-boxy-fit-cotton-shirt/p/442468980_oliveblack,2026-06-26T12:13:00.063541+00:00
Ajio,LEVI'S Pink Women Patterned Regular Fit Shirt,https://assets.ajio.com/medias/sys_master/root1/20260203/9FyW/6981b5997ef0c7385cad9838/levi%27s_pink_women_patterned_regular_fit_shirt.jpg,LEVI'S,Women,Shirts,1077,2799,45,,,,Pink,Regular Fit,,,,"LEVI'S Pink Women Patterned Regular Fit Shirt. Brand: LEVI'S. Color: Pink. Fit: Regular Fit. Category: Women, Shirts",InStock,,https://www.ajio.com/levi-s-women-patterned-regular-fit-shirt/p/443800246_pink,2026-06-26T12:13:00.063541+00:00
Ajio,Nobarr Dark green Women Regular Fit Shirt with Patch Pocket,https://assets.ajio.com/medias/sys_master/root1/20260625/NtaP/6a3cfecaafd8cf5e7395515d/nobarr_dark_green_women_regular_fit_shirt_with_patch_pocket.jpg,Nobarr,Women,Shirts,394,2999,85,,,,Green,Regular Fit,,,,"Nobarr Dark green Women Regular Fit Shirt with Patch Pocket. Brand: Nobarr. Color: Green. Fit: Regular Fit. Category: Women, Shirts",InStock,,https://www.ajio.com/nobarr-women-regular-fit-shirt-with-patch-pocket/p/703171837_green,2026-06-26T12:13:00.063541+00:00
Ajio,Gerua By Libas Purple Women Relaxed Fit Shirt,https://assets.ajio.com/medias/sys_master/root1/20260424/aF77/69ea77f214d0c21719919a56/gerua_by_libas_purple_women_relaxed_fit_shirt.jpg,Gerua By Libas,Women,Shirts,358,1599,68,,,,Purple,Relaxed Fit,,,,"Gerua By Libas Purple Women Relaxed Fit Shirt. Brand: Gerua By Libas. Color: Purple. Fit: Relaxed Fit. Category: Women, Shirts",InStock,,https://www.ajio.com/gerua-by-libas-women-relaxed-fit-shirt/p/703364720_purple,2026-06-26T12:13:00.063541+00:00
Ajio,MAX BROWN Women Stylised Fit Shirt,https://assets.ajio.com/medias/sys_master/root1/20251023/nFQX/68fa205a0bb2bb61bc23ebf5/max_brown_women_stylised_fit_shirt.jpg,MAX,Women,Shirts,386,799,31,,,,Brown,,,,,"MAX BROWN Women Stylised Fit Shirt. Brand: MAX. Color: Brown. Category: Women, Shirts",InStock,,https://www.ajio.com/max-women-stylised-fit-shirt/p/702422241_brown,2026-06-26T12:13:00.063541+00:00
Ajio,RIO Brown Women Checked Slim Fit Shirt,https://assets.ajio.com/medias/sys_master/root1/20260331/LhYf/69caf4be9e784a25d5a58b1d/rio_brown_women_checked_slim_fit_shirt.jpg,RIO,Women,Shirts,213,599,29,,,,Brown,Slim Fit,,,Checkered,"RIO Brown Women Checked Slim Fit Shirt. Brand: RIO. Color: Brown. Fit: Slim Fit. Pattern: Checkered. Category: Women, Shirts",InStock,,https://www.ajio.com/rio-women-checked-slim-fit-shirt/p/443116277_brown,2026-06-26T12:13:00.063541+00:00
Ajio,MAX Off White Women Regular Fit Shirt,https://assets.ajio.com/medias/sys_master/root1/20260415/dss7/69df73c214d0c2171974dc06/max_off_white_women_regular_fit_shirt.jpg,MAX,Women,Shirts,489,699,30.04,,,,Off White,Regular Fit,,,,"MAX Off White Women Regular Fit Shirt. Brand: MAX. Color: Off White. Fit: Regular Fit. Category: Women, Shirts",InStock,,https://www.ajio.com/max-women-regular-fit-shirt/p/703331991_offwhite,2026-06-26T12:13:00.063541+00:00
Ajio,Vero Moda Lilac Women Schiffli Embroidered Regular Fit Shirt,https://assets.ajio.com/medias/sys_master/root/20250328/ECR4/67e6a8bb55340d4b4f97ae05/vero_moda_lilac_women_schiffli_embroidered_regular_fit_shirt.jpg,Vero Moda,Women,Shirts,1300,5999,70,,,,Pink,Regular Fit,,,Embroidered,"Vero Moda Lilac Women Schiffli Embroidered Regular Fit Shirt. Brand: Vero Moda. Color: Pink. Fit: Regular Fit. Pattern: Embroidered. Category: Women, Shirts",InStock,,https://www.ajio.com/vero-moda-women-schiffli-embroidered-regular-fit-shirt/p/469732850_pink,2026-06-26T12:13:00.063541+00:00
Ajio,Fuback X AG Pink & Cream Women Floral Print Regular Fit Shirt,https://assets.ajio.com/medias/sys_master/root1/20251217/S73c/69420f328945db77cf36faf7/fuback_x_ag_pink_%26_cream_women_floral_print_regular_fit_shirt.jpg,Fuback X AG,Women,Shirts,306,1999,83,,,XXL,Pink,Regular Fit,,,Floral,"Fuback X AG Pink & Cream Women Floral Print Regular Fit Shirt. Brand: Fuback X AG. Color: Pink. Fit: Regular Fit. Pattern: Floral. Size: XXL. Category: Women, Shirts",InStock,,https://www.ajio.com/fuback-x-ag-women-floral-print-regular-fit-shirt/p/702629098_pink,2026-06-26T12:13:00.063541+00:00
Ajio,GUFRINA Blue Women Regular Fit Tribal Print Shirt with Spread Collar,https://assets.ajio.com/medias/sys_master/root/20250519/71WZ/682b18097a6cd4182f3a0c49/gufrina_blue_women_regular_fit_tribal_print_shirt_with_spread_collar.jpg,GUFRINA,Women,Shirts,400,1999,73,,,L,Blue,Regular Fit,,,,"GUFRINA Blue Women Regular Fit Tribal Print Shirt with Spread Collar. Brand: GUFRINA. Color: Blue. Fit: Regular Fit. Size: L. Category: Women, Shirts",InStock,,https://www.ajio.com/gufrina-women-regular-fit-tribal-print-shirt-with-spread-collar/p/701589253_blue,2026-06-26T12:13:00.063541+00:00
Ajio,MICORIA Teal Green Women Relaxed Fit Floral Shirt,https://assets.ajio.com/medias/sys_master/root1/20260120/dPWh/696e84ed7ef0c7385c7c4d61/micoria_teal_green_women_relaxed_fit_floral_shirt.jpg,MICORIA,Women,Shirts,420,1874,68,,,XXL,Teal,Relaxed Fit,,,Floral,"MICORIA Teal Green Women Relaxed Fit Floral Shirt. Brand: MICORIA. Color: Teal. Fit: Relaxed Fit. Pattern: Floral. Size: XXL. Category: Women, Shirts",InStock,,https://www.ajio.com/micoria-women-relaxed-fit-floral-shirt/p/702772756_teal,2026-06-26T12:13:00.063541+00:00
Ajio,Zummer Black Women Embroidered Regular Fit Shirt,https://assets.ajio.com/medias/sys_master/root1/20260413/KxGZ/69dce12614d0c217196b2870/zummer_black_women_embroidered_regular_fit_shirt.jpg,Zummer,Women,Shirts,664,2899,67,,,,Black,Regular Fit,,,Embroidered,"Zummer Black Women Embroidered Regular Fit Shirt. Brand: Zummer. Color: Black. Fit: Regular Fit. Pattern: Embroidered. Category: Women, Shirts. 4.2K shoppers wishlisted in last 30 days",InStock,,https://www.ajio.com/zummer-women-embroidered-regular-fit-shirt/p/703324133_black,2026-06-26T12:13:00.063541+00:00
Ajio,YOUSTA Olive Women Printed Regular Fit Cotton Shirt,https://assets.ajio.com/medias/sys_master/root1/20250925/cr7n/68d4f1db3d468c61ab2445eb/yousta_olive_women_printed_regular_fit_cotton_shirt.jpg,YOUSTA,Women,Shirts,210,599,50,,,,Olive,Regular Fit,Cotton,,Printed,"YOUSTA Olive Women Printed Regular Fit Cotton Shirt. Brand: YOUSTA. Color: Olive. Fit: Regular Fit. Fabric: Cotton. Pattern: Printed. Category: Women, Shirts. 776 shoppers wishlisted in last 30 days",InStock,,https://www.ajio.com/yousta-women-printed-regular-fit-cotton-shirt/p/443089216_olive,2026-06-26T12:13:00.063541+00:00
Ajio,RIO Ecru Women Checked Slim Fit Shirt,https://assets.ajio.com/medias/sys_master/root1/20260331/9A55/69cb2be29e784a25d5a60c9c/rio_ecru_women_checked_slim_fit_shirt.jpg,RIO,Women,Shirts,213,599,29,,,,Ecru,Slim Fit,,,Checkered,"RIO Ecru Women Checked Slim Fit Shirt. Brand: RIO. Color: Ecru. Fit: Slim Fit. Pattern: Checkered. Category: Women, Shirts",InStock,,https://www.ajio.com/rio-women-checked-slim-fit-shirt/p/443116277_ecru,2026-06-26T12:13:00.063541+00:00
Ajio,LEIA Navy Blue Women Boxy Fit Geometric Print Shirt with Cuban Collar,https://assets.ajio.com/medias/sys_master/root1/20251011/eUyf/68e9b6243d468c61ab5aa5a2/leia_navy_blue_women_boxy_fit_geometric_print_shirt_with_cuban_collar.jpg,LEIA,Women,Shirts,152,722,70,,,XS,Navy,Boxy Fit,,,,"LEIA Navy Blue Women Boxy Fit Geometric Print Shirt with Cuban Collar. Brand: LEIA. Color: Navy. Fit: Boxy Fit. Size: XS. Category: Women, Shirts",InStock,,https://www.ajio.com/leia-women-boxy-fit-geometric-print-shirt-with-cuban-collar/p/702383519_navy,2026-06-26T12:13:00.063541+00:00
Ajio,V-MART Green Women Floral Print Regular Fit Shirt,https://assets.ajio.com/medias/sys_master/root1/20260422/gCnh/69e8b5a4fcb5bb61d27437e5/v-mart_green_women_floral_print_regular_fit_shirt.jpg,V-MART,Women,Shirts,188,299,10,,,,Green,Regular Fit,,,Floral,"V-MART Green Women Floral Print Regular Fit Shirt. Brand: V-MART. Color: Green. Fit: Regular Fit. Pattern: Floral. Category: Women, Shirts",InStock,,https://www.ajio.com/v-mart-women-floral-print-regular-fit-shirt-/p/703359463_green,2026-06-26T12:13:00.063541+00:00
Ajio,Biba White Women Floral Print Relaxed Fit Shirt,https://assets.ajio.com/medias/sys_master/root/20250128/Np3S/6798cf792960820c49424a29/biba_white_women_floral_print_relaxed_fit_shirt.jpg,Biba,Women,Shirts,769,1999,45,,,,White,Relaxed Fit,,,Floral,"Biba White Women Floral Print Relaxed Fit Shirt. Brand: Biba. Color: White. Fit: Relaxed Fit. Pattern: Floral. Category: Women, Shirts",InStock,,https://www.ajio.com/biba-women-floral-print-relaxed-fit-shirt/p/469722182_white,2026-06-26T12:13:00.063541+00:00
Ajio,Zummer Blue Women Embroidered Regular Fit Spread-Collar Shirt,https://assets.ajio.com/medias/sys_master/root1/20260427/9huY/69ef52e8fcb5bb61d284cfd1/zummer_blue_women_embroidered_regular_fit_spread-collar_shirt.jpg,Zummer,Women,Shirts,594,2899,71,,,,Blue,Regular Fit,,,Embroidered,"Zummer Blue Women Embroidered Regular Fit Spread-Collar Shirt. Brand: Zummer. Color: Blue. Fit: Regular Fit. Pattern: Embroidered. Category: Women, Shirts",InStock,,https://www.ajio.com/zummer-women-embroidered-regular-fit-spread-collar-shirt/p/703379321_blue,2026-06-26T12:13:00.063541+00:00
Ajio,Mystere Paris Coral Women Oversized Fit Shirt,https://assets.ajio.com/medias/sys_master/root1/20260424/YZZW/69eba4ea14d0c2171999edb1/mystere_paris_coral_women_oversized_fit_shirt.jpg,Mystere Paris,Women,Shirts,613,1749,50,,,L,Coral,Oversized Fit,,,,"Mystere Paris Coral Women Oversized Fit Shirt. Brand: Mystere Paris. Color: Coral. Fit: Oversized Fit. Size: L. Category: Women, Shirts",InStock,,https://www.ajio.com/mystere-paris-women-oversized-fit-shirt/p/703372131_coral,2026-06-26T12:13:00.063541+00:00
Ajio,The Souled Store Pink Women Cotton Loose Fit Stripes Shirt,https://assets.ajio.com/medias/sys_master/root/20250414/awfg/67fcee597a6cd4182fc9a05e/the_souled_store_pink_women_cotton_loose_fit_stripes_shirt.jpg,The Souled Store,Women,Shirts,1799,1999,10,,,,Pink,Loose Fit,Cotton,,Striped,"The Souled Store Pink Women Cotton Loose Fit Stripes Shirt. Brand: The Souled Store. Color: Pink. Fit: Loose Fit. Fabric: Cotton. Pattern: Striped. Category: Women, Shirts",InStock,,https://www.ajio.com/the-souled-store-women-cotton-loose-fit-stripes-shirt/p/701452284_pink,2026-06-26T12:13:00.063541+00:00
Ajio,Outryt by AZORTE White Women Embroidered Relaxed Shirt,https://assets.ajio.com/medias/sys_master/root1/20260108/Y5fg/695f52807ef0c7385c5578ac/outryt_by_azorte_white_women_embroidered_relaxed_shirt.jpg,Outryt by AZORTE,Women,Shirts,630,1799,50,,,,White,,,,Embroidered,"Outryt by AZORTE White Women Embroidered Relaxed Shirt. Brand: Outryt by AZORTE. Color: White. Pattern: Embroidered. Category: Women, Shirts",InStock,,https://www.ajio.com/outryt-by-azorte-women-embroidered-relaxed-shirt/p/443105060_white,2026-06-26T12:13:00.063541+00:00
Ajio,MICORIA Yellow Women Relaxed Fit Floral Shirt,https://assets.ajio.com/medias/sys_master/root1/20260119/rvyu/696e2d9ccbfa0d56087e7a4c/micoria_yellow_women_relaxed_fit_floral_shirt.jpg,MICORIA,Women,Shirts,420,1874,68,,,XXL,Yellow,Relaxed Fit,,,Floral,"MICORIA Yellow Women Relaxed Fit Floral Shirt. Brand: MICORIA. Color: Yellow. Fit: Relaxed Fit. Pattern: Floral. Size: XXL. Category: Women, Shirts",InStock,,https://www.ajio.com/micoria-women-relaxed-fit-floral-shirt/p/702772756_yellow,2026-06-26T12:13:00.063541+00:00
Ajio,U.S. Polo Assn. Off White Women Graphic Relaxed Fit Shirt with Spread Collar,https://assets.ajio.com/medias/sys_master/root1/20260509/cmc1/69ff685114d0c21719ce328a/u.s._polo_assn._off_white_women_graphic_relaxed_fit_shirt_with_spread_collar.jpg,U.S. Polo Assn.,Women,Shirts,1097,2799,44,,,,White,Relaxed Fit,,,Graphic,"U.S. Polo Assn. Off White Women Graphic Relaxed Fit Shirt with Spread Collar. Brand: U.S. Polo Assn.. Color: White. Fit: Relaxed Fit. Pattern: Graphic. Category: Women, Shirts",InStock,,https://www.ajio.com/u-s-polo-assn-women-graphic-relaxed-fit-shirt-with-spread-collar/p/702091075_white,2026-06-26T12:13:00.063541+00:00
Ajio,Lee Cooper Blue & White Women Striped Relaxed Fit Shirt,https://assets.ajio.com/medias/sys_master/root1/20260204/daoQ/69824a63cbfa0d5608bdc229/lee_cooper_blue_%26_white_women_striped_relaxed_fit_shirt.jpg,Lee Cooper,Women,Shirts,517,1799,59,,,,Blue,Relaxed Fit,,,Striped,"Lee Cooper Blue & White Women Striped Relaxed Fit Shirt. Brand: Lee Cooper. Color: Blue. Fit: Relaxed Fit. Pattern: Striped. Category: Women, Shirts. 832 shoppers wishlisted in last 30 days",InStock,,https://www.ajio.com/lee-cooper-women-striped-relaxed-fit-shirt/p/443094269_blue,2026-06-26T12:13:00.063541+00:00
Ajio,FREEHAND Purple Women Loose Fit High-Low Shirt,https://assets.ajio.com/medias/sys_master/root/20240307/sCko/65e9e76e05ac7d77bb9f088c/freehand_purple_women_loose_fit_high-low_shirt.jpg,FREEHAND,Women,Shirts,525,2499,70,,,,Purple,Loose Fit,,,,"FREEHAND Purple Women Loose Fit High-Low Shirt. Brand: FREEHAND. Color: Purple. Fit: Loose Fit. Category: Women, Shirts",InStock,,https://www.ajio.com/freehand-women-loose-fit-high-low-shirt/p/469602161_purple,2026-06-26T12:13:00.063541+00:00
Ajio,Zilcon White Women Patterned Relaxed Fit Shirt,https://assets.ajio.com/medias/sys_master/root1/20250806/y0XJ/68933b8e8bfb9009ac67b406/zilcon_white_women_patterned_relaxed_fit_shirt.jpg,Zilcon,Women,Shirts,239,1999,88,,,XL,White,Relaxed Fit,,,,"Zilcon White Women Patterned Relaxed Fit Shirt. Brand: Zilcon. Color: White. Fit: Relaxed Fit. Size: XL. Category: Women, Shirts",InStock,,https://www.ajio.com/zilcon-women-patterned-relaxed-fit-shirt/p/702080799_white,2026-06-26T12:13:00.063541+00:00
Ajio,LEIA Lavender Women Floral Print Boxy Fit Shirt with Short Sleeves,https://assets.ajio.com/medias/sys_master/root1/20260210/1Pa0/698b6bc2cbfa0d5608e1fca3/leia_lavender_women_floral_print_boxy_fit_shirt_with_short_sleeves.jpg,LEIA,Women,Shirts,192,722,62,,,XL,Lavender,Boxy Fit,,Short Sleeve,Floral,"LEIA Lavender Women Floral Print Boxy Fit Shirt with Short Sleeves. Brand: LEIA. Color: Lavender. Fit: Boxy Fit. Sleeve: Short Sleeve. Pattern: Floral. Size: XL. Category: Women, Shirts",InStock,,https://www.ajio.com/leia-women-floral-print-boxy-fit-shirt-with-short-sleeves/p/702903420_lavender,2026-06-26T12:13:00.063541+00:00
Ajio,DNMX Blue Women Striped Loose Fit Shirt,https://assets.ajio.com/medias/sys_master/root1/20260121/RO2z/6970a5fdcbfa0d56088922fe/dnmx_blue_women_striped_loose_fit_shirt.jpg,DNMX,Women,Shirts,204,799,49,,,,Blue,Loose Fit,,,Striped,"DNMX Blue Women Striped Loose Fit Shirt. Brand: DNMX. Color: Blue. Fit: Loose Fit. Pattern: Striped. Category: Women, Shirts. 4.7K shoppers wishlisted in last 30 days",InStock,,https://www.ajio.com/dnmx-women-striped-loose-fit-shirt/p/443103319_blue,2026-06-26T12:13:00.063541+00:00
Ajio,YOUSTA Off White Women Floral Print Oversized Shirt,https://assets.ajio.com/medias/sys_master/root1/20251101/kxuU/6905181288d6d62ff8b8382c/yousta_off_white_women_floral_print_oversized_shirt.jpg,YOUSTA,Women,Shirts,140,499,60,,,,Off White,,,,Floral,"YOUSTA Off White Women Floral Print Oversized Shirt. Brand: YOUSTA. Color: Off White. Pattern: Floral. Category: Women, Shirts",InStock,,https://www.ajio.com/yousta-women-floral-print-oversized-shirt/p/443087850_offwhite,2026-06-26T12:13:00.063541+00:00
Ajio,Nobarr Rust Women Regular Fit Shirt with Patch Pocket,https://assets.ajio.com/medias/sys_master/root1/20260317/Y3ME/69b9409a8deac970f075533d/nobarr_rust_women_regular_fit_shirt_with_patch_pocket.png,Nobarr,Women,Shirts,394,2999,85,,,4XL,Rust,Regular Fit,,,,"Nobarr Rust Women Regular Fit Shirt with Patch Pocket. Brand: Nobarr. Color: Rust. Fit: Regular Fit. Size: 4XL. Category: Women, Shirts",InStock,,https://www.ajio.com/nobarr-women-regular-fit-shirt-with-patch-pocket/p/703171837_rust,2026-06-26T12:13:00.063541+00:00
Ajio,ONLY Multicoloured Women Checked Regular Fit Shirt,https://assets.ajio.com/medias/sys_master/root/20240722/ZsPu/669e8ca61d763220fa100e16/only_multicoloured_women_checked_regular_fit_shirt.jpg,ONLY,Women,Shirts,613,2499,65,,,,Multi,Regular Fit,,,Checkered,"ONLY Multicoloured Women Checked Regular Fit Shirt. Brand: ONLY. Color: Multi. Fit: Regular Fit. Pattern: Checkered. Category: Women, Shirts",InStock,,https://www.ajio.com/only-women-checked-regular-fit-shirt/p/700219182_multi,2026-06-26T12:13:00.063541+00:00
Ajio,DNMX Olive Women Lapel -Collar Shirt With Elasticated Hem,https://assets.ajio.com/medias/sys_master/root1/20260410/nAPw/69d8d3949e784a25d5d982c0/dnmx_olive_women_lapel_-collar_shirt_with_elasticated_hem.jpg,DNMX,Women,Shirts,355,999,29,,,,Olive,,,,,"DNMX Olive Women Lapel -Collar Shirt With Elasticated Hem. Brand: DNMX. Color: Olive. Category: Women, Shirts",InStock,,https://www.ajio.com/dnmx-women-lapel-collar-shirt-with-elasticated-hem/p/443108746_olive,2026-06-26T12:13:00.063541+00:00
Ajio,PINACOLADA Green Women Relaxed Fit Classic Shirt,https://assets.ajio.com/medias/sys_master/root1/20260206/ijc1/6985f05c7ef0c7385cbd80af/pinacolada_green_women_relaxed_fit_classic_shirt.jpg,PINACOLADA,Women,Shirts,368,1499,65,,,S,Green,Relaxed Fit,,,,"PINACOLADA Green Women Relaxed Fit Classic Shirt. Brand: PINACOLADA. Color: Green. Fit: Relaxed Fit. Size: S. Category: Women, Shirts",InStock,,https://www.ajio.com/pinacolada-women-relaxed-fit-classic-shirt/p/702798073_green,2026-06-26T12:13:00.063541+00:00
Ajio,Indie Picks White Women Floral Print Tailored Fit Shirt,https://assets.ajio.com/medias/sys_master/root1/20260527/y8Qb/6a16d23dfcb5bb61d2eb5b6b/indie_picks_white_women_floral_print_tailored_fit_shirt.jpg,Indie Picks,Women,Shirts,466,2330,75,,,S,White,,,,Floral,"Indie Picks White Women Floral Print Tailored Fit Shirt. Brand: Indie Picks. Color: White. Pattern: Floral. Size: S. Category: Women, Shirts. 963 shoppers wishlisted in last 30 days",InStock,,https://www.ajio.com/indie-picks-women-floral-print-tailored-fit-shirt/p/703497382_white,2026-06-26T12:13:00.063541+00:00
Ajio,Zilcon White Women Patterned Regular Fit Shirt,https://assets.ajio.com/medias/sys_master/root1/20260128/EAuv/69796e73cbfa0d5608a2c5fb/zilcon_white_women_patterned_regular_fit_shirt.jpg,Zilcon,Women,Shirts,239,1999,88,,,M,White,Regular Fit,,,,"Zilcon White Women Patterned Regular Fit Shirt. Brand: Zilcon. Color: White. Fit: Regular Fit. Size: M. Category: Women, Shirts",InStock,,https://www.ajio.com/zilcon-women-patterned-regular-fit-shirt/p/702818754_white,2026-06-26T12:13:00.063541+00:00
Ajio,Outzidr Global Black Women Checked Relaxed Fit Shirt with Patch Pocket,https://assets.ajio.com/medias/sys_master/root1/20260410/gq1n/69d92e1014d0c2171965b8b2/outzidr_global_black_women_checked_relaxed_fit_shirt_with_patch_pocket.jpg,Outzidr Global,Women,Shirts,1085,1649,6,,,,Black,Relaxed Fit,,,Checkered,"Outzidr Global Black Women Checked Relaxed Fit Shirt with Patch Pocket. Brand: Outzidr Global. Color: Black. Fit: Relaxed Fit. Pattern: Checkered. Category: Women, Shirts. 1.3K shoppers wishlisted in last 30 days",InStock,,https://www.ajio.com/outzidr-global-women-checked-relaxed-fit-shirt-with-patch-pocket/p/703316726_black,2026-06-26T12:13:00.063541+00:00
Ajio,LEVI'S Yellow Women Relaxed Fit Shirt,https://assets.ajio.com/medias/sys_master/root1/20260107/XQ8W/695e3df5cbfa0d560858e364/levi%27s_yellow_women_relaxed_fit_shirt.jpg,LEVI'S,Women,Shirts,1179,2799,40,,,,Yellow,Relaxed Fit,,,,"LEVI'S Yellow Women Relaxed Fit Shirt. Brand: LEVI'S. Color: Yellow. Fit: Relaxed Fit. Category: Women, Shirts",InStock,,https://www.ajio.com/levi-s-women-relaxed-fit-shirt/p/469800999_yellow,2026-06-26T12:13:00.063541+00:00
Ajio,FIG Off White Women Floral Print Regular Fit Shirt,https://assets.ajio.com/medias/sys_master/root1/20260223/7Qcp/699bcc277ef0c7385c1e4c49/fig_off_white_women_floral_print_regular_fit_shirt.jpg,FIG,Women,Shirts,153,599,49,,,,Off White,Regular Fit,,,Floral,"FIG Off White Women Floral Print Regular Fit Shirt. Brand: FIG. Color: Off White. Fit: Regular Fit. Pattern: Floral. Category: Women, Shirts",InStock,,https://www.ajio.com/fig-women-floral-print-regular-fit-shirt/p/443104092_offwhite,2026-06-26T12:13:00.063541+00:00
Ajio,YOUSTA Blue Women Striped Oversized Cotton Shirt,https://assets.ajio.com/medias/sys_master/root1/20260212/IA1X/698dc456cbfa0d5608f1c5ba/yousta_blue_women_striped_oversized_cotton_shirt.jpg,YOUSTA,Women,Shirts,210,599,50,,,,Ltblue,,Cotton,,Striped,"YOUSTA Blue Women Striped Oversized Cotton Shirt. Brand: YOUSTA. Color: Ltblue. Fabric: Cotton. Pattern: Striped. Category: Women, Shirts",InStock,,https://www.ajio.com/yousta-women-striped-oversized-cotton-shirt/p/443112690_ltblue,2026-06-26T12:13:00.063541+00:00
Ajio,U.S. Polo Assn. Light blue Women Regular Fit Spread-Collar Shirt,https://assets.ajio.com/medias/sys_master/root1/20260509/dImJ/69ff6e2afcb5bb61d2b49db3/u.s._polo_assn._light_blue_women_regular_fit_spread-collar_shirt.jpg,U.S. Polo Assn.,Women,Shirts,951,1999,32,,,,Blue,Regular Fit,,,,"U.S. Polo Assn. Light blue Women Regular Fit Spread-Collar Shirt. Brand: U.S. Polo Assn.. Color: Blue. Fit: Regular Fit. Category: Women, Shirts",InStock,,https://www.ajio.com/u-s-polo-assn-women-regular-fit-spread-collar-shirt/p/702938030_blue,2026-06-26T12:13:00.063541+00:00
Ajio,PP PERFECT PRODUCTIONS Black Women Regular Fit Shirt,https://assets.ajio.com/medias/sys_master/root1/20260415/bR00/69de9a1cfcb5bb61d25ad583/pp_perfect_productions_black_women_regular_fit_shirt.jpg,PP PERFECT PRODUCTIONS,Women,Shirts,391,999,44,,,XXL,Black,Regular Fit,,,,"PP PERFECT PRODUCTIONS Black Women Regular Fit Shirt. Brand: PP PERFECT PRODUCTIONS. Color: Black. Fit: Regular Fit. Size: XXL. Category: Women, Shirts",InStock,,https://www.ajio.com/pp-perfect-productions-women-regular-fit-shirt/p/703330762_black,2026-06-26T12:13:00.063541+00:00
Ajio,YOUSTA Black Women Relaxed Fit Shirt,https://assets.ajio.com/medias/sys_master/root1/20260121/bph5/6970d15b7ef0c7385c81d1ff/yousta_black_women_relaxed_fit_shirt.jpg,YOUSTA,Women,Shirts,209,499,40,,,,Black,Relaxed Fit,,,,"YOUSTA Black Women Relaxed Fit Shirt. Brand: YOUSTA. Color: Black. Fit: Relaxed Fit. Category: Women, Shirts",InStock,,https://www.ajio.com/yousta-women-relaxed-fit-shirt/p/443611390_black,2026-06-26T12:13:00.063541+00:00
Ajio,DNMX black Women Printed Boxy Fit Classic Shirt,https://assets.ajio.com/medias/sys_master/root1/20260513/vJ8a/6a0438e9fcb5bb61d2beba40/dnmx_black_women_printed_boxy_fit_classic_shirt.jpg,DNMX,Women,Shirts,489,699,30.04,,,,Black,Boxy Fit,,,Printed,"DNMX black Women Printed Boxy Fit Classic Shirt. Brand: DNMX. Color: Black. Fit: Boxy Fit. Pattern: Printed. Category: Women, Shirts",InStock,,https://www.ajio.com/dnmx-women-printed-boxy-fit-classic-shirt/p/443121537_black,2026-06-26T12:13:00.063541+00:00
Ajio,Lee Cooper Blue Women Floral Print Relaxed Fit Shirt,https://assets.ajio.com/medias/sys_master/root1/20250905/4lU2/68baf9833d468c61abcdb647/lee_cooper_blue_women_floral_print_relaxed_fit_shirt.jpg,Lee Cooper,Women,Shirts,391,1799,69,,,,Blue,Relaxed Fit,,,Floral,"Lee Cooper Blue Women Floral Print Relaxed Fit Shirt. Brand: Lee Cooper. Color: Blue. Fit: Relaxed Fit. Pattern: Floral. Category: Women, Shirts",InStock,,https://www.ajio.com/lee-cooper-women-floral-print-relaxed-fit-shirt/p/443074075_blue,2026-06-26T12:13:00.063541+00:00
Ajio,RIO off white Women Floral Print Regular Fit Shirt,https://assets.ajio.com/medias/sys_master/root/20250714/oLlm/6874cfb6b13fc54edd24d750/rio_off_white_women_floral_print_regular_fit_shirt.jpg,RIO,Women,Shirts,178,699,49,,,,Off White,Regular Fit,,,Floral,"RIO off white Women Floral Print Regular Fit Shirt. Brand: RIO. Color: Off White. Fit: Regular Fit. Pattern: Floral. Category: Women, Shirts",InStock,,https://www.ajio.com/rio-women-floral-print-regular-fit-shirt/p/443077172_offwhite,2026-06-26T12:13:00.063541+00:00
Ajio,DNMX Blue Women Striped Relaxed Fit Shirt,https://assets.ajio.com/medias/sys_master/root1/20251024/JxaZ/68fafd550bb2bb61bc286a95/dnmx_blue_women_striped_relaxed_fit_shirt.jpg,DNMX,Women,Shirts,178,699,49,,,,Blue,Relaxed Fit,,,Striped,"DNMX Blue Women Striped Relaxed Fit Shirt. Brand: DNMX. Color: Blue. Fit: Relaxed Fit. Pattern: Striped. Category: Women, Shirts",InStock,,https://www.ajio.com/dnmx-women-striped-relaxed-fit-shirt/p/443086356_blue,2026-06-26T12:13:00.063541+00:00
Ajio,Piludi Pink Women Embroidered Regular Fit Shirt,https://assets.ajio.com/medias/sys_master/root1/20260509/u6YM/69ff721bfcb5bb61d2b511a8/piludi_pink_women_embroidered_regular_fit_shirt.jpg,Piludi,Women,Shirts,368,1999,77,,,,Pink,Regular Fit,,,Embroidered,"Piludi Pink Women Embroidered Regular Fit Shirt. Brand: Piludi. Color: Pink. Fit: Regular Fit. Pattern: Embroidered. Category: Women, Shirts. 1.2K shoppers wishlisted in last 30 days",InStock,,https://www.ajio.com/piludi-women-embroidered-regular-fit-shirt/p/702701486_pink,2026-06-26T12:13:00.063541+00:00
Ajio,ELIXORIA Sky Blue Women Regular Fit Shirt with Spread Collar,https://assets.ajio.com/medias/sys_master/root1/20250826/VG8P/68ad9e0f3d468c61ab9b8fd3/elixoria_sky_blue_women_regular_fit_shirt_with_spread_collar.jpg,ELIXORIA,Women,Shirts,291,1299,68,,,XXL,Blue,Regular Fit,,,,"ELIXORIA Sky Blue Women Regular Fit Shirt with Spread Collar. Brand: ELIXORIA. Color: Blue. Fit: Regular Fit. Size: XXL. Category: Women, Shirts",InStock,,https://www.ajio.com/elixoria-women-regular-fit-shirt-with-spread-collar/p/702160449_blue,2026-06-26T12:13:00.063541+00:00
Ajio,CRIMSOUNE CLUB Black Women Slim Fit Striped Shirt,https://assets.ajio.com/medias/sys_master/root/20240314/CuaK/65f31e8016fd2c6e6a5d0a64/crimsoune_club_black_women_slim_fit_striped_shirt.jpg,CRIMSOUNE CLUB,Women,Shirts,629,1499,40,,,XXL,Black,Slim Fit,,,Striped,"CRIMSOUNE CLUB Black Women Slim Fit Striped Shirt. Brand: CRIMSOUNE CLUB. Color: Black. Fit: Slim Fit. Pattern: Striped. Size: XXL. Category: Women, Shirts",InStock,,https://www.ajio.com/crimsoune-club-women-slim-fit-striped-shirt/p/467047772_black,2026-06-26T12:13:00.063541+00:00
Ajio,FREEHAND Orange Women Oversized Fit Shirt,https://assets.ajio.com/medias/sys_master/root/20240307/A1gE/65e9f04605ac7d77bb9fbddf/freehand_orange_women_oversized_fit_shirt.jpg,FREEHAND,Women,Shirts,431,2049,70,,,,Orange,Oversized Fit,,,,"FREEHAND Orange Women Oversized Fit Shirt. Brand: FREEHAND. Color: Orange. Fit: Oversized Fit. Category: Women, Shirts",InStock,,https://www.ajio.com/freehand-women-oversized-fit-shirt/p/469602177_orange,2026-06-26T12:13:00.063541+00:00
Ajio,KASHIANXSTYLE Black Women Regular Fit Shirt with Spread Collar,https://assets.ajio.com/medias/sys_master/root/20250316/gCBB/67d627142960820c49edd302/kashianxstyle_black_women_regular_fit_shirt_with_spread_collar.jpg,KASHIANXSTYLE,Women,Shirts,258,1999,87,,,,Black,Regular Fit,,,,"KASHIANXSTYLE Black Women Regular Fit Shirt with Spread Collar. Brand: KASHIANXSTYLE. Color: Black. Fit: Regular Fit. Category: Women, Shirts",InStock,,https://www.ajio.com/kashianxstyle-women-regular-fit-shirt-with-spread-collar/p/701335230_black,2026-06-26T12:13:00.063541+00:00
Ajio,FIG lt pink Women Floral Print Regular Fit Shirt,https://assets.ajio.com/medias/sys_master/root1/20260206/nmdv/6985b9557ef0c7385cbbd9fc/fig_lt_pink_women_floral_print_regular_fit_shirt.jpg,FIG,Women,Shirts,229,899,49,,,,Ltpink,Regular Fit,,,Floral,"FIG lt pink Women Floral Print Regular Fit Shirt. Brand: FIG. Color: Ltpink. Fit: Regular Fit. Pattern: Floral. Category: Women, Shirts. 3.5K shoppers wishlisted in last 30 days",InStock,,https://www.ajio.com/fig-women-floral-print-regular-fit-shirt/p/443114310_ltpink,2026-06-26T12:13:00.063541+00:00
Ajio,Paralians Blue Women Regular Fit Short Sleeve Shirt,https://assets.ajio.com/medias/sys_master/root/20250416/sTBf/67ffda527a6cd4182fd7ebb1/paralians_blue_women_regular_fit_short_sleeve_shirt.jpg,Paralians,Women,Shirts,242,1299,79,,,M,Blue,Regular Fit,,Short Sleeve,,"Paralians Blue Women Regular Fit Short Sleeve Shirt. Brand: Paralians. Color: Blue. Fit: Regular Fit. Sleeve: Short Sleeve. Size: M. Category: Women, Shirts",InStock,,https://www.ajio.com/paralians-women-regular-fit-short-sleeve-shirt/p/701468217_blue,2026-06-26T12:13:00.063541+00:00
Ajio,Lee Cooper beige Women Stripes Relaxed Fit Shirt,https://assets.ajio.com/medias/sys_master/root1/20260129/NMJW/697b390acbfa0d5608a7d64d/lee_cooper_beige_women_stripes_relaxed_fit_shirt.jpg,Lee Cooper,Women,Shirts,517,1799,59,,,,Beige,Relaxed Fit,,,Striped,"Lee Cooper beige Women Stripes Relaxed Fit Shirt. Brand: Lee Cooper. Color: Beige. Fit: Relaxed Fit. Pattern: Striped. Category: Women, Shirts. 739 shoppers wishlisted in last 30 days",InStock,,https://www.ajio.com/lee-cooper-women-stripes-relaxed-fit-shirt/p/443094301_beige,2026-06-26T12:13:00.063541+00:00
Ajio,YOUSTA Beige Women Oversized Shirt with Spread Collar,https://assets.ajio.com/medias/sys_master/root1/20251006/TSIX/68e3bf518bfb9009ac572c10/yousta_beige_women_oversized_shirt_with_spread_collar.jpg,YOUSTA,Women,Shirts,210,599,50,,,,Ltbeige,,,,,"YOUSTA Beige Women Oversized Shirt with Spread Collar. Brand: YOUSTA. Color: Ltbeige. Category: Women, Shirts",InStock,,https://www.ajio.com/yousta-women-oversized-shirt-with-spread-collar/p/443088404_ltbeige,2026-06-26T12:13:00.063541+00:00
Ajio,LEIA Pink Women Striped Relaxed Fit Shirt,https://assets.ajio.com/medias/sys_master/root1/20251104/Br69/6909eb6ea470c5082f68efb8/leia_pink_women_striped_relaxed_fit_shirt.jpg,LEIA,Women,Shirts,195,900,69,,,XS,Pink,Relaxed Fit,,,Striped,"LEIA Pink Women Striped Relaxed Fit Shirt. Brand: LEIA. Color: Pink. Fit: Relaxed Fit. Pattern: Striped. Size: XS. Category: Women, Shirts. 1.3K shoppers wishlisted in last 30 days",InStock,,https://www.ajio.com/leia-women-striped-relaxed-fit-shirt-/p/702459879_pink,2026-06-26T12:13:00.063541+00:00
Ajio,ELIXORIA Black Women Striped Regular Fit Shirt,https://assets.ajio.com/medias/sys_master/root1/20260206/ypLK/6984f6eb7ef0c7385cba4317/elixoria_black_women_striped_regular_fit_shirt.jpg,ELIXORIA,Women,Shirts,336,1999,79,,,S,Black,Regular Fit,,,Striped,"ELIXORIA Black Women Striped Regular Fit Shirt. Brand: ELIXORIA. Color: Black. Fit: Regular Fit. Pattern: Striped. Size: S. Category: Women, Shirts",InStock,,https://www.ajio.com/elixoria-women-striped-regular-fit-shirt/p/702865022_black,2026-06-26T12:13:00.063541+00:00
Ajio,DNMX Off White Women Relaxed Fit Shirt with Patch Pocket,https://assets.ajio.com/medias/sys_master/root1/20251104/NIlW/690a3242a470c5082f6a037a/dnmx_off_white_women_relaxed_fit_shirt_with_patch_pocket.jpg,DNMX,Women,Shirts,204,799,49,,,,Off White,Relaxed Fit,,,,"DNMX Off White Women Relaxed Fit Shirt with Patch Pocket. Brand: DNMX. Color: Off White. Fit: Relaxed Fit. Category: Women, Shirts",InStock,,https://www.ajio.com/dnmx-women-relaxed-fit-shirt-with-patch-pocket/p/443100665_offwhite,2026-06-26T12:13:00.063541+00:00
Ajio,American Eagle Blue Women Regular Fit Classic Shirt,https://assets.ajio.com/medias/sys_master/root1/20251110/CerV/6911d716a470c5082f807c4e/american_eagle_blue_women_regular_fit_classic_shirt.jpg,American Eagle,Women,Shirts,1269,4213,58,,,,Blue,Regular Fit,,,,"American Eagle Blue Women Regular Fit Classic Shirt. Brand: American Eagle. Color: Blue. Fit: Regular Fit. Category: Women, Shirts",InStock,,https://www.ajio.com/american-eagle-women-regular-fit-classic-shirt/p/701912184_blue,2026-06-26T12:13:00.063541+00:00
Ajio,CRIMSOUNE CLUB Green Women Checks Relaxed Fit Shirt,https://assets.ajio.com/medias/sys_master/root/20250325/5rAQ/67e287887a6cd4182f7e2177/crimsoune_club_green_women_checks_relaxed_fit_shirt.jpg,CRIMSOUNE CLUB,Women,Shirts,525,1499,50,,,L,Green,Relaxed Fit,,,,"CRIMSOUNE CLUB Green Women Checks Relaxed Fit Shirt. Brand: CRIMSOUNE CLUB. Color: Green. Fit: Relaxed Fit. Size: L. Category: Women, Shirts",InStock,,https://www.ajio.com/crimsoune-club-women-checks-relaxed-fit-shirt/p/701372551_green,2026-06-26T12:13:00.063541+00:00
Ajio,Zilcon Black Women Patterned Regular Fit Shirt,https://assets.ajio.com/medias/sys_master/root1/20260128/7rUx/69796d90cbfa0d5608a2aa5f/zilcon_black_women_patterned_regular_fit_shirt.jpg,Zilcon,Women,Shirts,239,1999,88,,,L,Black,Regular Fit,,,,"Zilcon Black Women Patterned Regular Fit Shirt. Brand: Zilcon. Color: Black. Fit: Regular Fit. Size: L. Category: Women, Shirts",InStock,,https://www.ajio.com/zilcon-women-patterned-regular-fit-shirt/p/702818754_black,2026-06-26T12:13:00.063541+00:00
Ajio,PINACOLADA Blue Women Relaxed Fit Shirt,https://assets.ajio.com/medias/sys_master/root1/20260219/FW6h/699719e1cbfa0d56082027d0/pinacolada_blue_women_relaxed_fit_shirt.jpg,PINACOLADA,Women,Shirts,525,1499,50,,,S,Blue,Relaxed Fit,,,,"PINACOLADA Blue Women Relaxed Fit Shirt. Brand: PINACOLADA. Color: Blue. Fit: Relaxed Fit. Size: S. Category: Women, Shirts",InStock,,https://www.ajio.com/pinacolada-women-relaxed-fit-shirt/p/702674242_blue,2026-06-26T12:13:00.063541+00:00
Ajio,Outzidr Global Black Women Polka-Dot Print Regular Fit Shirt,https://assets.ajio.com/medias/sys_master/root1/20260406/OmlT/69d39b4c9e784a25d5bd6b22/outzidr_global_black_women_polka-dot_print_regular_fit_shirt.jpg,Outzidr Global,Women,Shirts,864,1299,5,,,,Black,Regular Fit,,,Polka,"Outzidr Global Black Women Polka-Dot Print Regular Fit Shirt. Brand: Outzidr Global. Color: Black. Fit: Regular Fit. Pattern: Polka. Category: Women, Shirts. 4.6K shoppers wishlisted in last 30 days",InStock,,https://www.ajio.com/outzidr-global-women-polka-dot-print-regular-fit-shirt/p/703285147_black,2026-06-26T12:13:00.063541+00:00
Ajio,House Of Mira Yellow Women Striped Relaxed Fit Shirt with Curved Hem,https://assets.ajio.com/medias/sys_master/root/20250708/mf41/686c262de590ff066e2dd23f/house_of_mira_yellow_women_striped_relaxed_fit_shirt_with_curved_hem.jpg,House Of Mira,Women,Shirts,299,1995,85,,,L,Yellow,Relaxed Fit,,,Striped,"House Of Mira Yellow Women Striped Relaxed Fit Shirt with Curved Hem. Brand: House Of Mira. Color: Yellow. Fit: Relaxed Fit. Pattern: Striped. Size: L. Category: Women, Shirts",InStock,,https://www.ajio.com/house-of-mira-women-striped-relaxed-fit-shirt-with-curved-hem/p/701884067_yellow,2026-06-26T12:13:00.063541+00:00
Ajio,MAX BEIGE Women Stylised Fit Classic Shirt,https://assets.ajio.com/medias/sys_master/root1/20250821/QKVZ/68a703653d468c61ab8c728c/max_beige_women_stylised_fit_classic_shirt.jpg,MAX,Women,Shirts,434,899,31,,,,Beige,,,,,"MAX BEIGE Women Stylised Fit Classic Shirt. Brand: MAX. Color: Beige. Category: Women, Shirts",InStock,,https://www.ajio.com/max-women-stylised-fit-classic-shirt/p/702139320_beige,2026-06-26T12:13:00.063541+00:00
Ajio,Lee Cooper Lavender Women Schiffli Embroidered Boxy Fit Shirt,https://assets.ajio.com/medias/sys_master/root/20250113/Gorc/6784dec80431850e0d9849e1/lee_cooper_lavender_women_schiffli_embroidered_boxy_fit_shirt.jpg,Lee Cooper,Women,Shirts,264,1217,69,,,,Lavender,Boxy Fit,,,Embroidered,"Lee Cooper Lavender Women Schiffli Embroidered Boxy Fit Shirt. Brand: Lee Cooper. Color: Lavender. Fit: Boxy Fit. Pattern: Embroidered. Category: Women, Shirts",InStock,,https://www.ajio.com/lee-cooper-women-schiffli-embroidered-boxy-fit-shirt/p/443060332_lavender,2026-06-26T12:13:00.063541+00:00
Ajio,PINACOLADA Red Women Relaxed Fit Shirt,https://assets.ajio.com/medias/sys_master/root1/20260209/5WYM/6989cff47ef0c7385cc39058/pinacolada_red_women_relaxed_fit_shirt.jpg,PINACOLADA,Women,Shirts,300,1499,73,,,M,Red,Relaxed Fit,,,,"PINACOLADA Red Women Relaxed Fit Shirt. Brand: PINACOLADA. Color: Red. Fit: Relaxed Fit. Size: M. Category: Women, Shirts",InStock,,https://www.ajio.com/pinacolada-women-relaxed-fit-shirt/p/702877150_red,2026-06-26T12:13:00.063541+00:00
Ajio,MAX Blue Women Checked Spread-Collar Shirt,https://assets.ajio.com/medias/sys_master/root1/20260408/XT6Z/69d68f569e784a25d5cbefd8/max_blue_women_checked_spread-collar_shirt.jpg,MAX,Women,Shirts,699,999,30.03,,,,Blue,,,,Checkered,"MAX Blue Women Checked Spread-Collar Shirt. Brand: MAX. Color: Blue. Pattern: Checkered. Category: Women, Shirts. 4.1K shoppers wishlisted in last 30 days",InStock,,https://www.ajio.com/max-women-checked-spread-collar-shirt/p/703296326_blue,2026-06-26T12:13:00.063541+00:00
Ajio,GAP White Women Loose Fit Shirt with Patch Pocket,https://assets.ajio.com/medias/sys_master/root/20250602/W4U3/683d8d577a6cd4182f787243/gap_white_women_loose_fit_shirt_with_patch_pocket.jpg,GAP,Women,Shirts,840,2999,60,,,,White,Loose Fit,,,,"GAP White Women Loose Fit Shirt with Patch Pocket. Brand: GAP. Color: White. Fit: Loose Fit. Category: Women, Shirts",InStock,,https://www.ajio.com/gap-women-loose-fit-shirt-with-patch-pocket/p/442602131_white,2026-06-26T12:13:00.063541+00:00
Ajio,YOUSTA Beige Women All-Over Leaf Print Boxy Fit Shirt,https://assets.ajio.com/medias/sys_master/root1/20250728/ZbAa/688772518bfb9009ac42a648/yousta_beige_women_all-over_leaf_print_boxy_fit_shirt.jpg,YOUSTA,Women,Shirts,140,499,60,,,,Beige,Boxy Fit,,,,"YOUSTA Beige Women All-Over Leaf Print Boxy Fit Shirt. Brand: YOUSTA. Color: Beige. Fit: Boxy Fit. Category: Women, Shirts",InStock,,https://www.ajio.com/yousta-women-all-over-leaf-print-boxy-fit-shirt/p/443082284_beige,2026-06-26T12:13:00.063541+00:00
Ajio,CHIMPAAANZEE Green Women Checks Shirt,https://assets.ajio.com/medias/sys_master/root/20241018/qVeZ/6712750d260f9c41e8855c35/chimpaaanzee_green_women_checks_shirt.jpg,CHIMPAAANZEE,Women,Shirts,489,999,30,,,L,Seagreen,,,,,"CHIMPAAANZEE Green Women Checks Shirt. Brand: CHIMPAAANZEE. Color: Seagreen. Size: L. Category: Women, Shirts",InStock,,https://www.ajio.com/chimpaaanzee-women-checks-shirt/p/464632517_seagreen,2026-06-26T12:13:00.063541+00:00
Ajio,DNMX Navy Women Striped Relaxed Fit Shirt,https://assets.ajio.com/medias/sys_master/root1/20260420/5GNq/69e5e1b414d0c21719806778/dnmx_navy_women_striped_relaxed_fit_shirt.jpg,DNMX,Women,Shirts,319,899,29,,,,Navy,Relaxed Fit,,,Striped,"DNMX Navy Women Striped Relaxed Fit Shirt. Brand: DNMX. Color: Navy. Fit: Relaxed Fit. Pattern: Striped. Category: Women, Shirts. 810 shoppers wishlisted in last 30 days",InStock,,https://www.ajio.com/dnmx-women-striped-relaxed-fit-shirt/p/443118477_navy,2026-06-26T12:13:00.063541+00:00
Ajio,The Souled Store Green Women Oversized Fit Shirt,https://assets.ajio.com/medias/sys_master/root/20250211/sAJk/67aa65fabc78b543a9351926/the_souled_store_green_women_oversized_fit_shirt.jpg,The Souled Store,Women,Shirts,1614,1899,15,,,,Green,Oversized Fit,,,,"The Souled Store Green Women Oversized Fit Shirt. Brand: The Souled Store. Color: Green. Fit: Oversized Fit. Category: Women, Shirts. 1.2K shoppers wishlisted in last 30 days",InStock,,https://www.ajio.com/the-souled-store-women-oversized-fit-shirt/p/701183772_green,2026-06-26T12:13:00.063541+00:00
Ajio,U.S. Polo Assn. Green Women Regular Fit Shirt,https://assets.ajio.com/medias/sys_master/root/20250217/43KE/67b3035f2960820c49879e88/u.s._polo_assn._green_women_regular_fit_shirt.jpg,U.S. Polo Assn.,Women,Shirts,1126,2299,30,,,,Green,Regular Fit,,,,"U.S. Polo Assn. Green Women Regular Fit Shirt. Brand: U.S. Polo Assn.. Color: Green. Fit: Regular Fit. Category: Women, Shirts",InStock,,https://www.ajio.com/u-s-polo-assn-women-regular-fit-shirt/p/701217627_green,2026-06-26T12:13:00.063541+00:00
Ajio,MAX BLUE Women Striped Oversized Shirt,https://assets.ajio.com/medias/sys_master/root/20250311/5iko/67cff9fb2960820c49e257fd/max_blue_women_striped_oversized_shirt.jpg,MAX,Women,Shirts,552,999,21,,,,Blue,,,,Striped,"MAX BLUE Women Striped Oversized Shirt. Brand: MAX. Color: Blue. Pattern: Striped. Category: Women, Shirts. 861 shoppers wishlisted in last 30 days",InStock,,https://www.ajio.com/max-women-striped-oversized-shirt/p/701326518_blue,2026-06-26T12:13:00.063541+00:00
Ajio,FIG Beige Women Animal Print Regular Fit Shirt,https://assets.ajio.com/medias/sys_master/root1/20260519/ZENI/6a0c3832fcb5bb61d2cff22a/fig_beige_women_animal_print_regular_fit_shirt.jpg,FIG,Women,Shirts,419,599,30.05,,,,Beige,Regular Fit,,,,"FIG Beige Women Animal Print Regular Fit Shirt. Brand: FIG. Color: Beige. Fit: Regular Fit. Category: Women, Shirts",InStock,,https://www.ajio.com/fig-women-animal-print-regular-fit-shirt/p/443122381_beige,2026-06-26T12:13:00.063541+00:00
Ajio,COTTINFAB Blue Women Regular Fit Classic Shirt,https://assets.ajio.com/medias/sys_master/root1/20260429/PAAO/69f11111fcb5bb61d28db9f6/cottinfab_blue_women_regular_fit_classic_shirt.jpg,COTTINFAB,Women,Shirts,466,1749,62,,,XL,Blue,Regular Fit,,,,"COTTINFAB Blue Women Regular Fit Classic Shirt. Brand: COTTINFAB. Color: Blue. Fit: Regular Fit. Size: XL. Category: Women, Shirts",InStock,,https://www.ajio.com/cottinfab-women-regular-fit-classic-shirt/p/703393292_blue,2026-06-26T12:13:00.063541+00:00
Ajio,Styli Black Women Plus Size Embellished Chiffon Sheer Shirt,https://assets.ajio.com/medias/sys_master/root/20231124/RQCQ/6560c6e8afa4cf41f59d9272/styli_black_women_plus_size_embellished_chiffon_sheer_shirt.jpg,Styli,Women,Shirts,629,1199,25,,,,Black,,Chiffon,,,"Styli Black Women Plus Size Embellished Chiffon Sheer Shirt. Brand: Styli. Color: Black. Fabric: Chiffon. Category: Women, Shirts",InStock,,https://www.ajio.com/styli-women-plus-size-embellished-chiffon-sheer-shirt/p/466250074_black,2026-06-26T12:13:00.063541+00:00
Ajio,Styli Green Women Lace Collar Placket Detail Solid Relaxed Fit Shirt,https://assets.ajio.com/medias/sys_master/root/20240628/YVZd/667ecf106f60443f31f36757/styli_green_women_lace_collar_placket_detail_solid_relaxed_fit_shirt.jpg,Styli,Women,Shirts,504,1599,55,,,,Green,Relaxed Fit,,,Solid,"Styli Green Women Lace Collar Placket Detail Solid Relaxed Fit Shirt. Brand: Styli. Color: Green. Fit: Relaxed Fit. Pattern: Solid. Category: Women, Shirts",InStock,,https://www.ajio.com/styli-women-lace-collar-placket-detail-solid-relaxed-fit-shirt/p/700139760_green,2026-06-26T12:13:00.063541+00:00
Ajio,Killer White Women Patterned Regular Fit Shirt,https://assets.ajio.com/medias/sys_master/root1/20251202/PYU2/692eefd9720fb821d364bad2/killer_white_women_patterned_regular_fit_shirt.jpg,Killer,Women,Shirts,240,1599,85,,,,White,Regular Fit,,,,"Killer White Women Patterned Regular Fit Shirt. Brand: Killer. Color: White. Fit: Regular Fit. Category: Women, Shirts",InStock,,https://www.ajio.com/killer-women-patterned-regular-fit-shirt/p/469743380_white,2026-06-26T12:13:00.063541+00:00
Ajio,Vishudh White Women Embroidered Regular Fit Shirt,https://assets.ajio.com/medias/sys_master/root1/20251117/r45H/691b19cd88d6d62ff8f05f44/vishudh_white_women_embroidered_regular_fit_shirt.jpg,Vishudh,Women,Shirts,902,1899,32,,,,White,Regular Fit,,,Embroidered,"Vishudh White Women Embroidered Regular Fit Shirt. Brand: Vishudh. Color: White. Fit: Regular Fit. Pattern: Embroidered. Category: Women, Shirts",InStock,,https://www.ajio.com/vishudh-women-embroidered-regular-fit-shirt/p/702507759_white,2026-06-26T12:13:00.063541+00:00
Ajio,ELIXORIA Perrot Women Regular Fit Shirt with Spread Collar,https://assets.ajio.com/medias/sys_master/root1/20250829/3FHA/68b1b15b8bfb9009acbcaf65/elixoria_perrot_women_regular_fit_shirt_with_spread_collar.jpg,ELIXORIA,Women,Shirts,291,1299,68,,,XL,Lime,Regular Fit,,,,"ELIXORIA Perrot Women Regular Fit Shirt with Spread Collar. Brand: ELIXORIA. Color: Lime. Fit: Regular Fit. Size: XL. Category: Women, Shirts",InStock,,https://www.ajio.com/elixoria-women-regular-fit-shirt-with-spread-collar/p/702160449_lime,2026-06-26T12:13:00.063541+00:00
Ajio,RIO Wine Women Regular Fit Shirt with Flap Pockets,https://assets.ajio.com/medias/sys_master/root1/20260206/Ub5q/69858df07ef0c7385cbba960/rio_wine_women_regular_fit_shirt_with_flap_pockets.jpg,RIO,Women,Shirts,178,699,49,,,,Wine,Regular Fit,,,,"RIO Wine Women Regular Fit Shirt with Flap Pockets. Brand: RIO. Color: Wine. Fit: Regular Fit. Category: Women, Shirts. 941 shoppers wishlisted in last 30 days",InStock,,https://www.ajio.com/rio-women-regular-fit-shirt-with-flap-pockets/p/443110173_wine,2026-06-26T12:13:00.063541+00:00
Ajio,VOLTEDGE Pink Women Oversized Fit Shirt,https://assets.ajio.com/medias/sys_master/root/20250120/B3NH/678e7f17663dbe1c5fe78bd3/voltedge_pink_women_oversized_fit_shirt.jpg,VOLTEDGE,Women,Shirts,839,1999,40,,,S,Pink,Oversized Fit,,,,"VOLTEDGE Pink Women Oversized Fit Shirt. Brand: VOLTEDGE. Color: Pink. Fit: Oversized Fit. Size: S. Category: Women, Shirts. 1K shoppers wishlisted in last 30 days",InStock,,https://www.ajio.com/voltedge-women-oversized-fit-shirt/p/701024572_pink,2026-06-26T12:13:00.063541+00:00
Ajio,VAN HEUSEN Blue Women Regular Fit Shirt with Flap Pockets,https://assets.ajio.com/medias/sys_master/root/20250712/G83w/68715858e590ff066e476c32/van_heusen_blue_women_regular_fit_shirt_with_flap_pockets.jpg,VAN HEUSEN,Women,Shirts,789,2299,51,,,,Blue,Regular Fit,,,,"VAN HEUSEN Blue Women Regular Fit Shirt with Flap Pockets. Brand: VAN HEUSEN. Color: Blue. Fit: Regular Fit. Category: Women, Shirts",InStock,,https://www.ajio.com/van-heusen-women-regular-fit-shirt-with-flap-pockets/p/701925405_blue,2026-06-26T12:13:00.063541+00:00
Ajio,ONLY Black & Beige Women Striped Regular Fit Shirt,https://assets.ajio.com/medias/sys_master/root/20250430/F16F/6812108c7a6cd4182f056c3c/only_black_%26_beige_women_striped_regular_fit_shirt.jpg,ONLY,Women,Shirts,980,3499,60,,,,Black,Regular Fit,,,Striped,"ONLY Black & Beige Women Striped Regular Fit Shirt. Brand: ONLY. Color: Black. Fit: Regular Fit. Pattern: Striped. Category: Women, Shirts",InStock,,https://www.ajio.com/only-women-striped-regular-fit-shirt/p/469734453_black,2026-06-26T12:13:00.063541+00:00
Ajio,PINACOLADA Purple Women Relaxed Fit Shirt,https://assets.ajio.com/medias/sys_master/root1/20260219/09wP/699719a57ef0c7385c1395a8/pinacolada_purple_women_relaxed_fit_shirt.jpg,PINACOLADA,Women,Shirts,525,1499,50,,,S,Purple,Relaxed Fit,,,,"PINACOLADA Purple Women Relaxed Fit Shirt. Brand: PINACOLADA. Color: Purple. Fit: Relaxed Fit. Size: S. Category: Women, Shirts",InStock,,https://www.ajio.com/pinacolada-women-relaxed-fit-shirt/p/702674205_purple,2026-06-26T12:13:00.063541+00:00
Ajio,YOUSTA White Women Checked Relaxed Fit Shirt,https://assets.ajio.com/medias/sys_master/root1/20250721/LPFF/687e3bb06034bf77f0e1add0/yousta_white_women_checked_relaxed_fit_shirt.jpg,YOUSTA,Women,Shirts,168,599,60,,,,White,Relaxed Fit,,,Checkered,"YOUSTA White Women Checked Relaxed Fit Shirt. Brand: YOUSTA. Color: White. Fit: Relaxed Fit. Pattern: Checkered. Category: Women, Shirts",InStock,,https://www.ajio.com/yousta-women-checked-relaxed-fit-shirt/p/443076623_white,2026-06-26T12:13:00.063541+00:00
Ajio,LERIYA FASHION White Women Relaxed Fit Rayon Shirt,https://assets.ajio.com/medias/sys_master/root1/20260220/ld9H/69976e2fcbfa0d5608228208/leriya_fashion_white_women_relaxed_fit_rayon_shirt.jpg,LERIYA FASHION,Women,Shirts,462,1999,67,,,2XL,White,Relaxed Fit,Rayon,,,"LERIYA FASHION White Women Relaxed Fit Rayon Shirt. Brand: LERIYA FASHION. Color: White. Fit: Relaxed Fit. Fabric: Rayon. Size: 2XL. Category: Women, Shirts",InStock,,https://www.ajio.com/leriya-fashion-women-relaxed-fit-rayon-shirt/p/702986847_white,2026-06-26T12:13:00.063541+00:00
Ajio,Outzidr Global Green Women Embroidered Oversized Shirt with Spread Collar,https://assets.ajio.com/medias/sys_master/root1/20251013/KTsE/68ecdca63d468c61ab5bdce6/outzidr_global_green_women_embroidered_oversized_shirt_with_spread_collar.jpg,Outzidr Global,Women,Shirts,617,899,2,,,,Green,,,,Embroidered,"Outzidr Global Green Women Embroidered Oversized Shirt with Spread Collar. Brand: Outzidr Global. Color: Green. Pattern: Embroidered. Category: Women, Shirts. 1.3K shoppers wishlisted in last 30 days",InStock,,https://www.ajio.com/outzidr-global-women-embroidered-oversized-shirt-with-spread-collar/p/702384941_green,2026-06-26T12:13:00.063541+00:00
Ajio,YOUSTA White Women Shirt-Collar Oversized Shirt,https://assets.ajio.com/medias/sys_master/root1/20250812/nPHo/689b38763d468c61ab669e0f/yousta_white_women_shirt-collar_oversized_shirt.jpg,YOUSTA,Women,Shirts,196,699,60,,,,White,,,,,"YOUSTA White Women Shirt-Collar Oversized Shirt. Brand: YOUSTA. Color: White. Category: Women, Shirts",InStock,,https://www.ajio.com/yousta-women-shirt-collar-oversized-shirt/p/443089241_white,2026-06-26T12:13:00.063541+00:00
Ajio,DNMX Pink Women Striped Relaxed Fit Shirt with Wide Roll-Up Sleeves,https://assets.ajio.com/medias/sys_master/root1/20260130/7o7I/697ca6abcbfa0d5608ab6bd5/dnmx_pink_women_striped_relaxed_fit_shirt_with_wide_roll-up_sleeves.jpg,DNMX,Women,Shirts,204,799,49,,,,Pink,Relaxed Fit,,Roll-Up Sleeve,Striped,"DNMX Pink Women Striped Relaxed Fit Shirt with Wide Roll-Up Sleeves. Brand: DNMX. Color: Pink. Fit: Relaxed Fit. Sleeve: Roll-Up Sleeve. Pattern: Striped. Category: Women, Shirts. 4.9K shoppers wishlisted in last 30 days",InStock,,https://www.ajio.com/dnmx-women-striped-relaxed-fit-shirt-with-wide-roll-up-sleeves/p/443106493_pink,2026-06-26T12:13:00.063541+00:00
Ajio,PINACOLADA Brown Women Relaxed Fit Shirt with Spread Collar,https://assets.ajio.com/medias/sys_master/root1/20251225/Xfqc/694d4ac87ef0c7385c25ce64/pinacolada_brown_women_relaxed_fit_shirt_with_spread_collar.jpg,PINACOLADA,Women,Shirts,525,1499,50,,,M,Brown,Relaxed Fit,,,,"PINACOLADA Brown Women Relaxed Fit Shirt with Spread Collar. Brand: PINACOLADA. Color: Brown. Fit: Relaxed Fit. Size: M. Category: Women, Shirts",InStock,,https://www.ajio.com/pinacolada-women-relaxed-fit-shirt-with-spread-collar/p/702673919_brown,2026-06-26T12:13:00.063541+00:00
Ajio,Lee Cooper Red & White Women Checked Relaxed Fit Shirt,https://assets.ajio.com/medias/sys_master/root1/20260123/09fo/69736e81cbfa0d560895e8e4/lee_cooper_red_%26_white_women_checked_relaxed_fit_shirt.jpg,Lee Cooper,Women,Shirts,373,1299,59,,,,Red,Relaxed Fit,,,Checkered,"Lee Cooper Red & White Women Checked Relaxed Fit Shirt. Brand: Lee Cooper. Color: Red. Fit: Relaxed Fit. Pattern: Checkered. Category: Women, Shirts. 2K shoppers wishlisted in last 30 days",InStock,,https://www.ajio.com/lee-cooper-women-checked-relaxed-fit-shirt/p/443112788_red,2026-06-26T12:13:00.063541+00:00
Ajio,Vishudh White Women Embroidered Regular Fit Shirt with Spread Collar,https://assets.ajio.com/medias/sys_master/root1/20250825/a5Og/68ac50ae3d468c61ab945441/vishudh_white_women_embroidered_regular_fit_shirt_with_spread_collar.jpg,Vishudh,Women,Shirts,515,2099,65,,,S,White,Regular Fit,,,Embroidered,"Vishudh White Women Embroidered Regular Fit Shirt with Spread Collar. Brand: Vishudh. Color: White. Fit: Regular Fit. Pattern: Embroidered. Size: S. Category: Women, Shirts",InStock,,https://www.ajio.com/vishudh-women-embroidered-regular-fit-shirt-with-spread-collar-/p/702149422_white,2026-06-26T12:13:00.063541+00:00
Ajio,FREEHAND Beige & Black Women Animal Print Loose Fit Shirt,https://assets.ajio.com/medias/sys_master/root/20240307/maAE/65e9e2c116fd2c6e6a43b265/freehand_beige_%26_black_women_animal_print_loose_fit_shirt.jpg,FREEHAND,Women,Shirts,305,1449,70,,,,Beige,Loose Fit,,,,"FREEHAND Beige & Black Women Animal Print Loose Fit Shirt. Brand: FREEHAND. Color: Beige. Fit: Loose Fit. Category: Women, Shirts",InStock,,https://www.ajio.com/freehand-women-animal-print-loose-fit-shirt/p/469602169_beige,2026-06-26T12:13:00.063541+00:00
Ajio,YOUSTA White Women Regular Fit Casual Shirt,https://assets.ajio.com/medias/sys_master/root1/20260512/82MR/6a0224de14d0c21719d466c8/yousta_white_women_regular_fit_casual_shirt.jpg,YOUSTA,Women,Shirts,419,599,30.05,,,,Off White,Regular Fit,,,,"YOUSTA White Women Regular Fit Casual Shirt. Brand: YOUSTA. Color: Off White. Fit: Regular Fit. Category: Women, Shirts. 1.3K shoppers wishlisted in last 30 days",InStock,,https://www.ajio.com/yousta-women-regular-fit-casual-shirt/p/443117372_offwhite,2026-06-26T12:13:00.063541+00:00
Ajio,PINACOLADA Blue Women Checked Relaxed Fit Shirt,https://assets.ajio.com/medias/sys_master/root1/20260219/Oqg2/699719b07ef0c7385c1396fe/pinacolada_blue_women_checked_relaxed_fit_shirt.jpg,PINACOLADA,Women,Shirts,525,1499,50,,,,Blue,Relaxed Fit,,,Checkered,"PINACOLADA Blue Women Checked Relaxed Fit Shirt. Brand: PINACOLADA. Color: Blue. Fit: Relaxed Fit. Pattern: Checkered. Category: Women, Shirts",InStock,,https://www.ajio.com/pinacolada-women-checked-relaxed-fit-shirt/p/702674029_blue,2026-06-26T12:13:00.063541+00:00
Ajio,YOUSTA Green Women Floral Printed Oversized Fit Shirt,https://assets.ajio.com/medias/sys_master/root1/20251210/F7vE/6938fbff8945db77cf22337b/yousta_green_women_floral_printed_oversized_fit_shirt.jpg,YOUSTA,Women,Shirts,140,499,60,,,,Green,Oversized Fit,,,Floral,"YOUSTA Green Women Floral Printed Oversized Fit Shirt. Brand: YOUSTA. Color: Green. Fit: Oversized Fit. Pattern: Floral. Category: Women, Shirts",InStock,,https://www.ajio.com/yousta-women-floral-printed-oversized-fit-shirt/p/443090497_green,2026-06-26T12:13:00.063541+00:00
Ajio,The Souled Store Pink Women Regular Fit Shirt,https://assets.ajio.com/medias/sys_master/root1/20260202/4Mc5/697fe5077ef0c7385ca3dab7/the_souled_store_pink_women_regular_fit_shirt.jpg,The Souled Store,Women,Shirts,1407,2199,36,,,,Pink,Regular Fit,,,,"The Souled Store Pink Women Regular Fit Shirt. Brand: The Souled Store. Color: Pink. Fit: Regular Fit. Category: Women, Shirts",InStock,,https://www.ajio.com/the-souled-store-women-regular-fit-shirt/p/702836445_pink,2026-06-26T12:13:00.063541+00:00
Ajio,ONLY Black Women Embroidered Regular Fit Shirt,https://assets.ajio.com/medias/sys_master/root/20250604/OAwN/68403cfc7a6cd4182f824042/only_black_women_embroidered_regular_fit_shirt.jpg,ONLY,Women,Shirts,735,2999,65,,,,Black,Regular Fit,,,Embroidered,"ONLY Black Women Embroidered Regular Fit Shirt. Brand: ONLY. Color: Black. Fit: Regular Fit. Pattern: Embroidered. Category: Women, Shirts",InStock,,https://www.ajio.com/only-women-embroidered-regular-fit-shirt/p/442797346_black,2026-06-26T12:13:00.063541+00:00
Ajio,FITHUB Olive Women Regular Fit Shirt,https://assets.ajio.com/medias/sys_master/root1/20250918/k7Ff/68cb676b3d468c61ab02dcb4/fithub_olive_women_regular_fit_shirt.jpg,FITHUB,Women,Shirts,578,2499,67,,,,Olive,Regular Fit,,,,"FITHUB Olive Women Regular Fit Shirt. Brand: FITHUB. Color: Olive. Fit: Regular Fit. Category: Women, Shirts",InStock,,https://www.ajio.com/fithub-women-regular-fit-shirt/p/702271086_olive,2026-06-26T12:13:00.063541+00:00
Ajio,MAX BLUE Women Cotton Stripes Shirt,https://assets.ajio.com/medias/sys_master/root1/20250924/ppLN/68d3e13b3d468c61ab1ed61f/max_blue_women_cotton_stripes_shirt.jpg,MAX,Women,Shirts,482,999,31,,,,Blue,,Cotton,,Striped,"MAX BLUE Women Cotton Stripes Shirt. Brand: MAX. Color: Blue. Fabric: Cotton. Pattern: Striped. Category: Women, Shirts",InStock,,https://www.ajio.com/max-women-cotton-stripes-shirt/p/702305047_blue,2026-06-26T12:13:00.063541+00:00
Ajio,Fery London Green Women Floral Print Regular Fit shirt,https://assets.ajio.com/medias/sys_master/root/20240508/vwgf/663a87ee05ac7d77bb480fad/fery_london_green_women_floral_print_regular_fit_shirt.jpg,Fery London,Women,Shirts,400,1999,73,,,XS,Green,Regular Fit,,,Floral,"Fery London Green Women Floral Print Regular Fit shirt. Brand: Fery London. Color: Green. Fit: Regular Fit. Pattern: Floral. Size: XS. Category: Women, Shirts",InStock,,https://www.ajio.com/fery-london-women-floral-print-regular-fit-shirt/p/467311831_green,2026-06-26T12:13:00.063541+00:00
Ajio,FIG pink Women Placement Print Shirt,https://assets.ajio.com/medias/sys_master/root1/20260224/gCJv/699dafaa67bcd753934efb7f/fig_pink_women_placement_print_shirt.jpg,FIG,Women,Shirts,280,1099,49,,,,Pink,,,,,"FIG pink Women Placement Print Shirt. Brand: FIG. Color: Pink. Category: Women, Shirts. 1.1K shoppers wishlisted in last 30 days",InStock,,https://www.ajio.com/fig-women-placement-print-shirt/p/443109658_pink,2026-06-26T12:13:00.063541+00:00
Ajio,CURVY STREET Blue Women Striped Oversized Fit Shirt,https://assets.ajio.com/medias/sys_master/root1/20260509/UrU7/69ff6f0ffcb5bb61d2b4b8a3/curvy_street_blue_women_striped_oversized_fit_shirt.jpg,CURVY STREET,Women,Shirts,644,2299,60,,,,Blue,Oversized Fit,,,Striped,"CURVY STREET Blue Women Striped Oversized Fit Shirt. Brand: CURVY STREET. Color: Blue. Fit: Oversized Fit. Pattern: Striped. Category: Women, Shirts",InStock,,https://www.ajio.com/curvy-street-women-striped-oversized-fit-shirt/p/702793205_blue,2026-06-26T12:13:00.063541+00:00
Ajio,DNMX Blue Women Striped Loose Fit Shirt,https://assets.ajio.com/medias/sys_master/root1/20260212/kllS/698dc1afcbfa0d5608f173d8/dnmx_blue_women_striped_loose_fit_shirt.jpg,DNMX,Women,Shirts,229,899,49,,,,Blue,Loose Fit,,,Striped,"DNMX Blue Women Striped Loose Fit Shirt. Brand: DNMX. Color: Blue. Fit: Loose Fit. Pattern: Striped. Category: Women, Shirts",InStock,,https://www.ajio.com/dnmx-women-striped-loose-fit-shirt/p/443103904_blue,2026-06-26T12:13:00.063541+00:00
Ajio,Lee Cooper White Women Embroidered Regular Fit Cotton Shirt,https://assets.ajio.com/medias/sys_master/root1/20260420/zT4E/69e5e1bf14d0c2171980689d/lee_cooper_white_women_embroidered_regular_fit_cotton_shirt.jpg,Lee Cooper,Women,Shirts,745,1499,29,,,,White,Regular Fit,Cotton,,Embroidered,"Lee Cooper White Women Embroidered Regular Fit Cotton Shirt. Brand: Lee Cooper. Color: White. Fit: Regular Fit. Fabric: Cotton. Pattern: Embroidered. Category: Women, Shirts",InStock,,https://www.ajio.com/lee-cooper-women-embroidered-regular-fit-cotton-shirt/p/443120221_white,2026-06-26T12:13:00.063541+00:00
Ajio,Aahwan X AG Yellow Women Regular Fit Shirt with Spread Collar,https://assets.ajio.com/medias/sys_master/root1/20251016/i0L0/68f0d43841973e18cd4ce30c/aahwan_x_ag_yellow_women_regular_fit_shirt_with_spread_collar.jpg,Aahwan X AG,Women,Shirts,400,1999,72,,,XS,Yellow,Regular Fit,,,,"Aahwan X AG Yellow Women Regular Fit Shirt with Spread Collar. Brand: Aahwan X AG. Color: Yellow. Fit: Regular Fit. Size: XS. Category: Women, Shirts. 2.5K shoppers wishlisted in last 30 days",InStock,,https://www.ajio.com/aahwan-x-ag-women-regular-fit-shirt-with-spread-collar/p/702398791_yellow,2026-06-26T12:13:00.063541+00:00
Ajio,LEVI'S Brown Women Collar-Neck Relaxed Fit Casual Shirt,https://assets.ajio.com/medias/sys_master/root1/20260107/je9j/695e393c7ef0c7385c50a134/levi%27s_brown_women_collar-neck_relaxed_fit_casual_shirt.jpg,LEVI'S,Women,Shirts,923,2399,45,,,,Brown,Relaxed Fit,,,,"LEVI'S Brown Women Collar-Neck Relaxed Fit Casual Shirt. Brand: LEVI'S. Color: Brown. Fit: Relaxed Fit. Category: Women, Shirts",InStock,,https://www.ajio.com/levi-s-women-collar-neck-relaxed-fit-casual-shirt/p/469801000_brown,2026-06-26T12:13:00.063541+00:00
Ajio,LEIA Brown Women Regular Fit Shirt with Lapel Collar,https://assets.ajio.com/medias/sys_master/root1/20260415/bgK3/69de9ae5fcb5bb61d25aee76/leia_brown_women_regular_fit_shirt_with_lapel_collar.jpg,LEIA,Women,Shirts,419,1995,70,,,S,Brown,Regular Fit,,,,"LEIA Brown Women Regular Fit Shirt with Lapel Collar. Brand: LEIA. Color: Brown. Fit: Regular Fit. Size: S. Category: Women, Shirts",InStock,,https://www.ajio.com/leia-women-regular-fit-shirt-with-lapel-collar/p/703330231_brown,2026-06-26T12:13:00.063541+00:00
Ajio,ALLEN SOLLY Pink Women Micro Print Regular Fit Shirt,https://assets.ajio.com/medias/sys_master/root/20240314/IlsD/65f2e38416fd2c6e6a585566/allen_solly_pink_women_micro_print_regular_fit_shirt.jpg,ALLEN SOLLY,Women,Shirts,839,1999,40,,,,Peach,Regular Fit,,,,"ALLEN SOLLY Pink Women Micro Print Regular Fit Shirt. Brand: ALLEN SOLLY. Color: Peach. Fit: Regular Fit. Category: Women, Shirts. 944 shoppers wishlisted in last 30 days",InStock,,https://www.ajio.com/allen-solly-women-micro-print-regular-fit-shirt/p/442377339_peach,2026-06-26T12:13:00.063541+00:00
Ajio,The Souled Store Beige Women Spread Collar Oversized Fit Shirt,https://assets.ajio.com/medias/sys_master/root/20250617/9BAM/685077b27a6cd4182fb59360/the_souled_store_beige__women_spread_collar_oversized_fit_shirt.jpg,The Souled Store,Women,Shirts,1799,2499,28,,,,Beige,Oversized Fit,,,,"The Souled Store Beige Women Spread Collar Oversized Fit Shirt. Brand: The Souled Store. Color: Beige. Fit: Oversized Fit. Category: Women, Shirts",InStock,,https://www.ajio.com/the-souled-store--women-spread-collar-oversized-fit-shirt/p/701758343_beige,2026-06-26T12:13:00.063541+00:00
Ajio,GAS Blue Women Striped Oversized Shirt with Elongated Back,https://assets.ajio.com/medias/sys_master/root/20250411/0aGa/67f917397a6cd4182fc197b5/gas_blue_women_striped_oversized_shirt_with_elongated_back.jpg,GAS,Women,Shirts,1474,7370,75,,,,St07,,,,Striped,"GAS Blue Women Striped Oversized Shirt with Elongated Back. Brand: GAS. Color: St07. Pattern: Striped. Category: Women, Shirts",InStock,,https://www.ajio.com/gas-women-striped-oversized-shirt-with-elongated-back/p/410507974_st07,2026-06-26T12:13:00.063541+00:00
Ajio,FIG Green Women Relaxed Fit Lace Shirt,https://assets.ajio.com/medias/sys_master/root1/20251008/nC5F/68e635508bfb9009ac5cd64e/fig_green_women_relaxed_fit_lace_shirt.jpg,FIG,Women,Shirts,255,999,49,,,,Green,Relaxed Fit,,,,"FIG Green Women Relaxed Fit Lace Shirt. Brand: FIG. Color: Green. Fit: Relaxed Fit. Category: Women, Shirts. 2.5K shoppers wishlisted in last 30 days",InStock,,https://www.ajio.com/fig-women-relaxed-fit-lace-shirt/p/443102025_green,2026-06-26T12:13:00.063541+00:00
Ajio,QIOA Green Women Striped Relaxed Fit Shirt,https://assets.ajio.com/medias/sys_master/root1/20251118/cvG9/691ca2c588d6d62ff8f519f2/qioa_green_women_striped_relaxed_fit_shirt.jpg,QIOA,Women,Shirts,305,1499,71,,,S,Green,Relaxed Fit,,,Striped,"QIOA Green Women Striped Relaxed Fit Shirt. Brand: QIOA. Color: Green. Fit: Relaxed Fit. Pattern: Striped. Size: S. Category: Women, Shirts",InStock,,https://www.ajio.com/qioa-women-striped-relaxed-fit-shirt/p/702518464_green,2026-06-26T12:13:00.063541+00:00
Ajio,FIG Off White Women Relaxed Fit Shirt,https://assets.ajio.com/medias/sys_master/root/20250613/aXIM/684c263755340d4b4facdd2a/fig_off_white_women_relaxed_fit_shirt.jpg,FIG,Women,Shirts,178,699,49,,,,Off White,Relaxed Fit,,,,"FIG Off White Women Relaxed Fit Shirt. Brand: FIG. Color: Off White. Fit: Relaxed Fit. Category: Women, Shirts",InStock,,https://www.ajio.com/fig-women-relaxed-fit-shirt/p/443067982_offwhite,2026-06-26T12:13:00.063541+00:00
Ajio,DNMX Beige Women Striped Relaxed Fit Shirt,https://assets.ajio.com/medias/sys_master/root1/20260304/bBSM/69a876ab4970ce6a6e1c4825/dnmx_beige_women_striped_relaxed_fit_shirt.jpg,DNMX,Women,Shirts,204,799,49,,,,Beige,Relaxed Fit,,,Striped,"DNMX Beige Women Striped Relaxed Fit Shirt. Brand: DNMX. Color: Beige. Fit: Relaxed Fit. Pattern: Striped. Category: Women, Shirts. 1.4K shoppers wishlisted in last 30 days",InStock,,https://www.ajio.com/dnmx-women-striped-relaxed-fit-shirt/p/443108742_beige,2026-06-26T12:13:00.063541+00:00
Ajio,American Eagle Cream Women Regular Fit Classic Shirt,https://assets.ajio.com/medias/sys_master/root1/20251110/hNUK/6911d95fa470c5082f80ca19/american_eagle_cream_women_regular_fit_classic_shirt.jpg,American Eagle,Women,Shirts,929,3686,64,,,,Cream,Regular Fit,,,,"American Eagle Cream Women Regular Fit Classic Shirt. Brand: American Eagle. Color: Cream. Fit: Regular Fit. Category: Women, Shirts",InStock,,https://www.ajio.com/american-eagle-women-regular-fit-classic-shirt/p/701912276_cream,2026-06-26T12:13:00.063541+00:00
Ajio,RIO Brown Women Patterned Slim Fit Crop Shirt,https://assets.ajio.com/medias/sys_master/root1/20260326/ZhYR/69c537499e784a25d58e7190/rio_brown_women_patterned_slim_fit_crop_shirt.jpg,RIO,Women,Shirts,213,599,29,,,,Brown,Slim Fit,,,,"RIO Brown Women Patterned Slim Fit Crop Shirt. Brand: RIO. Color: Brown. Fit: Slim Fit. Category: Women, Shirts",InStock,,https://www.ajio.com/rio-women-patterned-slim-fit-crop-shirt/p/443115886_brown,2026-06-26T12:13:00.063541+00:00
Ajio,Fuback X AG Navy Blue Women Floral Print Regular Fit Shirt,https://assets.ajio.com/medias/sys_master/root1/20251217/OYh1/69420f388945db77cf36fbd6/fuback_x_ag_navy_blue_women_floral_print_regular_fit_shirt.jpg,Fuback X AG,Women,Shirts,306,1999,83,,,S,Navy,Regular Fit,,,Floral,"Fuback X AG Navy Blue Women Floral Print Regular Fit Shirt. Brand: Fuback X AG. Color: Navy. Fit: Regular Fit. Pattern: Floral. Size: S. Category: Women, Shirts",InStock,,https://www.ajio.com/fuback-x-ag-women-floral-print-regular-fit-shirt/p/702629098_navy,2026-06-26T12:13:00.063541+00:00
Ajio,LIRIT Yellow Women Floral Print Regular Fit Shirt,https://assets.ajio.com/medias/sys_master/root1/20260220/IL5F/699841027ef0c7385c17a083/lirit_yellow_women_floral_print_regular_fit_shirt.jpg,LIRIT,Women,Shirts,398,1623,65,,,L,Yellow,Regular Fit,,,Floral,"LIRIT Yellow Women Floral Print Regular Fit Shirt. Brand: LIRIT. Color: Yellow. Fit: Regular Fit. Pattern: Floral. Size: L. Category: Women, Shirts",InStock,,https://www.ajio.com/lirit-women-floral-print-regular-fit-shirt/p/702996579_yellow,2026-06-26T12:13:00.063541+00:00
Ajio,Forever New Burgundy Co-ord Women Regular Fit Classic Shirt,https://assets.ajio.com/medias/sys_master/root1/20251103/m3bH/6908b98ba470c5082f623de2/forever_new_burgundy_co-ord_women_regular_fit_classic_shirt.jpg,Forever New,Women,Shirts,1920,6400,67,,,,Red,Regular Fit,,,,"Forever New Burgundy Co-ord Women Regular Fit Classic Shirt. Brand: Forever New. Color: Red. Fit: Regular Fit. Category: Women, Shirts",InStock,,https://www.ajio.com/forever-new-women-regular-fit-classic-shirt/p/702450457_red,2026-06-26T12:13:00.063541+00:00
Ajio,PINACOLADA Multi Women Spread Collar Relaxed Fit Shirt,https://assets.ajio.com/medias/sys_master/root1/20260210/MEXS/698b3c957ef0c7385cd2ea72/pinacolada_multi_women_spread_collar_relaxed_fit_shirt.jpg,PINACOLADA,Women,Shirts,525,1499,50,,,M,Multi,Relaxed Fit,,,,"PINACOLADA Multi Women Spread Collar Relaxed Fit Shirt. Brand: PINACOLADA. Color: Multi. Fit: Relaxed Fit. Size: M. Category: Women, Shirts. 1.3K shoppers wishlisted in last 30 days",InStock,,https://www.ajio.com/pinacolada-women-spread-collar-relaxed-fit-shirt/p/701835868_multi,2026-06-26T12:13:00.063541+00:00
Ajio,Outzidr Global White Women Stripes Regular Fit Shirt,https://assets.ajio.com/medias/sys_master/root/20250423/6umK/680890527a6cd4182fed34e6/outzidr_global_white_women_stripes_regular_fit_shirt.jpg,Outzidr Global,Women,Shirts,1030,1549,5,,,,White,Regular Fit,,,Striped,"Outzidr Global White Women Stripes Regular Fit Shirt. Brand: Outzidr Global. Color: White. Fit: Regular Fit. Pattern: Striped. Category: Women, Shirts",InStock,,https://www.ajio.com/outzidr-global-women-stripes-regular-fit-shirt/p/701491982_white,2026-06-26T12:13:00.063541+00:00
Ajio,STREET9 Brown Women Slim Fit Spread-Collar Shirt,https://assets.ajio.com/medias/sys_master/root1/20260310/FeFe/69b01407af321a7f92164174/street9_brown_women_slim_fit_spread-collar_shirt.jpg,STREET9,Women,Shirts,417,1699,65,,,,Brown,Slim Fit,,,,"STREET9 Brown Women Slim Fit Spread-Collar Shirt. Brand: STREET9. Color: Brown. Fit: Slim Fit. Category: Women, Shirts",InStock,,https://www.ajio.com/street9-women-slim-fit-spread-collar-shirt/p/703138658_brown,2026-06-26T12:13:00.063541+00:00
Ajio,FIG Off White Women Animal Print Relaxed Fit Shirt,https://assets.ajio.com/medias/sys_master/root/20250626/C2qN/685d40590f920c69cc5a00fb/fig_off_white_women_animal_print_relaxed_fit_shirt.jpg,FIG,Women,Shirts,153,599,49,,,,Off White,Relaxed Fit,,,,"FIG Off White Women Animal Print Relaxed Fit Shirt. Brand: FIG. Color: Off White. Fit: Relaxed Fit. Category: Women, Shirts",InStock,,https://www.ajio.com/fig-women-animal-print-relaxed-fit-shirt/p/443076813_offwhite,2026-06-26T12:13:00.063541+00:00
Ajio,Draax Fashions White Women Regular Fit Shirt with Spread Collar,https://assets.ajio.com/medias/sys_master/root/20240821/0K9k/66c5c0d71d763220fa8b0091/draax_fashions_white_women_regular_fit_shirt_with_spread_collar.jpg,Draax Fashions,Women,Shirts,337,2199,83,,,L,White,Regular Fit,,,,"Draax Fashions White Women Regular Fit Shirt with Spread Collar. Brand: Draax Fashions. Color: White. Fit: Regular Fit. Size: L. Category: Women, Shirts",InStock,,https://www.ajio.com/draax-fashions-women-regular-fit-shirt-with-spread-collar/p/700305955_white,2026-06-26T12:13:00.063541+00:00
Ajio,Fyre Rose Aqua Women Regular Fit Floral Printed Shirt,https://assets.ajio.com/medias/sys_master/root/20250613/jUQc/684baf2655340d4b4fa88ffd/fyre_rose_aqua_women_regular_fit_floral_printed_shirt.jpg,Fyre Rose,Women,Shirts,305,1499,71,,,XL,Aqua,Regular Fit,,,Floral,"Fyre Rose Aqua Women Regular Fit Floral Printed Shirt. Brand: Fyre Rose. Color: Aqua. Fit: Regular Fit. Pattern: Floral. Size: XL. Category: Women, Shirts",InStock,,https://www.ajio.com/fyre-rose-women-regular-fit-floral-printed-shirt/p/701737276_aqua,2026-06-26T12:13:00.063541+00:00
Ajio,Bitterlime Brown Women Striped Oversized Fit Shirt,https://assets.ajio.com/medias/sys_master/root1/20251203/kUnU/692f48bf8945db77cf0765b8/bitterlime_brown_women_striped_oversized_fit_shirt.jpg,Bitterlime,Women,Shirts,420,1999,70,,,,Brown,Oversized Fit,,,Striped,"Bitterlime Brown Women Striped Oversized Fit Shirt. Brand: Bitterlime. Color: Brown. Fit: Oversized Fit. Pattern: Striped. Category: Women, Shirts",InStock,,https://www.ajio.com/bitterlime-women-striped-oversized-fit-shirt/p/702579252_brown,2026-06-26T12:13:00.063541+00:00
Ajio,Lee Cooper Off White Women Floral Print Oversized Cotton Shirt,https://assets.ajio.com/medias/sys_master/root1/20251030/Crc4/690333a3a470c5082f569d13/lee_cooper_off_white_women_floral_print_oversized_cotton_shirt.jpg,Lee Cooper,Women,Shirts,369,1699,69,,,,White,,Cotton,,Floral,"Lee Cooper Off White Women Floral Print Oversized Cotton Shirt. Brand: Lee Cooper. Color: White. Fabric: Cotton. Pattern: Floral. Category: Women, Shirts",InStock,,https://www.ajio.com/lee-cooper-women-floral-print-oversized-cotton-shirt/p/443096452_white,2026-06-26T12:13:00.063541+00:00
Ajio,Fyre Rose Pink Women Floral Shirt,https://assets.ajio.com/medias/sys_master/root1/20260402/mFys/69ce50645bc52e77e0298b20/fyre_rose_pink_women_floral_shirt.jpg,Fyre Rose,Women,Shirts,141,650,69,,,M,Pink,,,,Floral,"Fyre Rose Pink Women Floral Shirt. Brand: Fyre Rose. Color: Pink. Pattern: Floral. Size: M. Category: Women, Shirts",InStock,,https://www.ajio.com/fyre-rose-women-floral-shirt/p/703273230_pink,2026-06-26T12:13:00.063541+00:00
Ajio,PINACOLADA Brown Women Relaxed Fit Classic Shirt,https://assets.ajio.com/medias/sys_master/root1/20260206/6gVZ/6985d17acbfa0d5608c89667/pinacolada_brown_women_relaxed_fit_classic_shirt.jpg,PINACOLADA,Women,Shirts,420,1499,60,,,S,Brown,Relaxed Fit,,,,"PINACOLADA Brown Women Relaxed Fit Classic Shirt. Brand: PINACOLADA. Color: Brown. Fit: Relaxed Fit. Size: S. Category: Women, Shirts",InStock,,https://www.ajio.com/pinacolada-women-relaxed-fit-classic-shirt/p/702868833_brown,2026-06-26T12:13:00.063541+00:00
Ajio,CADMON Brown Women Regular Fit Classic Shirt,https://assets.ajio.com/medias/sys_master/root1/20260316/ow0o/69b7fa280ad5d93337611de4/cadmon_brown_women_regular_fit_classic_shirt.jpg,CADMON,Women,Shirts,388,989,44,,,S,Brown,Regular Fit,,,,"CADMON Brown Women Regular Fit Classic Shirt. Brand: CADMON. Color: Brown. Fit: Regular Fit. Size: S. Category: Women, Shirts",InStock,,https://www.ajio.com/cadmon-women-regular-fit-classic-shirt/p/703163243_brown,2026-06-26T12:13:00.063541+00:00
Ajio,Modestouze Attires Yellow Women Printed Oversized Fit Spread-Collar Shirt,https://assets.ajio.com/medias/sys_master/root1/20251223/xB3o/694acad6239b37265a9da0cb/modestouze_attires_yellow_women_printed_oversized_fit_spread-collar_shirt.jpg,Modestouze Attires,Women,Shirts,343,999,51,,,S,Yellow,Oversized Fit,,,Printed,"Modestouze Attires Yellow Women Printed Oversized Fit Spread-Collar Shirt. Brand: Modestouze Attires. Color: Yellow. Fit: Oversized Fit. Pattern: Printed. Size: S. Category: Women, Shirts",InStock,,https://www.ajio.com/modestouze-attires-women-printed-oversized-fit-spread-collar-shirt/p/702666784_yellow,2026-06-26T12:13:00.063541+00:00
Ajio,LAKSHITA Grey Women Printed Tailored Fit Shirt,https://assets.ajio.com/medias/sys_master/root/20241004/5rtM/66ff42d0260f9c41e852c54e/lakshita_grey_women_printed_tailored_fit_shirt.jpg,LAKSHITA,Women,Shirts,251,895,60,,,S,Grey,,,,Printed,"LAKSHITA Grey Women Printed Tailored Fit Shirt. Brand: LAKSHITA. Color: Grey. Pattern: Printed. Size: S. Category: Women, Shirts",InStock,,https://www.ajio.com/lakshita-women-printed-tailored-fit-shirt/p/700530817_grey,2026-06-26T12:13:00.063541+00:00
Ajio,ONLY White Women Leaf Print Regular Fit Shirt,https://assets.ajio.com/medias/sys_master/root/20250512/wvaf/6821ac2755340d4b4f2d9f47/only_white_women_leaf_print_regular_fit_shirt.jpg,ONLY,Women,Shirts,784,2799,60,,,,White,Regular Fit,,,,"ONLY White Women Leaf Print Regular Fit Shirt. Brand: ONLY. Color: White. Fit: Regular Fit. Category: Women, Shirts",InStock,,https://www.ajio.com/only-women-leaf-print-regular-fit-shirt/p/469736465_white,2026-06-26T12:13:00.063541+00:00
Ajio,Killer Mustard Women Regular Fit Shirt with Spread Collar,https://assets.ajio.com/medias/sys_master/root1/20251202/UaON/692ef217720fb821d364d38c/killer_mustard_women_regular_fit_shirt_with_spread_collar.jpg,Killer,Women,Shirts,240,1599,85,,,,Mustard,Regular Fit,,,,"Killer Mustard Women Regular Fit Shirt with Spread Collar. Brand: Killer. Color: Mustard. Fit: Regular Fit. Category: Women, Shirts",InStock,,https://www.ajio.com/killer-women-regular-fit-shirt-with-spread-collar/p/469743359_mustard,2026-06-26T12:13:00.063541+00:00
Ajio,YOUSTA Black Women Lace-Trim Detail Volume Puff Sleeve Shirt,https://assets.ajio.com/medias/sys_master/root1/20251103/Jr6e/6908a76f88d6d62ff8b96243/yousta_black_women_lace-trim_detail_volume_puff_sleeve_shirt.jpg,YOUSTA,Women,Shirts,210,599,50,,,,Jetblack,,,,,"YOUSTA Black Women Lace-Trim Detail Volume Puff Sleeve Shirt. Brand: YOUSTA. Color: Jetblack. Category: Women, Shirts",InStock,,https://www.ajio.com/yousta-women-lace-trim-detail-volume-puff-sleeve-shirt/p/443104593_jetblack,2026-06-26T12:13:00.063541+00:00
Ajio,Outzidr Global Olive Green Women Oversized Shirt with Patch Pocket,https://assets.ajio.com/medias/sys_master/root/20250429/fl2z/681090b87a6cd4182fff3feb/outzidr_global_olive_green_women_oversized_shirt_with_patch_pocket.jpg,Outzidr Global,Women,Shirts,678,999,3,,,,Green,,,,,"Outzidr Global Olive Green Women Oversized Shirt with Patch Pocket. Brand: Outzidr Global. Color: Green. Category: Women, Shirts",InStock,,https://www.ajio.com/outzidr-global-women-oversized-shirt-with-patch-pocket/p/701220787_green,2026-06-26T12:13:00.063541+00:00
Ajio,KOTTY Light Beige Women Relaxed Fit Shirt with Spread Collar,https://assets.ajio.com/medias/sys_master/root/20250711/SWu0/6870f42bb13fc54edd181e36/kotty_light_beige_women_relaxed_fit_shirt_with_spread_collar.jpg,KOTTY,Women,Shirts,300,1999,85,,,,Beige,Relaxed Fit,,,,"KOTTY Light Beige Women Relaxed Fit Shirt with Spread Collar. Brand: KOTTY. Color: Beige. Fit: Relaxed Fit. Category: Women, Shirts",InStock,,https://www.ajio.com/kotty-women-relaxed-fit-shirt-with-spread-collar-/p/701919939_beige,2026-06-26T12:13:00.063541+00:00
Ajio,ONLY Cream Women Self-Design Regular Fit Shirt,https://assets.ajio.com/medias/sys_master/root/20241221/c9Oy/6765c6ef0f47f80c87151f58/only_cream_women_self-design_regular_fit_shirt.jpg,ONLY,Women,Shirts,809,3299,65,,,,Cream,Regular Fit,,,Self Design,"ONLY Cream Women Self-Design Regular Fit Shirt. Brand: ONLY. Color: Cream. Fit: Regular Fit. Pattern: Self Design. Category: Women, Shirts",InStock,,https://www.ajio.com/only-women-self-design-regular-fit-shirt/p/442794898_cream,2026-06-26T12:13:00.063541+00:00
Ajio,SPYKAR White Women Floral Print Regular Fit Shirt,https://assets.ajio.com/medias/sys_master/root/20250627/aYwj/685e95260f920c69cc5ef1dd/spykar_white_women_floral_print_regular_fit_shirt.jpg,SPYKAR,Women,Shirts,2099,2599,19.24,,,,White,Regular Fit,,,Floral,"SPYKAR White Women Floral Print Regular Fit Shirt. Brand: SPYKAR. Color: White. Fit: Regular Fit. Pattern: Floral. Category: Women, Shirts",InStock,,https://www.ajio.com/spykar-women-floral-print-regular-fit-shirt/p/442835927_white,2026-06-26T12:13:00.063541+00:00
Ajio,LEIA SKY BLUE Women Floral Regular Fit Shirt,https://assets.ajio.com/medias/sys_master/root1/20250822/k7bR/68a7770e3d468c61ab8e81ae/leia_sky_blue_women_floral_regular_fit_shirt.jpg,LEIA,Women,Shirts,448,1999,68,,,L,Blue,Regular Fit,,,Floral,"LEIA SKY BLUE Women Floral Regular Fit Shirt. Brand: LEIA. Color: Blue. Fit: Regular Fit. Pattern: Floral. Size: L. Category: Women, Shirts",InStock,,https://www.ajio.com/leia-women-floral-regular-fit-shirt/p/702140748_blue,2026-06-26T12:13:00.063541+00:00
Ajio,Tulsattva Blue Women Self-Design Regular Fit Shirt,https://assets.ajio.com/medias/sys_master/root1/20251103/hKe7/6908bbc6a470c5082f6293b3/tulsattva_blue_women_self-design_regular_fit_shirt.jpg,Tulsattva,Women,Shirts,501,1790,60,,,,Blue,Regular Fit,,,Self Design,"Tulsattva Blue Women Self-Design Regular Fit Shirt. Brand: Tulsattva. Color: Blue. Fit: Regular Fit. Pattern: Self Design. Category: Women, Shirts",InStock,,https://www.ajio.com/tulsattva-women-self-design-regular-fit-shirt/p/702452489_blue,2026-06-26T12:13:00.063541+00:00
Ajio,SPYKAR Blue Women Regular Fit Cotton Shirt,https://assets.ajio.com/medias/sys_master/root/20240621/7Rrh/6675a93f1d763220faec4b31/spykar_blue_women_regular_fit_cotton_shirt.jpg,SPYKAR,Women,Shirts,910,2599,50,,,,Ltblue,Regular Fit,Cotton,,,"SPYKAR Blue Women Regular Fit Cotton Shirt. Brand: SPYKAR. Color: Ltblue. Fit: Regular Fit. Fabric: Cotton. Category: Women, Shirts",InStock,,https://www.ajio.com/spykar-women-regular-fit-cotton-shirt/p/442198329_ltblue,2026-06-26T12:13:00.063541+00:00
Ajio,Fyre Rose Pink Women Striped Regular Fit Shirt,https://assets.ajio.com/medias/sys_master/root1/20260421/fK3s/69e684dbfcb5bb61d26c4f48/fyre_rose_pink_women_striped_regular_fit_shirt.jpg,Fyre Rose,Women,Shirts,399,1997,76,,,XL,Pink,Regular Fit,,,Striped,"Fyre Rose Pink Women Striped Regular Fit Shirt. Brand: Fyre Rose. Color: Pink. Fit: Regular Fit. Pattern: Striped. Size: XL. Category: Women, Shirts",InStock,,https://www.ajio.com/fyre-rose-women-striped-regular-fit-shirt/p/703348083_pink,2026-06-26T12:13:00.063541+00:00
Ajio,MAAESA Peach Women Ombre-Dye Regular Fit Shirt with Spread Collar,https://assets.ajio.com/medias/sys_master/root/20250624/Td8R/6859b43d2b1ad9265b5fac19/maaesa_peach_women_ombre-dye_regular_fit_shirt_with_spread_collar.jpg,MAAESA,Women,Shirts,499,2497,75,,,XL,Peach,Regular Fit,,,Ombre,"MAAESA Peach Women Ombre-Dye Regular Fit Shirt with Spread Collar. Brand: MAAESA. Color: Peach. Fit: Regular Fit. Pattern: Ombre. Size: XL. Category: Women, Shirts",InStock,,https://www.ajio.com/maaesa-women-ombre-dye-regular-fit-shirt-with-spread-collar/p/701803401_peach,2026-06-26T12:13:00.063541+00:00
Ajio,PINACOLADA Brown Women Relaxed Fit Shirt,https://assets.ajio.com/medias/sys_master/root1/20250724/Ut4I/68823f7c8bfb9009ac36a0e8/pinacolada_brown_women_relaxed_fit_shirt.jpg,PINACOLADA,Women,Shirts,525,1499,50,,,M,Brown,Relaxed Fit,,,,"PINACOLADA Brown Women Relaxed Fit Shirt. Brand: PINACOLADA. Color: Brown. Fit: Relaxed Fit. Size: M. Category: Women, Shirts",InStock,,https://www.ajio.com/pinacolada-women-relaxed-fit-shirt/p/702018214_brown,2026-06-26T12:13:00.063541+00:00
Ajio,SPYKAR Red Women Checks Regular Fit Cotton Shirt,https://assets.ajio.com/medias/sys_master/root/20240621/KcgT/667586001d763220faeba7d6/spykar_red_women_checks_regular_fit_cotton_shirt.jpg,SPYKAR,Women,Shirts,630,1799,50,,,,Red,Regular Fit,Cotton,,,"SPYKAR Red Women Checks Regular Fit Cotton Shirt. Brand: SPYKAR. Color: Red. Fit: Regular Fit. Fabric: Cotton. Category: Women, Shirts",InStock,,https://www.ajio.com/spykar-women-checks-regular-fit-cotton-shirt/p/442198327_red,2026-06-26T12:13:00.063541+00:00
Ajio,PINACOLADA Pink Women Checked Relaxed Fit Shirt,https://assets.ajio.com/medias/sys_master/root1/20260219/0gJC/699719e37ef0c7385c139df6/pinacolada_pink_women_checked_relaxed_fit_shirt.jpg,PINACOLADA,Women,Shirts,560,1599,50,,,S,Pink,Relaxed Fit,,,Checkered,"PINACOLADA Pink Women Checked Relaxed Fit Shirt. Brand: PINACOLADA. Color: Pink. Fit: Relaxed Fit. Pattern: Checkered. Size: S. Category: Women, Shirts",InStock,,https://www.ajio.com/pinacolada-women-checked-relaxed-fit-shirt/p/702674236_pink,2026-06-26T12:13:00.063541+00:00
Ajio,Mystere Paris Multi Women Checked Oversized Fit Spread-Collar Shirt,https://assets.ajio.com/medias/sys_master/root1/20260625/GyDF/6a3d0041afd8cf5e73957e72/mystere_paris_multi_women_checked_oversized_fit_spread-collar_shirt.jpg,Mystere Paris,Women,Shirts,700,1999,50,,,L,Multi,Oversized Fit,,,Checkered,"Mystere Paris Multi Women Checked Oversized Fit Spread-Collar Shirt. Brand: Mystere Paris. Color: Multi. Fit: Oversized Fit. Pattern: Checkered. Size: L. Category: Women, Shirts. 923 shoppers wishlisted in last 30 days",InStock,,https://www.ajio.com/mystere-paris-women-checked-oversized-fit-spread-collar-shirt/p/703366931_multi,2026-06-26T12:13:00.063541+00:00
Ajio,FIG Off White Women Printed Boxy Fit Shirt,https://assets.ajio.com/medias/sys_master/root/20250410/r0S7/67f79de67a6cd4182fbb943a/fig_off_white_women_printed_boxy_fit_shirt.jpg,FIG,Women,Shirts,127,499,49,,,,Off White,Boxy Fit,,,Printed,"FIG Off White Women Printed Boxy Fit Shirt. Brand: FIG. Color: Off White. Fit: Boxy Fit. Pattern: Printed. Category: Women, Shirts",InStock,,https://www.ajio.com/fig-women-printed-boxy-fit-shirt/p/443063064_offwhite,2026-06-26T12:13:00.063541+00:00
Ajio,PINACOLADA Green Women Checked Relaxed Fit Shirt,https://assets.ajio.com/medias/sys_master/root1/20260219/Benz/69971a20cbfa0d5608203003/pinacolada_green_women_checked_relaxed_fit_shirt.jpg,PINACOLADA,Women,Shirts,577,1499,45,,,S,Green,Relaxed Fit,,,Checkered,"PINACOLADA Green Women Checked Relaxed Fit Shirt. Brand: PINACOLADA. Color: Green. Fit: Relaxed Fit. Pattern: Checkered. Size: S. Category: Women, Shirts",InStock,,https://www.ajio.com/pinacolada-women-checked-relaxed-fit-shirt/p/702674236_green,2026-06-26T12:13:00.063541+00:00
Ajio,DNMX Pink Women Relaxed Fit Cotton Shirt with Puff Sleeves,https://assets.ajio.com/medias/sys_master/root1/20260306/57ty/69a9d513af321a7f92032094/dnmx_pink_women_relaxed_fit_cotton_shirt_with_puff_sleeves.jpg,DNMX,Women,Shirts,204,799,49,,,,Pink,Relaxed Fit,Cotton,,,"DNMX Pink Women Relaxed Fit Cotton Shirt with Puff Sleeves. Brand: DNMX. Color: Pink. Fit: Relaxed Fit. Fabric: Cotton. Category: Women, Shirts",InStock,,https://www.ajio.com/dnmx-women-relaxed-fit-cotton-shirt-with-puff-sleeves/p/443106492_pink,2026-06-26T12:13:00.063541+00:00
Ajio,CRIMSOUNE CLUB Cream Women Cotton Regular Fit Embroidery Shirt,https://assets.ajio.com/medias/sys_master/root/20250425/08WN/680ae8cf55340d4b4ff96407/crimsoune_club_cream__women_cotton_regular_fit_embroidery_shirt.jpg,CRIMSOUNE CLUB,Women,Shirts,630,1999,55,,,XL,Cream,Regular Fit,Cotton,,,"CRIMSOUNE CLUB Cream Women Cotton Regular Fit Embroidery Shirt. Brand: CRIMSOUNE CLUB. Color: Cream. Fit: Regular Fit. Fabric: Cotton. Size: XL. Category: Women, Shirts. 735 shoppers wishlisted in last 30 days",InStock,,https://www.ajio.com/crimsoune-club--women-cotton-regular-fit-embroidery-shirt/p/701498148_cream,2026-06-26T12:13:00.063541+00:00
Ajio,Outzidr Global Red Women Floral Regular Fit Shirt,https://assets.ajio.com/medias/sys_master/root1/20251030/QHoE/69036c1ea470c5082f57d936/outzidr_global_red_women_floral_regular_fit_shirt.jpg,Outzidr Global,Women,Shirts,582,849,2,,,,Red,Regular Fit,,,Floral,"Outzidr Global Red Women Floral Regular Fit Shirt. Brand: Outzidr Global. Color: Red. Fit: Regular Fit. Pattern: Floral. Category: Women, Shirts. 728 shoppers wishlisted in last 30 days",InStock,,https://www.ajio.com/outzidr-global-women-floral-regular-fit-shirt/p/702442846_red,2026-06-26T12:13:00.063541+00:00
Ajio,PINACOLADA Red Women Relaxed Fit Shirt,https://assets.ajio.com/medias/sys_master/root1/20260219/jkoZ/699719d77ef0c7385c139c0b/pinacolada_red_women_relaxed_fit_shirt.jpg,PINACOLADA,Women,Shirts,525,1499,50,,,S,Red,Relaxed Fit,,,,"PINACOLADA Red Women Relaxed Fit Shirt. Brand: PINACOLADA. Color: Red. Fit: Relaxed Fit. Size: S. Category: Women, Shirts. 3.9K shoppers wishlisted in last 30 days",InStock,,https://www.ajio.com/pinacolada-women-relaxed-fit-shirt/p/702674205_red,2026-06-26T12:13:00.063541+00:00
Ajio,SIYAHI Black Women Floral Print Relaxed Fit Shirt,https://assets.ajio.com/medias/sys_master/root1/20260603/nzfz/6a1f38a1fcb5bb61d2042b49/siyahi_black_women_floral_print_relaxed_fit_shirt.jpg,SIYAHI,Women,Shirts,559,799,30.04,,,,Black,Relaxed Fit,,,Floral,"SIYAHI Black Women Floral Print Relaxed Fit Shirt. Brand: SIYAHI. Color: Black. Fit: Relaxed Fit. Pattern: Floral. Category: Women, Shirts",InStock,,https://www.ajio.com/siyahi-women-floral-print-relaxed-fit-shirt/p/443126942_black,2026-06-26T12:13:00.063541+00:00
Ajio,Fyre Rose Blue Women Floral Print Boxy Fit Shirt,https://assets.ajio.com/medias/sys_master/root1/20260330/6T8V/69ca65e99e784a25d59d9221/fyre_rose_blue_women_floral_print_boxy_fit_shirt.jpg,Fyre Rose,Women,Shirts,141,650,69,,,XXL,Blue,Boxy Fit,,,Floral,"Fyre Rose Blue Women Floral Print Boxy Fit Shirt. Brand: Fyre Rose. Color: Blue. Fit: Boxy Fit. Pattern: Floral. Size: XXL. Category: Women, Shirts",InStock,,https://www.ajio.com/fyre-rose-women-floral-print-boxy-fit-shirt/p/703245161_blue,2026-06-26T12:13:00.063541+00:00
Ajio,FIG brown Women Regular Fit Utility Shirt,https://assets.ajio.com/medias/sys_master/root1/20260220/tLfj/699816f4cbfa0d560823a863/fig_brown_women_regular_fit_utility_shirt.jpg,FIG,Women,Shirts,331,1299,49,,,,Brown,Regular Fit,,,,"FIG brown Women Regular Fit Utility Shirt. Brand: FIG. Color: Brown. Fit: Regular Fit. Category: Women, Shirts",InStock,,https://www.ajio.com/fig-women-regular-fit-utility-shirt/p/443107551_brown,2026-06-26T12:13:00.063541+00:00
Ajio,LEIA Black Women Regular Fit Stripes Classic Shirt,https://assets.ajio.com/medias/sys_master/root/20250414/3S07/67fcfc757a6cd4182fcae873/leia_black__women_regular_fit_stripes_classic_shirt.jpg,LEIA,Women,Shirts,300,1499,75,,,L,Black,Regular Fit,,,Striped,"LEIA Black Women Regular Fit Stripes Classic Shirt. Brand: LEIA. Color: Black. Fit: Regular Fit. Pattern: Striped. Size: L. Category: Women, Shirts",InStock,,https://www.ajio.com/leia--women-regular-fit-stripes-classic-shirt/p/701449919_black,2026-06-26T12:13:00.063541+00:00
Ajio,YOUSTA Blue Women Regular Fit Shirt with Flap Pockets,https://assets.ajio.com/medias/sys_master/root/20250714/abfO/6874ed40e590ff066e507436/yousta_blue_women_regular_fit_shirt_with_flap_pockets.jpg,YOUSTA,Women,Shirts,224,799,60,,,,Darkblue,Regular Fit,,,,"YOUSTA Blue Women Regular Fit Shirt with Flap Pockets. Brand: YOUSTA. Color: Darkblue. Fit: Regular Fit. Category: Women, Shirts",InStock,,https://www.ajio.com/yousta-women-regular-fit-shirt-with-flap-pockets/p/443085073_darkblue,2026-06-26T12:13:00.063541+00:00
Ajio,LEIA Blue Women Sleeveless Regular Fit Shirt,https://assets.ajio.com/medias/sys_master/root/20250419/Jady/68029b8c55340d4b4fe7bdc2/leia_blue_women_sleeveless_regular_fit_shirt.jpg,LEIA,Women,Shirts,360,1799,72,,,L,Blue,Regular Fit,,Sleeveless,,"LEIA Blue Women Sleeveless Regular Fit Shirt. Brand: LEIA. Color: Blue. Fit: Regular Fit. Sleeve: Sleeveless. Size: L. Category: Women, Shirts",InStock,,https://www.ajio.com/leia-women-sleeveless-regular-fit-shirt/p/701475738_blue,2026-06-26T12:13:00.063541+00:00
Ajio,QIOA Blue Women Regular Fit Collar Shirt,https://assets.ajio.com/medias/sys_master/root/20250615/DUKS/684ed90155340d4b4faff7da/qioa_blue_women_regular_fit_collar_shirt.jpg,QIOA,Women,Shirts,300,1499,72,,,XL,Blue,Regular Fit,,,,"QIOA Blue Women Regular Fit Collar Shirt. Brand: QIOA. Color: Blue. Fit: Regular Fit. Size: XL. Category: Women, Shirts",InStock,,https://www.ajio.com/qioa-women-regular-fit-collar-shirt/p/701745057_blue,2026-06-26T12:13:00.063541+00:00
Ajio,MICORIA Peach Women Relaxed Fit Floral Shirt,https://assets.ajio.com/medias/sys_master/root1/20260119/kdMU/696e30e27ef0c7385c754088/micoria_peach_women_relaxed_fit_floral_shirt.jpg,MICORIA,Women,Shirts,420,1874,68,,,XXL,Peach,Relaxed Fit,,,Floral,"MICORIA Peach Women Relaxed Fit Floral Shirt. Brand: MICORIA. Color: Peach. Fit: Relaxed Fit. Pattern: Floral. Size: XXL. Category: Women, Shirts. 822 shoppers wishlisted in last 30 days",InStock,,https://www.ajio.com/micoria-women-relaxed-fit-floral-shirt/p/702772756_peach,2026-06-26T12:13:00.063541+00:00
Ajio,Vastrado Brown Women Oversized Fit Cutaway Collar Shirt,https://assets.ajio.com/medias/sys_master/root/20240828/dsPo/66cf01d76f60443f3133a938/vastrado_brown_women_oversized_fit_cutaway_collar_shirt.jpg,Vastrado,Women,Shirts,539,1749,56,,,M,Brown,Oversized Fit,,,,"Vastrado Brown Women Oversized Fit Cutaway Collar Shirt. Brand: Vastrado. Color: Brown. Fit: Oversized Fit. Size: M. Category: Women, Shirts. 1.4K shoppers wishlisted in last 30 days",InStock,,https://www.ajio.com/vastrado-women-oversized-fit-cutaway-collar-shirt/p/700337606_brown,2026-06-26T12:13:00.063541+00:00
Ajio,Modestouze Attires Yellow Women Printed Fitted Spread-Collar Shirt,https://assets.ajio.com/medias/sys_master/root1/20251223/ywt1/694acd47239b37265a9df82b/modestouze_attires_yellow_women_printed_fitted_spread-collar_shirt.jpg,Modestouze Attires,Women,Shirts,343,999,51,,,S,Yellow,,,,Printed,"Modestouze Attires Yellow Women Printed Fitted Spread-Collar Shirt. Brand: Modestouze Attires. Color: Yellow. Pattern: Printed. Size: S. Category: Women, Shirts",InStock,,https://www.ajio.com/modestouze-attires-women-printed-fitted-spread-collar-shirt/p/702666773_yellow,2026-06-26T12:13:00.063541+00:00
Ajio,RIO Green Women Regular Fit Casual Shirt,https://assets.ajio.com/medias/sys_master/root1/20251229/NF7Y/695233f3cbfa0d560832bcf9/rio_green_women_regular_fit_casual_shirt.jpg,RIO,Women,Shirts,127,499,49,,,,Green,Regular Fit,,,,"RIO Green Women Regular Fit Casual Shirt. Brand: RIO. Color: Green. Fit: Regular Fit. Category: Women, Shirts. 1.5K shoppers wishlisted in last 30 days",InStock,,https://www.ajio.com/rio-women-regular-fit-casual-shirt/p/443106627_green,2026-06-26T12:13:00.063541+00:00
Ajio,PINACOLADA Beige Women Checks Relaxed Fit Shirt,https://assets.ajio.com/medias/sys_master/root1/20260123/Gtfb/69728f58cbfa0d560893d14c/pinacolada_beige_women_checks_relaxed_fit_shirt.jpg,PINACOLADA,Women,Shirts,315,1499,70,,,S,Beige,Relaxed Fit,,,,"PINACOLADA Beige Women Checks Relaxed Fit Shirt. Brand: PINACOLADA. Color: Beige. Fit: Relaxed Fit. Size: S. Category: Women, Shirts",InStock,,https://www.ajio.com/pinacolada-women-checks-relaxed-fit-shirt/p/702798073_beige,2026-06-26T12:13:00.063541+00:00
Ajio,STREET9 Pink Women Regular Fit Spread-Collar Shirt,https://assets.ajio.com/medias/sys_master/root1/20260509/syVk/69ff669a14d0c21719cdfc2a/street9_pink_women_regular_fit_spread-collar_shirt.jpg,STREET9,Women,Shirts,366,1899,78,,,,Pink,Regular Fit,,,,"STREET9 Pink Women Regular Fit Spread-Collar Shirt. Brand: STREET9. Color: Pink. Fit: Regular Fit. Category: Women, Shirts",InStock,,https://www.ajio.com/street9-women-regular-fit-spread-collar-shirt/p/702485330_pink,2026-06-26T12:13:00.063541+00:00
Ajio,FIG Off White Women Floral Embroidered Relaxed Fit Shirt,https://assets.ajio.com/medias/sys_master/root1/20250728/xdSR/68877e233d468c61ab2a73fd/fig_off_white_women_floral_embroidered_relaxed_fit_shirt.jpg,FIG,Women,Shirts,153,599,49,,,,Off White,Relaxed Fit,,,Embroidered,"FIG Off White Women Floral Embroidered Relaxed Fit Shirt. Brand: FIG. Color: Off White. Fit: Relaxed Fit. Pattern: Embroidered. Category: Women, Shirts",InStock,,https://www.ajio.com/fig-women-floral-embroidered-relaxed-fit-shirt/p/443066880_offwhite,2026-06-26T12:13:00.063541+00:00
Ajio,ONLY Green Women Checked Oversized Shirt,https://assets.ajio.com/medias/sys_master/root/20250604/PovP/68403e3055340d4b4f8507a8/only_green_women_checked_oversized_shirt.jpg,ONLY,Women,Shirts,809,3299,65,,,,Green,,,,Checkered,"ONLY Green Women Checked Oversized Shirt. Brand: ONLY. Color: Green. Pattern: Checkered. Category: Women, Shirts",InStock,,https://www.ajio.com/only-women-checked-oversized-shirt/p/442797395_green,2026-06-26T12:13:00.063541+00:00
Ajio,RIO Black Women Floral Print Slim Fit Shirt,https://assets.ajio.com/medias/sys_master/root1/20260218/fDlY/69956a89cbfa0d560813e63a/rio_black_women_floral_print_slim_fit_shirt.jpg,RIO,Women,Shirts,178,699,49,,,,Black,Slim Fit,,,Floral,"RIO Black Women Floral Print Slim Fit Shirt. Brand: RIO. Color: Black. Fit: Slim Fit. Pattern: Floral. Category: Women, Shirts. 3K shoppers wishlisted in last 30 days",InStock,,https://www.ajio.com/rio-women-floral-print-slim-fit-shirt/p/443111528_black,2026-06-26T12:13:00.063541+00:00
Ajio,QIOA Brown Women Striped Oversized Fit Shirt,https://assets.ajio.com/medias/sys_master/root1/20251105/PTHT/690b2c2888d6d62ff8c397d1/qioa_brown_women_striped_oversized_fit_shirt.jpg,QIOA,Women,Shirts,305,1499,71,,,M,Brown,Oversized Fit,,,Striped,"QIOA Brown Women Striped Oversized Fit Shirt. Brand: QIOA. Color: Brown. Fit: Oversized Fit. Pattern: Striped. Size: M. Category: Women, Shirts",InStock,,https://www.ajio.com/qioa-women-striped-oversized-fit-shirt/p/702162681_brown,2026-06-26T12:13:00.063541+00:00
Ajio,RIO White & Blue Women Printed Boxy Fit Shirt,https://assets.ajio.com/medias/sys_master/root1/20260427/2jfu/69ef4f2714d0c217199d9374/rio_white_%26_blue_women_printed_boxy_fit_shirt.jpg,RIO,Women,Shirts,349,499,30.06,,,,White,Boxy Fit,,,Printed,"RIO White & Blue Women Printed Boxy Fit Shirt. Brand: RIO. Color: White. Fit: Boxy Fit. Pattern: Printed. Category: Women, Shirts",InStock,,https://www.ajio.com/rio-women-printed-boxy-fit-shirt/p/443117733_white,2026-06-26T12:13:00.063541+00:00
Ajio,LEIA Green Women Floral Relaxed Fit Shirt,https://assets.ajio.com/medias/sys_master/root1/20260421/nqWt/69e7aa2514d0c21719890031/leia_green_women_floral_relaxed_fit_shirt.jpg,LEIA,Women,Shirts,349,1716,71,,,S,Green,Relaxed Fit,,,Floral,"LEIA Green Women Floral Relaxed Fit Shirt. Brand: LEIA. Color: Green. Fit: Relaxed Fit. Pattern: Floral. Size: S. Category: Women, Shirts. 8.8K shoppers wishlisted in last 30 days",InStock,,https://www.ajio.com/leia-women-floral-relaxed-fit-shirt/p/703333947_green,2026-06-26T12:13:00.063541+00:00
Ajio,The Souled Store Purple Women Relaxed Fit Shirt with Spread Collar,https://assets.ajio.com/medias/sys_master/root1/20260223/oucl/699c6a21cbfa0d560832d8c9/the_souled_store_purple_women_relaxed_fit_shirt_with_spread_collar.jpg,The Souled Store,Women,Shirts,1499,1499,,,,,Purple,Relaxed Fit,,,,"The Souled Store Purple Women Relaxed Fit Shirt with Spread Collar. Brand: The Souled Store. Color: Purple. Fit: Relaxed Fit. Category: Women, Shirts",InStock,,https://www.ajio.com/the-souled-store-women-relaxed-fit-shirt-with-spread-collar/p/703020904_purple,2026-06-26T12:13:00.063541+00:00
Ajio,LEIA Lime Green Women Regular Fit Classic Shirt,https://assets.ajio.com/medias/sys_master/root1/20260209/LpSL/6989d66c7ef0c7385cc4572d/leia_lime_green_women_regular_fit_classic_shirt.jpg,LEIA,Women,Shirts,389,1849,70,,,S,Lime,Regular Fit,,,,"LEIA Lime Green Women Regular Fit Classic Shirt. Brand: LEIA. Color: Lime. Fit: Regular Fit. Size: S. Category: Women, Shirts",InStock,,https://www.ajio.com/leia-women-regular-fit-classic-shirt/p/702882962_lime,2026-06-26T12:13:00.063541+00:00
Ajio,PINACOLADA Green Women Checked Oversized Shirt,https://assets.ajio.com/medias/sys_master/root1/20260210/56Ag/698b3d0fcbfa0d5608deefe6/pinacolada_green_women_checked_oversized_shirt.jpg,PINACOLADA,Women,Shirts,525,1499,50,,,S,Green,,,,Checkered,"PINACOLADA Green Women Checked Oversized Shirt. Brand: PINACOLADA. Color: Green. Pattern: Checkered. Size: S. Category: Women, Shirts",InStock,,https://www.ajio.com/pinacolada-women-checked-oversized-shirt/p/700707544_green,2026-06-26T12:13:00.063541+00:00
Ajio,ONLY Brown & White Women Speckle Print Regular Fit Shirt,https://assets.ajio.com/medias/sys_master/root/20250529/HFkT/68384eaf7a6cd4182f66eaac/only_brown_%26_white_women_speckle_print_regular_fit_shirt.jpg,ONLY,Women,Shirts,882,2799,55,,,,Brown,Regular Fit,,,,"ONLY Brown & White Women Speckle Print Regular Fit Shirt. Brand: ONLY. Color: Brown. Fit: Regular Fit. Category: Women, Shirts",InStock,,https://www.ajio.com/only-women-speckle-print-regular-fit-shirt/p/469738577_brown,2026-06-26T12:13:00.063541+00:00
Ajio,U.S. Polo Assn. Off white Women Embroidered Regular Fit Shirt,https://assets.ajio.com/medias/sys_master/root1/20260509/H0xL/69ff6fd814d0c21719cf15fc/u.s._polo_assn._off_white_women_embroidered_regular_fit_shirt.jpg,U.S. Polo Assn.,Women,Shirts,1249,2499,30,,,,White,Regular Fit,,,Embroidered,"U.S. Polo Assn. Off white Women Embroidered Regular Fit Shirt. Brand: U.S. Polo Assn.. Color: White. Fit: Regular Fit. Pattern: Embroidered. Category: Women, Shirts",InStock,,https://www.ajio.com/u-s-polo-assn-women-embroidered-regular-fit-shirt/p/703015565_white,2026-06-26T12:13:00.063541+00:00
Ajio,ONLY Pink Women Embroidered Boxy Fit Shirt,https://assets.ajio.com/medias/sys_master/root/20250529/1buM/6838779f7a6cd4182f69e7a5/only_pink_women_embroidered_boxy_fit_shirt.jpg,ONLY,Women,Shirts,1040,3299,55,,,,Pink,Boxy Fit,,,Embroidered,"ONLY Pink Women Embroidered Boxy Fit Shirt. Brand: ONLY. Color: Pink. Fit: Boxy Fit. Pattern: Embroidered. Category: Women, Shirts",InStock,,https://www.ajio.com/only-women-embroidered-boxy-fit-shirt/p/469738569_pink,2026-06-26T12:13:00.063541+00:00
Ajio,SHOWOFF Black Women Floral Print Relaxed Fit Shirt,https://assets.ajio.com/medias/sys_master/root1/20260307/ZpqH/69ab30934970ce6a6e2a15b1/showoff_black_women_floral_print_relaxed_fit_shirt.jpg,SHOWOFF,Women,Shirts,951,3398,60,,,XS,Black,Relaxed Fit,,,Floral,"SHOWOFF Black Women Floral Print Relaxed Fit Shirt. Brand: SHOWOFF. Color: Black. Fit: Relaxed Fit. Pattern: Floral. Size: XS. Category: Women, Shirts",InStock,,https://www.ajio.com/showoff-women-floral-print-relaxed-fit-shirt-/p/703124753_black,2026-06-26T12:13:00.063541+00:00
Ajio,DNMX Black Women Checked Regular Fit Shirt with Schiffili Scallop Hem,https://assets.ajio.com/medias/sys_master/root1/20251201/431I/692dad95720fb821d3601656/dnmx_black_women_checked_regular_fit_shirt_with_schiffili_scallop_hem.jpg,DNMX,Women,Shirts,229,899,49,,,,Black,Regular Fit,,,Checkered,"DNMX Black Women Checked Regular Fit Shirt with Schiffili Scallop Hem. Brand: DNMX. Color: Black. Fit: Regular Fit. Pattern: Checkered. Category: Women, Shirts. 2.4K shoppers wishlisted in last 30 days",InStock,,https://www.ajio.com/dnmx-women-checked-regular-fit-shirt-with-schiffili-scallop-hem/p/443098565_black,2026-06-26T12:13:00.063541+00:00
Ajio,LEVI'S Blue Women Relaxed Fit Shirt,https://assets.ajio.com/medias/sys_master/root1/20260107/cEGh/695e3b8d7ef0c7385c50a4c8/levi%27s_blue_women_relaxed_fit_shirt.jpg,LEVI'S,Women,Shirts,1136,2799,42,,,,Blue,Relaxed Fit,,,,"LEVI'S Blue Women Relaxed Fit Shirt. Brand: LEVI'S. Color: Blue. Fit: Relaxed Fit. Category: Women, Shirts",InStock,,https://www.ajio.com/levi-s-women-relaxed-fit-shirt/p/469800998_blue,2026-06-26T12:13:00.063541+00:00
Ajio,DNMX Blue & White Women Schiffli Embroidered Tailored Fit Shirt with Scallop Detail,https://assets.ajio.com/medias/sys_master/root1/20260330/UaBo/69ca28dd5bc52e77e011e635/dnmx_blue_%26_white_women_schiffli_embroidered_tailored_fit_shirt_with_scallop_detail.jpg,DNMX,Women,Shirts,355,999,29,,,,Blue,,,,Embroidered,"DNMX Blue & White Women Schiffli Embroidered Tailored Fit Shirt with Scallop Detail. Brand: DNMX. Color: Blue. Pattern: Embroidered. Category: Women, Shirts. 1.6K shoppers wishlisted in last 30 days",InStock,,https://www.ajio.com/dnmx-women-schiffli-embroidered-tailored-fit-shirt-with-scallop-detail/p/443109047_blue,2026-06-26T12:13:00.063541+00:00
Ajio,MAAESA Yellow Women Ombre-Dye Regular Fit Shirt with Spread Collar,https://assets.ajio.com/medias/sys_master/root/20250624/Gmax/6859b10a2b1ad9265b5f405e/maaesa_yellow_women_ombre-dye_regular_fit_shirt_with_spread_collar.jpg,MAAESA,Women,Shirts,499,2497,75,,,S,Yellow,Regular Fit,,,Ombre,"MAAESA Yellow Women Ombre-Dye Regular Fit Shirt with Spread Collar. Brand: MAAESA. Color: Yellow. Fit: Regular Fit. Pattern: Ombre. Size: S. Category: Women, Shirts",InStock,,https://www.ajio.com/maaesa-women-ombre-dye-regular-fit-shirt-with-spread-collar/p/701803386_yellow,2026-06-26T12:13:00.063541+00:00
Ajio,Curves by Tulsattva Cream Women Regular Fit Classic Shirt,https://assets.ajio.com/medias/sys_master/root1/20260316/IVUC/69b7fe4a0ad5d9333761a5d1/curves_by_tulsattva_cream_women_regular_fit_classic_shirt.jpg,Curves by Tulsattva,Women,Shirts,476,2125,68,,,,Cream,Regular Fit,,,,"Curves by Tulsattva Cream Women Regular Fit Classic Shirt. Brand: Curves by Tulsattva. Color: Cream. Fit: Regular Fit. Category: Women, Shirts",InStock,,https://www.ajio.com/curves-by-tulsattva-women-regular-fit-classic-shirt/p/703161008_cream,2026-06-26T12:13:00.063541+00:00
Ajio,YOUSTA Lilac Lavender Women Striped Oversized Cotton Shirt,https://assets.ajio.com/medias/sys_master/root1/20250819/mmvY/68a473ea8bfb9009ac903878/yousta_lilac_lavender_women_striped_oversized_cotton_shirt.jpg,YOUSTA,Women,Shirts,196,699,60,,,,Lilac,,Cotton,,Striped,"YOUSTA Lilac Lavender Women Striped Oversized Cotton Shirt. Brand: YOUSTA. Color: Lilac. Fabric: Cotton. Pattern: Striped. Category: Women, Shirts",InStock,,https://www.ajio.com/yousta-women-striped-oversized-cotton-shirt/p/443087705_lilac,2026-06-26T12:13:00.063541+00:00
Ajio,Fuback X AG Green Women Floral Print Regular Fit Shirt,https://assets.ajio.com/medias/sys_master/root1/20251217/qjXq/6942101a720fb821d39385dd/fuback_x_ag_green_women_floral_print_regular_fit_shirt.jpg,Fuback X AG,Women,Shirts,306,1999,83,,,L,Green,Regular Fit,,,Floral,"Fuback X AG Green Women Floral Print Regular Fit Shirt. Brand: Fuback X AG. Color: Green. Fit: Regular Fit. Pattern: Floral. Size: L. Category: Women, Shirts. 815 shoppers wishlisted in last 30 days",InStock,,https://www.ajio.com/fuback-x-ag-women-floral-print-regular-fit-shirt/p/702629098_green,2026-06-26T12:13:00.063541+00:00
Ajio,FIG Black Women Floral Print Relaxed Fit Shirt,https://assets.ajio.com/medias/sys_master/root/20250617/9LwX/68515cf555340d4b4fbb5b01/fig_black_women_floral_print_relaxed_fit_shirt.jpg,FIG,Women,Shirts,153,599,49,,,,Black,Relaxed Fit,,,Floral,"FIG Black Women Floral Print Relaxed Fit Shirt. Brand: FIG. Color: Black. Fit: Relaxed Fit. Pattern: Floral. Category: Women, Shirts",InStock,,https://www.ajio.com/fig-women-floral-print-relaxed-fit-shirt/p/443084553_black,2026-06-26T12:13:00.063541+00:00
Ajio,HANCOCK Beige Women Regular Fit Classic Shirt,https://assets.ajio.com/medias/sys_master/root/20250621/d6Le/68568c862b1ad9265b554cbf/hancock_beige_women_regular_fit_classic_shirt.jpg,HANCOCK,Women,Shirts,888,2699,53,,,,Beige,Regular Fit,,,,"HANCOCK Beige Women Regular Fit Classic Shirt. Brand: HANCOCK. Color: Beige. Fit: Regular Fit. Category: Women, Shirts. 1K shoppers wishlisted in last 30 days",InStock,,https://www.ajio.com/hancock-women-regular-fit-classic-shirt/p/700453523_beige,2026-06-26T12:13:00.063541+00:00
Ajio,LEIA Red Women Regular Fit Classic Shirt,https://assets.ajio.com/medias/sys_master/root1/20250729/tCmu/6888aaa03d468c61ab2dadab/leia_red_women_regular_fit_classic_shirt.jpg,LEIA,Women,Shirts,308,1799,81,,,M,Red,Regular Fit,,,,"LEIA Red Women Regular Fit Classic Shirt. Brand: LEIA. Color: Red. Fit: Regular Fit. Size: M. Category: Women, Shirts. 761 shoppers wishlisted in last 30 days",InStock,,https://www.ajio.com/leia-women-regular-fit-classic-shirt/p/702037063_red,2026-06-26T12:13:00.063541+00:00
Ajio,LEIA Peach Women Floral Print Relaxed Fit Shirt,https://assets.ajio.com/medias/sys_master/root1/20260416/EiMg/69e0e87314d0c2171978ba1f/leia_peach_women_floral_print_relaxed_fit_shirt.jpg,LEIA,Women,Shirts,349,1716,71,,,S,Peach,Relaxed Fit,,,Floral,"LEIA Peach Women Floral Print Relaxed Fit Shirt. Brand: LEIA. Color: Peach. Fit: Relaxed Fit. Pattern: Floral. Size: S. Category: Women, Shirts. 7.2K shoppers wishlisted in last 30 days",InStock,,https://www.ajio.com/leia-women-floral-print-relaxed-fit-shirt/p/703333947_peach,2026-06-26T12:13:00.063541+00:00
Ajio,Indie Picks White Women Frameprint Tailored Fit Shirt,https://assets.ajio.com/medias/sys_master/root1/20260608/N65U/6a26af5714d0c217192edc70/indie_picks_white_women_frameprint_tailored_fit_shirt.jpg,Indie Picks,Women,Shirts,466,2330,74,,,XL,White,,,,,"Indie Picks White Women Frameprint Tailored Fit Shirt. Brand: Indie Picks. Color: White. Size: XL. Category: Women, Shirts",InStock,,https://www.ajio.com/indie-picks-women-frameprint-tailored-fit-shirt/p/703537925_white,2026-06-26T12:13:00.063541+00:00
Ajio,LEVI'S Pink Women Relaxed Fit Shirt,https://assets.ajio.com/medias/sys_master/root1/20260107/VCmq/695e4e4bcbfa0d56085905cc/levi%27s_pink_women_relaxed_fit_shirt.jpg,LEVI'S,Women,Shirts,1179,2799,40,,,,Pink,Relaxed Fit,,,,"LEVI'S Pink Women Relaxed Fit Shirt. Brand: LEVI'S. Color: Pink. Fit: Relaxed Fit. Category: Women, Shirts",InStock,,https://www.ajio.com/levi-s-women-relaxed-fit-shirt/p/469800997_pink,2026-06-26T12:13:00.063541+00:00
Ajio,FIG Off White Women Floral Print Relaxed Fit Shirt,https://assets.ajio.com/medias/sys_master/root/20250707/VU96/686bb65fb13fc54eddfdfabe/fig_off_white_women_floral_print_relaxed_fit_shirt.jpg,FIG,Women,Shirts,229,899,49,,,,Off White,Relaxed Fit,,,Floral,"FIG Off White Women Floral Print Relaxed Fit Shirt. Brand: FIG. Color: Off White. Fit: Relaxed Fit. Pattern: Floral. Category: Women, Shirts",InStock,,https://www.ajio.com/fig-women-floral-print-relaxed-fit-shirt/p/443076808_offwhite,2026-06-26T12:13:00.063541+00:00
Ajio,QIOA Brown Women Striped Relaxed Fit Shirt,https://assets.ajio.com/medias/sys_master/root1/20251118/VBvX/691ca2c588d6d62ff8f519f6/qioa_brown_women_striped_relaxed_fit_shirt.jpg,QIOA,Women,Shirts,305,1499,71,,,XXL,Brown,Relaxed Fit,,,Striped,"QIOA Brown Women Striped Relaxed Fit Shirt. Brand: QIOA. Color: Brown. Fit: Relaxed Fit. Pattern: Striped. Size: XXL. Category: Women, Shirts",InStock,,https://www.ajio.com/qioa-women-striped-relaxed-fit-shirt/p/702518464_brown,2026-06-26T12:13:00.063541+00:00
Ajio,DNMX Yellow Women Stripes Loose Fit Classic Shirt,https://assets.ajio.com/medias/sys_master/root1/20260427/s0Em/69ef3f5e14d0c217199bcdec/dnmx_yellow_women_stripes_loose_fit_classic_shirt.jpg,DNMX,Women,Shirts,559,799,30.04,,,,Yellow,Loose Fit,,,Striped,"DNMX Yellow Women Stripes Loose Fit Classic Shirt. Brand: DNMX. Color: Yellow. Fit: Loose Fit. Pattern: Striped. Category: Women, Shirts. 2.4K shoppers wishlisted in last 30 days",InStock,,https://www.ajio.com/dnmx-women-stripes-loose-fit-classic-shirt/p/443109061_yellow,2026-06-26T12:13:00.063541+00:00
Ajio,CADMON Teal Women Fitted Stripes Classic Shirt,https://assets.ajio.com/medias/sys_master/root1/20260224/Vm5b/699d927908a9882390185c6d/cadmon_teal_women_fitted_stripes_classic_shirt.jpg,CADMON,Women,Shirts,440,999,37,,,S,Green,,,,Striped,"CADMON Teal Women Fitted Stripes Classic Shirt. Brand: CADMON. Color: Green. Pattern: Striped. Size: S. Category: Women, Shirts",InStock,,https://www.ajio.com/cadmon-women-fitted-stripes-classic-shirt/p/703029761_green,2026-06-26T12:13:00.063541+00:00
Ajio,YOUSTA Pink Women Floral Print Boxy Fit Shirt,https://assets.ajio.com/medias/sys_master/root1/20250904/uyTh/68b9aa078bfb9009acdbd92b/yousta_pink_women_floral_print_boxy_fit_shirt.jpg,YOUSTA,Women,Shirts,175,499,50,,,,Ltpink,Boxy Fit,,,Floral,"YOUSTA Pink Women Floral Print Boxy Fit Shirt. Brand: YOUSTA. Color: Ltpink. Fit: Boxy Fit. Pattern: Floral. Category: Women, Shirts",InStock,,https://www.ajio.com/yousta-women-floral-print-boxy-fit-shirt/p/443081444_ltpink,2026-06-26T12:13:00.063541+00:00
Ajio,Outryt by AZORTE Blue Women Regular Fit Shirt with Cuffed Sleeves,https://assets.ajio.com/medias/sys_master/root/20250428/nBAX/680f4f5255340d4b4f0076b7/outryt_by_azorte_blue_women_regular_fit_shirt_with_cuffed_sleeves.jpg,Outryt by AZORTE,Women,Shirts,280,999,60,,,,Ltblue,Regular Fit,,,,"Outryt by AZORTE Blue Women Regular Fit Shirt with Cuffed Sleeves. Brand: Outryt by AZORTE. Color: Ltblue. Fit: Regular Fit. Category: Women, Shirts",InStock,,https://www.ajio.com/outryt-by-azorte-women-regular-fit-shirt-with-cuffed-sleeves/p/443061184_ltblue,2026-06-26T12:13:00.063541+00:00
Ajio,CRIMSOUNE CLUB Maroon Women Slim Fit Shirt,https://assets.ajio.com/medias/sys_master/root/20241103/9tF6/67271690260f9c41e8b093db/crimsoune_club_maroon_women_slim_fit_shirt.jpg,CRIMSOUNE CLUB,Women,Shirts,599,1899,55,,,,Maroon,Slim Fit,,,,"CRIMSOUNE CLUB Maroon Women Slim Fit Shirt. Brand: CRIMSOUNE CLUB. Color: Maroon. Fit: Slim Fit. Category: Women, Shirts",InStock,,https://www.ajio.com/crimsoune-club-women-slim-fit-shirt/p/700676526_maroon,2026-06-26T12:13:00.063541+00:00
Ajio,LERIYA FASHION White Women Regular Fit Paisley Print Shirt,https://assets.ajio.com/medias/sys_master/root/20240805/FRxd/66b0fd856f60443f31ec99b6/leriya_fashion_white_women_regular_fit_paisley_print_shirt.jpg,LERIYA FASHION,Women,Shirts,460,2299,72,,,M,White,Regular Fit,,,,"LERIYA FASHION White Women Regular Fit Paisley Print Shirt. Brand: LERIYA FASHION. Color: White. Fit: Regular Fit. Size: M. Category: Women, Shirts",InStock,,https://www.ajio.com/leriya-fashion-women-regular-fit-paisley-print-shirt/p/700261065_white,2026-06-26T12:13:00.063541+00:00
Ajio,Vero Moda Red Women Leaf Print Regular Fit Shirt,https://assets.ajio.com/medias/sys_master/root/20250121/nvrj/678fad210431850e0db173fa/vero_moda_red_women_leaf_print_regular_fit_shirt.jpg,Vero Moda,Women,Shirts,483,2299,70,,,,Red,Regular Fit,,,,"Vero Moda Red Women Leaf Print Regular Fit Shirt. Brand: Vero Moda. Color: Red. Fit: Regular Fit. Category: Women, Shirts",InStock,,https://www.ajio.com/vero-moda-women-leaf-print-regular-fit-shirt/p/469716102_red,2026-06-26T12:13:00.063541+00:00
Ajio,LEIA Blue Women Floral Print Boxy Fit Shirt,https://assets.ajio.com/medias/sys_master/root1/20260402/iL0b/69ce54315bc52e77e02a0dff/leia_blue_women_floral_print_boxy_fit_shirt.jpg,LEIA,Women,Shirts,173,650,62,,,S,Blue,Boxy Fit,,,Floral,"LEIA Blue Women Floral Print Boxy Fit Shirt. Brand: LEIA. Color: Blue. Fit: Boxy Fit. Pattern: Floral. Size: S. Category: Women, Shirts. 1.6K shoppers wishlisted in last 30 days",InStock,,https://www.ajio.com/leia-women-floral-print-boxy-fit-shirt/p/703274761_blue,2026-06-26T12:13:00.063541+00:00
Ajio,SHOWOFF Blue Women Floral Lace Oversized Shirt,https://assets.ajio.com/medias/sys_master/root1/20260226/93eJ/69a07f1367bcd753935c03a1/showoff_blue_women_floral_lace_oversized_shirt.jpg,SHOWOFF,Women,Shirts,1739,5598,60,,,XS,Blue,,,,Floral,"SHOWOFF Blue Women Floral Lace Oversized Shirt. Brand: SHOWOFF. Color: Blue. Pattern: Floral. Size: XS. Category: Women, Shirts",InStock,,https://www.ajio.com/showoff-women-floral-lace-oversized-shirt/p/703053315_blue,2026-06-26T12:13:00.063541+00:00
Ajio,RIO Olive Women Regular Fit Cotton Shirt,https://assets.ajio.com/medias/sys_master/root1/20260108/bG0w/695fab85cbfa0d56085e41a9/rio_olive_women_regular_fit_cotton_shirt.jpg,RIO,Women,Shirts,178,699,49,,,,Olive,Regular Fit,Cotton,,,"RIO Olive Women Regular Fit Cotton Shirt. Brand: RIO. Color: Olive. Fit: Regular Fit. Fabric: Cotton. Category: Women, Shirts. 962 shoppers wishlisted in last 30 days",InStock,,https://www.ajio.com/rio-women-regular-fit-cotton-shirt/p/443106620_olive,2026-06-26T12:13:00.063541+00:00
Ajio,FIG Off White Women Floral Print Relaxed Fit Shirt,https://assets.ajio.com/medias/sys_master/root/20250703/xV9Y/68665d4bb13fc54eddf1806d/fig_off_white_women_floral_print_relaxed_fit_shirt.jpg,FIG,Women,Shirts,229,899,49,,,,Off White,Relaxed Fit,,,Floral,"FIG Off White Women Floral Print Relaxed Fit Shirt. Brand: FIG. Color: Off White. Fit: Relaxed Fit. Pattern: Floral. Category: Women, Shirts",InStock,,https://www.ajio.com/fig-women-floral-print-relaxed-fit-shirt/p/443076814_offwhite,2026-06-26T12:13:00.063541+00:00
Ajio,QIOA Yellow Women Striped Oversized Shirt,https://assets.ajio.com/medias/sys_master/root1/20260220/fawx/6997996c7ef0c7385c1678c8/qioa_yellow_women_striped_oversized_shirt.jpg,QIOA,Women,Shirts,382,1399,61,,,S,Yellow,,,,Striped,"QIOA Yellow Women Striped Oversized Shirt. Brand: QIOA. Color: Yellow. Pattern: Striped. Size: S. Category: Women, Shirts",InStock,,https://www.ajio.com/qioa-women-striped-oversized-shirt/p/702993026_yellow,2026-06-26T12:13:00.063541+00:00
Ajio,ONLY Black Women Floral Print Regular Fit Shirt,https://assets.ajio.com/medias/sys_master/root/20250604/T80P/684042a355340d4b4f851e8c/only_black_women_floral_print_regular_fit_shirt.jpg,ONLY,Women,Shirts,686,2799,65,,,,Black,Regular Fit,,,Floral,"ONLY Black Women Floral Print Regular Fit Shirt. Brand: ONLY. Color: Black. Fit: Regular Fit. Pattern: Floral. Category: Women, Shirts",InStock,,https://www.ajio.com/only-women-floral-print-regular-fit-shirt/p/442797337_black,2026-06-26T12:13:00.063541+00:00
Ajio,Fyre Rose Off white Women Striped Regular Fit Shirt,https://assets.ajio.com/medias/sys_master/root1/20260421/8dyR/69e684b5fcb5bb61d26c4a95/fyre_rose_off_white_women_striped_regular_fit_shirt.jpg,Fyre Rose,Women,Shirts,399,1997,76,,,M,Beige,Regular Fit,,,Striped,"Fyre Rose Off white Women Striped Regular Fit Shirt. Brand: Fyre Rose. Color: Beige. Fit: Regular Fit. Pattern: Striped. Size: M. Category: Women, Shirts",InStock,,https://www.ajio.com/fyre-rose-women-striped-regular-fit-shirt/p/703348083_beige,2026-06-26T12:13:00.063541+00:00
Ajio,LEIA Pink Women Floral Print Relaxed Fit Shirt,https://assets.ajio.com/medias/sys_master/root1/20260417/QNHK/69e190d614d0c21719799f98/leia_pink_women_floral_print_relaxed_fit_shirt.jpg,LEIA,Women,Shirts,349,1716,71,,,S,Multi,Relaxed Fit,,,Floral,"LEIA Pink Women Floral Print Relaxed Fit Shirt. Brand: LEIA. Color: Multi. Fit: Relaxed Fit. Pattern: Floral. Size: S. Category: Women, Shirts. 1.9K shoppers wishlisted in last 30 days",InStock,,https://www.ajio.com/leia-women-floral-print-relaxed-fit-shirt/p/703333947_multi,2026-06-26T12:13:00.063541+00:00
Ajio,FIG Black Women Regular Fit Shirt with Slip,https://assets.ajio.com/medias/sys_master/root1/20260123/LkY9/6973bbdc7ef0c7385c8e3afb/fig_black_women_regular_fit_shirt_with_slip.jpg,FIG,Women,Shirts,204,799,49,,,,Black,Regular Fit,,,,"FIG Black Women Regular Fit Shirt with Slip. Brand: FIG. Color: Black. Fit: Regular Fit. Category: Women, Shirts. 2K shoppers wishlisted in last 30 days",InStock,,https://www.ajio.com/fig-women-regular-fit-shirt-with-slip/p/443099822_black,2026-06-26T12:13:00.063541+00:00
Ajio,LEIA Green Women Striped Cotton Oversized Shirt,https://assets.ajio.com/medias/sys_master/root1/20251119/MQOE/691dcdf3a470c5082fa0fed3/leia_green_women_striped_cotton_oversized_shirt.jpg,LEIA,Women,Shirts,347,1499,67,,,S,Green,,Cotton,,Striped,"LEIA Green Women Striped Cotton Oversized Shirt. Brand: LEIA. Color: Green. Fabric: Cotton. Pattern: Striped. Size: S. Category: Women, Shirts",InStock,,https://www.ajio.com/leia-women-striped-cotton-oversized-shirt/p/702520988_green,2026-06-26T12:13:00.063541+00:00
Ajio,HONKY TONKY Pink Women Relaxed Fit Shirt with Cutaway Collar,https://assets.ajio.com/medias/sys_master/root/20241009/soxU/6705b14f260f9c41e8639c40/honky_tonky_pink_women_relaxed_fit_shirt_with_cutaway_collar.jpg,HONKY TONKY,Women,Shirts,210,999,70,,,M,Pink,Relaxed Fit,,,,"HONKY TONKY Pink Women Relaxed Fit Shirt with Cutaway Collar. Brand: HONKY TONKY. Color: Pink. Fit: Relaxed Fit. Size: M. Category: Women, Shirts",InStock,,https://www.ajio.com/honky-tonky-women-relaxed-fit-shirt-with-cutaway-collar-/p/700502491_pink,2026-06-26T12:13:00.063541+00:00
Ajio,LEIA Teal Women Floral Print Relaxed Fit Shirt,https://assets.ajio.com/medias/sys_master/root1/20260416/dUJq/69e0e8c714d0c2171978c51e/leia_teal_women_floral_print_relaxed_fit_shirt.jpg,LEIA,Women,Shirts,349,1716,71,,,S,Teal,Relaxed Fit,,,Floral,"LEIA Teal Women Floral Print Relaxed Fit Shirt. Brand: LEIA. Color: Teal. Fit: Relaxed Fit. Pattern: Floral. Size: S. Category: Women, Shirts. 1.1K shoppers wishlisted in last 30 days",InStock,,https://www.ajio.com/leia-women-floral-print-relaxed-fit-shirt/p/703333947_teal,2026-06-26T12:13:00.063541+00:00
Ajio,FREEHAND Yellow Women Checked Regular Fit Shirt,https://assets.ajio.com/medias/sys_master/root/20250603/MwyP/683efeac55340d4b4f802c0a/freehand_yellow_women_checked_regular_fit_shirt.jpg,FREEHAND,Women,Shirts,441,2099,70,,,,Yellow,Regular Fit,,,Checkered,"FREEHAND Yellow Women Checked Regular Fit Shirt. Brand: FREEHAND. Color: Yellow. Fit: Regular Fit. Pattern: Checkered. Category: Women, Shirts",InStock,,https://www.ajio.com/freehand-women-checked-regular-fit-shirt/p/701670801_yellow,2026-06-26T12:13:00.063541+00:00
Ajio,FIG Red Women Floral Print Slim Fit Shirt,https://assets.ajio.com/medias/sys_master/root/20250714/a41a/6874e21be590ff066e4ff751/fig_red_women_floral_print_slim_fit_shirt.jpg,FIG,Women,Shirts,229,899,49,,,,Red,Slim Fit,,,Floral,"FIG Red Women Floral Print Slim Fit Shirt. Brand: FIG. Color: Red. Fit: Slim Fit. Pattern: Floral. Category: Women, Shirts",InStock,,https://www.ajio.com/fig-women-floral-print-slim-fit-shirt/p/443076804_red,2026-06-26T12:13:00.063541+00:00
Ajio,CURVY STREET Lavender Women Oversized Fit Shirt with Spread Collar,https://assets.ajio.com/medias/sys_master/root1/20260509/Z4x3/69ff75fd14d0c21719cfcb7f/curvy_street_lavender_women_oversized_fit_shirt_with_spread_collar.jpg,CURVY STREET,Women,Shirts,480,2399,72,,,,Lavender,Oversized Fit,,,,"CURVY STREET Lavender Women Oversized Fit Shirt with Spread Collar. Brand: CURVY STREET. Color: Lavender. Fit: Oversized Fit. Category: Women, Shirts",InStock,,https://www.ajio.com/curvy-street-women-oversized-fit-shirt-with-spread-collar/p/702800393_lavender,2026-06-26T12:13:00.063541+00:00
Ajio,LEIA Wine Women Floral Print Boxy Fit Shirt,https://assets.ajio.com/medias/sys_master/root1/20260402/DUC8/69ce55ea5bc52e77e02a4890/leia_wine_women_floral_print_boxy_fit_shirt.jpg,LEIA,Women,Shirts,173,650,62,,,XS,Wine,Boxy Fit,,,Floral,"LEIA Wine Women Floral Print Boxy Fit Shirt. Brand: LEIA. Color: Wine. Fit: Boxy Fit. Pattern: Floral. Size: XS. Category: Women, Shirts. 817 shoppers wishlisted in last 30 days",InStock,,https://www.ajio.com/leia-women-floral-print-boxy-fit-shirt/p/703274761_wine,2026-06-26T12:13:00.063541+00:00
Ajio,LERIYA FASHION Brown Women Relaxed Fit Rayon Shirt,https://assets.ajio.com/medias/sys_master/root1/20260220/WwPW/69976e69cbfa0d56082289e5/leriya_fashion_brown_women_relaxed_fit_rayon_shirt.jpg,LERIYA FASHION,Women,Shirts,462,1999,67,,,2XL,Brown,Relaxed Fit,Rayon,,,"LERIYA FASHION Brown Women Relaxed Fit Rayon Shirt. Brand: LERIYA FASHION. Color: Brown. Fit: Relaxed Fit. Fabric: Rayon. Size: 2XL. Category: Women, Shirts",InStock,,https://www.ajio.com/leriya-fashion-women-relaxed-fit-rayon-shirt/p/702986847_brown,2026-06-26T12:13:00.063541+00:00
Ajio,Outryt by AZORTE Pink Women Oversized Casual Shirt with Patch Pocket,https://assets.ajio.com/medias/sys_master/root1/20251231/HuXL/695510ab7ef0c7385c38eff8/outryt_by_azorte_pink_women_oversized_casual_shirt_with_patch_pocket.jpg,Outryt by AZORTE,Women,Shirts,699,999,30.03,,,,Ltpink,,,,,"Outryt by AZORTE Pink Women Oversized Casual Shirt with Patch Pocket. Brand: Outryt by AZORTE. Color: Ltpink. Category: Women, Shirts",InStock,,https://www.ajio.com/outryt-by-azorte-women-oversized-casual-shirt-with-patch-pocket/p/443110750_ltpink,2026-06-26T12:13:00.063541+00:00
Ajio,PINACOLADA White Women Regular Fit Shirt,https://assets.ajio.com/medias/sys_master/root1/20260123/JQx6/69728f2e7ef0c7385c8a050c/pinacolada_white_women_regular_fit_shirt.jpg,PINACOLADA,Women,Shirts,368,1499,65,,,S,White,Regular Fit,,,,"PINACOLADA White Women Regular Fit Shirt. Brand: PINACOLADA. Color: White. Fit: Regular Fit. Size: S. Category: Women, Shirts",InStock,,https://www.ajio.com/pinacolada-women-regular-fit-shirt/p/702798001_white,2026-06-26T12:13:00.063541+00:00
Ajio,LEIA Rose gold Women Floral Relaxed Shirt,https://assets.ajio.com/medias/sys_master/root1/20260415/DOmb/69dfc82cfcb5bb61d25eb4de/leia_rose_gold_women_floral_relaxed_shirt.jpg,LEIA,Women,Shirts,349,1716,71,,,L,Rosegold,,,,Floral,"LEIA Rose gold Women Floral Relaxed Shirt. Brand: LEIA. Color: Rosegold. Pattern: Floral. Size: L. Category: Women, Shirts",InStock,,https://www.ajio.com/leia-women-floral-relaxed-shirt/p/703333947_rosegold,2026-06-26T12:13:00.063541+00:00
Ajio,PINACOLADA Black Women Spread Collar Relaxed Fit Shirt,https://assets.ajio.com/medias/sys_master/root1/20260210/Pm3H/698b43f7cbfa0d5608dfd43a/pinacolada_black_women_spread_collar_relaxed_fit_shirt.jpg,PINACOLADA,Women,Shirts,525,1499,50,,,S,Black,Relaxed Fit,,,,"PINACOLADA Black Women Spread Collar Relaxed Fit Shirt. Brand: PINACOLADA. Color: Black. Fit: Relaxed Fit. Size: S. Category: Women, Shirts. 1.3K shoppers wishlisted in last 30 days",InStock,,https://www.ajio.com/pinacolada-women-spread-collar-relaxed-fit-shirt/p/701835863_black,2026-06-26T12:13:00.063541+00:00
Ajio,PINACOLADA Red Women Spread Collar Relaxed Fit Shirt,https://assets.ajio.com/medias/sys_master/root1/20260210/UvQ0/698b389ccbfa0d5608de5881/pinacolada_red_women_spread_collar_relaxed_fit_shirt.jpg,PINACOLADA,Women,Shirts,473,1499,55,,,S,Red,Relaxed Fit,,,,"PINACOLADA Red Women Spread Collar Relaxed Fit Shirt. Brand: PINACOLADA. Color: Red. Fit: Relaxed Fit. Size: S. Category: Women, Shirts",InStock,,https://www.ajio.com/pinacolada-women-spread-collar-relaxed-fit-shirt/p/701835864_red,2026-06-26T12:13:00.063541+00:00
Ajio,ELIXORIA Olive Women Regular Fit Shirt with Spread Collar,https://assets.ajio.com/medias/sys_master/root1/20250826/rLN6/68ad9c873d468c61ab9b5de9/elixoria_olive_women_regular_fit_shirt_with_spread_collar.jpg,ELIXORIA,Women,Shirts,291,1299,68,,,S,Olive,Regular Fit,,,,"ELIXORIA Olive Women Regular Fit Shirt with Spread Collar. Brand: ELIXORIA. Color: Olive. Fit: Regular Fit. Size: S. Category: Women, Shirts. 1K shoppers wishlisted in last 30 days",InStock,,https://www.ajio.com/elixoria-women-regular-fit-shirt-with-spread-collar/p/702160449_olive,2026-06-26T12:13:00.063541+00:00
Ajio,Fuback X AG Yellow Women Floral Print Regular Fit Shirt,https://assets.ajio.com/medias/sys_master/root1/20251216/bhHJ/694190e28945db77cf3587ce/fuback_x_ag_yellow_women_floral_print_regular_fit_shirt.jpg,Fuback X AG,Women,Shirts,306,1999,83,,,XL,Yellow,Regular Fit,,,Floral,"Fuback X AG Yellow Women Floral Print Regular Fit Shirt. Brand: Fuback X AG. Color: Yellow. Fit: Regular Fit. Pattern: Floral. Size: XL. Category: Women, Shirts",InStock,,https://www.ajio.com/fuback-x-ag-women-floral-print-regular-fit-shirt/p/702629098_yellow,2026-06-26T12:13:00.063541+00:00
Ajio,ELIXORIA Aqua Women Regular Fit Shirt with Spread Collar,https://assets.ajio.com/medias/sys_master/root1/20250826/nl0X/68ada13d8bfb9009acb10235/elixoria_aqua_women_regular_fit_shirt_with_spread_collar.jpg,ELIXORIA,Women,Shirts,291,1299,68,,,XL,Aqua,Regular Fit,,,,"ELIXORIA Aqua Women Regular Fit Shirt with Spread Collar. Brand: ELIXORIA. Color: Aqua. Fit: Regular Fit. Size: XL. Category: Women, Shirts",InStock,,https://www.ajio.com/elixoria-women-regular-fit-shirt-with-spread-collar/p/702160449_aqua,2026-06-26T12:13:00.063541+00:00
Ajio,MICORIA Lavender Women Relaxed Fit Floral Shirt,https://assets.ajio.com/medias/sys_master/root1/20260120/MmNE/696e8490cbfa0d560885902a/micoria_lavender_women_relaxed_fit_floral_shirt.jpg,MICORIA,Women,Shirts,420,1874,68,,,XXL,Lavender,Relaxed Fit,,,Floral,"MICORIA Lavender Women Relaxed Fit Floral Shirt. Brand: MICORIA. Color: Lavender. Fit: Relaxed Fit. Pattern: Floral. Size: XXL. Category: Women, Shirts",InStock,,https://www.ajio.com/micoria-women-relaxed-fit-floral-shirt/p/702772756_lavender,2026-06-26T12:13:00.063541+00:00
Ajio,CURVY STREET White Women Oversized Fit Shirt with Spread Collar,https://assets.ajio.com/medias/sys_master/root1/20260416/wj99/69e0e89dfcb5bb61d2608937/curvy_street_white_women_oversized_fit_shirt_with_spread_collar.jpg,CURVY STREET,Women,Shirts,480,2399,72,,,,White,Oversized Fit,,,,"CURVY STREET White Women Oversized Fit Shirt with Spread Collar. Brand: CURVY STREET. Color: White. Fit: Oversized Fit. Category: Women, Shirts",InStock,,https://www.ajio.com/curvy-street-women-oversized-fit-shirt-with-spread-collar/p/702800517_white,2026-06-26T12:13:00.063541+00:00
Ajio,Killer Multicoloured Women Floral Print Regular Fit Shirt,https://assets.ajio.com/medias/sys_master/root1/20251202/Gz4w/692ef921720fb821d364f9d3/killer_multicoloured_women_floral_print_regular_fit_shirt.jpg,Killer,Women,Shirts,315,2099,85,,,,Multi,Regular Fit,,,Floral,"Killer Multicoloured Women Floral Print Regular Fit Shirt. Brand: Killer. Color: Multi. Fit: Regular Fit. Pattern: Floral. Category: Women, Shirts",InStock,,https://www.ajio.com/killer-women-floral-print-regular-fit-shirt/p/469743366_multi,2026-06-26T12:13:00.063541+00:00
Ajio,PINACOLADA Grey Women Relaxed Fit Spread-Collar Shirt,https://assets.ajio.com/medias/sys_master/root1/20260224/c8sa/699d020967bcd7539346cdd5/pinacolada_grey_women_relaxed_fit_spread-collar_shirt.jpg,PINACOLADA,Women,Shirts,300,1499,73,,,S,Grey,Relaxed Fit,,,,"PINACOLADA Grey Women Relaxed Fit Spread-Collar Shirt. Brand: PINACOLADA. Color: Grey. Fit: Relaxed Fit. Size: S. Category: Women, Shirts",InStock,,https://www.ajio.com/pinacolada-women-relaxed-fit-spread-collar-shirt/p/702877150_grey,2026-06-26T12:13:00.063541+00:00
Ajio,Biba Cream Women Floral Print Relaxed Fit Shirt,https://assets.ajio.com/medias/sys_master/root/20250128/zlxK/6798d916bc78b543a903307b/biba_cream_women_floral_print_relaxed_fit_shirt.jpg,Biba,Women,Shirts,755,1799,40,,,,Blue,Relaxed Fit,,,Floral,"Biba Cream Women Floral Print Relaxed Fit Shirt. Brand: Biba. Color: Blue. Fit: Relaxed Fit. Pattern: Floral. Category: Women, Shirts. 1.7K shoppers wishlisted in last 30 days",InStock,,https://www.ajio.com/biba-women-floral-print-relaxed-fit-shirt/p/469722173_blue,2026-06-26T12:13:00.063541+00:00
Ajio,PINACOLADA Red Women Relaxed Fit Shirt,https://assets.ajio.com/medias/sys_master/root1/20260210/Y9IN/698b3486cbfa0d5608ddcc43/pinacolada_red_women_relaxed_fit_shirt.jpg,PINACOLADA,Women,Shirts,473,1499,55,,,XL,Red,Relaxed Fit,,,,"PINACOLADA Red Women Relaxed Fit Shirt. Brand: PINACOLADA. Color: Red. Fit: Relaxed Fit. Size: XL. Category: Women, Shirts",InStock,,https://www.ajio.com/pinacolada-women-relaxed-fit-shirt/p/700826808_red,2026-06-26T12:13:00.063541+00:00
Ajio,Fyre Rose Black Women Paisley Shirt,https://assets.ajio.com/medias/sys_master/root1/20260402/mRRF/69ce4d0b9e784a25d5b3214d/fyre_rose_black_women_paisley_shirt.jpg,Fyre Rose,Women,Shirts,141,650,69,,,XXL,Black,,,,,"Fyre Rose Black Women Paisley Shirt. Brand: Fyre Rose. Color: Black. Size: XXL. Category: Women, Shirts",InStock,,https://www.ajio.com/fyre-rose-women-paisley-shirt/p/703273389_black,2026-06-26T12:13:00.063541+00:00
Ajio,LIMEROAD Brown Women Floral Print Regular Fit Shirt,https://assets.ajio.com/medias/sys_master/root1/20260418/ojxz/69e3a047fcb5bb61d2635c63/limeroad_brown_women_floral_print_regular_fit_shirt.jpg,LIMEROAD,Women,Shirts,356,599,15,,,,Brown,Regular Fit,,,Floral,"LIMEROAD Brown Women Floral Print Regular Fit Shirt. Brand: LIMEROAD. Color: Brown. Fit: Regular Fit. Pattern: Floral. Category: Women, Shirts",InStock,,https://www.ajio.com/limeroad-women-floral-print-regular-fit-shirt/p/703338661_brown,2026-06-26T12:13:00.063541+00:00
Ajio,PINACOLADA Green Women Relaxed Fit Spread-Collar Shirt,https://assets.ajio.com/medias/sys_master/root1/20260224/JgRr/699d020367bcd7539346cd09/pinacolada_green_women_relaxed_fit_spread-collar_shirt.jpg,PINACOLADA,Women,Shirts,315,1499,70,,,S,Green,Relaxed Fit,,,,"PINACOLADA Green Women Relaxed Fit Spread-Collar Shirt. Brand: PINACOLADA. Color: Green. Fit: Relaxed Fit. Size: S. Category: Women, Shirts",InStock,,https://www.ajio.com/pinacolada-women-relaxed-fit-spread-collar-shirt/p/702868853_green,2026-06-26T12:13:00.063541+00:00
Ajio,LEIA Turquoise Women Floral Print Regular Fit Shirt,https://assets.ajio.com/medias/sys_master/root1/20260220/ksSP/699898f97ef0c7385c1bd5b6/leia_turquoise_women_floral_print_regular_fit_shirt.jpg,LEIA,Women,Shirts,193,723,62,,,XS,Turquoise,Regular Fit,,,Floral,"LEIA Turquoise Women Floral Print Regular Fit Shirt. Brand: LEIA. Color: Turquoise. Fit: Regular Fit. Pattern: Floral. Size: XS. Category: Women, Shirts",InStock,,https://www.ajio.com/leia-women-floral-print-regular-fit-shirt/p/703001832_turquoise,2026-06-26T12:13:00.063541+00:00
Ajio,Outzidr Global Green Women Oversized Shirt with Patch Pockets,https://assets.ajio.com/medias/sys_master/root1/20251013/zwYX/68ecdc663d468c61ab5bd32e/outzidr_global_green_women_oversized_shirt_with_patch_pockets.jpg,Outzidr Global,Women,Shirts,787,1499,25,,,,Green,,,,,"Outzidr Global Green Women Oversized Shirt with Patch Pockets. Brand: Outzidr Global. Color: Green. Category: Women, Shirts",InStock,,https://www.ajio.com/outzidr-global-women-oversized-shirt-with-patch-pockets/p/702384919_green,2026-06-26T12:13:00.063541+00:00
Ajio,DNMX Peach Women Stripes Classic Fit Shirt,https://assets.ajio.com/medias/sys_master/root1/20260421/GumW/69e73dca14d0c2171985d94a/dnmx_peach_women_stripes_classic_fit_shirt.jpg,DNMX,Women,Shirts,629,899,30.03,,,,Peach,,,,Striped,"DNMX Peach Women Stripes Classic Fit Shirt. Brand: DNMX. Color: Peach. Pattern: Striped. Category: Women, Shirts",InStock,,https://www.ajio.com/dnmx-women-stripes-classic-fit-shirt/p/443121440_peach,2026-06-26T12:13:00.063541+00:00
Ajio,PINACOLADA Brown Women Relaxed Fit Spread Collar Shirt,https://assets.ajio.com/medias/sys_master/root1/20260221/XMbO/6999b67dcbfa0d56082abd9b/pinacolada_brown_women_relaxed_fit_spread_collar_shirt.jpg,PINACOLADA,Women,Shirts,525,1499,50,,,S,Brown,Relaxed Fit,,,,"PINACOLADA Brown Women Relaxed Fit Spread Collar Shirt. Brand: PINACOLADA. Color: Brown. Fit: Relaxed Fit. Size: S. Category: Women, Shirts",InStock,,https://www.ajio.com/pinacolada-women-relaxed-fit-spread-collar-shirt/p/702877150_brown,2026-06-26T12:13:00.063541+00:00
Ajio,QIOA Pink Women Striped Regular Fit Shirt,https://assets.ajio.com/medias/sys_master/root1/20250906/CfPs/68bc3be38bfb9009ace53797/qioa_pink_women_striped_regular_fit_shirt.jpg,QIOA,Women,Shirts,305,1499,71,,,S,Pink,Regular Fit,,,Striped,"QIOA Pink Women Striped Regular Fit Shirt. Brand: QIOA. Color: Pink. Fit: Regular Fit. Pattern: Striped. Size: S. Category: Women, Shirts. 1.2K shoppers wishlisted in last 30 days",InStock,,https://www.ajio.com/qioa-women-striped-regular-fit-shirt/p/702162681_pink,2026-06-26T12:13:00.063541+00:00
Ajio,FIG Off White Women Floral Print Relaxed Fit Shirt,https://assets.ajio.com/medias/sys_master/root1/20251025/cVCf/68fd0dcd0bb2bb61bc2c92b2/fig_off_white_women_floral_print_relaxed_fit_shirt.jpg,FIG,Women,Shirts,229,899,49,,,,Off White,Relaxed Fit,,,Floral,"FIG Off White Women Floral Print Relaxed Fit Shirt. Brand: FIG. Color: Off White. Fit: Relaxed Fit. Pattern: Floral. Category: Women, Shirts. 1.2K shoppers wishlisted in last 30 days",InStock,,https://www.ajio.com/fig-women-floral-print-relaxed-fit-shirt/p/443087365_offwhite,2026-06-26T12:13:00.063541+00:00
Ajio,ONLY Green Sheen Women Regular Fit Spread Collar Shirt,https://assets.ajio.com/medias/sys_master/root/20240507/tAXI/663a2ddc05ac7d77bb45ddfa/only_green_sheen_women_regular_fit_spread_collar_shirt.jpg,ONLY,Women,Shirts,858,3499,65,,,,Yellow,Regular Fit,,,,"ONLY Green Sheen Women Regular Fit Spread Collar Shirt. Brand: ONLY. Color: Yellow. Fit: Regular Fit. Category: Women, Shirts",InStock,,https://www.ajio.com/only-women-regular-fit-spread-collar-shirt/p/467310707_yellow,2026-06-26T12:13:00.063541+00:00
Ajio,Lee Cooper Lilac Women Printed Relaxed Fit Shirt,https://assets.ajio.com/medias/sys_master/root/20241024/cYkv/671a3007260f9c41e8993f42/lee_cooper_lilac_women_printed_relaxed_fit_shirt.jpg,Lee Cooper,Women,Shirts,264,1217,69,,,,Lilac,Relaxed Fit,,,Printed,"Lee Cooper Lilac Women Printed Relaxed Fit Shirt. Brand: Lee Cooper. Color: Lilac. Fit: Relaxed Fit. Pattern: Printed. Category: Women, Shirts",InStock,,https://www.ajio.com/lee-cooper-women-printed-relaxed-fit-shirt/p/443281298_lilac,2026-06-26T12:13:00.063541+00:00
Ajio,STREET9 Pink Women Slim Fit Shirt,https://assets.ajio.com/medias/sys_master/root1/20260312/71a9/69b2a97daf321a7f921d41c2/street9_pink_women_slim_fit_shirt.jpg,STREET9,Women,Shirts,417,1699,65,,,,Pink,Slim Fit,,,,"STREET9 Pink Women Slim Fit Shirt. Brand: STREET9. Color: Pink. Fit: Slim Fit. Category: Women, Shirts",InStock,,https://www.ajio.com/street9-women-slim-fit-shirt/p/703149315_pink,2026-06-26T12:13:00.063541+00:00
Ajio,DEEWA Brown Women Regular Fit Floral Shirt,https://assets.ajio.com/medias/sys_master/root/20250311/BOJ1/67cff95159f83539802e9cef/deewa_brown_women_regular_fit_floral_shirt.jpg,DEEWA,Women,Shirts,299,1497,76,,,XS,Brown,Regular Fit,,,Floral,"DEEWA Brown Women Regular Fit Floral Shirt. Brand: DEEWA. Color: Brown. Fit: Regular Fit. Pattern: Floral. Size: XS. Category: Women, Shirts",InStock,,https://www.ajio.com/deewa-women-regular-fit-floral-shirt/p/701326506_brown,2026-06-26T12:13:00.063541+00:00
Ajio,WINGZSS Blue Women Regular Fit Shirt with Flap Pockets,https://assets.ajio.com/medias/sys_master/root1/20251119/Nb7D/691df719a470c5082fa1265f/wingzss_blue_women_regular_fit_shirt_with_flap_pockets.jpg,WINGZSS,Women,Shirts,419,999,40,,,XXL,Blue,Regular Fit,,,,"WINGZSS Blue Women Regular Fit Shirt with Flap Pockets. Brand: WINGZSS. Color: Blue. Fit: Regular Fit. Size: XXL. Category: Women, Shirts. 976 shoppers wishlisted in last 30 days",InStock,,https://www.ajio.com/wingzss-women-regular-fit-shirt-with-flap-pockets/p/700806262_blue,2026-06-26T12:13:00.063541+00:00
Ajio,ALLEN SOLLY Beige Women Patterned Regular Fit Shirt,https://assets.ajio.com/medias/sys_master/root/20250225/57lA/67bda0852960820c49a7c11f/allen_solly_beige_women_patterned_regular_fit_shirt.jpg,ALLEN SOLLY,Women,Shirts,965,2299,40,,,,Beige,Regular Fit,,,,"ALLEN SOLLY Beige Women Patterned Regular Fit Shirt. Brand: ALLEN SOLLY. Color: Beige. Fit: Regular Fit. Category: Women, Shirts",InStock,,https://www.ajio.com/allen-solly-women-patterned-regular-fit-shirt/p/442808163_beige,2026-06-26T12:13:00.063541+00:00
Ajio,Styli Off White Women Cotton Regular Fit Extended Shoulder Shirt,https://assets.ajio.com/medias/sys_master/root/20230807/AiJH/64d0db26eebac147fcad22fc/styli_off_white_women_cotton_regular_fit_extended_shoulder_shirt.jpg,Styli,Women,Shirts,463,849,22,,,,Off White,Regular Fit,Cotton,,,"Styli Off White Women Cotton Regular Fit Extended Shoulder Shirt. Brand: Styli. Color: Off White. Fit: Regular Fit. Fabric: Cotton. Category: Women, Shirts",InStock,,https://www.ajio.com/styli-women-cotton-regular-fit-extended-shoulder-shirt/p/466390902_offwhite,2026-06-26T12:13:00.063541+00:00
Ajio,FIG Pink Women Regular Fit Shirt with Spread Collar,https://assets.ajio.com/medias/sys_master/root1/20260421/ZmXI/69e73c9d14d0c2171985d756/fig_pink_women_regular_fit_shirt_with_spread_collar.jpg,FIG,Women,Shirts,559,799,30.04,,,,Pink,Regular Fit,,,,"FIG Pink Women Regular Fit Shirt with Spread Collar. Brand: FIG. Color: Pink. Fit: Regular Fit. Category: Women, Shirts. 1.4K shoppers wishlisted in last 30 days",InStock,,https://www.ajio.com/fig-women-regular-fit-shirt-with-spread-collar/p/443121116_pink,2026-06-26T12:13:00.063541+00:00
Ajio,RIO Off White Women Printed Pleated Regular Fit Shirt,https://assets.ajio.com/medias/sys_master/root1/20260310/71Aq/69b0078f4970ce6a6e351640/rio_off_white_women_printed_pleated_regular_fit_shirt.jpg,RIO,Women,Shirts,153,599,49,,,,Off White,Regular Fit,,,Printed,"RIO Off White Women Printed Pleated Regular Fit Shirt. Brand: RIO. Color: Off White. Fit: Regular Fit. Pattern: Printed. Category: Women, Shirts",InStock,,https://www.ajio.com/rio-women-printed-pleated-regular-fit-shirt/p/443115873_offwhite,2026-06-26T12:13:00.063541+00:00
Ajio,ONLY Beige Women Checked Regular Fit Shirt,https://assets.ajio.com/medias/sys_master/root/20240912/SEbg/66e301081d763220fae28478/only_beige_women_checked_regular_fit_shirt.jpg,ONLY,Women,Shirts,735,2999,65,,,,White,Regular Fit,,,Checkered,"ONLY Beige Women Checked Regular Fit Shirt. Brand: ONLY. Color: White. Fit: Regular Fit. Pattern: Checkered. Category: Women, Shirts",InStock,,https://www.ajio.com/only-women-checked-regular-fit-shirt/p/442785631_white,2026-06-26T12:13:00.063541+00:00
Ajio,FIG Black Women Floral Print Relaxed Fit Shirt,https://assets.ajio.com/medias/sys_master/root/20250613/5VCg/684c11a855340d4b4fabdf29/fig_black_women_floral_print_relaxed_fit_shirt.jpg,FIG,Women,Shirts,255,999,49,,,,Black,Relaxed Fit,,,Floral,"FIG Black Women Floral Print Relaxed Fit Shirt. Brand: FIG. Color: Black. Fit: Relaxed Fit. Pattern: Floral. Category: Women, Shirts",InStock,,https://www.ajio.com/fig-women-floral-print-relaxed-fit-shirt/p/443069671_black,2026-06-26T12:13:00.063541+00:00
Ajio,Fyre Rose Cream Women Floral Print Relaxed Fit Shirt,https://assets.ajio.com/medias/sys_master/root1/20260225/ocq4/699ee35467bcd7539353e1aa/fyre_rose_cream_women_floral_print_relaxed_fit_shirt.jpg,Fyre Rose,Women,Shirts,315,1499,70,,,S,Cream,Relaxed Fit,,,Floral,"Fyre Rose Cream Women Floral Print Relaxed Fit Shirt. Brand: Fyre Rose. Color: Cream. Fit: Relaxed Fit. Pattern: Floral. Size: S. Category: Women, Shirts",InStock,,https://www.ajio.com/fyre-rose-women-floral-print-relaxed-fit-shirt/p/703042532_cream,2026-06-26T12:13:00.063541+00:00
Ajio,ONLY Navy Blue Women Floral Print Boxy Fit Shirt,https://assets.ajio.com/medias/sys_master/root/20250418/cfJE/68024ab055340d4b4fe4e806/only_navy_blue_women_floral_print_boxy_fit_shirt.jpg,ONLY,Women,Shirts,840,2999,60,,,,Navy,Boxy Fit,,,Floral,"ONLY Navy Blue Women Floral Print Boxy Fit Shirt. Brand: ONLY. Color: Navy. Fit: Boxy Fit. Pattern: Floral. Category: Women, Shirts",InStock,,https://www.ajio.com/only-women-floral-print-boxy-fit-shirt/p/469753934_navy,2026-06-26T12:13:00.063541+00:00
Ajio,Styli Purple Women Oversized-Fit Shirt with Patch Pockets,https://assets.ajio.com/medias/sys_master/root/20240206/vHvS/65c25f0c16fd2c6e6ae0d2bc/styli_purple_women_oversized-fit_shirt_with_patch_pockets.jpg,Styli,Women,Shirts,440,1049,40,,,,Purple,Oversized Fit,,,,"Styli Purple Women Oversized-Fit Shirt with Patch Pockets. Brand: Styli. Color: Purple. Fit: Oversized Fit. Category: Women, Shirts",InStock,,https://www.ajio.com/styli-women-oversized-fit-shirt-with-patch-pockets/p/467049077_purple,2026-06-26T12:13:00.063541+00:00
Ajio,KOTTY Multicoloured Women Floral Print Oversized Fit Knitted Shirt,https://assets.ajio.com/medias/sys_master/root/20240810/KV27/66b697a51d763220fa6f202c/kotty_multicoloured_women_floral_print_oversized_fit_knitted_shirt.jpg,KOTTY,Women,Shirts,260,1999,87,,,,Multi,Oversized Fit,,,Floral,"KOTTY Multicoloured Women Floral Print Oversized Fit Knitted Shirt. Brand: KOTTY. Color: Multi. Fit: Oversized Fit. Pattern: Floral. Category: Women, Shirts",InStock,,https://www.ajio.com/kotty-women-floral-print-oversized-fit-knitted-shirt/p/700277242_multi,2026-06-26T12:13:00.063541+00:00
Ajio,PINACOLADA Beige Women Relaxed Fit Shirt with Spread Collar,https://assets.ajio.com/medias/sys_master/root1/20251225/8Hw8/694d47a3cbfa0d56082c4be2/pinacolada_beige_women_relaxed_fit_shirt_with_spread_collar.jpg,PINACOLADA,Women,Shirts,525,1499,50,,,L,Beige,Relaxed Fit,,,,"PINACOLADA Beige Women Relaxed Fit Shirt with Spread Collar. Brand: PINACOLADA. Color: Beige. Fit: Relaxed Fit. Size: L. Category: Women, Shirts",InStock,,https://www.ajio.com/pinacolada-women-relaxed-fit-shirt-with-spread-collar/p/702674424_beige,2026-06-26T12:13:00.063541+00:00
Ajio,LEIA Black Women Paisley Print Boxy Fit Shirt,https://assets.ajio.com/medias/sys_master/root1/20260402/qX8O/69ce51c45bc52e77e029bbda/leia_black_women_paisley_print_boxy_fit_shirt.jpg,LEIA,Women,Shirts,173,650,62,,,XXL,Black,Boxy Fit,,,,"LEIA Black Women Paisley Print Boxy Fit Shirt. Brand: LEIA. Color: Black. Fit: Boxy Fit. Size: XXL. Category: Women, Shirts",InStock,,https://www.ajio.com/leia-women-paisley-print-boxy-fit-shirt/p/703274730_black,2026-06-26T12:13:00.063541+00:00
Ajio,LEIA Beige Women Relaxed Fit Mandarin Collar Shirt,https://assets.ajio.com/medias/sys_master/root/20250506/eAwQ/6819cc167a6cd4182f15b7a1/leia_beige_women_relaxed_fit_mandarin_collar_shirt.jpg,LEIA,Women,Shirts,434,1999,69,,,L,Beige,Relaxed Fit,,,,"LEIA Beige Women Relaxed Fit Mandarin Collar Shirt. Brand: LEIA. Color: Beige. Fit: Relaxed Fit. Size: L. Category: Women, Shirts. 1.9K shoppers wishlisted in last 30 days",InStock,,https://www.ajio.com/leia-women-relaxed-fit-mandarin-collar-shirt-/p/701541730_beige,2026-06-26T12:13:00.063541+00:00
Ajio,FIG Peach Women Floral Print Regular Fit Shirt,https://assets.ajio.com/medias/sys_master/root1/20260505/pU1V/69f9850afcb5bb61d29df1db/fig_peach_women_floral_print_regular_fit_shirt.jpg,FIG,Women,Shirts,629,899,30.03,,,,Peach,Regular Fit,,,Floral,"FIG Peach Women Floral Print Regular Fit Shirt. Brand: FIG. Color: Peach. Fit: Regular Fit. Pattern: Floral. Category: Women, Shirts. 1.2K shoppers wishlisted in last 30 days",InStock,,https://www.ajio.com/fig-women-floral-print-regular-fit-shirt/p/443119420_peach,2026-06-26T12:13:00.063541+00:00
Ajio,SPYKAR Yellow Women Checked Regular Fit Shirt with Flap Pockets,https://assets.ajio.com/medias/sys_master/root/20250627/yzVK/685e91cf2b1ad9265b727c6d/spykar_yellow_women_checked_regular_fit_shirt_with_flap_pockets.jpg,SPYKAR,Women,Shirts,1499,1999,25.01,,,,Yellow,Regular Fit,,,Checkered,"SPYKAR Yellow Women Checked Regular Fit Shirt with Flap Pockets. Brand: SPYKAR. Color: Yellow. Fit: Regular Fit. Pattern: Checkered. Category: Women, Shirts",InStock,,https://www.ajio.com/spykar-women-checked-regular-fit-shirt-with-flap-pockets/p/442835916_yellow,2026-06-26T12:13:00.063541+00:00
Ajio,RIO Blue Women Floral Print Waist Smocked Regular Fit Shirt,https://assets.ajio.com/medias/sys_master/root1/20250902/eNew/68b6a47d3d468c61abb42e52/rio_blue_women_floral_print_waist_smocked_regular_fit_shirt.jpg,RIO,Women,Shirts,178,699,49,,,,Blue,Regular Fit,,,Floral,"RIO Blue Women Floral Print Waist Smocked Regular Fit Shirt. Brand: RIO. Color: Blue. Fit: Regular Fit. Pattern: Floral. Category: Women, Shirts",InStock,,https://www.ajio.com/rio-women-floral-print-waist-smocked-regular-fit-shirt/p/443083014_blue,2026-06-26T12:13:00.063541+00:00
Ajio,YOUSTA Almond Blossom Cream Women Pleated Fitted Cotton Shirt,https://assets.ajio.com/medias/sys_master/root1/20260505/0vSE/69f989c2fcb5bb61d29df8f2/yousta_almond_blossom_cream_women_pleated_fitted_cotton_shirt.jpg,YOUSTA,Women,Shirts,419,599,30.05,,,,Almondblossom,,Cotton,,,"YOUSTA Almond Blossom Cream Women Pleated Fitted Cotton Shirt. Brand: YOUSTA. Color: Almondblossom. Fabric: Cotton. Category: Women, Shirts. 3.7K shoppers wishlisted in last 30 days",InStock,,https://www.ajio.com/yousta-women-pleated-fitted-cotton-shirt/p/443118690_almondblossom,2026-06-26T12:13:00.063541+00:00
Ajio,YOUSTA Peach Women Micro Print Regular Fit Blouse Top,https://assets.ajio.com/medias/sys_master/root1/20250918/Xq3K/68cb9b3a8bfb9009ac139d87/yousta_peach_women_micro_print_regular_fit_blouse_top.jpg,YOUSTA,Women,Shirts,210,599,50,,,,Ltpeach,Regular Fit,,,,"YOUSTA Peach Women Micro Print Regular Fit Blouse Top. Brand: YOUSTA. Color: Ltpeach. Fit: Regular Fit. Category: Women, Shirts. 1K shoppers wishlisted in last 30 days",InStock,,https://www.ajio.com/yousta-women-micro-print-regular-fit-blouse-top/p/443092513_ltpeach,2026-06-26T12:13:00.063541+00:00
Ajio,Vero Moda White Women Floral Print Regular Fit Cotton Shirt,https://assets.ajio.com/medias/sys_master/root/20250221/DALR/67b80dc32960820c499a885f/vero_moda_white_women_floral_print_regular_fit_cotton_shirt.jpg,Vero Moda,Women,Shirts,693,3299,70,,,,White,Regular Fit,Cotton,,Floral,"Vero Moda White Women Floral Print Regular Fit Cotton Shirt. Brand: Vero Moda. Color: White. Fit: Regular Fit. Fabric: Cotton. Pattern: Floral. Category: Women, Shirts",InStock,,https://www.ajio.com/vero-moda-women-floral-print-regular-fit-cotton-shirt/p/469726518_white,2026-06-26T12:13:00.063541+00:00
Ajio,RIO Beige Women Floral Print Regular Fit Shirt,https://assets.ajio.com/medias/sys_master/root1/20251117/Sb0H/691b248b88d6d62ff8f15e51/rio_beige_women_floral_print_regular_fit_shirt.jpg,RIO,Women,Shirts,127,499,49,,,,Beige,Regular Fit,,,Floral,"RIO Beige Women Floral Print Regular Fit Shirt. Brand: RIO. Color: Beige. Fit: Regular Fit. Pattern: Floral. Category: Women, Shirts",InStock,,https://www.ajio.com/rio-women-floral-print-regular-fit-shirt/p/443105997_beige,2026-06-26T12:13:00.063541+00:00
Ajio,Aahwan X AG Black Women Striped Regular Fit Shirt,https://assets.ajio.com/medias/sys_master/root1/20251117/nk1s/691b0a64a470c5082f980dae/aahwan_x_ag_black_women_striped_regular_fit_shirt.jpg,Aahwan X AG,Women,Shirts,384,1999,76,,,XS,Black,Regular Fit,,,Striped,"Aahwan X AG Black Women Striped Regular Fit Shirt. Brand: Aahwan X AG. Color: Black. Fit: Regular Fit. Pattern: Striped. Size: XS. Category: Women, Shirts",InStock,,https://www.ajio.com/aahwan-x-ag-women-striped-regular-fit-shirt/p/702511522_black,2026-06-26T12:13:00.063541+00:00
Ajio,RIO Off White Women Micro Print Regular Fit Shirt with Flap Pockets,https://assets.ajio.com/medias/sys_master/root1/20250721/Hmw9/687e360e5d4cb4138043c7a1/rio_off_white_women_micro_print_regular_fit_shirt_with_flap_pockets.jpg,RIO,Women,Shirts,153,599,49,,,,Off White,Regular Fit,,,,"RIO Off White Women Micro Print Regular Fit Shirt with Flap Pockets. Brand: RIO. Color: Off White. Fit: Regular Fit. Category: Women, Shirts. 1.4K shoppers wishlisted in last 30 days",InStock,,https://www.ajio.com/rio-women-micro-print-regular-fit-shirt-with-flap-pockets/p/443078267_offwhite,2026-06-26T12:13:00.063541+00:00
Ajio,Fuback X AG Blue Women Floral Print Regular Fit Shirt,https://assets.ajio.com/medias/sys_master/root1/20251216/R9r5/694190dc8945db77cf3586d0/fuback_x_ag_blue_women_floral_print_regular_fit_shirt.jpg,Fuback X AG,Women,Shirts,306,1999,83,,,XXL,Blue,Regular Fit,,,Floral,"Fuback X AG Blue Women Floral Print Regular Fit Shirt. Brand: Fuback X AG. Color: Blue. Fit: Regular Fit. Pattern: Floral. Size: XXL. Category: Women, Shirts",InStock,,https://www.ajio.com/fuback-x-ag-women-floral-print-regular-fit-shirt/p/702629098_blue,2026-06-26T12:13:00.063541+00:00
Ajio,LEIA Purple Women Regular Fit Spread Collar Shirt,https://assets.ajio.com/medias/sys_master/root/20250506/Xb37/6819cd0e7a6cd4182f15dc7a/leia_purple_women_regular_fit_spread_collar_shirt.jpg,LEIA,Women,Shirts,292,1949,84,,,L,Purple,Regular Fit,,,,"LEIA Purple Women Regular Fit Spread Collar Shirt. Brand: LEIA. Color: Purple. Fit: Regular Fit. Size: L. Category: Women, Shirts",InStock,,https://www.ajio.com/leia-women-regular-fit-spread-collar-shirt/p/701541756_purple,2026-06-26T12:13:00.063541+00:00
Ajio,Killer Blue Women Regular Fit Shirt with Flap Pockets,https://assets.ajio.com/medias/sys_master/root1/20251202/WBWl/692ef6cc720fb821d364f3fd/killer_blue_women_regular_fit_shirt_with_flap_pockets.jpg,Killer,Women,Shirts,300,1999,85,,,,Blue,Regular Fit,,,,"Killer Blue Women Regular Fit Shirt with Flap Pockets. Brand: Killer. Color: Blue. Fit: Regular Fit. Category: Women, Shirts",InStock,,https://www.ajio.com/killer-women-regular-fit-shirt-with-flap-pockets/p/469743371_blue,2026-06-26T12:13:00.063541+00:00
Ajio,Styli White Women Solid Cotton Puff Sleeve Regular Shirt,https://assets.ajio.com/medias/sys_master/root/20240618/teNw/6671b61f1d763220fac9908d/styli_white_women_solid_cotton_puff_sleeve_regular_shirt.jpg,Styli,Women,Shirts,180,899,74,,,,White,,Cotton,,Solid,"Styli White Women Solid Cotton Puff Sleeve Regular Shirt. Brand: Styli. Color: White. Fabric: Cotton. Pattern: Solid. Category: Women, Shirts",InStock,,https://www.ajio.com/styli-women-solid-cotton-puff-sleeve-regular-shirt/p/700103955_white,2026-06-26T12:13:00.063541+00:00
Ajio,RIO Green Women Floral Print Regular Fit Shirt,https://assets.ajio.com/medias/sys_master/root1/20250901/3ZJ9/68b534823d468c61abaab093/rio_green_women_floral_print_regular_fit_shirt.jpg,RIO,Women,Shirts,127,499,49,,,,Off White,Regular Fit,,,Floral,"RIO Green Women Floral Print Regular Fit Shirt. Brand: RIO. Color: Off White. Fit: Regular Fit. Pattern: Floral. Category: Women, Shirts",InStock,,https://www.ajio.com/rio-women-floral-print-regular-fit-shirt/p/443066387_offwhite,2026-06-26T12:13:00.063541+00:00
Ajio,SOCH Red Women Schiffli Embroidered Shirt,https://assets.ajio.com/medias/sys_master/root/20240508/r4Ym/663b8aa605ac7d77bb499af5/soch_red_women_schiffli_embroidered_shirt.jpg,SOCH,Women,Shirts,661,1685,44,,,,Red,,,,Embroidered,"SOCH Red Women Schiffli Embroidered Shirt. Brand: SOCH. Color: Red. Pattern: Embroidered. Category: Women, Shirts",InStock,,https://www.ajio.com/soch-women-schiffli-embroidered-shirt/p/442415618_red,2026-06-26T12:13:00.063541+00:00
Ajio,FIG Jet Black Women Floral Print Regular Fit Shirt,https://assets.ajio.com/medias/sys_master/root1/20260410/Q9z8/69d8db25fcb5bb61d24bda9f/fig_jet_black_women_floral_print_regular_fit_shirt.jpg,FIG,Women,Shirts,489,699,30.04,,,,Jetblack,Regular Fit,,,Floral,"FIG Jet Black Women Floral Print Regular Fit Shirt. Brand: FIG. Color: Jetblack. Fit: Regular Fit. Pattern: Floral. Category: Women, Shirts",InStock,,https://www.ajio.com/fig-women-floral-print-regular-fit-shirt/p/443115633_jetblack,2026-06-26T12:13:00.063541+00:00
Ajio,Nobarr Multicolored Women Checked Regular Fit Shirt with Patch Pocket,https://assets.ajio.com/medias/sys_master/root1/20260317/FLS6/69b94cd38deac970f076d2bb/nobarr_multicolored_women_checked_regular_fit_shirt_with_patch_pocket.jpg,Nobarr,Women,Shirts,394,2999,85,,,XL,Multi,Regular Fit,,,Checkered,"Nobarr Multicolored Women Checked Regular Fit Shirt with Patch Pocket. Brand: Nobarr. Color: Multi. Fit: Regular Fit. Pattern: Checkered. Size: XL. Category: Women, Shirts",InStock,,https://www.ajio.com/nobarr-women-checked-regular-fit-shirt-with-patch-pocket/p/703172183_multi,2026-06-26T12:13:00.063541+00:00
Ajio,Lee Cooper Pink Women Printed Relaxed Fit Shirt,https://assets.ajio.com/medias/sys_master/root/20241024/wEst/671a3007f9b8ef490bdbb0d4/lee_cooper_pink_women_printed_relaxed_fit_shirt.jpg,Lee Cooper,Women,Shirts,264,1217,69,,,,Pink,Relaxed Fit,,,Printed,"Lee Cooper Pink Women Printed Relaxed Fit Shirt. Brand: Lee Cooper. Color: Pink. Fit: Relaxed Fit. Pattern: Printed. Category: Women, Shirts",InStock,,https://www.ajio.com/lee-cooper-women-printed-relaxed-fit-shirt/p/443281298_pink,2026-06-26T12:13:00.063541+00:00
Ajio,CRIMSOUNE CLUB Green Women Checked Slim Fit Shirt,https://assets.ajio.com/medias/sys_master/root/20250618/fxY0/6852f67655340d4b4fc0db7c/crimsoune_club_green_women_checked_slim_fit_shirt.jpg,CRIMSOUNE CLUB,Women,Shirts,599,1899,55,,,XXL,Green,Slim Fit,,,Checkered,"CRIMSOUNE CLUB Green Women Checked Slim Fit Shirt. Brand: CRIMSOUNE CLUB. Color: Green. Fit: Slim Fit. Pattern: Checkered. Size: XXL. Category: Women, Shirts",InStock,,https://www.ajio.com/crimsoune-club-women-checked-slim-fit-shirt/p/701771068_green,2026-06-26T12:13:00.063541+00:00
Ajio,CRIMSOUNE CLUB Brown Women Checked Slim Fit Shirt,https://assets.ajio.com/medias/sys_master/root/20250618/2flx/6852f1ab55340d4b4fc09748/crimsoune_club_brown_women_checked_slim_fit_shirt.jpg,CRIMSOUNE CLUB,Women,Shirts,713,1699,40,,,XL,Brown,Slim Fit,,,Checkered,"CRIMSOUNE CLUB Brown Women Checked Slim Fit Shirt. Brand: CRIMSOUNE CLUB. Color: Brown. Fit: Slim Fit. Pattern: Checkered. Size: XL. Category: Women, Shirts",InStock,,https://www.ajio.com/crimsoune-club-women-checked-slim-fit-shirt/p/701771066_brown,2026-06-26T12:13:00.063541+00:00
Ajio,Blue Ronin Sky Blue Women Regular Fit Shirt with Spread Collar,https://assets.ajio.com/medias/sys_master/root/20250406/oP3L/67f1848a55340d4b4fb51c98/blue_ronin_sky_blue_women_regular_fit_shirt_with_spread_collar.jpg,Blue Ronin,Women,Shirts,461,1199,45,,,M,Blue,Regular Fit,,,,"Blue Ronin Sky Blue Women Regular Fit Shirt with Spread Collar. Brand: Blue Ronin. Color: Blue. Fit: Regular Fit. Size: M. Category: Women, Shirts",InStock,,https://www.ajio.com/blue-ronin-women-regular-fit-shirt-with-spread-collar/p/701419930_blue,2026-06-26T12:13:00.063541+00:00
Ajio,YOUSTA Jet Black Women Schiffli Embroidered Cropped Shirt,https://assets.ajio.com/medias/sys_master/root/20250421/Flz4/68064a8255340d4b4fee0f4f/yousta_jet_black_women_schiffli_embroidered_cropped_shirt.jpg,YOUSTA,Women,Shirts,210,599,50,,,,Jetblack,,,,Embroidered,"YOUSTA Jet Black Women Schiffli Embroidered Cropped Shirt. Brand: YOUSTA. Color: Jetblack. Pattern: Embroidered. Category: Women, Shirts",InStock,,https://www.ajio.com/yousta-women-schiffli-embroidered-cropped-shirt/p/443067422_jetblack,2026-06-26T12:13:00.063541+00:00
Ajio,ONLY Maroon Women Swiss dot Regular Fit Shirt,https://assets.ajio.com/medias/sys_master/root/20250121/OMHa/678fb2fb663dbe1c5fed0950/only_maroon_women_swiss_dot_regular_fit_shirt.jpg,ONLY,Women,Shirts,613,2499,65,,,,Maroon,Regular Fit,,,,"ONLY Maroon Women Swiss dot Regular Fit Shirt. Brand: ONLY. Color: Maroon. Fit: Regular Fit. Category: Women, Shirts",InStock,,https://www.ajio.com/only-women-swiss-dot-regular-fit-shirt/p/469716314_maroon,2026-06-26T12:13:00.063541+00:00
Ajio,VAN HEUSEN Blue Women Striped Regular Fit Shirt,https://assets.ajio.com/medias/sys_master/root1/20260513/XK2O/6a04b0abfcb5bb61d2bfb58b/van_heusen_blue_women_striped_regular_fit_shirt.jpg,VAN HEUSEN,Women,Shirts,788,2499,55,,,,Blue,Regular Fit,,,Striped,"VAN HEUSEN Blue Women Striped Regular Fit Shirt. Brand: VAN HEUSEN. Color: Blue. Fit: Regular Fit. Pattern: Striped. Category: Women, Shirts",InStock,,https://www.ajio.com/van-heusen-women-striped-regular-fit-shirt/p/703442658_blue,2026-06-26T12:13:00.063541+00:00
Ajio,Mystere Paris Pink Women Striped Oversized Fit Spread-Collar Shirt,https://assets.ajio.com/medias/sys_master/root1/20260424/VWgN/69eb580dfcb5bb61d27dae11/mystere_paris_pink_women_striped_oversized_fit_spread-collar_shirt.jpg,Mystere Paris,Women,Shirts,700,1999,50,,,L,Pink,Oversized Fit,,,Striped,"Mystere Paris Pink Women Striped Oversized Fit Spread-Collar Shirt. Brand: Mystere Paris. Color: Pink. Fit: Oversized Fit. Pattern: Striped. Size: L. Category: Women, Shirts",InStock,,https://www.ajio.com/mystere-paris-women-striped-oversized-fit-spread-collar-shirt/p/703366945_pink,2026-06-26T12:13:00.063541+00:00
Ajio,MAX OFF WHITE Women Floral Print Shirt,https://assets.ajio.com/medias/sys_master/root1/20260303/CPiz/69a6ad9ac776ff00a7f5caf5/max_off_white_women_floral_print_shirt.jpg,MAX,Women,Shirts,419,599,30.05,,,,Off White,,,,Floral,"MAX OFF WHITE Women Floral Print Shirt. Brand: MAX. Color: Off White. Pattern: Floral. Category: Women, Shirts",InStock,,https://www.ajio.com/max-women-floral-print-shirt/p/703072557_offwhite,2026-06-26T12:13:00.063541+00:00
Ajio,Aahwan X AG Blue Women Striped Regular Fit Shirt,https://assets.ajio.com/medias/sys_master/root1/20251118/32tU/691c50f8a470c5082f9cb8ae/aahwan_x_ag_blue_women_striped_regular_fit_shirt.jpg,Aahwan X AG,Women,Shirts,384,1999,76,,,XS,Blue,Regular Fit,,,Striped,"Aahwan X AG Blue Women Striped Regular Fit Shirt. Brand: Aahwan X AG. Color: Blue. Fit: Regular Fit. Pattern: Striped. Size: XS. Category: Women, Shirts. 915 shoppers wishlisted in last 30 days",InStock,,https://www.ajio.com/aahwan-x-ag-women-striped-regular-fit-shirt/p/702514338_blue,2026-06-26T12:13:00.063541+00:00
Ajio,FIG Blue Women Floral Regular Fit Shirt,https://assets.ajio.com/medias/sys_master/root1/20260313/wzpa/69b40929af321a7f9221fa22/fig_blue_women_floral_regular_fit_shirt.jpg,FIG,Women,Shirts,153,599,49,,,,Blue,Regular Fit,,,Floral,"FIG Blue Women Floral Regular Fit Shirt. Brand: FIG. Color: Blue. Fit: Regular Fit. Pattern: Floral. Category: Women, Shirts. 1.2K shoppers wishlisted in last 30 days",InStock,,https://www.ajio.com/fig-women-floral-regular-fit-shirt/p/443104096_blue,2026-06-26T12:13:00.063541+00:00
Ajio,Outzidr Global Cream Women Fitted Shirt with Spread Collar,https://assets.ajio.com/medias/sys_master/root1/20260319/byE2/69bb037b5bc52e77e0ec871d/outzidr_global_cream_women_fitted_shirt_with_spread_collar.jpg,Outzidr Global,Women,Shirts,864,1299,5,,,,Cream,,,,,"Outzidr Global Cream Women Fitted Shirt with Spread Collar. Brand: Outzidr Global. Color: Cream. Category: Women, Shirts",InStock,,https://www.ajio.com/outzidr-global-women-fitted-shirt-with-spread-collar/p/703179783_cream,2026-06-26T12:13:00.063541+00:00
Ajio,LEIA Pink Women Floral Print Boxy Fit Shirt,https://assets.ajio.com/medias/sys_master/root1/20260402/RyTY/69ce550a5bc52e77e02a2a1d/leia_pink_women_floral_print_boxy_fit_shirt.jpg,LEIA,Women,Shirts,173,650,62,,,XS,Pink,Boxy Fit,,,Floral,"LEIA Pink Women Floral Print Boxy Fit Shirt. Brand: LEIA. Color: Pink. Fit: Boxy Fit. Pattern: Floral. Size: XS. Category: Women, Shirts",InStock,,https://www.ajio.com/leia-women-floral-print-boxy-fit-shirt/p/703275047_pink,2026-06-26T12:13:00.063541+00:00
Ajio,DNMX Green & White Women Striped Regular Fit Shirt,https://assets.ajio.com/medias/sys_master/root1/20260401/MQ1H/69ccd0915bc52e77e023b965/dnmx_green_%26_white_women_striped_regular_fit_shirt.jpg,DNMX,Women,Shirts,284,799,29,,,,Green,Regular Fit,,,Striped,"DNMX Green & White Women Striped Regular Fit Shirt. Brand: DNMX. Color: Green. Fit: Regular Fit. Pattern: Striped. Category: Women, Shirts. 751 shoppers wishlisted in last 30 days",InStock,,https://www.ajio.com/dnmx-women-striped-regular-fit-shirt/p/443109066_green,2026-06-26T12:13:00.063541+00:00
Ajio,BEWAKOOF White Women Tie & Dye Oversized Fit SweaT-Shirt,https://assets.ajio.com/medias/sys_master/root1/20251205/VT7o/69323b038945db77cf0f4bdb/bewakoof_white_women_tie_%26_dye_oversized_fit_sweat-shirt.jpg,BEWAKOOF,Women,Shirts,979,3899,64,,,,White,Oversized Fit,,,,"BEWAKOOF White Women Tie & Dye Oversized Fit SweaT-Shirt. Brand: BEWAKOOF. Color: White. Fit: Oversized Fit. Category: Women, Shirts",InStock,,https://www.ajio.com/bewakoof-women-tie--dye-oversized-fit-sweat-shirt/p/702587388_white,2026-06-26T12:13:00.063541+00:00
Ajio,LEIA Turquoise Women Floral Print Regular Fit Shirt,https://assets.ajio.com/medias/sys_master/root1/20260220/8I69/6998962fcbfa0d56082853bf/leia_turquoise_women_floral_print_regular_fit_shirt.jpg,LEIA,Women,Shirts,193,723,62,,,XS,Turquoise,Regular Fit,,,Floral,"LEIA Turquoise Women Floral Print Regular Fit Shirt. Brand: LEIA. Color: Turquoise. Fit: Regular Fit. Pattern: Floral. Size: XS. Category: Women, Shirts",InStock,,https://www.ajio.com/leia-women-floral-print-regular-fit-shirt/p/703001546_turquoise,2026-06-26T12:13:00.063541+00:00
Ajio,Vero Moda Beige Women Patterned Regular Fit Shirt,https://assets.ajio.com/medias/sys_master/root1/20250722/mLx5/687f7ee35d4cb4138048e8ce/vero_moda_beige_women_patterned_regular_fit_shirt.jpg,Vero Moda,Women,Shirts,840,3999,70,,,,Beige,Regular Fit,,,,"Vero Moda Beige Women Patterned Regular Fit Shirt. Brand: Vero Moda. Color: Beige. Fit: Regular Fit. Category: Women, Shirts",InStock,,https://www.ajio.com/vero-moda-women-patterned-regular-fit-shirt/p/469742885_beige,2026-06-26T12:13:00.063541+00:00
Ajio,CRIMSOUNE CLUB Maroon Women Regular Fit Shirt with Spread Collar,https://assets.ajio.com/medias/sys_master/root/20240314/TshZ/65f31ed405ac7d77bbb7bb07/crimsoune_club_maroon_women_regular_fit_shirt_with_spread_collar.jpg,CRIMSOUNE CLUB,Women,Shirts,441,1399,55,,,L,Maroon,Regular Fit,,,,"CRIMSOUNE CLUB Maroon Women Regular Fit Shirt with Spread Collar. Brand: CRIMSOUNE CLUB. Color: Maroon. Fit: Regular Fit. Size: L. Category: Women, Shirts",InStock,,https://www.ajio.com/crimsoune-club-women-regular-fit-shirt-with-spread-collar/p/467047754_maroon,2026-06-26T12:13:00.063541+00:00
Ajio,FIG Green Women Regular Fit Shirt with Tie-Up,https://assets.ajio.com/medias/sys_master/root1/20260304/nbra/69a876ab4970ce6a6e1c4829/fig_green_women_regular_fit_shirt_with_tie-up.jpg,FIG,Women,Shirts,229,899,49,,,,Green,Regular Fit,,,,"FIG Green Women Regular Fit Shirt with Tie-Up. Brand: FIG. Color: Green. Fit: Regular Fit. Category: Women, Shirts",InStock,,https://www.ajio.com/fig-women-regular-fit-shirt-with-tie-up/p/443104090_green,2026-06-26T12:13:00.063541+00:00
Ajio,LEIA Peach Women Floral Print Regular Fit Shirt,https://assets.ajio.com/medias/sys_master/root1/20260220/5Gmd/6998990fcbfa0d560828b29f/leia_peach_women_floral_print_regular_fit_shirt.jpg,LEIA,Women,Shirts,193,723,62,,,XS,Peach,Regular Fit,,,Floral,"LEIA Peach Women Floral Print Regular Fit Shirt. Brand: LEIA. Color: Peach. Fit: Regular Fit. Pattern: Floral. Size: XS. Category: Women, Shirts",InStock,,https://www.ajio.com/leia-women-floral-print-regular-fit-shirt/p/703001832_peach,2026-06-26T12:13:00.063541+00:00
Ajio,PINACOLADA Orange Women Checked Relaxed Fit Shirt with Spread Collar,https://assets.ajio.com/medias/sys_master/root1/20251225/4rU5/694d4f3f7ef0c7385c265b9c/pinacolada_orange_women_checked_relaxed_fit_shirt_with_spread_collar.jpg,PINACOLADA,Women,Shirts,525,1499,50,,,L,Orange,Relaxed Fit,,,Checkered,"PINACOLADA Orange Women Checked Relaxed Fit Shirt with Spread Collar. Brand: PINACOLADA. Color: Orange. Fit: Relaxed Fit. Pattern: Checkered. Size: L. Category: Women, Shirts. 1.4K shoppers wishlisted in last 30 days",InStock,,https://www.ajio.com/pinacolada-women-checked-relaxed-fit-shirt-with-spread-collar/p/702673935_orange,2026-06-26T12:13:00.063541+00:00
Ajio,ALLEN SOLLY Green Women Printed Shirt with Spread Collar,https://assets.ajio.com/medias/sys_master/root1/20250906/e78m/68bbdd553d468c61abd08962/allen_solly_green_women_printed_shirt_with_spread_collar.jpg,ALLEN SOLLY,Women,Shirts,1091,2599,40,,,,Green,,,,Printed,"ALLEN SOLLY Green Women Printed Shirt with Spread Collar. Brand: ALLEN SOLLY. Color: Green. Pattern: Printed. Category: Women, Shirts",InStock,,https://www.ajio.com/allen-solly-women-printed-shirt-with-spread-collar/p/702212519_green,2026-06-26T12:13:00.063541+00:00
Ajio,Lee Cooper Purple Women Floral All-Over Print Regular Fit Shirt,https://assets.ajio.com/medias/sys_master/root/20250514/hQv6/6824932555340d4b4f345851/lee_cooper_purple_women_floral_all-over_print_regular_fit_shirt.jpg,Lee Cooper,Women,Shirts,326,1499,69,,,,Red,Regular Fit,,,Floral,"Lee Cooper Purple Women Floral All-Over Print Regular Fit Shirt. Brand: Lee Cooper. Color: Red. Fit: Regular Fit. Pattern: Floral. Category: Women, Shirts",InStock,,https://www.ajio.com/lee-cooper-women-floral-all-over-print-regular-fit-shirt/p/443067656_red,2026-06-26T12:13:00.063541+00:00
Ajio,RIO Mint Green Women Regular Fit Shirt with Patch Pockets,https://assets.ajio.com/medias/sys_master/root/20240528/PKSX/66558f9c05ac7d77bb827b4a/rio_mint_green_women_regular_fit_shirt_with_patch_pockets.jpg,RIO,Women,Shirts,127,499,49,,,,Mint,Regular Fit,,,,"RIO Mint Green Women Regular Fit Shirt with Patch Pockets. Brand: RIO. Color: Mint. Fit: Regular Fit. Category: Women, Shirts",InStock,,https://www.ajio.com/rio-women-regular-fit-shirt-with-patch-pockets/p/443046352_mint,2026-06-26T12:13:00.063541+00:00
Ajio,Lee Cooper Green Women Floral All-Over Print Regular Fit Shirt,https://assets.ajio.com/medias/sys_master/root/20250613/v8we/684c236f7a6cd4182faab7c7/lee_cooper_green_women_floral_all-over_print_regular_fit_shirt.jpg,Lee Cooper,Women,Shirts,217,999,69,,,,Green,Regular Fit,,,Floral,"Lee Cooper Green Women Floral All-Over Print Regular Fit Shirt. Brand: Lee Cooper. Color: Green. Fit: Regular Fit. Pattern: Floral. Category: Women, Shirts",InStock,,https://www.ajio.com/lee-cooper-women-floral-all-over-print-regular-fit-shirt/p/443074122_green,2026-06-26T12:13:00.063541+00:00
Ajio,OLD NAVY sky blue Women Loose Fit Cotton Shirt with Spread Collar,https://assets.ajio.com/medias/sys_master/root1/20251230/oBWT/69538ec1cbfa0d560839dd04/old_navy_sky_blue_women_loose_fit_cotton_shirt_with_spread_collar.jpg,OLD NAVY,Women,Shirts,900,1799,50,,,,Skyblue,Loose Fit,Cotton,,,"OLD NAVY sky blue Women Loose Fit Cotton Shirt with Spread Collar. Brand: OLD NAVY. Color: Skyblue. Fit: Loose Fit. Fabric: Cotton. Category: Women, Shirts",InStock,,https://www.ajio.com/old-navy-women-loose-fit-cotton-shirt-with-spread-collar/p/442754103_skyblue,2026-06-26T12:13:00.063541+00:00
Ajio,DNMX Blue & White Women Striped Regular Fit Shirt,https://assets.ajio.com/medias/sys_master/root1/20260401/jj0M/69ccc2805bc52e77e023a47e/dnmx_blue_%26_white_women_striped_regular_fit_shirt.jpg,DNMX,Women,Shirts,284,799,29,,,,Blue,Regular Fit,,,Striped,"DNMX Blue & White Women Striped Regular Fit Shirt. Brand: DNMX. Color: Blue. Fit: Regular Fit. Pattern: Striped. Category: Women, Shirts",InStock,,https://www.ajio.com/dnmx-women-striped-regular-fit-shirt/p/443109064_blue,2026-06-26T12:13:00.063541+00:00
Ajio,Biba Blue Women Floral Print Relaxed Fit Shirt with Spread Collar,https://assets.ajio.com/medias/sys_master/root/20250311/Rah1/67cffb7f59f83539802ee524/biba_blue_women_floral_print_relaxed_fit_shirt_with_spread_collar.jpg,Biba,Women,Shirts,692,1799,45,,,,Blue,Relaxed Fit,,,Floral,"Biba Blue Women Floral Print Relaxed Fit Shirt with Spread Collar. Brand: Biba. Color: Blue. Fit: Relaxed Fit. Pattern: Floral. Category: Women, Shirts",InStock,,https://www.ajio.com/biba-women-floral-print-relaxed-fit-shirt-with-spread-collar/p/701326681_blue,2026-06-26T12:13:00.063541+00:00
Ajio,LEIA Black Women Regular Fit Shirt with Spread Collar,https://assets.ajio.com/medias/sys_master/root/20250604/481L/683faa037a6cd4182f7e7736/leia_black_women_regular_fit_shirt_with_spread_collar.jpg,LEIA,Women,Shirts,168,800,70,,,L,Black,Regular Fit,,,,"LEIA Black Women Regular Fit Shirt with Spread Collar. Brand: LEIA. Color: Black. Fit: Regular Fit. Size: L. Category: Women, Shirts",InStock,,https://www.ajio.com/leia-women-regular-fit-shirt-with-spread-collar/p/701673513_black,2026-06-26T12:13:00.063541+00:00
Ajio,DNMX Blue Women Striped Relaxed Fit Shirt,https://assets.ajio.com/medias/sys_master/root/20250509/7Ri9/681e08417a6cd4182f224d95/dnmx_blue_women_striped_relaxed_fit_shirt.jpg,DNMX,Women,Shirts,204,799,49,,,,Blue,Relaxed Fit,,,Striped,"DNMX Blue Women Striped Relaxed Fit Shirt. Brand: DNMX. Color: Blue. Fit: Relaxed Fit. Pattern: Striped. Category: Women, Shirts",InStock,,https://www.ajio.com/dnmx-women-striped-relaxed-fit-shirt/p/443070444_blue,2026-06-26T12:13:00.063541+00:00
Ajio,CRIMSOUNE CLUB Yellow Women Slim Fit Spread Collar Shirt,https://assets.ajio.com/medias/sys_master/root/20250510/VhWc/681eb14f7a6cd4182f23f369/crimsoune_club_yellow_women_slim_fit_spread_collar_shirt.jpg,CRIMSOUNE CLUB,Women,Shirts,595,1699,50,,,,Yellow,Slim Fit,,,,"CRIMSOUNE CLUB Yellow Women Slim Fit Spread Collar Shirt. Brand: CRIMSOUNE CLUB. Color: Yellow. Fit: Slim Fit. Category: Women, Shirts. 2.3K shoppers wishlisted in last 30 days",InStock,,https://www.ajio.com/crimsoune-club-women-slim-fit-spread-collar-shirt/p/701561639_yellow,2026-06-26T12:13:00.063541+00:00
Ajio,OLD NAVY Black Women Loose Fit Cotton Shirt with Spread Collar,https://assets.ajio.com/medias/sys_master/root1/20251212/8Orc/693b9b828945db77cf29d62c/old_navy_black_women_loose_fit_cotton_shirt_with_spread_collar.jpg,OLD NAVY,Women,Shirts,917,1799,49,,,,Black,Loose Fit,Cotton,,,"OLD NAVY Black Women Loose Fit Cotton Shirt with Spread Collar. Brand: OLD NAVY. Color: Black. Fit: Loose Fit. Fabric: Cotton. Category: Women, Shirts",InStock,,https://www.ajio.com/old-navy-women-loose-fit-cotton-shirt-with-spread-collar/p/442754103_black,2026-06-26T12:13:00.063541+00:00
Ajio,RIO Brown Women Front Tie-Up Regular Fit Shirt,https://assets.ajio.com/medias/sys_master/root1/20250811/rRiH/6899db278bfb9009ac763a34/rio_brown_women_front_tie-up_regular_fit_shirt.jpg,RIO,Women,Shirts,178,699,49,,,,Brown,Regular Fit,,,,"RIO Brown Women Front Tie-Up Regular Fit Shirt. Brand: RIO. Color: Brown. Fit: Regular Fit. Category: Women, Shirts",InStock,,https://www.ajio.com/rio-women-front-tie-up-regular-fit-shirt/p/443082763_brown,2026-06-26T12:13:00.063541+00:00
Ajio,RIO Off White Women Embellished Regular Fit Shirt,https://assets.ajio.com/medias/sys_master/root/20250121/I5rj/678f8588663dbe1c5fead01f/rio_off_white_women_embellished_regular_fit_shirt.jpg,RIO,Women,Shirts,178,699,49,,,,Off White,Regular Fit,,,,"RIO Off White Women Embellished Regular Fit Shirt. Brand: RIO. Color: Off White. Fit: Regular Fit. Category: Women, Shirts",InStock,,https://www.ajio.com/rio-women-embellished-regular-fit-shirt/p/443061202_offwhite,2026-06-26T12:13:00.063541+00:00
Ajio,MAX Off white Women Floral Print Regular Fit Shirt,https://assets.ajio.com/medias/sys_master/root1/20260422/V1Yj/69e8acc414d0c217198c03c2/max_off_white_women_floral_print_regular_fit_shirt.jpg,MAX,Women,Shirts,419,599,30.05,,,,Off White,Regular Fit,,,Floral,"MAX Off white Women Floral Print Regular Fit Shirt. Brand: MAX. Color: Off White. Fit: Regular Fit. Pattern: Floral. Category: Women, Shirts",InStock,,https://www.ajio.com/max-women-floral-print-regular-fit-shirt/p/703357981_offwhite,2026-06-26T12:13:00.063541+00:00
Ajio,Styli Brown Women Floral Embroidered Regular Fit Shirt with Patch Pocket,https://assets.ajio.com/medias/sys_master/root1/20260326/kYfJ/69c45a0c9e784a25d58cbda0/styli_brown_women_floral_embroidered_regular_fit_shirt_with_patch_pocket.jpg,Styli,Women,Shirts,705,1799,44,,,,Brown,Regular Fit,,,Embroidered,"Styli Brown Women Floral Embroidered Regular Fit Shirt with Patch Pocket. Brand: Styli. Color: Brown. Fit: Regular Fit. Pattern: Embroidered. Category: Women, Shirts",InStock,,https://www.ajio.com/styli-women-floral-embroidered-regular-fit-shirt-with-patch-pocket/p/703213693_brown,2026-06-26T12:13:00.063541+00:00
Ajio,GAP Red Women Checks Relaxed Fit Shirt,https://assets.ajio.com/medias/sys_master/root1/20251003/Y5gH/68dfabaf8bfb9009ac4f833d/gap_red_women_checks_relaxed_fit_shirt.jpg,GAP,Women,Shirts,1004,2499,40,,,,Red,Relaxed Fit,,,,"GAP Red Women Checks Relaxed Fit Shirt. Brand: GAP. Color: Red. Fit: Relaxed Fit. Category: Women, Shirts",InStock,,https://www.ajio.com/gap-women-checks-relaxed-fit-shirt/p/442767935_red,2026-06-26T12:13:00.063541+00:00
Ajio,Lee Cooper Beige Women Relaxed Fit Shirt,https://assets.ajio.com/medias/sys_master/root1/20260204/coJt/69824105cbfa0d5608bdb3dd/lee_cooper_beige_women_relaxed_fit_shirt.jpg,Lee Cooper,Women,Shirts,431,1499,59,,,,Beige,Relaxed Fit,,,,"Lee Cooper Beige Women Relaxed Fit Shirt. Brand: Lee Cooper. Color: Beige. Fit: Relaxed Fit. Category: Women, Shirts",InStock,,https://www.ajio.com/lee-cooper-women-relaxed-fit-shirt/p/443111726_beige,2026-06-26T12:13:00.063541+00:00
Ajio,RIO Black Women Embellished Regular Fit Shirt,https://assets.ajio.com/medias/sys_master/root/20250121/qXqR/678f86eb663dbe1c5fead5b0/rio_black_women_embellished_regular_fit_shirt.jpg,RIO,Women,Shirts,178,699,49,,,,Black,Regular Fit,,,,"RIO Black Women Embellished Regular Fit Shirt. Brand: RIO. Color: Black. Fit: Regular Fit. Category: Women, Shirts",InStock,,https://www.ajio.com/rio-women-embellished-regular-fit-shirt/p/443061202_black,2026-06-26T12:13:00.063541+00:00
Ajio,Svrnaa by AZORTE Khaki Women Checked Kota Boxy Fit Shirt,https://assets.ajio.com/medias/sys_master/root/20240112/lfxM/65a12cb674cb305fe01442aa/svrnaa_by_azorte_khaki_women_checked_kota_boxy_fit_shirt.jpg,Svrnaa by AZORTE,Women,Shirts,270,1499,80,,,,Khaki,Boxy Fit,,,Checkered,"Svrnaa by AZORTE Khaki Women Checked Kota Boxy Fit Shirt. Brand: Svrnaa by AZORTE. Color: Khaki. Fit: Boxy Fit. Pattern: Checkered. Category: Women, Shirts",InStock,,https://www.ajio.com/svrnaa-by-azorte-women-checked-kota-boxy-fit-shirt/p/443032093_khaki,2026-06-26T12:13:00.063541+00:00
Ajio,ONLY Pink Women Polka-Dot Print Regular Fit Shirt,https://assets.ajio.com/medias/sys_master/root1/20250902/doi3/68b6e19d3d468c61abb6eab5/only_pink_women_polka-dot_print_regular_fit_shirt.jpg,ONLY,Women,Shirts,1250,3499,50,,,,Pink,Regular Fit,,,Polka,"ONLY Pink Women Polka-Dot Print Regular Fit Shirt. Brand: ONLY. Color: Pink. Fit: Regular Fit. Pattern: Polka. Category: Women, Shirts",InStock,,https://www.ajio.com/only-women-polka-dot-print-regular-fit-shirt/p/469774554_pink,2026-06-26T12:13:00.063541+00:00
Ajio,LEIA Multicoloured Women Printed Regular Fit Shirt with Cuban Collar,https://assets.ajio.com/medias/sys_master/root1/20250818/qUmK/68a32d338bfb9009ac8be36f/leia_multicoloured_women_printed_regular_fit_shirt_with_cuban_collar.jpg,LEIA,Women,Shirts,195,650,70,,,XS,Multi,Regular Fit,,,Printed,"LEIA Multicoloured Women Printed Regular Fit Shirt with Cuban Collar. Brand: LEIA. Color: Multi. Fit: Regular Fit. Pattern: Printed. Size: XS. Category: Women, Shirts",InStock,,https://www.ajio.com/leia-women-printed-regular-fit-shirt-with-cuban-collar/p/702124762_multi,2026-06-26T12:13:00.063541+00:00
Ajio,RIO White Women Flat-Knit Regular Fit Shirt,https://assets.ajio.com/medias/sys_master/root/20250326/UMRh/67e3c96355340d4b4f8af51b/rio_white_women_flat-knit_regular_fit_shirt.jpg,RIO,Women,Shirts,153,599,49,,,,Off White,Regular Fit,Knit,,,"RIO White Women Flat-Knit Regular Fit Shirt. Brand: RIO. Color: Off White. Fit: Regular Fit. Fabric: Knit. Category: Women, Shirts",InStock,,https://www.ajio.com/rio-women-flat-knit-regular-fit-shirt/p/443065214_offwhite,2026-06-26T12:13:00.063541+00:00
Ajio,Forever New Porcelain Women Lace Regular Fit Shirt,https://assets.ajio.com/medias/sys_master/root1/20260316/UqaG/69b7f1b98deac970f06ca1cd/forever_new_porcelain_women_lace_regular_fit_shirt.jpg,Forever New,Women,Shirts,2592,6400,55,,,,White,Regular Fit,,,,"Forever New Porcelain Women Lace Regular Fit Shirt. Brand: Forever New. Color: White. Fit: Regular Fit. Category: Women, Shirts",InStock,,https://www.ajio.com/forever-new-women-lace-regular-fit-shirt/p/703160945_white,2026-06-26T12:13:00.063541+00:00
Ajio,The Souled Store Cream Women Embroidery Shirt,https://assets.ajio.com/medias/sys_master/root1/20260609/VdhJ/6a281a0e14d0c217193228b2/the_souled_store_cream_women_embroidery_shirt.jpg,The Souled Store,Women,Shirts,1699,1699,,,,,Cream,,,,,"The Souled Store Cream Women Embroidery Shirt. Brand: The Souled Store. Color: Cream. Category: Women, Shirts",InStock,,https://www.ajio.com/the-souled-store-women-embroidery-shirt/p/703031717_cream,2026-06-26T12:13:00.063541+00:00
Ajio,MAAESA Pink Women Tie & Dye Regular Fit Shirt with Curved Hem,https://assets.ajio.com/medias/sys_master/root1/20250721/iqE1/687e1ec96034bf77f0e11a2b/maaesa_pink_women_tie_%26_dye_regular_fit_shirt_with_curved_hem.jpg,MAAESA,Women,Shirts,499,2497,75,,,3XL,Pink,Regular Fit,,,,"MAAESA Pink Women Tie & Dye Regular Fit Shirt with Curved Hem. Brand: MAAESA. Color: Pink. Fit: Regular Fit. Size: 3XL. Category: Women, Shirts. 732 shoppers wishlisted in last 30 days",InStock,,https://www.ajio.com/maaesa-women-tie--dye-regular-fit-shirt-with-curved-hem/p/702000293_pink,2026-06-26T12:13:00.063541+00:00
Ajio,Lee Cooper Pink Women Schiffli Embroidered Boxy Fit Shirt with Flap Pockets,https://assets.ajio.com/medias/sys_master/root1/20250912/lnBd/68c3f87e8bfb9009acfd142a/lee_cooper_pink_women_schiffli_embroidered_boxy_fit_shirt_with_flap_pockets.jpg,Lee Cooper,Women,Shirts,838,1686,29,,,,Lilac,Boxy Fit,,,Embroidered,"Lee Cooper Pink Women Schiffli Embroidered Boxy Fit Shirt with Flap Pockets. Brand: Lee Cooper. Color: Lilac. Fit: Boxy Fit. Pattern: Embroidered. Category: Women, Shirts",InStock,,https://www.ajio.com/lee-cooper-women-schiffli-embroidered-boxy-fit-shirt-with-flap-pockets/p/443071249_lilac,2026-06-26T12:13:00.063541+00:00
Ajio,Aahwan X AG Green Women Striped Regular Fit Shirt,https://assets.ajio.com/medias/sys_master/root1/20251219/P18a/6945586b720fb821d39df30e/aahwan_x_ag_green_women_striped_regular_fit_shirt.jpg,Aahwan X AG,Women,Shirts,384,1999,76,,,L,Green,Regular Fit,,,Striped,"Aahwan X AG Green Women Striped Regular Fit Shirt. Brand: Aahwan X AG. Color: Green. Fit: Regular Fit. Pattern: Striped. Size: L. Category: Women, Shirts",InStock,,https://www.ajio.com/aahwan-x-ag-women-striped-regular-fit-shirt/p/702257786_green,2026-06-26T12:13:00.063541+00:00
Ajio,LEIA Off White Women Printed Regular Fit Shirt with Cuban Collar,https://assets.ajio.com/medias/sys_master/root1/20250818/J8d6/68a326023d468c61ab74d495/leia_off_white_women_printed_regular_fit_shirt_with_cuban_collar.jpg,LEIA,Women,Shirts,146,650,68,,,XL,Off White,Regular Fit,,,Printed,"LEIA Off White Women Printed Regular Fit Shirt with Cuban Collar. Brand: LEIA. Color: Off White. Fit: Regular Fit. Pattern: Printed. Size: XL. Category: Women, Shirts. 1.4K shoppers wishlisted in last 30 days",InStock,,https://www.ajio.com/leia-women-printed-regular-fit-shirt-with-cuban-collar/p/702124762_offwhite,2026-06-26T12:13:00.063541+00:00
Ajio,FIG black Women Floral Print Regular Fit Shirt,https://assets.ajio.com/medias/sys_master/root1/20260608/Ffhc/6a26f5b414d0c217193016f2/fig_black_women_floral_print_regular_fit_shirt.jpg,FIG,Women,Shirts,559,799,30.04,,,,Black,Regular Fit,,,Floral,"FIG black Women Floral Print Regular Fit Shirt. Brand: FIG. Color: Black. Fit: Regular Fit. Pattern: Floral. Category: Women, Shirts",InStock,,https://www.ajio.com/fig-women-floral-print-regular-fit-shirt/p/443121673_black,2026-06-26T12:13:00.063541+00:00
Ajio,ONLY Beige & Black Women Polka-Dot Print Regular Fit Shirt,https://assets.ajio.com/medias/sys_master/root/20250529/vhZK/683874cd7a6cd4182f69d69e/only_beige_%26_black_women_polka-dot_print_regular_fit_shirt.jpg,ONLY,Women,Shirts,735,2999,65,,,,Beige,Regular Fit,,,Polka,"ONLY Beige & Black Women Polka-Dot Print Regular Fit Shirt. Brand: ONLY. Color: Beige. Fit: Regular Fit. Pattern: Polka. Category: Women, Shirts",InStock,,https://www.ajio.com/only-women-polka-dot-print-regular-fit-shirt/p/469738573_beige,2026-06-26T12:13:00.063541+00:00
Ajio,CRIMSOUNE CLUB Blue Women Checked Slim Fit Shirt,https://assets.ajio.com/medias/sys_master/root/20250619/mQ10/68531b9b7a6cd4182fbf5eb9/crimsoune_club_blue_women_checked_slim_fit_shirt.jpg,CRIMSOUNE CLUB,Women,Shirts,665,1899,50,,,XL,Blue,Slim Fit,,,Checkered,"CRIMSOUNE CLUB Blue Women Checked Slim Fit Shirt. Brand: CRIMSOUNE CLUB. Color: Blue. Fit: Slim Fit. Pattern: Checkered. Size: XL. Category: Women, Shirts. 768 shoppers wishlisted in last 30 days",InStock,,https://www.ajio.com/crimsoune-club-women-checked-slim-fit-shirt/p/701771074_blue,2026-06-26T12:13:00.063541+00:00
Ajio,LEIA Blue Women Regular Fit Shirt with Button Closure,https://assets.ajio.com/medias/sys_master/root/20250609/Wul4/6846d55155340d4b4f95beff/leia_blue_women_regular_fit_shirt_with_button_closure.jpg,LEIA,Women,Shirts,347,1499,67,,,S,Blue,Regular Fit,,,,"LEIA Blue Women Regular Fit Shirt with Button Closure. Brand: LEIA. Color: Blue. Fit: Regular Fit. Size: S. Category: Women, Shirts",InStock,,https://www.ajio.com/leia-women-regular-fit-shirt-with-button-closure/p/701599629_blue,2026-06-26T12:13:00.063541+00:00
Ajio,DNMX Beige Women Floral Print Relaxed Fit Top,https://assets.ajio.com/medias/sys_master/root1/20260519/NHz9/6a0c1e6914d0c21719eaf910/dnmx_beige_women_floral_print_relaxed_fit_top.jpg,DNMX,Women,Shirts,419,599,30.05,,,,Beige,Relaxed Fit,,,Floral,"DNMX Beige Women Floral Print Relaxed Fit Top. Brand: DNMX. Color: Beige. Fit: Relaxed Fit. Pattern: Floral. Category: Women, Shirts. 915 shoppers wishlisted in last 30 days",InStock,,https://www.ajio.com/dnmx-women-floral-print-relaxed-fit-top/p/443121324_beige,2026-06-26T12:13:00.063541+00:00
Ajio,Proearth by AZORTE Brown Women Regular Fit Shirt with Patch Pocket,https://assets.ajio.com/medias/sys_master/root/20250122/CeQ5/6790dd19663dbe1c5ff189ab/proearth_by_azorte_brown_women_regular_fit_shirt_with_patch_pocket.jpg,Proearth by AZORTE,Women,Shirts,603,2155,60,,,,Brown,Regular Fit,,,,"Proearth by AZORTE Brown Women Regular Fit Shirt with Patch Pocket. Brand: Proearth by AZORTE. Color: Brown. Fit: Regular Fit. Category: Women, Shirts",InStock,,https://www.ajio.com/proearth-by-azorte-women-regular-fit-shirt-with-patch-pocket/p/443061471_brown,2026-06-26T12:13:00.063541+00:00
Ajio,ALLEN SOLLY Lilac Women Floral Print Regular Fit Shirt,https://assets.ajio.com/medias/sys_master/root1/20260305/mItA/69a957b24970ce6a6e1e934e/allen_solly_lilac_women_floral_print_regular_fit_shirt.jpg,ALLEN SOLLY,Women,Shirts,1091,2599,40,,,,Lilac,Regular Fit,,,Floral,"ALLEN SOLLY Lilac Women Floral Print Regular Fit Shirt. Brand: ALLEN SOLLY. Color: Lilac. Fit: Regular Fit. Pattern: Floral. Category: Women, Shirts",InStock,,https://www.ajio.com/allen-solly-women-floral-print-regular-fit-shirt/p/442851788_lilac,2026-06-26T12:13:00.063541+00:00
Ajio,TRUE FADES Red Women Regular Fit Shirt with Spread Collar,https://assets.ajio.com/medias/sys_master/root1/20260427/qv7Z/69ef98f3fcb5bb61d2893132/true_fades_red_women_regular_fit_shirt_with_spread_collar.jpg,TRUE FADES,Women,Shirts,294,999,58,,,S,Red,Regular Fit,,,,"TRUE FADES Red Women Regular Fit Shirt with Spread Collar. Brand: TRUE FADES. Color: Red. Fit: Regular Fit. Size: S. Category: Women, Shirts",InStock,,https://www.ajio.com/true-fades-women-regular-fit-shirt-with-spread-collar/p/703386102_red,2026-06-26T12:13:00.063541+00:00
Ajio,TRUE FADES White Women Regular Fit Shirt with Spread Collar,https://assets.ajio.com/medias/sys_master/root1/20260427/i8Ai/69ef9708fcb5bb61d288f10c/true_fades_white_women_regular_fit_shirt_with_spread_collar.jpg,TRUE FADES,Women,Shirts,294,999,58,,,L,White,Regular Fit,,,,"TRUE FADES White Women Regular Fit Shirt with Spread Collar. Brand: TRUE FADES. Color: White. Fit: Regular Fit. Size: L. Category: Women, Shirts",InStock,,https://www.ajio.com/true-fades-women-regular-fit-shirt-with-spread-collar/p/703386095_white,2026-06-26T12:13:00.063541+00:00
Ajio,LEIA Red Women Printed Regular Fit Shirt with Cuban Collar,https://assets.ajio.com/medias/sys_master/root1/20250818/pb4w/68a31d2e8bfb9009ac89cd5b/leia_red_women_printed_regular_fit_shirt_with_cuban_collar.jpg,LEIA,Women,Shirts,195,650,70,,,XXL,Red,Regular Fit,,,Printed,"LEIA Red Women Printed Regular Fit Shirt with Cuban Collar. Brand: LEIA. Color: Red. Fit: Regular Fit. Pattern: Printed. Size: XXL. Category: Women, Shirts",InStock,,https://www.ajio.com/leia-women-printed-regular-fit-shirt-with-cuban-collar/p/702124730_red,2026-06-26T12:13:00.063541+00:00
Ajio,Lee Cooper Blue Women Schiffli Embroidered Boxy Fit Shirt,https://assets.ajio.com/medias/sys_master/root/20241206/9taE/6752ee97c148fa1b301e4bfd/lee_cooper_blue_women_schiffli_embroidered_boxy_fit_shirt.jpg,Lee Cooper,Women,Shirts,264,1217,69,,,,Blue,Boxy Fit,,,Embroidered,"Lee Cooper Blue Women Schiffli Embroidered Boxy Fit Shirt. Brand: Lee Cooper. Color: Blue. Fit: Boxy Fit. Pattern: Embroidered. Category: Women, Shirts",InStock,,https://www.ajio.com/lee-cooper-women-schiffli-embroidered-boxy-fit-shirt/p/443060332_blue,2026-06-26T12:13:00.063541+00:00
Ajio,Outzidr Global Pink Women Striped Oversized Fit Shirt,https://assets.ajio.com/medias/sys_master/root1/20250807/QDWd/6894dd1b8bfb9009ac6d6f90/outzidr_global_pink_women_striped_oversized_fit_shirt.jpg,Outzidr Global,Women,Shirts,548,799,2,,,,Pink,Oversized Fit,,,Striped,"Outzidr Global Pink Women Striped Oversized Fit Shirt. Brand: Outzidr Global. Color: Pink. Fit: Oversized Fit. Pattern: Striped. Category: Women, Shirts",InStock,,https://www.ajio.com/outzidr-global-women-striped-oversized-fit-shirt/p/702087962_pink,2026-06-26T12:13:00.063541+00:00
Ajio,KASHIANXSTYLE Beige Women Regular Fit Knitted Shirt,https://assets.ajio.com/medias/sys_master/root/20250505/j4U5/6818ee297a6cd4182f107f7f/kashianxstyle_beige_women_regular_fit_knitted_shirt.jpg,KASHIANXSTYLE,Women,Shirts,228,1499,83,,,,Beige,Regular Fit,,,,"KASHIANXSTYLE Beige Women Regular Fit Knitted Shirt. Brand: KASHIANXSTYLE. Color: Beige. Fit: Regular Fit. Category: Women, Shirts",InStock,,https://www.ajio.com/kashianxstyle-women-regular-fit-knitted-shirt/p/701531731_beige,2026-06-26T12:13:00.063541+00:00
Ajio,Sassafras Red Women Boxy Fit Shirt with Roll-Up Sleeves,https://assets.ajio.com/medias/sys_master/root1/20251013/AzoC/68ecdcb28bfb9009ac686a68/sassafras_red_women_boxy_fit_shirt_with_roll-up_sleeves.jpg,Sassafras,Women,Shirts,378,1799,70,,,,Red,Boxy Fit,,Roll-Up Sleeve,,"Sassafras Red Women Boxy Fit Shirt with Roll-Up Sleeves. Brand: Sassafras. Color: Red. Fit: Boxy Fit. Sleeve: Roll-Up Sleeve. Category: Women, Shirts",InStock,,https://www.ajio.com/sassafras-women-boxy-fit-shirt-with-roll-up-sleeves-/p/702385239_red,2026-06-26T12:13:00.063541+00:00
Ajio,TRUE FADES Brown Women Regular Fit Shirt with Spread Collar,https://assets.ajio.com/medias/sys_master/root1/20260427/DZTK/69ef9865fcb5bb61d2891e99/true_fades_brown_women_regular_fit_shirt_with_spread_collar.jpg,TRUE FADES,Women,Shirts,294,999,58,,,L,Brown,Regular Fit,,,,"TRUE FADES Brown Women Regular Fit Shirt with Spread Collar. Brand: TRUE FADES. Color: Brown. Fit: Regular Fit. Size: L. Category: Women, Shirts. 822 shoppers wishlisted in last 30 days",InStock,,https://www.ajio.com/true-fades-women-regular-fit-shirt-with-spread-collar/p/703386095_brown,2026-06-26T12:13:00.063541+00:00
Ajio,TRUE FADES Black Women Regular Fit Shirt with Spread Collar,https://assets.ajio.com/medias/sys_master/root1/20260428/MzLZ/69f0119efcb5bb61d28a58ae/true_fades_black_women_regular_fit_shirt_with_spread_collar.jpg,TRUE FADES,Women,Shirts,294,999,58,,,S,Black,Regular Fit,,,,"TRUE FADES Black Women Regular Fit Shirt with Spread Collar. Brand: TRUE FADES. Color: Black. Fit: Regular Fit. Size: S. Category: Women, Shirts",InStock,,https://www.ajio.com/true-fades-women-regular-fit-shirt-with-spread-collar/p/703386102_black,2026-06-26T12:13:00.063541+00:00
Ajio,LEIA Mustard Women Printed Regular Fit Shirt with Cuban Collar,https://assets.ajio.com/medias/sys_master/root1/20250818/anZK/68a32afe8bfb9009ac8b9ac7/leia_mustard_women_printed_regular_fit_shirt_with_cuban_collar.jpg,LEIA,Women,Shirts,195,650,70,,,XS,Mustard,Regular Fit,,,Printed,"LEIA Mustard Women Printed Regular Fit Shirt with Cuban Collar. Brand: LEIA. Color: Mustard. Fit: Regular Fit. Pattern: Printed. Size: XS. Category: Women, Shirts",InStock,,https://www.ajio.com/leia-women-printed-regular-fit-shirt-with-cuban-collar/p/702124730_mustard,2026-06-26T12:13:00.063541+00:00
Ajio,TRUE FADES White Women Regular Fit Shirt with Spread Collar,https://assets.ajio.com/medias/sys_master/root1/20260427/4TZ3/69ef98acfcb5bb61d2892876/true_fades_white_women_regular_fit_shirt_with_spread_collar.jpg,TRUE FADES,Women,Shirts,294,999,58,,,S,White,Regular Fit,,,,"TRUE FADES White Women Regular Fit Shirt with Spread Collar. Brand: TRUE FADES. Color: White. Fit: Regular Fit. Size: S. Category: Women, Shirts",InStock,,https://www.ajio.com/true-fades-women-regular-fit-shirt-with-spread-collar/p/703386102_white,2026-06-26T12:13:00.063541+00:00
Ajio,PINACOLADA Dark Brown Women Regular Fit Spread-Collar Shirt,https://assets.ajio.com/medias/sys_master/root1/20260403/pWun/69cf1b0c9e784a25d5b6caff/pinacolada_dark_brown_women_regular_fit_spread-collar_shirt.jpg,PINACOLADA,Women,Shirts,560,1599,50,,,S,Brown,Regular Fit,,,,"PINACOLADA Dark Brown Women Regular Fit Spread-Collar Shirt. Brand: PINACOLADA. Color: Brown. Fit: Regular Fit. Size: S. Category: Women, Shirts",InStock,,https://www.ajio.com/pinacolada-women-regular-fit-spread-collar-shirt/p/703273872_brown,2026-06-26T12:13:00.063541+00:00
Ajio,RIO Cream & Red Women Floral Print Regular Fit Poet Shirt,https://assets.ajio.com/medias/sys_master/root1/20251110/LCHp/6911bc61a470c5082f7df3ac/rio_cream_%26_red_women_floral_print_regular_fit_poet_shirt.jpg,RIO,Women,Shirts,204,799,49,,,,Cream,Regular Fit,,,Floral,"RIO Cream & Red Women Floral Print Regular Fit Poet Shirt. Brand: RIO. Color: Cream. Fit: Regular Fit. Pattern: Floral. Category: Women, Shirts. 1.3K shoppers wishlisted in last 30 days",InStock,,https://www.ajio.com/rio-women-floral-print-regular-fit-poet-shirt/p/443097945_cream,2026-06-26T12:13:00.063541+00:00
Ajio,RIO Green Women Lace Regular Fit Shirt,https://assets.ajio.com/medias/sys_master/root1/20260216/FOUc/69931428cbfa0d5608004e4c/rio_green_women_lace_regular_fit_shirt.jpg,RIO,Women,Shirts,153,599,49,,,,Green,Regular Fit,,,,"RIO Green Women Lace Regular Fit Shirt. Brand: RIO. Color: Green. Fit: Regular Fit. Category: Women, Shirts. 2.2K shoppers wishlisted in last 30 days",InStock,,https://www.ajio.com/rio-women-lace-regular-fit-shirt/p/443110778_green,2026-06-26T12:13:00.063541+00:00
Ajio,Proearth by AZORTE Khaki Women Regular Fit Shirt with Patch Pocket,https://assets.ajio.com/medias/sys_master/root/20250122/NFWD/6790dca70431850e0db60a94/proearth_by_azorte_khaki_women_regular_fit_shirt_with_patch_pocket.jpg,Proearth by AZORTE,Women,Shirts,603,2155,60,,,,Darkkhaki,Regular Fit,,,,"Proearth by AZORTE Khaki Women Regular Fit Shirt with Patch Pocket. Brand: Proearth by AZORTE. Color: Darkkhaki. Fit: Regular Fit. Category: Women, Shirts",InStock,,https://www.ajio.com/proearth-by-azorte-women-regular-fit-shirt-with-patch-pocket/p/443061471_darkkhaki,2026-06-26T12:13:00.063541+00:00
Ajio,DNMX Multi Women Striped Boxy Fit Classic Shirt,https://assets.ajio.com/medias/sys_master/root1/20260421/zyYs/69e74f5b14d0c2171985f74c/dnmx_multi_women_striped_boxy_fit_classic_shirt.jpg,DNMX,Women,Shirts,489,699,30.04,,,,Multi,Boxy Fit,,,Striped,"DNMX Multi Women Striped Boxy Fit Classic Shirt. Brand: DNMX. Color: Multi. Fit: Boxy Fit. Pattern: Striped. Category: Women, Shirts",InStock,,https://www.ajio.com/dnmx-women-striped-boxy-fit-classic-shirt/p/443121262_multi,2026-06-26T12:13:00.063541+00:00
Ajio,ONLY Jet Black Women Regular Fit Shirt with Spread Collar,https://assets.ajio.com/medias/sys_master/root/20240715/KCh4/669553581d763220fab6a883/only_jet_black_women_regular_fit_shirt_with_spread_collar.jpg,ONLY,Women,Shirts,735,2999,65,,,,Black,Regular Fit,,,,"ONLY Jet Black Women Regular Fit Shirt with Spread Collar. Brand: ONLY. Color: Black. Fit: Regular Fit. Category: Women, Shirts",InStock,,https://www.ajio.com/only-women-regular-fit-shirt-with-spread-collar/p/700196365_black,2026-06-26T12:13:00.063541+00:00
Ajio,SPYKAR Pink Women Patterned Relaxed Fit Crop Shirt,https://assets.ajio.com/medias/sys_master/root/20250627/axLS/685e92972b1ad9265b728c07/spykar_pink_women_patterned_relaxed_fit_crop_shirt.jpg,SPYKAR,Women,Shirts,392,1599,65,,,,Lightpink,Relaxed Fit,,,,"SPYKAR Pink Women Patterned Relaxed Fit Crop Shirt. Brand: SPYKAR. Color: Lightpink. Fit: Relaxed Fit. Category: Women, Shirts",InStock,,https://www.ajio.com/spykar-women-patterned-relaxed-fit-crop-shirt/p/442835799_lightpink,2026-06-26T12:13:00.063541+00:00
Ajio,GAP White Women Striped Relaxed Fit Shirt,https://assets.ajio.com/medias/sys_master/root/20241224/7Out/676a488ec148fa1b305af04f/gap_white_women_striped_relaxed_fit_shirt.jpg,GAP,Women,Shirts,700,2499,60,,,,Silver,Relaxed Fit,,,Striped,"GAP White Women Striped Relaxed Fit Shirt. Brand: GAP. Color: Silver. Fit: Relaxed Fit. Pattern: Striped. Category: Women, Shirts",InStock,,https://www.ajio.com/gap-women-striped-relaxed-fit-shirt/p/442253243_silver,2026-06-26T12:13:00.063541+00:00
Ajio,Proearth by AZORTE Off White Women Regular Fit Shirt with Patch Pocket,https://assets.ajio.com/medias/sys_master/root/20250122/5Fnh/6790dba20431850e0db60269/proearth_by_azorte_off_white_women_regular_fit_shirt_with_patch_pocket.jpg,Proearth by AZORTE,Women,Shirts,453,2155,70,,,,Off White,Regular Fit,,,,"Proearth by AZORTE Off White Women Regular Fit Shirt with Patch Pocket. Brand: Proearth by AZORTE. Color: Off White. Fit: Regular Fit. Category: Women, Shirts",InStock,,https://www.ajio.com/proearth-by-azorte-women-regular-fit-shirt-with-patch-pocket/p/443061471_offwhite,2026-06-26T12:13:00.063541+00:00
Ajio,Styli Green Women Regular Fit Shirt with Patch Pocket,https://assets.ajio.com/medias/sys_master/root/20231221/heo8/658392e9ddf7791519de57d4/styli_green_women_regular_fit_shirt_with_patch_pocket.jpg,Styli,Women,Shirts,452,849,24,,,,Green,Regular Fit,,,,"Styli Green Women Regular Fit Shirt with Patch Pocket. Brand: Styli. Color: Green. Fit: Regular Fit. Category: Women, Shirts",InStock,,https://www.ajio.com/styli-women-regular-fit-shirt-with-patch-pocket/p/466903265_green,2026-06-26T12:13:00.063541+00:00
Ajio,Styli Pink Women Textured Oversized Longline Shirt with Buttons,https://assets.ajio.com/medias/sys_master/root/20240404/9Gg0/660e521b16fd2c6e6a9c213a/styli_pink_women_textured_oversized_longline_shirt_with_buttons.jpg,Styli,Women,Shirts,352,899,44,,,,Pink,,,,,"Styli Pink Women Textured Oversized Longline Shirt with Buttons. Brand: Styli. Color: Pink. Category: Women, Shirts. 1K shoppers wishlisted in last 30 days",InStock,,https://www.ajio.com/styli-women-textured-oversized-longline-shirt-with-buttons/p/466386942_pink,2026-06-26T12:13:00.063541+00:00
Ajio,RIO Brown Women Lace Regular Fit Shirt,https://assets.ajio.com/medias/sys_master/root1/20260218/098i/699564a97ef0c7385c0774ab/rio_brown_women_lace_regular_fit_shirt.jpg,RIO,Women,Shirts,153,599,49,,,,Brown,Regular Fit,,,,"RIO Brown Women Lace Regular Fit Shirt. Brand: RIO. Color: Brown. Fit: Regular Fit. Category: Women, Shirts. 1.2K shoppers wishlisted in last 30 days",InStock,,https://www.ajio.com/rio-women-lace-regular-fit-shirt/p/443110778_brown,2026-06-26T12:13:00.063541+00:00
Ajio,OLD NAVY Brown Women Loose Fit Shirt with Patch Pocket,https://assets.ajio.com/medias/sys_master/root1/20251212/Kir6/693b358c720fb821d385e3dd/old_navy_brown_women_loose_fit_shirt_with_patch_pocket.jpg,OLD NAVY,Women,Shirts,1199,1999,40,,,,Brown,Loose Fit,,,,"OLD NAVY Brown Women Loose Fit Shirt with Patch Pocket. Brand: OLD NAVY. Color: Brown. Fit: Loose Fit. Category: Women, Shirts",InStock,,https://www.ajio.com/old-navy-women-loose-fit-shirt-with-patch-pocket/p/442758518_brown,2026-06-26T12:13:00.063541+00:00
Ajio,RIO White Women Striped Regular Fit Shirt,https://assets.ajio.com/medias/sys_master/root1/20260225/UkJp/699ea3d867bcd7539351c03b/rio_white_women_striped_regular_fit_shirt.jpg,RIO,Women,Shirts,204,799,49,,,,White,Regular Fit,,,Striped,"RIO White Women Striped Regular Fit Shirt. Brand: RIO. Color: White. Fit: Regular Fit. Pattern: Striped. Category: Women, Shirts",InStock,,https://www.ajio.com/rio-women-striped-regular-fit-shirt/p/443109125_white,2026-06-26T12:13:00.063541+00:00
Ajio,OLD NAVY Ceramic Blue Women Loose Fit Shirt with Patch Pocket,https://assets.ajio.com/medias/sys_master/root1/20251212/j5Nm/693b1f47720fb821d3855680/old_navy_ceramic_blue_women_loose_fit_shirt_with_patch_pocket.jpg,OLD NAVY,Women,Shirts,1199,1999,40,,,,Blue,Loose Fit,,,,"OLD NAVY Ceramic Blue Women Loose Fit Shirt with Patch Pocket. Brand: OLD NAVY. Color: Blue. Fit: Loose Fit. Category: Women, Shirts",InStock,,https://www.ajio.com/old-navy-women-loose-fit-shirt-with-patch-pocket/p/442758518_blue,2026-06-26T12:13:00.063541+00:00
Ajio,Style Quotient Beige Women Regular Fit Shirt with Band Collar,https://assets.ajio.com/medias/sys_master/root1/20260509/Oa2u/69ff5414fcb5bb61d2b15392/style_quotient_beige_women_regular_fit_shirt_with_band_collar.jpg,Style Quotient,Women,Shirts,483,1499,54,,,,Beige,Regular Fit,,,,"Style Quotient Beige Women Regular Fit Shirt with Band Collar. Brand: Style Quotient. Color: Beige. Fit: Regular Fit. Category: Women, Shirts",InStock,,https://www.ajio.com/style-quotient-women-regular-fit-shirt-with-band-collar--/p/700120067_beige,2026-06-26T12:13:00.063541+00:00
Ajio,ALLEN SOLLY White Women Regular Fit Shirt,https://assets.ajio.com/medias/sys_master/root1/20260509/5TQF/69ff596f14d0c21719cc3376/allen_solly_white_women_regular_fit_shirt.jpg,ALLEN SOLLY,Women,Shirts,839,1999,40,,,,White,Regular Fit,,,,"ALLEN SOLLY White Women Regular Fit Shirt. Brand: ALLEN SOLLY. Color: White. Fit: Regular Fit. Category: Women, Shirts",InStock,,https://www.ajio.com/allen-solly-women-regular-fit-shirt/p/700601097_white,2026-06-26T12:13:00.063541+00:00
Ajio,ALLEN SOLLY White Women Regular Fit Shirt,https://assets.ajio.com/medias/sys_master/root/20231013/b6F2/65292fe4ddf7791519396937/allen_solly_white_women_regular_fit_shirt.jpg,ALLEN SOLLY,Women,Shirts,1279,1999,11,,,,White,Regular Fit,,,,"ALLEN SOLLY White Women Regular Fit Shirt. Brand: ALLEN SOLLY. Color: White. Fit: Regular Fit. Category: Women, Shirts",InStock,,https://www.ajio.com/allen-solly-women-regular-fit-shirt/p/469553822_white,2026-06-26T12:13:00.063541+00:00
Ajio,OLD NAVY Medium Blue Women Washed Relaxed Fit Shirt with Patch Pocket,https://assets.ajio.com/medias/sys_master/root1/20251211/Wjtz/693af2bb720fb821d3845f5c/old_navy_medium_blue_women_washed_relaxed_fit_shirt_with_patch_pocket.jpg,OLD NAVY,Women,Shirts,1169,1799,35,,,,Mediumblue,Relaxed Fit,,,,"OLD NAVY Medium Blue Women Washed Relaxed Fit Shirt with Patch Pocket. Brand: OLD NAVY. Color: Mediumblue. Fit: Relaxed Fit. Category: Women, Shirts",InStock,,https://www.ajio.com/old-navy-women-washed-relaxed-fit-shirt-with-patch-pocket/p/442754093_mediumblue,2026-06-26T12:13:00.063541+00:00
Ajio,RIO Grey Women Floral Button-Down Loungewear Shirt,https://assets.ajio.com/medias/sys_master/root1/20250901/eIr0/68b532983d468c61abaaa8f9/rio_grey_women_floral_button-down_loungewear_shirt.jpg,RIO,Women,Shirts,153,599,49,,,,Grey,,,,Floral,"RIO Grey Women Floral Button-Down Loungewear Shirt. Brand: RIO. Color: Grey. Pattern: Floral. Category: Women, Shirts",InStock,,https://www.ajio.com/rio-women-floral-button-down-loungewear-shirt/p/443077960_grey,2026-06-26T12:13:00.063541+00:00
Ajio,MAX BEIGE Women Embroidered Crop Shirt,https://assets.ajio.com/medias/sys_master/root1/20251015/cMFY/68efa5013d468c61ab634662/max_beige_women_embroidered_crop_shirt.jpg,MAX,Women,Shirts,386,699,21,,,,Beige,,,,Embroidered,"MAX BEIGE Women Embroidered Crop Shirt. Brand: MAX. Color: Beige. Pattern: Embroidered. Category: Women, Shirts",InStock,,https://www.ajio.com/max-women-embroidered-crop-shirt/p/701994631_beige,2026-06-26T12:13:00.063541+00:00
Ajio,ALLEN SOLLY Black Women Regular Fit Shirt,https://assets.ajio.com/medias/sys_master/root1/20251212/cgFv/693c4c96720fb821d38916c1/allen_solly_black_women_regular_fit_shirt.jpg,ALLEN SOLLY,Women,Shirts,965,2299,40,,,,Black,Regular Fit,,,,"ALLEN SOLLY Black Women Regular Fit Shirt. Brand: ALLEN SOLLY. Color: Black. Fit: Regular Fit. Category: Women, Shirts",InStock,,https://www.ajio.com/allen-solly-women-regular-fit-shirt/p/702618841_black,2026-06-26T12:13:00.063541+00:00
Ajio,ALLEN SOLLY Pink Women Regular Fit Shirt,https://assets.ajio.com/medias/sys_master/root1/20260410/pXAZ/69d913fdfcb5bb61d24e0261/allen_solly_pink_women_regular_fit_shirt.jpg,ALLEN SOLLY,Women,Shirts,1179,2799,40,,,,Pink,Regular Fit,,,,"ALLEN SOLLY Pink Women Regular Fit Shirt. Brand: ALLEN SOLLY. Color: Pink. Fit: Regular Fit. Category: Women, Shirts",InStock,,https://www.ajio.com/allen-solly-women-regular-fit-shirt/p/701913058_pink,2026-06-26T12:13:00.063541+00:00
Ajio,ALLEN SOLLY White Women Regular Fit Shirt,https://assets.ajio.com/medias/sys_master/root1/20250807/hUXl/68943ca03d468c61ab534529/allen_solly_white_women_regular_fit_shirt.jpg,ALLEN SOLLY,Women,Shirts,839,1999,40,,,,White,Regular Fit,,,,"ALLEN SOLLY White Women Regular Fit Shirt. Brand: ALLEN SOLLY. Color: White. Fit: Regular Fit. Category: Women, Shirts",InStock,,https://www.ajio.com/allen-solly-women-regular-fit-shirt/p/442890458_white,2026-06-26T12:13:00.063541+00:00
Ajio,Indie Picks Blue Women Tie & Dye Relaxed Fit Shirt,https://assets.ajio.com/medias/sys_master/root1/20260416/x1Rc/69e11289fcb5bb61d260eaed/indie_picks_blue_women_tie_%26_dye_relaxed_fit_shirt.jpg,Indie Picks,Women,Shirts,401,2297,80,,,XXL,Blue,Relaxed Fit,,,,"Indie Picks Blue Women Tie & Dye Relaxed Fit Shirt. Brand: Indie Picks. Color: Blue. Fit: Relaxed Fit. Size: XXL. Category: Women, Shirts. 3.9K shoppers wishlisted in last 30 days",InStock,,https://www.ajio.com/indie-picks-women-tie--dye-relaxed-fit-shirt/p/702884611_blue,2026-06-26T12:13:00.063541+00:00
Ajio,LEIA Brown Women Oversized Fit Striped Shirt,https://assets.ajio.com/medias/sys_master/root1/20251119/zqcm/691daa0b88d6d62ff8f69232/leia_brown_women_oversized_fit_striped_shirt.jpg,LEIA,Women,Shirts,347,1499,67,,,XL,Brown,Oversized Fit,,,Striped,"LEIA Brown Women Oversized Fit Striped Shirt. Brand: LEIA. Color: Brown. Fit: Oversized Fit. Pattern: Striped. Size: XL. Category: Women, Shirts",InStock,,https://www.ajio.com/leia-women-oversized-fit-striped-shirt/p/702520988_brown,2026-06-26T12:13:00.063541+00:00
Ajio,ALLEN SOLLY Purple Women Regular Fit Shirt,https://assets.ajio.com/medias/sys_master/root1/20260401/Im8s/69cd23c15bc52e77e025f878/allen_solly_purple_women_regular_fit_shirt.jpg,ALLEN SOLLY,Women,Shirts,909,1999,35,,,,Purple,Regular Fit,,,,"ALLEN SOLLY Purple Women Regular Fit Shirt. Brand: ALLEN SOLLY. Color: Purple. Fit: Regular Fit. Category: Women, Shirts",InStock,,https://www.ajio.com/allen-solly-women-regular-fit-shirt/p/701913136_purple,2026-06-26T12:13:00.063541+00:00
Ajio,Lee Cooper White & Grey Women Floral Print Regular Fit Cotton Shirt,https://assets.ajio.com/medias/sys_master/root1/20250901/VKQ6/68b539298bfb9009acbf2aac/lee_cooper_white_%26_grey_women_floral_print_regular_fit_cotton_shirt.jpg,Lee Cooper,Women,Shirts,511,1780,59,,,,Grey,Regular Fit,Cotton,,Floral,"Lee Cooper White & Grey Women Floral Print Regular Fit Cotton Shirt. Brand: Lee Cooper. Color: Grey. Fit: Regular Fit. Fabric: Cotton. Pattern: Floral. Category: Women, Shirts",InStock,,https://www.ajio.com/lee-cooper-women-floral-print-regular-fit-cotton-shirt/p/443067610_grey,2026-06-26T12:13:00.063541+00:00
Ajio,Vero Moda White Women Floral Print Regular Fit Shirt,https://assets.ajio.com/medias/sys_master/root1/20250722/zgtP/687f83585d4cb4138049395e/vero_moda_white_women_floral_print_regular_fit_shirt.jpg,Vero Moda,Women,Shirts,945,4499,70,,,,White,Regular Fit,,,Floral,"Vero Moda White Women Floral Print Regular Fit Shirt. Brand: Vero Moda. Color: White. Fit: Regular Fit. Pattern: Floral. Category: Women, Shirts",InStock,,https://www.ajio.com/vero-moda-women-floral-print-regular-fit-shirt/p/469742886_white,2026-06-26T12:13:00.063541+00:00
Ajio,YOUSTA Red Women Mandarin-Collar Straight Shirt,https://assets.ajio.com/medias/sys_master/root1/20251210/pl85/69398648720fb821d380f771/yousta_red_women_mandarin-collar_straight_shirt.jpg,YOUSTA,Women,Shirts,140,499,60,,,,Lightred,,,,,"YOUSTA Red Women Mandarin-Collar Straight Shirt. Brand: YOUSTA. Color: Lightred. Category: Women, Shirts. 1.7K shoppers wishlisted in last 30 days",InStock,,https://www.ajio.com/yousta-women-mandarin-collar-straight-shirt/p/443092511_lightred,2026-06-26T12:13:00.063541+00:00
Ajio,HANCOCK Navy Blue Women Striped Slim Fit Cotton Shirt,https://assets.ajio.com/medias/sys_master/root1/20260224/O45D/699db97f08a98823901bf678/hancock_navy_blue_women_striped_slim_fit_cotton_shirt.jpg,HANCOCK,Women,Shirts,532,1899,60,,,,Navy,Slim Fit,Cotton,,Striped,"HANCOCK Navy Blue Women Striped Slim Fit Cotton Shirt. Brand: HANCOCK. Color: Navy. Fit: Slim Fit. Fabric: Cotton. Pattern: Striped. Category: Women, Shirts",InStock,,https://www.ajio.com/hancock-women-striped-slim-fit-cotton-shirt/p/467348982_navy,2026-06-26T12:13:00.063541+00:00
Ajio,FITHUB Cream Women Regular Fit Shirt with Band Collar,https://assets.ajio.com/medias/sys_master/root/20250510/sLSB/681f833c7a6cd4182f25a929/fithub_cream_women_regular_fit_shirt_with_band_collar.jpg,FITHUB,Women,Shirts,559,1699,53,,,,Cream,Regular Fit,,,,"FITHUB Cream Women Regular Fit Shirt with Band Collar. Brand: FITHUB. Color: Cream. Fit: Regular Fit. Category: Women, Shirts",InStock,,https://www.ajio.com/fithub-women-regular-fit-shirt-with-band-collar/p/466833334_cream,2026-06-26T12:13:00.063541+00:00
Ajio,Vero Moda Pink Women Floral Print Regular Fit Shirt,https://assets.ajio.com/medias/sys_master/root/20250211/eVES/67ab5c83bc78b543a938bfe0/vero_moda_pink_women_floral_print_regular_fit_shirt.jpg,Vero Moda,Women,Shirts,630,2999,70,,,,Pink,Regular Fit,,,Floral,"Vero Moda Pink Women Floral Print Regular Fit Shirt. Brand: Vero Moda. Color: Pink. Fit: Regular Fit. Pattern: Floral. Category: Women, Shirts",InStock,,https://www.ajio.com/vero-moda-women-floral-print-regular-fit-shirt/p/469724430_pink,2026-06-26T12:13:00.063541+00:00
Ajio,LIMEROAD Green Women Striped Oversized Fit Shirt,https://assets.ajio.com/medias/sys_master/root1/20260509/7UwB/69fe42bd14d0c21719c9febe/limeroad_green_women_striped_oversized_fit_shirt.jpg,LIMEROAD,Women,Shirts,220,349,10,,,,Green,Oversized Fit,,,Striped,"LIMEROAD Green Women Striped Oversized Fit Shirt. Brand: LIMEROAD. Color: Green. Fit: Oversized Fit. Pattern: Striped. Category: Women, Shirts",InStock,,https://www.ajio.com/limeroad-women-striped-oversized-fit-shirt/p/703430294_green,2026-06-26T12:13:00.063541+00:00
Ajio,Vero Moda White Women Floral Print Regular Fit Shirt,https://assets.ajio.com/medias/sys_master/root/20250211/Gc2G/67ab62092960820c497711a0/vero_moda_white_women_floral_print_regular_fit_shirt.jpg,Vero Moda,Women,Shirts,693,3299,70,,,,White,Regular Fit,,,Floral,"Vero Moda White Women Floral Print Regular Fit Shirt. Brand: Vero Moda. Color: White. Fit: Regular Fit. Pattern: Floral. Category: Women, Shirts",InStock,,https://www.ajio.com/vero-moda-women-floral-print-regular-fit-shirt/p/469724429_white,2026-06-26T12:13:00.063541+00:00
Ajio,LEIA Multicoloured Women Printed Regular Fit Shirt with Cuban Collar,https://assets.ajio.com/medias/sys_master/root1/20250818/2IXV/68a31ae13d468c61ab735b1e/leia_multicoloured_women_printed_regular_fit_shirt_with_cuban_collar.jpg,LEIA,Women,Shirts,141,650,69,,,L,Multi,Regular Fit,,,Printed,"LEIA Multicoloured Women Printed Regular Fit Shirt with Cuban Collar. Brand: LEIA. Color: Multi. Fit: Regular Fit. Pattern: Printed. Size: L. Category: Women, Shirts",InStock,,https://www.ajio.com/leia-women-printed-regular-fit-shirt-with-cuban-collar/p/702124730_multi,2026-06-26T12:13:00.063541+00:00
Ajio,Outzidr White Women Striped Oversized Fit Shirt,https://assets.ajio.com/medias/sys_master/root/20250601/Fc4G/683c5c2455340d4b4f755a5c/outzidr_white_women_striped_oversized_fit_shirt.jpg,Outzidr,Women,Shirts,524,749,30.04,,,,White,Oversized Fit,,,Striped,"Outzidr White Women Striped Oversized Fit Shirt. Brand: Outzidr. Color: White. Fit: Oversized Fit. Pattern: Striped. Category: Women, Shirts",InStock,,https://www.ajio.com/outzidr-women-striped-oversized-fit-shirt/p/701658112_white,2026-06-26T12:13:00.063541+00:00
Ajio,GUFRINA Sea Green Women Regular Fit Floral Print Shirt with Puff-Sleeves,https://assets.ajio.com/medias/sys_master/root/20250519/lEeq/682b16a77a6cd4182f39d982/gufrina_sea_green_women_regular_fit_floral_print_shirt_with_puff-sleeves.jpg,GUFRINA,Women,Shirts,400,1999,73,,,XXL,Seagreen,Regular Fit,,,Floral,"GUFRINA Sea Green Women Regular Fit Floral Print Shirt with Puff-Sleeves. Brand: GUFRINA. Color: Seagreen. Fit: Regular Fit. Pattern: Floral. Size: XXL. Category: Women, Shirts",InStock,,https://www.ajio.com/gufrina-women-regular-fit-floral-print-shirt-with-puff-sleeves/p/701589277_seagreen,2026-06-26T12:13:00.063541+00:00
Ajio,ALLEN SOLLY Brown Women Regular Fit Shirt,https://assets.ajio.com/medias/sys_master/root/20241201/IsLw/674b9331c148fa1b30011f5f/allen_solly_brown_women_regular_fit_shirt.jpg,ALLEN SOLLY,Women,Shirts,1299,2999,40,,,,Brown,Regular Fit,,,,"ALLEN SOLLY Brown Women Regular Fit Shirt. Brand: ALLEN SOLLY. Color: Brown. Fit: Regular Fit. Category: Women, Shirts",InStock,,https://www.ajio.com/allen-solly-women-regular-fit-shirt--/p/700841239_brown,2026-06-26T12:13:00.063541+00:00
Ajio,RIO Burgandy Women Front Ruched Regular Fit Top,https://assets.ajio.com/medias/sys_master/root1/20260225/hyaS/699ebc7a67bcd7539351ee59/rio_burgandy_women_front_ruched_regular_fit_top.jpg,RIO,Women,Shirts,127,499,49,,,,Burgandy,Regular Fit,,,,"RIO Burgandy Women Front Ruched Regular Fit Top. Brand: RIO. Color: Burgandy. Fit: Regular Fit. Category: Women, Shirts. 1.3K shoppers wishlisted in last 30 days",InStock,,https://www.ajio.com/rio-women-front-ruched-regular-fit-top/p/443108911_burgandy,2026-06-26T12:13:00.063541+00:00
Ajio,ALLEN SOLLY Olive Women Regular Fit Shirt,https://assets.ajio.com/medias/sys_master/root/20250710/2DdH/686ff29ab13fc54edd14d3b8/allen_solly_olive_women_regular_fit_shirt.jpg,ALLEN SOLLY,Women,Shirts,965,2299,40,,,,Olive,Regular Fit,,,,"ALLEN SOLLY Olive Women Regular Fit Shirt. Brand: ALLEN SOLLY. Color: Olive. Fit: Regular Fit. Category: Women, Shirts",InStock,,https://www.ajio.com/allen-solly-women-regular-fit-shirt/p/701913112_olive,2026-06-26T12:13:00.063541+00:00
Ajio,LEVI'S Orange Women Smocked Regular Fit Shirt,https://assets.ajio.com/medias/sys_master/root/20240827/QVQa/66cdb9381d763220fa9e4a10/levi%27s_orange_women_smocked_regular_fit_shirt.jpg,LEVI'S,Women,Shirts,1179,2799,40,,,,Orange,Regular Fit,,,,"LEVI'S Orange Women Smocked Regular Fit Shirt. Brand: LEVI'S. Color: Orange. Fit: Regular Fit. Category: Women, Shirts",InStock,,https://www.ajio.com/levi-s-women-smocked-regular-fit-shirt/p/442201168_orange,2026-06-26T12:13:00.063541+00:00
Ajio,Fery London Green Women Polka-Dot Print Regular Fit Shirt,https://assets.ajio.com/medias/sys_master/root1/20251222/ckMp/69485206239b37265a918fa4/fery_london_green_women_polka-dot_print_regular_fit_shirt.jpg,Fery London,Women,Shirts,385,1999,78,,,,Green,Regular Fit,,,Polka,"Fery London Green Women Polka-Dot Print Regular Fit Shirt. Brand: Fery London. Color: Green. Fit: Regular Fit. Pattern: Polka. Category: Women, Shirts",InStock,,https://www.ajio.com/fery-london-women-polka-dot-print-regular-fit-shirt/p/702472589_green,2026-06-26T12:13:00.063541+00:00
Ajio,Lee Cooper Black Women Stripes Relaxed Fit Shirt,https://assets.ajio.com/medias/sys_master/root1/20260421/ysmc/69e7333614d0c2171985c818/lee_cooper_black_women_stripes_relaxed_fit_shirt.jpg,Lee Cooper,Women,Shirts,431,1499,59,,,,Black,Relaxed Fit,,,Striped,"Lee Cooper Black Women Stripes Relaxed Fit Shirt. Brand: Lee Cooper. Color: Black. Fit: Relaxed Fit. Pattern: Striped. Category: Women, Shirts",InStock,,https://www.ajio.com/lee-cooper-women-stripes-relaxed-fit-shirt/p/443120219_black,2026-06-26T12:13:00.063541+00:00
Ajio,LEIA Fuchsia Women Regular Fit Shirt with Mandarin Collar,https://assets.ajio.com/medias/sys_master/root/20250415/zzYc/67fe212a55340d4b4fd8535a/leia_fuchsia_women_regular_fit_shirt_with_mandarin_collar.jpg,LEIA,Women,Shirts,340,1699,73,,,S,Fuchsia,Regular Fit,,,,"LEIA Fuchsia Women Regular Fit Shirt with Mandarin Collar. Brand: LEIA. Color: Fuchsia. Fit: Regular Fit. Size: S. Category: Women, Shirts",InStock,,https://www.ajio.com/leia-women-regular-fit-shirt-with-mandarin-collar/p/701458894_fuchsia,2026-06-26T12:13:00.063541+00:00
Ajio,FIG Brown Women Regular Fit Crinkled Shirt,https://assets.ajio.com/medias/sys_master/root1/20260225/tkzl/699eb1eb08a98823901e8a9d/fig_brown_women_regular_fit_crinkled_shirt.jpg,FIG,Women,Shirts,390,1099,29,,,,Brown,Regular Fit,,,,"FIG Brown Women Regular Fit Crinkled Shirt. Brand: FIG. Color: Brown. Fit: Regular Fit. Category: Women, Shirts. 1.8K shoppers wishlisted in last 30 days",InStock,,https://www.ajio.com/fig-women-regular-fit-crinkled-shirt/p/443104087_brown,2026-06-26T12:13:00.063541+00:00
Ajio,DNMX Blue & White Women Striped Relaxed Fit Shirt with Patch Pocket,https://assets.ajio.com/medias/sys_master/root1/20260427/tg7e/69ef302dfcb5bb61d2827dda/dnmx_blue_%26_white_women_striped_relaxed_fit_shirt_with_patch_pocket.jpg,DNMX,Women,Shirts,559,799,30.04,,,,Blue,Relaxed Fit,,,Striped,"DNMX Blue & White Women Striped Relaxed Fit Shirt with Patch Pocket. Brand: DNMX. Color: Blue. Fit: Relaxed Fit. Pattern: Striped. Category: Women, Shirts. 966 shoppers wishlisted in last 30 days",InStock,,https://www.ajio.com/dnmx-women-striped-relaxed-fit-shirt-with-patch-pocket/p/443121346_blue,2026-06-26T12:13:00.063541+00:00
Ajio,Lee Cooper Green Women Checked Regular Fit Shirt,https://assets.ajio.com/medias/sys_master/root/20240918/Vu9G/66ea74dff9b8ef490b4d619c/lee_cooper_green_women_checked_regular_fit_shirt.jpg,Lee Cooper,Women,Shirts,562,1405,29,,,,Green,Regular Fit,,,Checkered,"Lee Cooper Green Women Checked Regular Fit Shirt. Brand: Lee Cooper. Color: Green. Fit: Regular Fit. Pattern: Checkered. Category: Women, Shirts",InStock,,https://www.ajio.com/lee-cooper-women-checked-regular-fit-shirt/p/443040675_green,2026-06-26T12:13:00.063541+00:00
Ajio,RIO Yellow Women Striped Pleated Regular Fit Shirt,https://assets.ajio.com/medias/sys_master/root1/20260326/AQeW/69c537485bc52e77e0050f6d/rio_yellow_women_striped_pleated_regular_fit_shirt.jpg,RIO,Women,Shirts,284,799,29,,,,Lightyellow,Regular Fit,,,Striped,"RIO Yellow Women Striped Pleated Regular Fit Shirt. Brand: RIO. Color: Lightyellow. Fit: Regular Fit. Pattern: Striped. Category: Women, Shirts. 5.5K shoppers wishlisted in last 30 days",InStock,,https://www.ajio.com/rio-women-striped-pleated-regular-fit-shirt/p/443112267_lightyellow,2026-06-26T12:13:00.063541+00:00
Ajio,FIG Off White Women Knitted Regular Fit Shirt,https://assets.ajio.com/medias/sys_master/root1/20260216/NEhT/6992f1becbfa0d5608fce39a/fig_off_white_women_knitted_regular_fit_shirt.jpg,FIG,Women,Shirts,153,599,49,,,,Off White,Regular Fit,,,,"FIG Off White Women Knitted Regular Fit Shirt. Brand: FIG. Color: Off White. Fit: Regular Fit. Category: Women, Shirts. 1.6K shoppers wishlisted in last 30 days",InStock,,https://www.ajio.com/fig-women-knitted-regular-fit-shirt/p/443113829_offwhite,2026-06-26T12:13:00.063541+00:00
Ajio,OLD NAVY Blue & White Women Striped Relaxed Fit Cotton Shirt,https://assets.ajio.com/medias/sys_master/root1/20251211/Byso/693ab6ff720fb821d383d966/old_navy_blue_%26_white_women_striped_relaxed_fit_cotton_shirt.jpg,OLD NAVY,Women,Shirts,899,1499,40,,,,Blue,Relaxed Fit,Cotton,,Striped,"OLD NAVY Blue & White Women Striped Relaxed Fit Cotton Shirt. Brand: OLD NAVY. Color: Blue. Fit: Relaxed Fit. Fabric: Cotton. Pattern: Striped. Category: Women, Shirts",InStock,,https://www.ajio.com/old-navy-women-striped-relaxed-fit-cotton-shirt/p/442754092_blue,2026-06-26T12:13:00.063541+00:00
Ajio,FREEHAND Pink Women Striped Oversized Shirt,https://assets.ajio.com/medias/sys_master/root/20240307/2jh6/65e9d6ec05ac7d77bb9eba2c/freehand_pink_women_striped_oversized_shirt.jpg,FREEHAND,Women,Shirts,399,1899,70,,,,Pink,,,,Striped,"FREEHAND Pink Women Striped Oversized Shirt. Brand: FREEHAND. Color: Pink. Pattern: Striped. Category: Women, Shirts",InStock,,https://www.ajio.com/freehand-women-striped-oversized-shirt/p/469602174_pink,2026-06-26T12:13:00.063541+00:00
Ajio,U.S. Polo Assn. Multicolor Women Regular Fit Shirt,https://assets.ajio.com/medias/sys_master/root/20250217/VzYe/67b324132960820c4988aeba/u.s._polo_assn._multicolor_women_regular_fit_shirt.jpg,U.S. Polo Assn.,Women,Shirts,875,2499,50,,,,Multi,Regular Fit,,,,"U.S. Polo Assn. Multicolor Women Regular Fit Shirt. Brand: U.S. Polo Assn.. Color: Multi. Fit: Regular Fit. Category: Women, Shirts",InStock,,https://www.ajio.com/u-s-polo-assn-women-regular-fit-shirt/p/701217618_multi,2026-06-26T12:13:00.063541+00:00
Ajio,The Souled Store Blue Women Striped Oversized Fit Shirt with Cuffed Sleeves,https://assets.ajio.com/medias/sys_master/root/20240828/jarF/66cea6606f60443f31320e68/the_souled_store_blue_women_striped_oversized_fit_shirt_with_cuffed_sleeves.jpg,The Souled Store,Women,Shirts,951,1699,44,,,,Blue,Oversized Fit,,,Striped,"The Souled Store Blue Women Striped Oversized Fit Shirt with Cuffed Sleeves. Brand: The Souled Store. Color: Blue. Fit: Oversized Fit. Pattern: Striped. Category: Women, Shirts",InStock,,https://www.ajio.com/the-souled-store-women-striped-oversized-fit-shirt-with-cuffed-sleeves/p/700334177_blue,2026-06-26T12:13:00.063541+00:00
Ajio,MAX MAUVE Women Striped Regular Fit Shirt,https://assets.ajio.com/medias/sys_master/root1/20250925/lIBL/68d49e0e3d468c61ab23940d/max_mauve_women_striped_regular_fit_shirt.jpg,MAX,Women,Shirts,482,999,31,,,,Brown,Regular Fit,,,Striped,"MAX MAUVE Women Striped Regular Fit Shirt. Brand: MAX. Color: Brown. Fit: Regular Fit. Pattern: Striped. Category: Women, Shirts",InStock,,https://www.ajio.com/max-women-striped-regular-fit-shirt/p/702305047_brown,2026-06-26T12:13:00.063541+00:00
Ajio,Lee Cooper Blue Women Striped Oversized Cotton Shirt with Patch Pocket,https://assets.ajio.com/medias/sys_master/root/20250506/T0sj/681a028a55340d4b4f1c1ce7/lee_cooper_blue_women_striped_oversized_cotton_shirt_with_patch_pocket.jpg,Lee Cooper,Women,Shirts,750,1874,29,,,,Blue,,Cotton,,Striped,"Lee Cooper Blue Women Striped Oversized Cotton Shirt with Patch Pocket. Brand: Lee Cooper. Color: Blue. Fabric: Cotton. Pattern: Striped. Category: Women, Shirts",InStock,,https://www.ajio.com/lee-cooper-women-striped-oversized-cotton-shirt-with-patch-pocket/p/443280262_blue,2026-06-26T12:13:00.063541+00:00
Ajio,PINACOLADA Black Women Regular Fit Shirt with Spread Collar,https://assets.ajio.com/medias/sys_master/root1/20260331/WTnE/69cbac8b9e784a25d5a6e135/pinacolada_black_women_regular_fit_shirt_with_spread_collar.jpg,PINACOLADA,Women,Shirts,300,1499,73,,,L,Black,Regular Fit,,,,"PINACOLADA Black Women Regular Fit Shirt with Spread Collar. Brand: PINACOLADA. Color: Black. Fit: Regular Fit. Size: L. Category: Women, Shirts",InStock,,https://www.ajio.com/pinacolada-women-regular-fit-shirt-with-spread-collar/p/703256341_black,2026-06-26T12:13:00.063541+00:00
Ajio,YOUSTA Lavender Women Boxy Fit Shirt with Flap Pockets,https://assets.ajio.com/medias/sys_master/root1/20250901/oC8O/68b534848bfb9009acbf1d54/yousta_lavender_women_boxy_fit_shirt_with_flap_pockets.jpg,YOUSTA,Women,Shirts,168,799,70,,,,Lilac,Boxy Fit,,,,"YOUSTA Lavender Women Boxy Fit Shirt with Flap Pockets. Brand: YOUSTA. Color: Lilac. Fit: Boxy Fit. Category: Women, Shirts. 1.2K shoppers wishlisted in last 30 days",InStock,,https://www.ajio.com/yousta-women-boxy-fit-shirt-with-flap-pockets/p/443080974_lilac,2026-06-26T12:13:00.063541+00:00
Ajio,DNMX Beige Women Striped Relaxed Fit Shirt with Twisted Hem,https://assets.ajio.com/medias/sys_master/root1/20250717/p2jX/6878fe9e5d4cb41380267cbf/dnmx_beige_women_striped_relaxed_fit_shirt_with_twisted_hem.jpg,DNMX,Women,Shirts,285,799,49,,,,Beige,Relaxed Fit,,,Striped,"DNMX Beige Women Striped Relaxed Fit Shirt with Twisted Hem. Brand: DNMX. Color: Beige. Fit: Relaxed Fit. Pattern: Striped. Category: Women, Shirts",InStock,,https://www.ajio.com/dnmx-women-striped-relaxed-fit-shirt-with-twisted-hem/p/443077857_beige,2026-06-26T12:13:00.063541+00:00
Ajio,RIO Tan Women Slim Fit Crop Shirt,https://assets.ajio.com/medias/sys_master/root1/20260420/HYe8/69e60e0114d0c2171981b233/rio_tan_women_slim_fit_crop_shirt.jpg,RIO,Women,Shirts,213,599,29,,,,Tan,Slim Fit,,,,"RIO Tan Women Slim Fit Crop Shirt. Brand: RIO. Color: Tan. Fit: Slim Fit. Category: Women, Shirts. 1.1K shoppers wishlisted in last 30 days",InStock,,https://www.ajio.com/rio-women-slim-fit-crop-shirt/p/443116289_tan,2026-06-26T12:13:00.063541+00:00
Ajio,RIO pink Women Regular Fit Shirt with Flap Pockets,https://assets.ajio.com/medias/sys_master/root1/20250721/WpMn/687e35276034bf77f0e1937b/rio_pink_women_regular_fit_shirt_with_flap_pockets.jpg,RIO,Women,Shirts,153,599,49,,,,Pink,Regular Fit,,,,"RIO pink Women Regular Fit Shirt with Flap Pockets. Brand: RIO. Color: Pink. Fit: Regular Fit. Category: Women, Shirts",InStock,,https://www.ajio.com/rio-women-regular-fit-shirt-with-flap-pockets/p/443076917_pink,2026-06-26T12:13:00.063541+00:00
Ajio,LEIA Off White Women Printed Regular Fit Shirt with Cuban Collar,https://assets.ajio.com/medias/sys_master/root1/20250818/Ypdj/68a3204b3d468c61ab741bb2/leia_off_white_women_printed_regular_fit_shirt_with_cuban_collar.jpg,LEIA,Women,Shirts,173,650,62,,,XXL,Off White,Regular Fit,,,Printed,"LEIA Off White Women Printed Regular Fit Shirt with Cuban Collar. Brand: LEIA. Color: Off White. Fit: Regular Fit. Pattern: Printed. Size: XXL. Category: Women, Shirts",InStock,,https://www.ajio.com/leia-women-printed-regular-fit-shirt-with-cuban-collar/p/702124730_offwhite,2026-06-26T12:13:00.063541+00:00
Ajio,ALLEN SOLLY Maroon Women Regular Fit Shirt with Cuffed Sleeves,https://assets.ajio.com/medias/sys_master/root1/20251113/3RG1/69160e87a470c5082f8d58cb/allen_solly_maroon_women_regular_fit_shirt_with_cuffed_sleeves.jpg,ALLEN SOLLY,Women,Shirts,864,1899,35,,,,Maroon,Regular Fit,,,,"ALLEN SOLLY Maroon Women Regular Fit Shirt with Cuffed Sleeves. Brand: ALLEN SOLLY. Color: Maroon. Fit: Regular Fit. Category: Women, Shirts",InStock,,https://www.ajio.com/allen-solly-women-regular-fit-shirt-with-cuffed-sleeves/p/702497753_maroon,2026-06-26T12:13:00.063541+00:00
Ajio,GOSRIKI Black Women Striped Shirt with Short Sleeves,https://assets.ajio.com/medias/sys_master/root1/20250922/e9eM/68d156178bfb9009ac25feb9/gosriki_black_women_striped_shirt_with_short_sleeves.jpg,GOSRIKI,Women,Shirts,360,3197,89,,,XL,Black,,,Short Sleeve,Striped,"GOSRIKI Black Women Striped Shirt with Short Sleeves. Brand: GOSRIKI. Color: Black. Sleeve: Short Sleeve. Pattern: Striped. Size: XL. Category: Women, Shirts",InStock,,https://www.ajio.com/gosriki-women-striped-shirt-with-short-sleeves/p/702296926_black,2026-06-26T12:13:00.063541+00:00
Ajio,Fery London Red Women Floral Print Regular Fit Shirt,https://assets.ajio.com/medias/sys_master/root/20250710/Ju2R/686ef2eae590ff066e3b1d28/fery_london_red_women_floral_print_regular_fit_shirt.jpg,Fery London,Women,Shirts,400,1999,73,,,XS,Red,Regular Fit,,,Floral,"Fery London Red Women Floral Print Regular Fit Shirt. Brand: Fery London. Color: Red. Fit: Regular Fit. Pattern: Floral. Size: XS. Category: Women, Shirts. 1.7K shoppers wishlisted in last 30 days",InStock,,https://www.ajio.com/fery-london-women-floral-print-regular-fit-shirt/p/467311831_red,2026-06-26T12:13:00.063541+00:00
Ajio,DNMX White Women Relaxed Fit Crop Shirt,https://assets.ajio.com/medias/sys_master/root1/20250923/Gbze/68d25c728bfb9009ac27b98d/dnmx_white_women_relaxed_fit_crop_shirt.jpg,DNMX,Women,Shirts,153,599,49,,,,White,Relaxed Fit,,,,"DNMX White Women Relaxed Fit Crop Shirt. Brand: DNMX. Color: White. Fit: Relaxed Fit. Category: Women, Shirts",InStock,,https://www.ajio.com/dnmx-women-relaxed-fit-crop-shirt/p/443086359_white,2026-06-26T12:13:00.063541+00:00
