website_name,product_name,product_image,brand,category,subcategory,price,original_price,discount_percent,rating,review_count,size_options,color,fit_type,fabric,sleeve_type,pattern,description,availability,seller,product_url,scrape_date
Amazon India,Van Heusen Women Polyester Regular Fit Solid Full Sleeve Casual Shirt,https://m.media-amazon.com/images/I/51mWd7jXVPL._AC_UL320_.jpg,Van Heusen,Clothing & Accessories,Button-Down Shirts,1985,2299,13.66,3.9,84,"XS, S, M, L, XL, 2XL",Beige,Regular Fit,Polyester,Long Sleeve,Solid,This Top from Van Heusen Women is a perfect addition to your style repertoire.,In stock,Cocoblu Retail,https://www.amazon.in/dp/B0GT5NXT1S,2026-06-26T08:41:34.085456+00:00
Amazon India,Van Heusen Women Polyester Regular Fit Solid Half Sleeve Casual Shirt,https://m.media-amazon.com/images/I/610tXYDRIeL._AC_UL320_.jpg,Van Heusen,Clothing & Accessories,Button-Down Shirts,1586,2299,31.01,4.1,46,"XS, S, M, L, XL, 2XL",Beige,Regular Fit,Polyester,Half Sleeve,Solid,This Top from Van Heusen Women is a perfect addition to your style repertoire.,In stock,Cocoblu Retail,https://www.amazon.in/dp/B0G6FK24Z4,2026-06-26T08:41:34.085456+00:00
Amazon India,"Women’s Striped Shirt, Casual Button Down Shirt for Women, Full Sleeve Cotton Blend Oversized, Ladies Formal & Casual Wear Top",https://m.media-amazon.com/images/I/41GRh35qwkL._AC_UL320_.jpg,Generic,Clothing & Accessories,Button-Down Shirts,289,999,71.07,2.5,4,"S, M, L, XL",PINK,Regular Fit,Cotton Blend,Balloon Sleeve,Striped,"Refresh your everyday style with this elegant Women’s Striped Casual Shirt, designed to deliver both comfort and trend. Crafted from a premium cotton blend fabric, this shirt feels soft on the skin while ensuring breathability for all-day wear. The classic vertical stripe pattern adds a slimming effect and a modern touch, making it a must-have wardrobe essential. Featuring a full button-down front and full sleeves with cuffs, this shirt offers a perfect balance of casual and semi-formal style. You can wear it as a standalone top or layer it over a crop top, tank, or t-shirt for a chic, effortless look. Whether you're heading to the office, college, shopping, or a casual outing, this versatile shirt fits every occasion. Pair it with jeans for a relaxed vibe or trousers for a more polished outfit. Its lightweight and easy-care fabric make it ideal for daily wear across all seasons.",In stock,A H ENTERPRISESonline,https://www.amazon.in/dp/B0GZKYWJV5,2026-06-26T08:41:34.085456+00:00
Amazon India,Women Cotton Striped Shirt | Green White Vertical Stripe Oversized Shirt's for Women | Long Sleeve Button Down Casual & Office Wear Shirt for Girls,https://m.media-amazon.com/images/I/61HyvvPK2KL._AC_UL320_.jpg,SRB CORP,Clothing & Accessories,Button-Down Shirts,345,999,65.47,2.4,34,"S, M, L, XL",PINK LINE SHIRT,Oversized Fit,Cotton,Raglan Sleeve,Striped,"SRB CORP Women Cotton Striped Shirt | Green White Vertical Stripe Oversized Shirt's for Women | Long Sleeve Button Down Ca.... Fabric: Cotton. Fit: Oversized Fit. Sleeve: Raglan Sleeve. Pattern: Striped. Color: PINK LINE SHIRT. Sizes: S, M, L, XL",In stock,M/s S R B CORPORATION,https://www.amazon.in/dp/B0GZGPD3PX,2026-06-26T08:41:34.085456+00:00
Amazon India,"BOOSTY Women's Striped Shirt, Yellow, Puff Sleeves, Button-Down, Back Tie Detail, Collared Shirt",https://m.media-amazon.com/images/I/81bbPlHdNpL._AC_UL320_.jpg,BOOSTY,Clothing & Accessories,Button-Down Shirts,299,1299,76.98,5,,"S, XS, M",Yellow,Regular Fit,Polycotton,Puff Sleeve,Solid,BOOSTY | Save 4% 4% off coupon appliedSave 4% with coupon (limited sizes/colours) | Save 4% 4% off coupon applied | Save 4% | 4% off coupon applied | Save 4% with coupon (limited sizes/colours) | Save 4% | with coupon (limited sizes/colours),In stock,M/S PAENTERPRISES,https://www.amazon.in/dp/B0H58G3B6K,2026-06-26T08:41:34.085456+00:00
Amazon India,Gufrina Women’s Light Rose Floral Printed Button Down Shirt with Mandarin Collar and Relaxed Fit 3/4 Sleeves,https://m.media-amazon.com/images/I/71+8o4O1WCL._AC_UL320_.jpg,Gufrina,Clothing & Accessories,Button-Down Shirts,448,1399,67.98,3.8,715,"L, S, M, XL, 2XL, 3XL, 4XL, 5XL",Light Rose,Regular Fit,Rayon Blend,Bishop Sleeve,Floral,"The Gufrina women’s floral printed button-down shirt in light rose is a graceful blend of style, comfort, and versatility. Crafted with lightweight fabric, this shirt showcases a soft watercolor-inspired floral design in shades of dusty pink, rose, and subtle green leaves, creating a timeless, feminine look. The delicate print on the pastel background makes it a standout choice for both casual and semi-formal occasions. Designed with a mandarin collar, this shirt delivers a modern touch while maintaining classic appeal. The full button-down front with neatly aligned buttons adds both practicality and a polished look, making it easy to wear and style in multiple ways. The relaxed fit ensures maximum comfort while allowing for a chic drape, making it suitable for all-day wear. Long sleeves with buttoned cuffs enhance the structured silhouette, offering both sophistication and ease. This shirt is perfect for versatile styling. Pair it with jeans for a casual outing, tailored trousers for a professional setup, or flowy skirts for a refined brunch or evening look. The lightweight nature of the fabric makes it breathable, comfortable, and suitable for warmer days, while the timeless floral design ensures year-round wearability. Whether worn tucked in for a sleek office-ready vibe or styled loose for a relaxed appearance, the Gufrina light rose floral printed button-down shirt adapts to your style. It’s an essential piece for women who value both elegance and comfort in their everyday wardrobe.",In stock,Cocoblu Retail,https://www.amazon.in/dp/B0FNX7KTB2,2026-06-26T08:41:34.085456+00:00
Amazon India,Women's Korean Style 3/4 Sleeve Oversized Button Down|| Workwear Top Shirt for Office & Casual Wear Women Shirt || Shirt for Woman || Top for Women (L-98-101),https://m.media-amazon.com/images/I/61a770ncRFL._AC_UL320_.jpg,NINEOX,Clothing & Accessories,Button-Down Shirts,489,1499,67.38,3.2,134,"XS, S, M, L, XL, 2XL, 3XL",Blue,Regular Fit,Cotton Blend,3/4 Sleeve,Solid,"Introducing the NINEOX Women's Oversized Solid Formal Shirt, the ultimate summer wardrobe essential. Crafted from comfortable Poly Viscose fabric, this shirt offers versatility for any occasion. Whether it's Western wear, office attire, or a casual day out, this shirt fits the bill. Its lightweight and breathable material make it perfect for summer, while the Korean-inspired baggy style adds a trendy flair. Pair it with jeans, shorts, or jeggings for a fashion-forward look. Elevate your summer wardrobe with this stylish western oversized shirt, recommended in size large for a comfortable fit. Experience effortless style and comfort with the NINEOX Women's Oversized Solid Formal Shirt.",In stock,NINE OX,https://www.amazon.in/dp/B0GP6R2N67,2026-06-26T08:41:34.085456+00:00
Amazon India,Women Cotton Striped Shirt | Green White Vertical Stripe Oversized Shirt's for Women | Long Sleeve Button Down Casual & Office Wear Shirt for Girls,https://m.media-amazon.com/images/I/61eLgolXMkL._AC_UL320_.jpg,SRB CORP,Clothing & Accessories,Button-Down Shirts,345,999,65.47,2.4,34,"S, M, L, XL",BLUE LINE SHIRT,Oversized Fit,Cotton,Raglan Sleeve,Striped,"SRB CORP Women Cotton Striped Shirt | Green White Vertical Stripe Oversized Shirt's for Women | Long Sleeve Button Down Ca.... Fabric: Cotton. Fit: Oversized Fit. Sleeve: Raglan Sleeve. Pattern: Striped. Color: BLUE LINE SHIRT. Sizes: S, M, L, XL",In stock,M/s S R B CORPORATION,https://www.amazon.in/dp/B0GZH5SMXX,2026-06-26T08:41:34.085456+00:00
Amazon India,Levi's Women Shirt,https://m.media-amazon.com/images/I/51waPm4y7OL._AC_UL320_.jpg,Levi's,Clothing & Accessories,Button-Down Shirts,1679,2799,40.01,5,1,"XS, S, M, L, XL",PINK,Relaxed Fit,Cotton Blend,Cuff Sleeve,Solid,"Take your weekend style up a notch with this Levi’s solid pink shirt. Made using soft cotton blend and tailored in a relaxed fit, this women's shirt offers relaxed comfort. Classic solid pattern lends visual interest Premium cotton-blend fabric Smart spread collar and long sleeves",In stock,Cocoblu Retail,https://www.amazon.in/dp/B0GP6VWX67,2026-06-26T08:41:34.085456+00:00
Amazon India,The Souled Store Women Button Down Shirt,https://m.media-amazon.com/images/I/61ghciV5-zL._AC_UL320_.jpg,The Souled Store,Clothing & Accessories,Button-Down Shirts,999,1899,47.39,4.2,153,"XS, S, M, L, XL, 2XL",Green,Oversized Fit,Cotton,Long Sleeve,Solid,Shop for Solids: Lime Boyfriend Shirt Womens OnlineMRP: Rs. 1999/- incl. of all taxes.,In stock,Cocoblu Retail,https://www.amazon.in/dp/B0CKNCQGJC,2026-06-26T08:41:34.085456+00:00
Amazon India,"Women’s Striped Shirt, Casual Button Down Shirt for Women, Full Sleeve Cotton Blend Oversized, Ladies Formal & Casual Wear Top",https://m.media-amazon.com/images/I/41Y4bICis8L._AC_UL320_.jpg,Generic,Clothing & Accessories,Button-Down Shirts,289,999,71.07,2.5,4,"S, M, L, XL",YELLOW,Regular Fit,Cotton Blend,Balloon Sleeve,Striped,"Refresh your everyday style with this elegant Women’s Striped Casual Shirt, designed to deliver both comfort and trend. Crafted from a premium cotton blend fabric, this shirt feels soft on the skin while ensuring breathability for all-day wear. The classic vertical stripe pattern adds a slimming effect and a modern touch, making it a must-have wardrobe essential. Featuring a full button-down front and full sleeves with cuffs, this shirt offers a perfect balance of casual and semi-formal style. You can wear it as a standalone top or layer it over a crop top, tank, or t-shirt for a chic, effortless look. Whether you're heading to the office, college, shopping, or a casual outing, this versatile shirt fits every occasion. Pair it with jeans for a relaxed vibe or trousers for a more polished outfit. Its lightweight and easy-care fabric make it ideal for daily wear across all seasons.",In stock,A H ENTERPRISESonline,https://www.amazon.in/dp/B0GZKV4B4H,2026-06-26T08:41:34.085456+00:00
Amazon India,The Souled Store Women's and Girls Full Sleeve Collared Neck Button Down Stripes Cotton Regular Fit Shirts,https://m.media-amazon.com/images/I/61+K9GgU6LL._AC_UL320_.jpg,The Souled Store,Clothing & Accessories,Shirts,949,1699,44.14,3.9,68,XL,Blue Stripes,Oversized Fit,Cotton,Long Sleeve,Solid,The Souled Store Women's and Girls Full Sleeve Collared Neck Button Down Stripes Cotton Regular Fit Shirts. Fabric: Cotton. Fit: Oversized Fit. Sleeve: Long Sleeve. Pattern: Solid. Color: Blue Stripes. Sizes: XL,In stock,Cocoblu Retail,https://www.amazon.in/dp/B0BR171JKG,2026-06-26T08:41:34.085456+00:00
Amazon India,Aahwan Women Polyester Modern Fit Solid Front Button Long Sleeve Casual Shirt,https://m.media-amazon.com/images/I/71vCI+E8h0L._AC_UL320_.jpg,Aahwan,Clothing & Accessories,Button-Down Shirts,549,1999,72.54,3.9,702,"XS, S, M, L, XL",Black,Modern Fit,Polyester,Long Sleeve,Solid,"The Aahwan Women's & Girls' Solid Regular Shirt is a stylish and versatile addition to your wardrobe. Designed with a chic racerback style, this shirt combines comfort and fashion effortlessly.",In stock,Aahwan Creation,https://www.amazon.in/dp/B0FLK5Z1MX,2026-06-26T08:41:34.085456+00:00
Amazon India,Style Quotient Women Solid Polycotton Regular Formal Shirt,https://m.media-amazon.com/images/I/31aogNf7XeL._AC_UL320_.jpg,Style Quotient,Clothing & Accessories,Shirts,449,1499,70.05,4,1.7,"XS, S, M, L, XL",White,Modern Fit,Polycotton,Long Sleeve,Solid,Classic Solid Formal Shirt With Spread Collar And Full Sleeve To Add To Your Back-To-Work Wardrobe. Pair It With Tight Fit Pants And You'Re Good To Go.,In stock,Cocoblu Retail,https://www.amazon.in/dp/B0BG5SSBWC,2026-06-26T08:41:34.085456+00:00
Amazon India,GRECIILOOKS Women`s Oversized Fit Crop Top Shirt | Comfortable Rich Korean Button Down | Comfortable Rich Korean Button Down | Workwear Top for Office & Casual Outfit,https://m.media-amazon.com/images/I/51QkhAoVybL._AC_UL320_.jpg,GRECIILOOKS,Clothing & Accessories,Button-Down Shirts,429,1999,78.54,4,1.2,"S, M, L, XL, 2XL, 3XL",Brown,Regular Fit,Rayon,Long Sleeve,Solid,"Introducing the GRECIILOOKS Women's Oversized Solid Formal Shirt, the ultimate summer wardrobe essential. Crafted from comfortable Poly Viscose fabric, this shirt offers versatility for any occasion. Whether it's Western wear, office attire, or a casual day out, this shirt fits the bill. Its lightweight and breathable material make it perfect for summer, while the Korean-inspired baggy style adds a trendy flair. Pair it with jeans, shorts, or jeggings for a fashion-forward look. Elevate your summer wardrobe with this stylish western oversized shirt, recommended in size large for a comfortable fit. Experience effortless style and comfort with the Greciilooks Women's Oversized Solid Formal Shirt.",In stock,Cocoblu Retail,https://www.amazon.in/dp/B0F8VYXX6N,2026-06-26T08:41:34.085456+00:00
Amazon India,Women Shirt||Women Relaxed Fit Vertical Striped Spread Collar Cotton Casual Shirt (S-12-19),https://m.media-amazon.com/images/I/61yZZ0pskSL._AC_UL320_.jpg,Zurity,Clothing & Accessories,Button-Down Shirts,449,4999,91.02,3.7,181,"S, M, L, XL, 2XL",Coffe Brown,Regular Fit,Rayon Blend,Balloon Sleeve,Striped,Shirt for Women | Womens Shirt | Ladies Shirt | Formal Shirt for Women | Casual Shirt for Women | Office Wear Shirt for Women | Stylish Shirt for Women,In stock,Cocoblu Retail,https://www.amazon.in/dp/B0GF33VC3R,2026-06-26T08:41:34.085456+00:00
Amazon India,"Women's Striped Shirt, Green and White Vertical Stripes, Long Sleeve, Button Down, Lace-Up Back Detail",https://m.media-amazon.com/images/I/61F-LI8S8CL._AC_UL320_.jpg,MAYKR,Clothing & Accessories,Button-Down Shirts,449,999,55.06,3.5,14,"3XL, S, M, L, XL, 2XL, 4XL, 5XL",blue,Regular Fit,Cotton Blend,Long Sleeve,Vertical Stripes,"This stylish women's striped shirt combines classic sophistication with a modern twist. Featuring crisp green and white vertical stripes, this button-down shirt brings a fresh, polished look to your wardrobe. The long sleeves and traditional collar create a timeless silhouette that works beautifully for both professional and casual settings. What sets this piece apart is the eye-catching lace-up back detail, adding an unexpected element of interest and allowing for an adjustable, customised fit. The corset-style back lacing creates a flattering shape whilst maintaining comfort throughout the day. This versatile shirt pairs effortlessly with jeans for a relaxed weekend look, or with tailored trousers and a skirt for office wear. The structured fit and quality fabric ensure you'll look put-together from morning to evening. Whether you're heading to a business meeting, lunch with friends, or a casual outing, this striped shirt offers the perfect blend of classic charm and contemporary design. The button-front closure provides easy wear, whilst the unique back detail ensures you'll stand out from the crowd.",In stock,NATUREGIFT,https://www.amazon.in/dp/B0GNRYMQYX,2026-06-26T08:41:34.085456+00:00
Amazon India,FYLTR Women’s Oversized Solid Shirt – 100% Cotton | Full Sleeve | Oversized Fit | Shirts for Women,https://m.media-amazon.com/images/I/51Uw9WXLHSL._AC_UL320_.jpg,FYLTR,Clothing & Accessories,Button-Down Shirts,699,1699,58.86,4.1,21,"S, M, L, XL, 2XL",Warm Taupe,Regular Fit,Cotton,Long Sleeve,Solid,"Welcome to FYLTR – a new line of casual clothing, featuring only solid colors. We believe that solid colors are more than just a fashion choice, they represent a mindset - a bold statement of timeless elegance. FYLTR is designed for those who appreciate the simplicity and sophistication of solids, and we're proud to be different. We're not here for prints or checks, and we never will be. Our brand is for those who want to join the solids bandwagon and make a bold statement with unwavering confidence. Explore our range of solid-colored casuals for both men and women and experience the unmatched sophistication of FYLTR",In stock,Cocoblu Retail,https://www.amazon.in/dp/B0G5HP668J,2026-06-26T08:41:34.085456+00:00
Amazon India,Gudwear Printed Button Down Style Shirt/Top for Women,https://m.media-amazon.com/images/I/81J8l7AbV1L._AC_UL320_.jpg,Gudwear,Clothing & Accessories,Shirts,399,1499,73.38,4,148,"S, M, L, XL, 2XL, 3XL, 4XL, 5XL",Red,Regular Fit,Rayon,3/4 Sleeve,Floral,"Gudwear's 100% Rayon Women tops/Shirt are very Stylish & Comfortable. The special designs makes it for you can use at any occasion like Party, Wedding and Casual visit, Made of 100% Rayon Material which makes it high breathable and also acts as natural Insulator. The cloth quality is best for all types of weather. It is so lovable that womens prefer its vibrant and immortal appearance. You will find it in amazing styles Whenever you are styling yourself with designer Stylish dress-up. Color and print is 100% Fast and is naturally dyed, thus quality is guaranteed. This is designed to match you with the latest fashion and new trends to keep you up with your wedding, party, festival, traditional day and any special occasion.",In stock,KRISHNAM_FASHION_STORE,https://www.amazon.in/dp/B0CS9RRPBR,2026-06-26T08:41:34.085456+00:00
Amazon India,GLOSY Women Shirt || Shirt for Woman || Top for Women,https://m.media-amazon.com/images/I/71hGJJpdr1L._AC_UL320_.jpg,GLOSY,Clothing & Accessories,Button-Down Shirts,486,1999,75.69,4,230,"S, M, L, XL, 2XL",Green,Regular Fit,Cotton,Raglan Sleeve,Floral,Women's Printed Shirt for Women's | Plus Size Workwear Top for Office & Casual Wear | Tops for Woman Shirts | Shirt for Women Stylish Western,In stock,Cocoblu Retail,https://www.amazon.in/dp/B0GVJHV4ST,2026-06-26T08:41:34.085456+00:00
Amazon India,GRECIILOOKS Striped Shirt for Women | Korean Style Full Sleeve Oversized Button Down Shirts | Tops for Women | Shirt for Woman | Plus Size Top for Office & Casual Outfit,https://m.media-amazon.com/images/I/81RKNdHphKL._AC_UL320_.jpg,GRECIILOOKS,Clothing & Accessories,Button-Down Shirts,499,1999,75.04,4,212,"S, M, L, XL, 2XL, 3XL",White,Regular Fit,Rayon,Long Sleeve,Striped,"Elevate your professional wardrobe with GRECIILOOKS Women's Striped Full Sleeve Shirt, expertly crafted for modern working women who demand both style and comfort. Made from premium rayon fabric, this breathable and lightweight formal shirts for women office wear delivers exceptional comfort throughout busy workdays while maintaining a polished, professional appearance. This elegant blue striped shirt for woman features a timeless striped pattern that adds sophisticated charm to any outfit. Whether you choose the classic blue and white striped shirt for women or prefer other color combinations, this versatile piece works beautifully for office meetings, presentations, business dinners, or casual professional settings. The formal shirt women design includes a classic button-up closure and full sleeves for complete coverage and professional appeal. Perfect as striped shirts for women seeking versatile office wear, this shirt pairs effortlessly with formal trousers, pencil skirts, or blazers for a complete professional look. The regular fit ensures comfort and mobility while maintaining a tailored appearance that flatters all body types. Whether you need formal for women office wear or a stylish option for college presentations, this girl shirt delivers exceptional quality and timeless style. The soft rayon material is gentle on skin while offering durability for regular wear. This women striped shirts design works beautifully for layering under blazers or wearing standalone for a clean, professional appearance. From boardroom meetings to networking events, this line shirt for women ensures you always look polished and confident. Add this essential striped shirt for woman to your professional collection and experience the perfect blend of comfort, style, and versatility that GRECIILOOKS delivers.",In stock,Cocoblu Retail,https://www.amazon.in/dp/B0FSD5WYQJ,2026-06-26T08:41:34.085456+00:00
Amazon India,Van Heusen Women's Regular Fit Solid Full Sleeve Cotton Rich Formal Shirt,https://m.media-amazon.com/images/I/61HvZWS20aL._AC_UL320_.jpg,Van Heusen,Clothing & Accessories,Shirts,1159,1799,35.58,4.1,350,"XS, S, M, L, XL, 2XL, 3XL",White,Regular Fit,Cotton,Long Sleeve,Solid,Upgrade your wardrobe with this shirt from by Van Heusen.,In stock,Cocoblu Retail,https://www.amazon.in/dp/B0C3HF4GC5,2026-06-26T08:41:34.085456+00:00
Amazon India,Women’s Striped Cotton Oversized Long Sleeve Button-Down Shirt,https://m.media-amazon.com/images/I/61+yPtx98LL._AC_UL320_.jpg,QIOA,Clothing & Accessories,Button-Down Shirts,399,1499,73.38,3.7,13,"S, M, L, XL",Green,Oversized Fit,Cotton,Long Sleeve,Striped,"Crafted from soft cotton, this oversized women's shirt features elegant stripes with a classic button-down front. The long sleeves and relaxed fit offer versatile styling, whether worn casually with jeans or layered for a chic look, ensuring comfort and effortless fashion for every season. The model (height 5'7) is wearing a size S. Size Chart In Inches - Size : S ""Bust 42 Length 26"" Size : M ""Bust 44 Length 26"" Size : L ""Bust 46 Length 27"" Size : XL ""Bust 48 Length 27""",In stock,Sehgall,https://www.amazon.in/dp/B0FZK4SDT7,2026-06-26T08:41:34.085456+00:00
Amazon India,Solid Front Button Long Sleeve Casual Shirt for Women' & Girl's,https://m.media-amazon.com/images/I/61Z35UyUC1L._AC_UL320_.jpg,MULVARI,Clothing & Accessories,Button-Down Shirts,589,999,41.04,3.6,54,"XS, S, M, L, XL",Blue,Modern Fit,Polyester,Long Sleeve,Solid,"The MULVARI Women's & Girls' Solid Regular Shirt is a stylish and versatile addition to your wardrobe. Designed with a chic racerback style, this shirt combines comfort and fashion effortlessly.",In stock,Cocoblu Retail,https://www.amazon.in/dp/B0G7GSVV9S,2026-06-26T08:41:34.085456+00:00
Amazon India,Style Quotient Women Solid Polycotton Regular Formal Shirt,https://m.media-amazon.com/images/I/41Vv54VfFUL._AC_UL320_.jpg,Style Quotient,Clothing & Accessories,Button-Down Shirts,449,1499,70.05,4,1.7,"XS, S, M, L, XL",Black,Modern Fit,Polycotton,Long Sleeve,Solid,Classic Solid Formal Shirt With Spread Collar And Full Sleeve To Add To Your Back-To-Work Wardrobe. Pair It With Tight Fit Pants And You'Re Good To Go.,In stock,Cocoblu Retail,https://www.amazon.in/dp/B0BG5VSSRZ,2026-06-26T08:41:34.085456+00:00
Amazon India,Gufrina Women's Polyester Shirt with Pocket Half Raglan Sleeves Spread Collar Neck Geometric Printed Relaxed Fit and Standard Length,https://m.media-amazon.com/images/I/81rzyxkVtgL._AC_UL320_.jpg,Gufrina,Clothing & Accessories,Button-Down Shirts,448,1399,67.98,3.8,768,"S, M, L, XL, 2XL, 3XL, 4XL, 5XL",Blue,Regular Fit,Polyester,Short Sleeve,Geometric,"Gufrina Women's Polyester Shirt with Pocket Half Raglan Sleeves Spread Collar Neck Geometric Printed Relaxed Fit and Stand.... Fabric: Polyester. Fit: Regular Fit. Sleeve: Short Sleeve. Pattern: Geometric. Color: Blue. Sizes: S, M, L, XL, 2XL, 3XL, 4XL, 5XL",In stock,Cocoblu Retail,https://www.amazon.in/dp/B0FJ5YQLTT,2026-06-26T08:41:34.085456+00:00
Amazon India,Style Quotient Women Solid Polycotton Regular Formal Shirt,https://m.media-amazon.com/images/I/619KrRkZYOL._AC_UL320_.jpg,Style Quotient,Clothing & Accessories,Button-Down Shirts,346,1499,76.92,4,1.7,"XS, S, M, L, XL",Nude,Modern Fit,Polycotton,Long Sleeve,Solid,Classic Solid Formal Shirt With Spread Collar And Full Sleeve To Add To Your Back-To-Work Wardrobe. Pair It With Tight Fit Pants And You'Re Good To Go.,In stock,Cocoblu Retail,https://www.amazon.in/dp/B0BSH3QC2G,2026-06-26T08:41:34.085456+00:00
Amazon India,Aahwan Stipred Front Button Long Sleeve Casual Shirt for Women's & Girl's,https://m.media-amazon.com/images/I/61IAdsIVr4L._AC_UL320_.jpg,Aahwan,Clothing & Accessories,Button-Down Shirts,569,1999,71.54,3,65,"XS, S, M, L, XL",Blue,Modern Fit,Polyester,Long Sleeve,Striped,"The Aahwan Women's & Girls' Solid Regular Shirt is a stylish and versatile addition to your wardrobe. Designed with a chic racerback style, this shirt combines comfort and fashion effortlessly.",In stock,Aahwan Creation,https://www.amazon.in/dp/B0GF7TY9NY,2026-06-26T08:41:34.085456+00:00
Amazon India,Yellowfab Industries Solid Long Sleeve Crop Shirt for Women Daily,https://m.media-amazon.com/images/I/41m4hjPZ-VL._AC_UL320_.jpg,Generic,Clothing & Accessories,Button-Down Shirts,172,799,78.47,4.8,12,"XS, S, M, L, XL",Brown,Classic Fit,Cotton Blend,Long Sleeve,Solid,"Upgrade your everyday wardrobe with this elegant women’s shirt designed for a clean, polished look and all-day comfort. Featuring a smooth solid pattern and a flattering regular fit, this shirt pairs effortlessly with jeans, trousers, or skirts for casual outings, office wear, or relaxed gatherings. Its thoughtfully tailored silhouette offers ease of movement while maintaining a smart appearance, making it a versatile choice for multiple occasions.",In stock,YellowFab Industries,https://www.amazon.in/dp/B0GH6HZF5K,2026-06-26T08:41:34.085456+00:00
Amazon India,Aahwan Women Polyester Modern Fit Solid Front Button Long Sleeve Casual Shirt,https://m.media-amazon.com/images/I/71JS6vTKDNL._AC_UL320_.jpg,Aahwan,Clothing & Accessories,Button-Down Shirts,549,1999,72.54,3.9,701,"XS, S, M, L, XL",White,Modern Fit,Polyester,Long Sleeve,Solid,"The Aahwan Women's & Girls' Solid Regular Shirt is a stylish and versatile addition to your wardrobe. Designed with a chic racerback style, this shirt combines comfort and fashion effortlessly.",In stock,Aahwan Creation,https://www.amazon.in/dp/B0FLK4VXLN,2026-06-26T08:41:34.085456+00:00
Amazon India,"Gufrina Women’s Casual Button-Down Shirt with Multicolor Floral Print & Half Sleeves, Collar Neck",https://m.media-amazon.com/images/I/61VW43-uP4L._AC_UL320_.jpg,Gufrina,Clothing & Accessories,Button-Down Shirts,415,1299,68.05,3.7,1,"S, M, L, XL, 2XL, 3XL, 4XL, 5XL",Orange,Regular Fit,Spandex,Raglan Sleeve,Floral,"Step into playful charm with this stylish Women's Multicolor Floral Print Shirt. Crafted from soft, breathable fabric, this shirt features an all-over bold heart pattern in vibrant & Beautiful hues, perfect for adding a touch of love and fun to your everyday wardrobe. The classic button-down design paired with a smart collared neckline gives it a polished yet youthful look. Designed with Half and sleeves, it blends contemporary trends with effortless comfort. The lightweight fabric ensures a breezy feel, ideal for casual outings, brunch dates, or even a fun office look. Tuck it into high-rise jeans for a chic day look or layer it under a blazer for a trendy twist on workwear. Easy to style and easier to love, this heart print shirt is a must-have for all fashion lovers who adore playful patterns with a modern edge. Make a bold and cute statement wherever you go! Lightweight, breathable fabric. Pair with white jeans and a red handbag for a standout, coordinated look. Brighten up your wardrobe with this cheerful Women's Multicolor Heart Print Shirt, designed to spread positivity and fun wherever you go. This vibrant shirt features a mix of colorful hearts in shades of blue, red, yellow, pink, orange, and teal on a crisp white base, offering a lively and youthful vibe.",In stock,Cocoblu Retail,https://www.amazon.in/dp/B0F8BZXRTP,2026-06-26T08:41:34.085456+00:00
Amazon India,Women Solid Regular Full Sleeve Polycotton Shirt,https://m.media-amazon.com/images/I/5162xjEnK-L._AC_UL320_.jpg,DIGIVEENAL,Clothing & Accessories,Button-Down Shirts,199,750,73.47,3.4,93,"S, M, L, XL",Pink,Modern Fit,Polycotton,Long Sleeve,Solid,"Soft and lightweight delta cotton fabric full sleeve casual shirt for girls and women. This shirt is perfect for casual wear, best for summer collection.",In stock,Vandna Vesh Bhusha,https://www.amazon.in/dp/B0D1RLJBZF,2026-06-26T08:41:34.085456+00:00
Amazon India,Yellowfab Industries Fashionable Women’s Long Sleeve Casual Shirt,https://m.media-amazon.com/images/I/41LqJl9hy1L._AC_UL320_.jpg,Generic,Clothing & Accessories,Button-Down Shirts,197,799,75.34,3.4,7,XS,Brown,Classic Fit,Cotton Blend,Long Sleeve,Solid,"Upgrade your everyday wardrobe with this elegant women’s shirt designed for a clean, polished look and all-day comfort. Featuring a smooth solid pattern and a flattering regular fit, this shirt pairs effortlessly with jeans, trousers, or skirts for casual outings, office wear, or relaxed gatherings. Its thoughtfully tailored silhouette offers ease of movement while maintaining a smart appearance, making it a versatile choice for multiple occasions.",In stock,YellowFab Industries,https://www.amazon.in/dp/B0GH6QX9LR,2026-06-26T08:41:34.085456+00:00
Amazon India,Women Shirt||Women Relaxed Fit Vertical Striped Spread Collar Cotton Casual Shirt (S-12-19),https://m.media-amazon.com/images/I/510smDQG1SL._AC_UL320_.jpg,Zurity,Clothing & Accessories,Button-Down Shirts,449,4999,91.02,3.7,181,"S, M, L, XL, 2XL",Apricot,Regular Fit,Rayon Blend,Balloon Sleeve,Striped,Shirt for Women | Womens Shirt | Ladies Shirt | Formal Shirt for Women | Casual Shirt for Women | Office Wear Shirt for Women | Stylish Shirt for Women,In stock,Cocoblu Retail,https://www.amazon.in/dp/B0GF2PK635,2026-06-26T08:41:34.085456+00:00
Amazon India,GRECIILOOKS Striped Shirt for Women | Korean Style Full Sleeve Oversized Button Down Shirts | Tops for Women | Shirt for Woman | Plus Size Top for Office & Casual Outfit,https://m.media-amazon.com/images/I/71VWE36cULL._AC_UL320_.jpg,GRECIILOOKS,Clothing & Accessories,Button-Down Shirts,499,1999,75.04,4,212,"S, M, L, XL, 2XL, 3XL",Light Brown,Regular Fit,Rayon,Long Sleeve,Solid,"Elevate your professional wardrobe with GRECIILOOKS Women's Striped Full Sleeve Shirt, expertly crafted for modern working women who demand both style and comfort. Made from premium rayon fabric, this breathable and lightweight formal shirts for women office wear delivers exceptional comfort throughout busy workdays while maintaining a polished, professional appearance. This elegant blue striped shirt for woman features a timeless striped pattern that adds sophisticated charm to any outfit. Whether you choose the classic blue and white striped shirt for women or prefer other color combinations, this versatile piece works beautifully for office meetings, presentations, business dinners, or casual professional settings. The formal shirt women design includes a classic button-up closure and full sleeves for complete coverage and professional appeal. Perfect as striped shirts for women seeking versatile office wear, this shirt pairs effortlessly with formal trousers, pencil skirts, or blazers for a complete professional look. The regular fit ensures comfort and mobility while maintaining a tailored appearance that flatters all body types. Whether you need formal for women office wear or a stylish option for college presentations, this girl shirt delivers exceptional quality and timeless style. The soft rayon material is gentle on skin while offering durability for regular wear. This women striped shirts design works beautifully for layering under blazers or wearing standalone for a clean, professional appearance. From boardroom meetings to networking events, this line shirt for women ensures you always look polished and confident. Add this essential striped shirt for woman to your professional collection and experience the perfect blend of comfort, style, and versatility that GRECIILOOKS delivers.",In stock,Cocoblu Retail,https://www.amazon.in/dp/B0FSD61XSM,2026-06-26T08:41:34.085456+00:00
Amazon India,TADKEE Women's V Collared Casual Stylish Long Sleeve Oversized Fit Shirt,https://m.media-amazon.com/images/I/61-6zilTx+L._AC_UL320_.jpg,TADKEE,Clothing & Accessories,Shirts,399,1999,80.04,3.7,440,"XS, S, M, L, XL, 2XL",Blue,Regular Fit,Cotton Blend,Long Sleeve,Striped,"Elevate your everyday wardrobe with TADKEE's Women's V-Collared Casual Stylish Long Sleeve Oversized Fit Shirt. Designed for modern women who love effortless fashion, this shirt offers a relaxed, oversized silhouette that promises all-day comfort without compromising on style. Crafted from a premium cotton blend fabric, it feels soft against the skin, ensuring breathability and durability for every season. Available in three versatile colors — Black, Blue, and Brown — this shirt is perfect for casual outings, workdays, brunch dates, or even relaxed weekends at home. The smart V-collared design adds a chic touch, while the long sleeves offer a sophisticated yet laid-back look. Pair it with jeans, trousers, or skirts for a variety of stylish ensembles. Offered in sizes S, M, L, XL, and XXL, this shirt flatters every body type, making it a must-have addition to your closet. Whether you're dressing it up with statement accessories or keeping it minimal, TADKEE's oversized shirt adapts to your mood and style.",In stock,Cocoblu Retail,https://www.amazon.in/dp/B0F4K2W29B,2026-06-26T08:41:34.085456+00:00
Amazon India,GLOSY Women Shirt || Shirt for Woman || Top for Women,https://m.media-amazon.com/images/I/71wTiGLUctL._AC_UL320_.jpg,GLOSY,Clothing & Accessories,Button-Down Shirts,549,1999,72.54,4,230,"S, M, L, XL, 2XL",Pink,Regular Fit,Cotton,Raglan Sleeve,Floral,Women's Printed Shirt for Women's | Plus Size Workwear Top for Office & Casual Wear | Tops for Woman Shirts | Shirt for Women Stylish Western,In stock,Cocoblu Retail,https://www.amazon.in/dp/B0GVJHLQY8,2026-06-26T08:41:34.085456+00:00
Amazon India,FUNDAY FASHION Women Oversized Casual Rayon Shirt,https://m.media-amazon.com/images/I/61bQ98yeWmL._AC_UL320_.jpg,FUNDAY FASHION,Clothing & Accessories,Button-Down Shirts,399,1299,69.28,3.8,1.4,"S, M, L, XL, 2XL",Green,Regular Fit,Rayon Blend,Long Sleeve,Solid,"Trendy and appealing, this shirt from FUNDAY FASHION exclusive collection will surely impress fashionable women. This shirt will surely add unique charm to your casual as well as party look. Made from soft fabric, this top will help you stay relaxed all day long. 100% Satisfaction is guaranteed. We Also manufacture shirts, t-shirts,tops for women Western, Casual, Formal, Stylish, latest tops for Women.",In stock,SYS ONLINE STORE,https://www.amazon.in/dp/B0BV7BKK5V,2026-06-26T08:41:34.085456+00:00
Amazon India,Van Heusen Women's Regular Fit Solid 3/4 Sleeve Cotton Rich Formal Shirt,https://m.media-amazon.com/images/I/51sIbbAMgaL._AC_UL320_.jpg,Van Heusen,Clothing & Accessories,Button-Down Shirts,1159,1799,35.58,4.1,456,"XS, S, M, L, XL, 2XL, 3XL",Wine,Regular Fit,Cotton,3/4 Sleeve,Solid,"Especially crafted for the woman of today, this shirt from Van Heusen is the perfect choice for any day.",In stock,Cocoblu Retail,https://www.amazon.in/dp/B0C3HD9YTR,2026-06-26T08:41:34.085456+00:00
Amazon India,FUNDAY FASHION Women's Crepe Regular Fit Solid V Collered Casual Shirt,https://m.media-amazon.com/images/I/51jhzNAPXiL._AC_UL320_.jpg,FUNDAY FASHION,Clothing & Accessories,Button-Down Shirts,334,1499,77.72,3.9,1,"XS, S, M, L, XL, 2XL",Black,Regular Fit,Crepe,Long Sleeve,Solid,"Trendy and appealing, this shirt from FUNDAY FASHION exclusive collection will surely impress fashionable women. This shirt will surely add unique charm to your casual as well as party look. Made from soft fabric, this top will help you stay relaxed all day long. 100% Satisfaction is guaranteed. We Also manufacture shirts, t-shirts,tops for women Western, Casual, Formal, Stylish, latest tops for Women.",In stock,SYS ONLINE STORE,https://www.amazon.in/dp/B0BVJBXRFG,2026-06-26T08:41:34.085456+00:00
Amazon India,Gufrina Women's Pink Floral Printed Button Down Western Shirt with Collared Neck and Half Sleeves in Relaxed Fit Style,https://m.media-amazon.com/images/I/71x9Nixxe9L._AC_UL320_.jpg,Gufrina,Clothing & Accessories,Button-Down Shirts,415,1.19,.,3.5,473,"S, M, L, XL, 2XL, 3XL, 4XL, 5XL",Cream,Regular Fit,Polyester,Puff Sleeve,Floral,"Gufrina Women's Pink Floral Printed Button Down Western Shirt with Collared Neck and Half Sleeves in Relaxed Fit Style. Fabric: Polyester. Fit: Regular Fit. Sleeve: Puff Sleeve. Pattern: Floral. Color: Cream. Sizes: S, M, L, XL, 2XL, 3XL, 4XL, 5XL",In stock,Cocoblu Retail,https://www.amazon.in/dp/B0FJYFDFVW,2026-06-26T08:41:34.085456+00:00
Amazon India,GRECIILOOKS Shirt for Women Stylish | Long Shirt for Women | Oversized Shirt for Women | Women Shirt | Woman TOP,https://m.media-amazon.com/images/I/71f3SP2zNKL._AC_UL320_.jpg,GRECIILOOKS,Clothing & Accessories,Button-Down Shirts,449,224.5,100,3.9,954,"S, M, L, XL, 2XL, 3XL",GREEN,Regular Fit,CREPE,Long Sleeve,Striped,"Refresh your Wardrobe With our versatile collection of Women's shirts , designed to meet every style need. Whether you’re looking for formal shirts for Women for office meetings, polo shirts for Women for a sporty-chic vibe, or shirt dresses for Women for effortless elegance, We’ve got you covered. Stay comfortable and stylish With our oversized shirts for Women , perfect for casual outings or lounging in style. Explore long shirts for Women for a sleek and modern silhouette or opt for shirt tops for Women , ideal for pairing With jeans or skirts. From trendy Western Wear shirts to everyday essentials, our shirts are crafted With premium fabrics and attention to detail, ensuring a perfect fit and exceptional comfort. With a focus on quality and fashion-for Ward designs, our range caters to all your needs, Whether it's Work Wear, travel, or casual Wear. Redefine your style effortlessly With this must-have collection for Women.",In stock,Cocoblu Retail,https://www.amazon.in/dp/B0DQLGVWHF,2026-06-26T08:41:34.085456+00:00
Amazon India,Aahwan Orange Solid Button Up Drop Shoulder Striped Print Casual Formal Long Sleeve Shirt for Women's & Girl's,https://m.media-amazon.com/images/I/61-jgZ6MmdL._AC_UL320_.jpg,Aahwan,Clothing & Accessories,Button-Down Shirts,477,1999,76.14,3.3,146,"XS, S, M, L",Off White,Modern Fit,Polyester,Long Sleeve,Solid,"The Aahwan Women's & Girls' Striped Regular Shirt is a stylish and versatile addition to your wardrobe. Designed with a chic racerback style, this shirt combines comfort and fashion effortlessly.",In stock,Aahwan Creation,https://www.amazon.in/dp/B0FP2JPJJT,2026-06-26T08:41:34.085456+00:00
Amazon India,RIEKA Women's Off White Cotton Shirt with Multicolour Floral Embroidery Button Down Mandarin Collar Relaxed Fit Casual Wear Top (RS-TOP-64),https://m.media-amazon.com/images/I/71OYVvS3EpL._AC_UL320_.jpg,RIEKA,Clothing & Accessories,Button-Down Shirts,699,1599,56.29,4.4,219,"L, S, M, XL, 2XL",CREAM,Regular Fit,Cotton,Raglan Sleeve,Floral,"RIEKA Women's Off White Cotton Shirt with Multicolour Floral Embroidery Button Down Mandarin Collar Relaxed Fit Casual Wea.... Fabric: Cotton. Fit: Regular Fit. Sleeve: Raglan Sleeve. Pattern: Floral. Color: CREAM. Sizes: L, S, M, XL, 2XL",In stock,RIEKA,https://www.amazon.in/dp/B0GG52FV87,2026-06-26T08:41:34.085456+00:00
Amazon India,Aahwan White Solid Button-Down Striped Print Casual Short Sleeve Shirt for Women's & Girl's,https://m.media-amazon.com/images/I/71lF8qqMXQL._AC_UL320_.jpg,Aahwan,Clothing & Accessories,Button-Down Shirts,494,1999,75.29,3.4,63,"XS, S, M, L",Blue,Modern Fit,Polyester,Long Sleeve,Solid,"The Aahwan Women's & Girls' Striped Regular Shirt is a stylish and versatile addition to your wardrobe. Designed with a chic racerback style, this shirt combines comfort and fashion effortlessly.",In stock,Aahwan Creation,https://www.amazon.in/dp/B0G2BX37ZL,2026-06-26T08:41:34.085456+00:00
Amazon India,High Star Women's Classic Oversized Spread Collar Long Sleeves Cotton Casual Shirt,https://m.media-amazon.com/images/I/61GH9f2HQAL._AC_UL320_.jpg,HIGH STAR,Clothing & Accessories,Shirts,873,2299,62.03,4,1,"S, M, L, XL, 2XL",White,Oversized Fit,Cotton,Long Sleeve,Solid,"shirt has a full button placket, long sleeves, Yoke on the shoulder, and a curved hemline size and fitslim fitthe model (height 6 foot and shoulders 18 inches is wearing size 40/mplease check the size chart for more details before ordering material & care100% premium cotton (Machine Wash regular) style tipenhance your look by wearing this casual stylish men's shirt. Team it with a pair of chinos and white sneakers for a fun Smart Casual look about the Brand Dennis lingofinding basic Menswear for daily used can be hard among todays Fast fashion world, where trends change daily. That’s why we started Dennis Lingo, to create a one stop shop for premium essential clothing for everyday used at Lowest prices.",In stock,Cocoblu Retail,https://www.amazon.in/dp/B0CF5VZVY2,2026-06-26T08:41:34.085456+00:00
Amazon India,"Women Rayon Embroidered Shirt – Long Sleeve Button Down Top with Floral Embroidery, Casual Office Wear Blouse(Maroon)",https://m.media-amazon.com/images/I/616SBNabZXL._AC_UL320_.jpg,VINCHIC,Clothing & Accessories,Button-Down Shirts,556,1199,53.63,3.7,36,"XL, S, M, L",Multicolour,Regular Fit,Rayon,Long Sleeve,Solid,"Vinchic Women Rayon Embroidered Shirt – Long Sleeve Button Down Top with Floral Embroidery, Casual Office Wear Blouse(Maroon). Fabric: Rayon. Fit: Regular Fit. Sleeve: Long Sleeve. Pattern: Solid. Color: Multicolour. Sizes: XL, S, M, L",In stock,Cocoblu Retail,https://www.amazon.in/dp/B0GDFQ7BD7,2026-06-26T08:41:34.085456+00:00
Amazon India,"Womens/GirlsClassic Lining Shirt for Women Cotton | Women’s Striped Style top | Full Sleeve, Relaxed fit, Button-Down Casual Shirt for Girls & Women",https://m.media-amazon.com/images/I/71R04ia4ZrL._AC_UL320_.jpg,AREAL FASHION,Clothing & Accessories,Button-Down Shirts,299,999,70.07,3.8,24,"XS, S, M, L, XL",BLUE,Regular Fit,Cotton Blend,Short Sleeve,Graphic Print Design,"This classic striped shirt for women brings timeless elegance to your everyday wardrobe. Crafted from comfortable cotton fabric, this full-sleeve button-down shirt features a relaxed fit that flatters all body types whilst ensuring all-day comfort. The crisp blue and white striped pattern adds a fresh, sophisticated touch that effortlessly transitions from casual outings to semi-formal occasions. The traditional collar and button-down front create a polished silhouette, making it perfect for layering over your favourite crop tops or wearing on its own. The relaxed fit provides freedom of movement without compromising on style, whilst the full sleeves can be rolled up for a more casual look. This versatile piece pairs beautifully with jeans, trousers, or skirts, making it an essential addition to any woman's wardrobe. Whether you're heading to the office, meeting friends for brunch, or enjoying a weekend outing, this striped shirt offers the perfect blend of comfort and style. The quality cotton construction ensures breathability and durability, making it suitable for year-round wear.",In stock,Areal Fashion,https://www.amazon.in/dp/B0GQMTHGSM,2026-06-26T08:41:34.085456+00:00
Amazon India,Women's Floral Printed Button Down Western Shirt with Collar Neck and Rolled-Up Long Sleeves in Relaxed Fit,https://m.media-amazon.com/images/I/518sxXirjJL._AC_UL320_.jpg,DIVINE FABRICS,Clothing & Accessories,Kurtas & Kurtis,244.01,499,51.1,3.9,59,"S, M, L, XL, 2XL",BHUMI - CHIKU,Modern Fit,Rayon,Long Sleeve,Solid,Printed Shirt Style Top Women l Stylish Shirt for Girls,In stock,Hindva Creation .,https://www.amazon.in/dp/B0FTZ923TT,2026-06-26T08:41:34.085456+00:00
Amazon India,Max Women Cotton Solid Regular Fit Shirt,https://m.media-amazon.com/images/I/71SXh5vaa6L._AC_UL320_.jpg,Max,Clothing & Accessories,Button-Down Shirts,789,999,21.02,3.9,13,"M, XS, S, L, XL, 2XL",Blue,Regular Fit,Cotton,Half Sleeve,Solid,"Max Women Cotton Solid Regular Fit Shirt. Fabric: Cotton. Fit: Regular Fit. Sleeve: Half Sleeve. Pattern: Solid. Color: Blue. Sizes: M, XS, S, L, XL, 2XL",In stock,Cocoblu Retail,https://www.amazon.in/dp/B0DZVL6S8K,2026-06-26T08:41:34.085456+00:00
Amazon India,Amazon Brand - Symbol Women's Oversized Cotton Casual Shirt (Available in Plus Sizes),https://m.media-amazon.com/images/I/618J0JveyML._AC_UL320_.jpg,Amazon Brand - Symbol,Clothing & Accessories,Button-Down Shirts,799,1299,38.49,3.8,109,"XS, S, M, L, XL, 2XL, 3XL, 4XL, 5XL, 6XL",Blush Pink,Oversized Fit,Cotton,Cuff Sleeve,Solid,"DESCRIPTION: Amazon Brand - Symbol, stands for quality products for men, women and kids at affordable prices. These timeless and versatile casual shirts are available in classic solids and minimal prints, designed to transition seamlessly from office to casual wear.",In stock,Cocoblu Retail,https://www.amazon.in/dp/B0F6V28P5K,2026-06-26T08:41:34.085456+00:00
Amazon India,"Gufrina Women's Sea Green Leaf Printed Western Shirt with Button Down Front, Puff Sleeves and Relaxed Fit Design",https://m.media-amazon.com/images/I/71H3PVJImEL._AC_UL320_.jpg,Gufrina,Clothing & Accessories,Button-Down Shirts,419,1399,70.05,3.8,66,"M, S, L, XL, 2XL, 3XL, 4XL, 5XL",Sea Green,Regular Fit,Polyester,Puff Sleeve,Floral,"Sponsored Ad - Gufrina Women's Sea Green Leaf Printed Western Shirt with Button Down Front, Puff Sleeves and Relaxed Fit D.... Fabric: Polyester. Fit: Regular Fit. Sleeve: Puff Sleeve. Pattern: Floral. Color: Sea Green. Sizes: M, S, L, XL, 2XL, 3XL, 4XL, 5XL",In stock,Cocoblu Retail,https://www.amazon.in/dp/B0FJYGD5XJ,2026-06-26T08:41:34.085456+00:00
Amazon India,FYLTR Women’s Oversized Solid Shirt – 100% Cotton | Full Sleeve | Oversized Fit | Shirts for Women,https://m.media-amazon.com/images/I/611g5fcsL7L._AC_UL320_.jpg,FYLTR,Clothing & Accessories,Button-Down Shirts,699,1699,58.86,4.1,21,"S, M, L, XL, 2XL",Acacia Yellow,Regular Fit,Cotton,Long Sleeve,Solid,"Welcome to FYLTR – a new line of casual clothing, featuring only solid colors. We believe that solid colors are more than just a fashion choice, they represent a mindset - a bold statement of timeless elegance. FYLTR is designed for those who appreciate the simplicity and sophistication of solids, and we're proud to be different. We're not here for prints or checks, and we never will be. Our brand is for those who want to join the solids bandwagon and make a bold statement with unwavering confidence. Explore our range of solid-colored casuals for both men and women and experience the unmatched sophistication of FYLTR",In stock,Cocoblu Retail,https://www.amazon.in/dp/B0G5HS8V5S,2026-06-26T08:41:34.085456+00:00
Amazon India,"Women’s Striped Shirt, Casual Button Down Shirt for Women, Full Sleeve Cotton Blend Oversized, Ladies Formal & Casual Wear Top",https://m.media-amazon.com/images/I/61LAaAAtdIL._AC_UL320_.jpg,AURVY,Clothing & Accessories,Button-Down Shirts,289,999,71.07,3,2,"S, M, L, XL",BROWN,Regular Fit,"Cotton Blend (Soft, Breathable Fabric)",Long Sleeve (Full Sleeve),Striped,"Refresh your everyday style with this elegant Women’s Striped Casual Shirt, designed to deliver both comfort and trend. Crafted from a premium cotton blend fabric, this shirt feels soft on the skin while ensuring breathability for all-day wear. The classic vertical stripe pattern adds a slimming effect and a modern touch, making it a must-have wardrobe essential. Featuring a full button-down front and full sleeves with cuffs, this shirt offers a perfect balance of casual and semi-formal style. You can wear it as a standalone top or layer it over a crop top, tank, or t-shirt for a chic, effortless look. Whether you're heading to the office, college, shopping, or a casual outing, this versatile shirt fits every occasion. Pair it with jeans for a relaxed vibe or trousers for a more polished outfit. Its lightweight and easy-care fabric make it ideal for daily wear across all seasons.",In stock,S TENTERPRISESONLINE,https://www.amazon.in/dp/B0GZGXKPS2,2026-06-26T08:41:34.085456+00:00
Amazon India,Gufrina Women Floral Printed Shirt Short Sleeve Button Down Top | Casual Summer Blouse Lightweight Soft Fabric Regular Fit Stylish Top,https://m.media-amazon.com/images/I/71oNcc1LftL._AC_UL320_.jpg,Gufrina,Clothing & Accessories,Button-Down Shirts,448,1399,67.98,4,65,"S, M, L, XL, 2XL, 3XL, 4XL, 5XL",Cream-2,Relaxed Fit,"Polyester, Chiffon",Short Puff Sleeves,Floral,"This beautiful Gufrina women's floral button-down shirt brings a touch of springtime elegance to your wardrobe. Featuring a delicate cream base adorned with soft pink and yellow floral prints, this blouse effortlessly combines feminine charm with versatile styling. The classic collar and button-front closure create a polished look suitable for both office environments and casual outings. Short puff sleeves add a romantic detail whilst maintaining a contemporary silhouette, and the relaxed fit ensures all-day comfort without compromising on style. The lightweight fabric drapes beautifully, making it an ideal choice for warmer weather or layering during transitional seasons. The pleated back detail provides additional movement and a flattering shape. Whether you're pairing it with tailored trousers for a professional setting, tucking it into a skirt for a sophisticated ensemble, or wearing it with your favourite jeans for a relaxed weekend look, this versatile blouse adapts to your lifestyle. The subtle floral pattern adds visual interest without overwhelming your outfit, making it easy to accessorise and coordinate with existing pieces in your wardrobe. Please refer to the sizing chart before placing your order to ensure the perfect fit.",In stock,Cocoblu Retail,https://www.amazon.in/dp/B0GLGPGF7D,2026-06-26T08:41:34.085456+00:00
Amazon India,Women’s Floral Print Sheer Button-Down Shirt | Lightweight Long Sleeve Collared Shirts | Casual Elegant Shirt for Summer & Spring,https://m.media-amazon.com/images/I/61UMfOOfYsL._AC_UL320_.jpg,FERY LONDON,Clothing & Accessories,Button-Down Shirts,499,1999,75.04,3.4,52,"S, M, L, XL",Orange,Regular Fit,Chiffon,Long Sleeve,Floral,"FERY London Women’s Floral Print Sheer Button-Down Shirt | Lightweight Long Sleeve Collared Shirts | Casual Elegant Shirt .... Fabric: Chiffon. Fit: Regular Fit. Sleeve: Long Sleeve. Pattern: Floral. Color: Orange. Sizes: S, M, L, XL",In stock,Cocoblu Retail,https://www.amazon.in/dp/B0FZKG4R2Q,2026-06-26T08:41:34.085456+00:00
Amazon India,"Women Shirt || Women Top ||Autumn Leaves Print Polo Collar Shirt, Casual Long Sleeve (S-22-25)",https://m.media-amazon.com/images/I/51atEgxu31L._AC_UL320_.jpg,Zurity,Clothing & Accessories,Button-Down Shirts,449,4999,91.02,3.8,95,"S, M, L, XL, 2XL",Yellow,Regular Fit,Georgette,Balloon Sleeve,Floral,Shirt for Women | Womens Shirt | Ladies Shirt | Formal Shirt for Women | Casual Shirt for Women | Office Wear Shirt for Women | Stylish Shirt for Women,In stock,Cocoblu Retail,https://www.amazon.in/dp/B0GF366221,2026-06-26T08:41:34.085456+00:00
Amazon India,GRECIILOOKS Shirt for Women | Women Shirt | Long Shirt for Women | Shirt Tops for Women | Oversized Shirt for Women,https://m.media-amazon.com/images/I/61j+dFalLVL._AC_UL320_.jpg,GRECIILOOKS,Clothing & Accessories,Shirts,449,1999,77.54,4,1.6,"S, M, L, XL, 2XL, 3XL",WHITE,Regular Fit,Polycotton,Long Sleeve,Solid,"GRECIILOOKS Shirt for Women | Women Shirt | Long Shirt for Women | Shirt Tops for Women | Oversized Shirt for Women. Fabric: Polycotton. Fit: Regular Fit. Sleeve: Long Sleeve. Pattern: Solid. Color: WHITE. Sizes: S, M, L, XL, 2XL, 3XL",In stock,Cocoblu Retail,https://www.amazon.in/dp/B0CZDXX79M,2026-06-26T08:41:34.085456+00:00
Amazon India,"Striped Design Full Sleeve Shirt for Women & Girls| Cotton Blend Office Wear, Casual Shirt",https://m.media-amazon.com/images/I/51l1eAHWoAL._AC_UL320_.jpg,DIGIVEENAL,Clothing & Accessories,Button-Down Shirts,210,599,64.94,5,1,"M, L, XL",Pink,Regular Fit,Cotton Blend,Short Sleeve,Striped,"Elevate your wardrobe with this women’s striped button-down shirt designed for timeless style and everyday comfort. Featuring crisp vertical stripes, a classic collar, and practical 3/4 sleeves, this blouse is perfect for office, casual, college and formal occasions. The lightweight breathable fabric keeps you comfortable all day long, while the tailored fit flatters your figure without restricting movement. Effortlessly versatile, this shirt pairs beautifully with skirts, trousers, and jeans, making it a must-have essential for any season. Whether you’re dressing up for work meetings or down for weekend outings, this blouse offers a polished, professional look with ease. Durable and easy to care for, it resists wrinkles and holds its shape after washing, ensuring you always look your best.",In stock,Vandna Vesh Bhusha,https://www.amazon.in/dp/B0H29VS5BH,2026-06-26T08:41:34.085456+00:00
Amazon India,Women Solid Formal Shirt |Rayon Fabric|Plus Size Shirt for Women (S-10XL),https://m.media-amazon.com/images/I/61I6vQ9sK2L._AC_UL320_.jpg,Angoori Fashion,Clothing & Accessories,Button-Down Shirts,602,2649,77.27,4.4,15,"S, M, L, XL, 2XL, 3XL, 4XL, 5XL, 6XL",Green,Regular Fit,Rayon,3/4 Sleeve,Solid,"Angoori Fashion Women Solid Formal Shirt |Rayon Fabric|Plus Size Shirt for Women (S-10XL). Fabric: Rayon. Fit: Regular Fit. Sleeve: 3/4 Sleeve. Pattern: Solid. Color: Green. Sizes: S, M, L, XL, 2XL, 3XL, 4XL, 5XL, 6XL",In stock,Angoori Fashion,https://www.amazon.in/dp/B0DSFXYQF6,2026-06-26T08:41:34.085456+00:00
Amazon India,LITZO Women Shirt || Shirt for Woman || Top for Women (L-98-101),https://m.media-amazon.com/images/I/61ptQCrrW1L._AC_UL320_.jpg,LITZO,Clothing & Accessories,Button-Down Shirts,579,3999,85.52,2.9,530,"XS, S, M, L, XL, 2XL, 3XL, 4XL, 5XL",Pink,Regular Fit,Cotton Blend,Raglan Sleeve,Floral,Women's Printed Shirt for Women's | Plus Size Workwear Top for Office & Casual Wear | Tops for Woman Shirts | Shirt for Women Stylish Western,In stock,Cocoblu Retail,https://www.amazon.in/dp/B0FHF295G1,2026-06-26T08:41:34.085456+00:00
Amazon India,GRECIILOOKS Striped Shirt for Women | Korean Style Full Sleeve Oversized Button Down Shirts | Tops for Women | Shirt for Woman | Plus Size Top for Office & Casual Outfit,https://m.media-amazon.com/images/I/81vGJ-B8VjL._AC_UL320_.jpg,GRECIILOOKS,Clothing & Accessories,Button-Down Shirts,499,1999,75.04,4,212,"S, M, L, XL, 2XL, 3XL",Green,Regular Fit,Rayon,Long Sleeve,Striped,"Elevate your professional wardrobe with GRECIILOOKS Women's Striped Full Sleeve Shirt, expertly crafted for modern working women who demand both style and comfort. Made from premium rayon fabric, this breathable and lightweight formal shirts for women office wear delivers exceptional comfort throughout busy workdays while maintaining a polished, professional appearance. This elegant blue striped shirt for woman features a timeless striped pattern that adds sophisticated charm to any outfit. Whether you choose the classic blue and white striped shirt for women or prefer other color combinations, this versatile piece works beautifully for office meetings, presentations, business dinners, or casual professional settings. The formal shirt women design includes a classic button-up closure and full sleeves for complete coverage and professional appeal. Perfect as striped shirts for women seeking versatile office wear, this shirt pairs effortlessly with formal trousers, pencil skirts, or blazers for a complete professional look. The regular fit ensures comfort and mobility while maintaining a tailored appearance that flatters all body types. Whether you need formal for women office wear or a stylish option for college presentations, this girl shirt delivers exceptional quality and timeless style. The soft rayon material is gentle on skin while offering durability for regular wear. This women striped shirts design works beautifully for layering under blazers or wearing standalone for a clean, professional appearance. From boardroom meetings to networking events, this line shirt for women ensures you always look polished and confident. Add this essential striped shirt for woman to your professional collection and experience the perfect blend of comfort, style, and versatility that GRECIILOOKS delivers.",In stock,Cocoblu Retail,https://www.amazon.in/dp/B0FSD6S55R,2026-06-26T08:41:34.085456+00:00
Amazon India,Gufrina Women's Floral Printed Button Down Western Shirt with Collar Neck and Rolled-Up Long Sleeves in Relaxed Fit,https://m.media-amazon.com/images/I/71wyG0phwjL._AC_UL320_.jpg,Gufrina,Clothing & Accessories,Button-Down Shirts,420,1199,64.97,3.6,426,"S, M, L, XL, 2XL, 3XL, 4XL, 5XL",Yellow,Regular Fit,Rayon Blend,Long Sleeve,Floral,"Step into elegance and comfort with the Gufrina Women Floral Button-Down Western Top, crafted to blend contemporary fashion with effortless style. This top is adorned with a beautiful floral print in shades of teal, brown, beige, and rust, adding a vibrant and artistic flair to your wardrobe. Made with premium lightweight fabric, this top is designed to keep you comfortable and stylish all day long. The relaxed fit and roll-up sleeves with button tabs offer a versatile look, making it perfect for casual outings, workwear, or a day of leisure. The button-down design allows for easy wear and customization, letting you adjust the neckline for a personal touch. Pair it effortlessly with jeans, trousers, or skirts for a chic and modern look. Whether you're heading out for brunch, a casual evening, or a quick coffee run, this Western-inspired top elevates your outfit with its blend of comfort and charm. The multicolor floral pattern ensures you stay on-trend while expressing your unique style. Designed for women who love blending bold prints with practical wearability, this top is a wardrobe essential.",In stock,Cocoblu Retail,https://www.amazon.in/dp/B0DVQ6Z662,2026-06-26T08:41:34.085456+00:00
Amazon India,Style Quotient Plus Women Blue and White Stripe Polycotton Regular Formal Shirt,https://m.media-amazon.com/images/I/51aiXyCJTxL._AC_UL320_.jpg,Style Quotient,Clothing & Accessories,Button-Down Shirts,639,1499,57.37,3.8,109,"2XL, 3XL, 4XL, 5XL",Blue,Regular Fit,Polycotton,3/4 Sleeve,Striped,"This shirt is made with high-quality, lightweight fabric, it features a classic spread collar and a button-down placket that gives it a chic and sophisticated look. The full sleeves with cuffs add an element of elegance to the shirt, making it perfect for both casual and formal occasions. The curved bottom hemline adds a touch of femininity and enhances the shirt's overall aesthetic appeal. The red and white stripe pattern is timeless and can be easily paired with a variety of different bottoms, including jeans, skirts, and shorts. The shirt's loose fit makes it comfortable to wear all day long, while the structured design ensures that it maintains its shape and style.",In stock,Cocoblu Retail,https://www.amazon.in/dp/B0CC99WTFF,2026-06-26T08:41:34.085456+00:00
Amazon India,Leriya Fashion Women Western Shirt,https://m.media-amazon.com/images/I/61A-pdWdsZL._AC_UL320_.jpg,Leriya Fashion,Clothing & Accessories,Button-Down Shirts,448,1999,77.59,4,135,"S, M, L, XL, 2XL, 3XL",Blue,Regular Fit,Rayon,Long Sleeve,Striped,"Elevate your wardrobe with the LERIYA FASHION Women's Floral Printed Collared Shirts for girls a perfect fusion of elegance and comfort designed for the modern woman. This stunning shirt for women showcases beautiful floral prints on luxurious crepe silk fabric, delivering both style and sophistication for any occasion. The breathable, lightweight crepe silk ensures all-day comfort while maintaining an elegant drape that flatters every body type. Designed with a relaxed fit and classic collar, this women shirts piece offers versatility that seamlessly transitions from professional meetings to casual weekend outings. The button-down closure and full-length sleeves create a polished look, while the comfortable fit allows for easy movement throughout your busy day. Whether you're seeking shirts for women western wear for office attire or a stylish option for social gatherings, this shirt delivers exceptional quality and timeless appeal. Perfect as oversized shirt for woman styling, this piece pairs beautifully with skinny jeans for a chic casual look, or with tailored trousers for professional elegance. The long shirts for women design offers excellent coverage and can be worn tucked in or loose for different styling options. As one of our premium women shirts stylish collection pieces, it features meticulous attention to detail in both fabric selection and construction. Ideal for those who appreciate quality shirt for women stylish western options, this floral masterpiece works wonderfully as a standalone statement piece or as a layering essential. From boardroom presentations to weekend brunches, this printed shirt for women ensures you look effortlessly polished and confident. The soft crepe silk fabric is gentle on the skin while offering durability for regular wear, making it a valuable addition to any woman's closet. Experience the perfect blend of comfort, style, and versatility with LERIYA FASHION, where fashion meets functionality for the discerning woman who values both quality and contemporary design.",In stock,Cocoblu Retail,https://www.amazon.in/dp/B0FSDLPQVL,2026-06-26T08:41:34.085456+00:00
Amazon India,"Women's Cotton Oversized Shirt, Pink (in, Alpha, L, Pink)",https://m.media-amazon.com/images/I/61EtS2Ie4DL._AC_UL320_.jpg,Generic,Clothing & Accessories,Button-Down Shirts,599,,,5,1,Runs Large,Pink,Regular Fit,Cotton,Long Sleeve,Solid,"Make a bold fashion statement with this trendy oversized cotton shirt in a delightful pink hue. The relaxed silhouette offers ultimate comfort whilst maintaining a chic, contemporary look perfect for the modern woman. Crafted from soft cotton fabric, this versatile piece features a generous cut that drapes beautifully and allows unrestricted movement. The casual yet polished design makes it suitable for various occasions, from casual outings to semi-formal settings. Layer it over your favourite basics or wear it as a standalone piece - this shirt adapts effortlessly to your styling preferences. The breathable cotton construction ensures comfort throughout the day, whilst the pink colour adds a feminine touch to your wardrobe. Perfect for year-round wear, this oversized shirt can be dressed up with tailored trousers or dressed down with denims. Please refer to the size chart to find your perfect fit.",In stock,ROYALE COLLECTIONS Hub,https://www.amazon.in/dp/B0DTGS9ZNW,2026-06-26T08:41:34.085456+00:00
Amazon India,Leriya Fashion Oversized Shirt for Women | Shirt for Women Stylish Western | Long Shirt for Women,https://m.media-amazon.com/images/I/61Su7JLpk0L._AC_UL320_.jpg,Leriya Fashion,Clothing & Accessories,Button-Down Shirts,499,1999,75.04,3.9,839,"S, M, L, XL, 2XL, 3XL",PINK,Regular Fit,Polycotton,Long Sleeve,Solid,"Leriya Fashion Oversized Shirt for Women | Shirt for Women Stylish Western | Long Shirt for Women. Fabric: Polycotton. Fit: Regular Fit. Sleeve: Long Sleeve. Pattern: Solid. Color: PINK. Sizes: S, M, L, XL, 2XL, 3XL",In stock,Cocoblu Retail,https://www.amazon.in/dp/B0DSW1LPX2,2026-06-26T08:41:34.085456+00:00
Amazon India,TOPLOT Women's Shirt | Stylish Top Design | Modern Abstract & Floral Prints | Classic Collar with Front Closure for Polished and Everyday Styling | Long Sleeve Casual (5110),https://m.media-amazon.com/images/I/71QAb2zY8iL._AC_UL320_.jpg,TOPLOT,Clothing & Accessories,Button-Down Shirts,399,1999,80.04,3.8,395,"XS, S, M, L, XL",Geo,Regular Fit,Polyester,Long Sleeve,Geometric,"DISCLAIMER: The images shown are for representational purposes only. Please note that the colour of the product may slightly vary in comparison to the picture shown on the website due to various reasons which may include different lighting and devices during photo-shoot and also the colour settings and resolution of your own monitor screen. It is also important to note that we thrive to bring you the best, but, there may be a little difference in terms of fabric and colour, Wash Care: The Dry clean is recommended.Get ready with your casual look when you put on this outfit",In stock,Cocoblu Retail,https://www.amazon.in/dp/B0DYNRYFF4,2026-06-26T08:41:34.085456+00:00
Amazon India,Amazon Brand - Symbol Women's Oversized Cotton Casual Shirt (Available in Plus Sizes),https://m.media-amazon.com/images/I/618J0JveyML._AC_UL320_.jpg,Amazon Brand - Symbol,Clothing & Accessories,Button-Down Shirts,799,1299,38.49,3.8,109,"XS, S, M, L, XL, 2XL, 3XL, 4XL, 5XL, 6XL",Blush Pink,Oversized Fit,Cotton,Cuff Sleeve,Solid,"DESCRIPTION: Amazon Brand - Symbol, stands for quality products for men, women and kids at affordable prices. These timeless and versatile casual shirts are available in classic solids and minimal prints, designed to transition seamlessly from office to casual wear.",In stock,Cocoblu Retail,https://www.amazon.in/dp/B0F6T59KH2,2026-06-26T08:41:34.085456+00:00
Amazon India,Aahwan Solid Front Stylish Gathered Detail Full Sleeves Casual Shirt for Women' & Girl's,https://m.media-amazon.com/images/I/6172PfBgujL._AC_UL320_.jpg,Aahwan,Clothing & Accessories,Button-Down Shirts,598,1999,70.09,2.9,8,"S, M, L, XL",White,Slim Fit,Polyester,Long Sleeve,Solid,"Women’s Solid Shirts, thoughtfully designed to offer a perfect combination of comfort, elegance, and versatility. Solid shirts are timeless essentials that never go out of style, making them a must-have for women who prefer clean, minimal, and sophisticated fashion. Whether you are dressing for office wear, casual outings, college, travel, or daily wear, these solid shirts effortlessly adapt to every occasion.",In stock,Aahwan Creation,https://www.amazon.in/dp/B0GQN91FXB,2026-06-26T08:41:34.085456+00:00
Amazon India,"Women's Pink Striped Cotton Shirt, Regular Fit, Office Formal Casual Wear",https://m.media-amazon.com/images/I/51rlzI2OraL._AC_UL320_.jpg,Generic,Clothing & Accessories,Button-Down Shirts,,,,3.4,86,"S, M, L, XL, 2XL, 3XL",Pink,Regular Fit,Cotton,Short Sleeve,Striped,"Elevate your wardrobe with this versatile pink striped shirt that effortlessly bridges the gap between casual and formal wear. The classic striped pattern adds a touch of sophistication, while the feminine silhouette ensures a flattering fit for various body types. Perfect for both office settings and weekend outings, this shirt features a timeless design that pairs beautifully with trousers, skirts, or denims. The thoughtfully crafted details and clean lines make it a wardrobe essential that transitions seamlessly from day to evening wear. Whether you're heading to a business meeting or a casual brunch, this pink striped shirt offers the perfect blend of style and comfort. The versatile design allows for multiple styling options - wear it tucked in for a polished look or leave it untucked for a more relaxed appearance. A must-have addition to any contemporary woman's collection, this shirt combines functionality with fashion-forward aesthetics.",In stock,,https://www.amazon.in/dp/B0FNX7TBVJ,2026-06-26T08:41:34.085456+00:00
Amazon India,Women’s Cotton Blend Solid Formal Shirt with 3/4 Sleeves-Pink P3,https://m.media-amazon.com/images/I/41Uv17wNP7L._AC_UL320_.jpg,Generic,Clothing & Accessories,Button-Down Shirts,269,999,73.07,3.8,5,"XS, S, M, L, XL, 2XL, 3XL, 4XL, 5XL",Pink,Regular Fit,Cotton Blend,3/4 Sleeve,Solid,"Upgrade your everyday wardrobe with this stylish Cotton Blend Women’s Solid Shirt, designed for comfort, elegance, and versatility. Made from soft and breathable cotton blend fabric, this top ensures all-day comfort, making it perfect for office wear, casual outings, travel, or daily use. Featuring a modern collar neck, 3/4 sleeves, and a sleek solid design, this shirt adds a touch of sophistication to any outfit. Pair it with jeans, trousers, skirts, or shorts for a chic and polished look. Its wrinkle-resistant and easy-to-maintain fabric makes it a must-have staple for every woman.",In stock,MAHADEV FASHION___,https://www.amazon.in/dp/B0G52GCKQW,2026-06-26T08:41:34.085456+00:00
Amazon India,IndoPrimo Women's Satin Shirt with Long Sleeves Western Style Spread Collar Neck Relaxed Fit Stripe Printed Pattern and Standard Length,https://m.media-amazon.com/images/I/61VpwQF9Z4L._AC_UL320_.jpg,IndoPrimo,Clothing & Accessories,Button-Down Shirts,498,1999,75.09,3.9,70,"S, M, L, XL",Pink,Relaxed Fit,Polycotton,Long Sleeve,Striped,"IndoPrimo Women's Satin Shirt with Long Sleeves Western Style Spread Collar Neck Relaxed Fit Stripe Printed Pattern and St.... Fabric: Polycotton. Fit: Relaxed Fit. Sleeve: Long Sleeve. Pattern: Striped. Color: Pink. Sizes: S, M, L, XL",In stock,Cocoblu Retail,https://www.amazon.in/dp/B0FQC8SGWZ,2026-06-26T08:41:34.085456+00:00
Amazon India,Blue RoninWomen Stylish Western Official Formal Shirts for Women Regular fit Shirts for Women,https://m.media-amazon.com/images/I/51mhmeQ0ISL._AC_UL320_.jpg,Blue Ronin,Clothing & Accessories,Shirts,499,1199,58.38,3.9,1.6,"S, M, L, XL, 2XL, 3XL, 4XL, 5XL",White,Regular Fit,Cotton,3/4 Sleeve,Solid,"Blur Ronin SHIRTS EXPERIENCE THE AMAZING COMFORT. We know how it is as a busy student, father, or office worker. Some days getting dressed simply takes up too much time and you need something to throw on that looks simple and presentable. You don't want anything too fancy, just a cute and non-descript top that you can wear while you're on-the-go. This Shirt is exactly that! It's a great shirt for the everyday women to wear, anytime! This shirt is a necessary staple in everyday life. It is very versatile and can be worn in office environments, classrooms, and even during your errands or athletics activities. It's even machine washable, so all you need to do is toss it in the wash machine! THE CRAFT HEAVEN SHIRT IS MADE FOR FALL, SPRING, AND SUMMER! This great shirts was designed with you in mind! It has chambray seam finishes and a front button.it is very lightweight and breathable.",In stock,equitech,https://www.amazon.in/dp/B085W31MD6,2026-06-26T08:41:34.085456+00:00
Amazon India,Gufrina Women Mustard Multicolor Floral Print Button-Down Shirt with Elbow Sleeves and Collar Neck in Soft Breathable Fabric Ideal for Casual wear and Relaxed Styling,https://m.media-amazon.com/images/I/711LVJGdmVL._AC_UL320_.jpg,Gufrina,Clothing & Accessories,Button-Down Shirts,419,1.2,.,4.2,279,"S, M, L, XL, 2XL, 3XL, 4XL",Pink,Regular Fit,Polyester,Puff Sleeve,Floral,"Step into effortless elegance with this Gufrina women's button-down shirt, designed in a soft and breathable fabric that ensures comfort throughout the day. The shirt features a striking floral print dominated by mustard yellow, purple, orange, and white hues that give it a vibrant and fresh appeal. The playful watercolor-style floral motifs make it perfect for spring and summer seasons, while the combination of vivid colors adds charm to your everyday outfit. Designed with a full button-down front, this shirt has a smart collar neckline that adds structure and polish. The elbow-length sleeves with buttoned cuffs enhance the relaxed, yet put-together feel of the shirt. Its slightly flared hem and soft pleats at the back ensure ease of movement and flatter all body types, offering a casual yet graceful silhouette. The lightweight nature of the fabric makes it an ideal choice for daily wear, travel, weekend brunches, and casual office settings. Whether styled with denims, shorts, or solid trousers, this multicolor floral shirt adapts to different occasions and styles. Pair it with flats or sandals for a laid-back summer look, or tuck it into high-waist pants for a more defined appearance. The colorful and artistic floral pattern keeps the outfit playful, making it a versatile addition to your wardrobe.",In stock,Cocoblu Retail,https://www.amazon.in/dp/B0FFTLSKMB,2026-06-26T08:41:34.085456+00:00
Amazon India,OOMPH! Women Checked Smart Casual Shirt | Women’s Gingham Check Shirts | Full Sleeve Button-Down Casual Westernwear for Women | Smart Fit Office Wear Top,https://m.media-amazon.com/images/I/51zEjoMF6zL._AC_UL320_.jpg,OOMPH!,Clothing & Accessories,Button-Down Shirts,588,1999,70.59,3.5,5,"S, M, L, XL, 2XL",Black,Relaxed Fit,Polyester,Cuff Sleeve,Checkered,"Elevate your everyday style with this classic checked shirt. Featuring a timeless gingham pattern, this shirt is designed to offer both comfort and versatility. The clean silhouette, spread collar, high and low hem and button-down front make it suitable for both casual outings and semi-formal occasions. Pair it with tailored trousers for a polished look or style it with denim for a relaxed vibe.",In stock,Cocoblu Retail,https://www.amazon.in/dp/B0GWHCNCTS,2026-06-26T08:41:34.085456+00:00
Amazon India,Blissclub Womens Cotton Pro Classic Shirt,https://m.media-amazon.com/images/I/41fMdcIn1tL._AC_UL320_.jpg,BlissClub,Clothing & Accessories,Shirts,1299,1799,27.79,3.6,24,"XS, M, L, XL, 2XL, 3XL",Bliss Black,Regular Fit,Cotton Blend,Long Sleeve,Solid,"Blissclub Womens Cotton Pro Classic Shirt. Fabric: Cotton Blend. Fit: Regular Fit. Sleeve: Long Sleeve. Pattern: Solid. Color: Bliss Black. Sizes: XS, M, L, XL, 2XL, 3XL",In stock,Cocoblu Retail,https://www.amazon.in/dp/B0DSFXLQLW,2026-06-26T08:41:34.085456+00:00
Amazon India,Women Formal Striped Shirt Cotton Blend Office Wear Full Sleeve Button Down Professional Workwear Business Casual Regular Fit Ladies Top,https://m.media-amazon.com/images/I/61MCrQ-kdxL._AC_UL320_.jpg,SRB CORP,Clothing & Accessories,Button-Down Shirts,319,999,68.07,4,1,"S, M, L, XL",YELLOW,Regular Fit,Cotton Blend,Raglan Sleeve,Solid,"SRB CORP Women Formal Striped Shirt Cotton Blend Office Wear Full Sleeve Button Down Professional Workwear Business Casual.... Fabric: Cotton Blend. Fit: Regular Fit. Sleeve: Raglan Sleeve. Pattern: Solid. Color: YELLOW. Sizes: S, M, L, XL",In stock,M/s S R B CORPORATION,https://www.amazon.in/dp/B0H4DD29H1,2026-06-26T08:41:34.085456+00:00
Amazon India,KOLI Womens Striped Cotton Long Sleeve Button Down Shirt – Oversized Casual Collared Shirt Yellow,https://m.media-amazon.com/images/I/5161z65497L._AC_UL320_.jpg,Generic,Clothing & Accessories,Button-Down Shirts,310,999,68.97,3.3,3,"XL, S, M, L",Yellow,Regular Fit,Cotton,Long Sleeve,Striped,"KOLI Womens Striped Cotton Long Sleeve Button Down Shirt – Oversized Casual Collared Shirt Yellow. Fabric: Cotton. Fit: Regular Fit. Sleeve: Long Sleeve. Pattern: Striped. Color: Yellow. Sizes: XL, S, M, L",In stock,M/S KOLI EMPIRE,https://www.amazon.in/dp/B0GMWQR26S,2026-06-26T08:41:34.085456+00:00
Amazon India,"Women’s Striped Cotton Shirt | Long Sleeve Casual & Office Wear | Comfortable, Breathable, Stylish Formal Top for Daily Work & Smart Casual Look",https://m.media-amazon.com/images/I/51WFQU0Nt0L._AC_UL320_.jpg,SIKRI FAB,Clothing & Accessories,Button-Down Shirts,399,1599,75.05,3.8,32,"S, M, L, XL",Chocolatey,Regular Fit,Cotton,Cap Sleeve,Striped,SIKRI FAB | Save 5% 5% off coupon appliedSave 5% with coupon (limited sizes/colours) | Save 5% 5% off coupon applied | Save 5% | 5% off coupon applied | Save 5% with coupon (limited sizes/colours) | Save 5% | with coupon (limited sizes/colours),In stock,SIKRI FAB,https://www.amazon.in/dp/B0GDFMJBN1,2026-06-26T08:41:34.085456+00:00
Amazon India,SheWill Women’s Orange Landscape Print Crepe Shirt – Stylish Western Long Shirt with Spread Collar| Shirt for Women Stylish Western | Long Shirt for Women,https://m.media-amazon.com/images/I/614zIYp6WuL._AC_UL320_.jpg,SheWill,Clothing & Accessories,Button-Down Shirts,489,1999,75.54,3.4,248,"XS, S, M, L, XL, 2XL, 3XL",Purple,Regular Fit,Crepe,Long Sleeve,Printed,"SheWill Women’s Orange Landscape Print Crepe Shirt – Stylish Western Long Shirt with Spread Collar| Shirt for Women Stylis.... Fabric: Crepe. Fit: Regular Fit. Sleeve: Long Sleeve. Pattern: Printed. Color: Purple. Sizes: XS, S, M, L, XL, 2XL, 3XL",In stock,Cocoblu Retail,https://www.amazon.in/dp/B0DHXW8VBL,2026-06-26T08:41:34.085456+00:00
Amazon India,Womens and Girls Polyester Regular Fit Shirt || Short Sleeve Shirts Stylish Western Tops|,https://m.media-amazon.com/images/I/61FHGh85COL._AC_UL320_.jpg,FERY LONDON,Clothing & Accessories,Button-Down Shirts,439,1999,78.04,3.8,81,"XS, S, M, L, XL",PEACH,Regular Fit,Polyester,Sleeveless,Floral,womens and girls top|TOP for women stylish western|party wear tops|,In stock,Cocoblu Retail,https://www.amazon.in/dp/B0FGY4Z4M8,2026-06-26T08:41:34.085456+00:00
Amazon India,C.Cozami Casual Long Sleeves Double Pocket Women's Rayon Shirts,https://m.media-amazon.com/images/I/71eFrujnUFL._AC_UL320_.jpg,C.Cozami,Clothing & Accessories,Button-Down Shirts,476,1199,60.3,3.7,493,"XS, S, M, L, XL, 2XL",Olive Green,Regular Fit,Rayon,Long Sleeve,Solid,"C.Cozami Casual Long Sleeves Double Pocket Women's Rayon Shirts. Fabric: Rayon. Fit: Regular Fit. Sleeve: Long Sleeve. Pattern: Solid. Color: Olive Green. Sizes: XS, S, M, L, XL, 2XL",In stock,ManyaCreation,https://www.amazon.in/dp/B0BNBHTTD1,2026-06-26T08:41:34.085456+00:00
Amazon India,Blue Ronin Women 3/4 Sleeve Stylish Western Official Formal Shirts Regular fit Shirts for Women,https://m.media-amazon.com/images/I/510uTEpHd5L._AC_UL320_.jpg,Blue Ronin,Clothing & Accessories,Button-Down Shirts,465,1599,70.92,3.9,1.5,"S, M, L, XL, 2XL, 3XL, 4XL, 5XL",White,Regular Fit,Cotton,3/4 Sleeve,Solid,"Blue Ronin Women 3/4 Sleeve Stylish Western Official Formal Shirts Regular fit Shirts for Women. Fabric: Cotton. Fit: Regular Fit. Sleeve: 3/4 Sleeve. Pattern: Solid. Color: White. Sizes: S, M, L, XL, 2XL, 3XL, 4XL, 5XL",In stock,equitech,https://www.amazon.in/dp/B0BRKSX16F,2026-06-26T08:41:34.085456+00:00
Amazon India,"Women's Plus Size Cotton Blend Shirt, Collared Neck, Long Sleeve, Button Down, Regular Fit",https://m.media-amazon.com/images/I/61apoaVe4QL._AC_UL320_.jpg,DESIGNALLY,Clothing & Accessories,Button-Down Shirts,455.05,1099,58.59,1.8,6,"S, M, L, XL, 2XL, 3XL, 4XL, 5XL",PINK,Regular Fit,Cotton Blend,REGULAR SLEEVE,Ombre,"Step into effortless style with this Women's Ombre Shirt in a beautiful pink hue. Featuring a stunning gradient ombre effect that transitions seamlessly from a soft blush pink to a vibrant deeper pink, this shirt is sure to turn heads wherever you go. The long sleeves and classic button-down front make it a versatile wardrobe staple that can be dressed up or down with ease. Thoughtfully designed with elegant pintuck detailing along the front placket, it adds a touch of sophistication to the overall look. The relaxed, comfortable fit paired with a flattering V-neckline makes it an ideal choice for plus-size women seeking both style and comfort. Pair it with your favourite jeans or trousers for a chic, put-together look. Whether you are heading to a casual outing or a relaxed day at the office, this ombre shirt delivers a fresh and fashionable statement. Please refer to the size chart before placing your order to ensure the perfect fit.",In stock,DESIGNALLY,https://www.amazon.in/dp/B0GYLKYG31,2026-06-26T08:41:34.085456+00:00
Amazon India,IndoPrimo Women's Classic Fit Striped Print Poly Cotton Shirt with Long Sleeve Mandarin Neck Standard Length and Button Down Closure Type,https://m.media-amazon.com/images/I/61yXwABDHHL._AC_UL320_.jpg,IndoPrimo,Clothing & Accessories,Button-Down Shirts,498,1999,75.09,3.9,234,"S, M, L, XL",Blue,Oversized Fit,Polycotton,Long Sleeve,Striped,"IndoPrimo Women's Classic Fit Striped Print Poly Cotton Shirt with Long Sleeve Mandarin Neck Standard Length and Button Do.... Fabric: Polycotton. Fit: Oversized Fit. Sleeve: Long Sleeve. Pattern: Striped. Color: Blue. Sizes: S, M, L, XL",In stock,Cocoblu Retail,https://www.amazon.in/dp/B0DZ2K1PZC,2026-06-26T08:41:34.085456+00:00
Amazon India,The Souled Store Women Button Down Shirt,https://m.media-amazon.com/images/I/61HSN9N-+QL._AC_UL320_.jpg,The Souled Store,Clothing & Accessories,Button-Down Shirts,1599,1899,15.8,4.2,153,"XS, S, M, L, XL, 2XL",Pink,Loose Fit,Cotton Blend,Long Sleeve,Solid,Shop for Solids: Lime Boyfriend Shirt Womens OnlineMRP: Rs. 1999/- incl. of all taxes.,In stock,Cocoblu Retail,https://www.amazon.in/dp/B0C4XZ1S2L,2026-06-26T08:41:34.085456+00:00
Amazon India,Aahwan Solid Button Up Drop Shoulder Vertical Stripe Pattern Casual Long Sleeve Shirt for Women's & Girl's,https://m.media-amazon.com/images/I/71WzSXIHwBL._AC_UL320_.jpg,Aahwan,Clothing & Accessories,Button-Down Shirts,589,1999,70.54,3.1,45,"XS, S, M, L",Blue,Modern Fit,Polyester,Long Sleeve,Solid,"The Aahwan Women's & Girls' Striped Regular Shirt is a stylish and versatile addition to your wardrobe. Designed with a chic racerback style, this shirt combines comfort and fashion effortlessly.",In stock,Aahwan Creation,https://www.amazon.in/dp/B0G25Y3FHK,2026-06-26T08:41:34.085456+00:00
Amazon India,IndoPrimo Striped Western Shirt for Women | Oversized Stylish Shirt Tops for Women,https://m.media-amazon.com/images/I/61DBBJVKuhL._AC_UL320_.jpg,IndoPrimo,Clothing & Accessories,Button-Down Shirts,498,1999,75.09,4,100,"S, M, L, XL",Cream,Regular Fit,Polycotton,3/4 Sleeve,Striped,"IndoPrimo Striped Western Shirt for Women | Oversized Stylish Shirt Tops for Women. Fabric: Polycotton. Fit: Regular Fit. Sleeve: 3/4 Sleeve. Pattern: Striped. Color: Cream. Sizes: S, M, L, XL",In stock,Cocoblu Retail,https://www.amazon.in/dp/B0FCMRRCPG,2026-06-26T08:41:34.085456+00:00
Amazon India,Women Shirt ||Women Top || Cecily Paisley-Trim Button-Front Shirt (S-01-04),https://m.media-amazon.com/images/I/51jP4G2lBPL._AC_UL320_.jpg,Zurity,Clothing & Accessories,Button-Down Shirts,448,999,55.16,3.4,106,"S, M, L, XL, 2XL",Blue,Regular Fit,Georgette,Balloon Sleeve,,Shirt for Women | Womens Shirt | Ladies Shirt | Formal Shirt for Women | Casual Shirt for Women | Office Wear Shirt for Women | Stylish Shirt for Women,In stock,Cocoblu Retail,https://www.amazon.in/dp/B0GF2X8GHL,2026-06-26T08:41:34.085456+00:00
Amazon India,U.S. Polo ASSN. Women Shirt,https://m.media-amazon.com/images/I/81J6ABJksqL._AC_UL320_.jpg,U.S. POLO ASSN.,Clothing & Accessories,Button-Down Shirts,1749,2699,35.2,4.5,2,"XS, S, M, L, XL",Blue,Regular Fit,Cotton,Long Sleeve,Striped,"Draw inspiration from the vibrant colors of a tropical sunset with the Summer In The Med collection, which beautifully captures the essence of warmth, adventure, and relaxation. The rich indigo shades evoke the depths of the ocean, while the lively pops of orange introduce an energetic and playful element. This collection invites you to embrace the spirit of summer and explore its many joys. Highlighted by delicate vertical stripes, it exudes a subtle yet enchanting allure, rendering it a versatile addition to your casual wardrobe, perfect for various relaxed outings.",In stock,Cocoblu Retail,https://www.amazon.in/dp/B0F7XZKJDS,2026-06-26T08:41:34.085456+00:00
Amazon India,Women's Classic Fit Striped Print Blue and White Poly Cotton Shirt with Long Sleeve Mandarin Neck Standard Length and Button Down Closure Type,https://m.media-amazon.com/images/I/513moguDZ6L._AC_UL320_.jpg,AREAL FASHION,Clothing & Accessories,Button-Down Shirts,374,999,62.56,4.4,5,"XS, S, M, L, XL",blue,Regular Fit,Cotton Blend,Long Sleeve,Graphic Print Design,"Elevate your everyday wardrobe with this Women's Classic Fit Striped Shirt, a timeless piece that effortlessly blends style and comfort. Crafted from poly cotton fabric, this shirt features a crisp blue and white striped print that gives it a fresh, polished look suitable for both casual and semi-formal occasions. The long sleeves and button-down closure make it easy to style, whether tucked into trousers or paired with your favourite jeans. The standard length and classic fit ensure a flattering silhouette for a variety of body types. Available in sizes XS to XL, the shirt offers a well-structured fit across the chest and shoulders. Please refer to the size chart before ordering: XS (Chest 91 cm, Front Length 63.5 cm), S (Chest 94 cm), M (Chest 99 cm), L (Chest 104 cm), and XL (Chest 109 cm). The mandarin-style collar adds a subtle contemporary touch to this wardrobe essential. Machine wash care is recommended to maintain the fabric's quality and colour vibrancy. A versatile and chic addition to any wardrobe, this shirt is perfect for the modern woman on the go.",In stock,Areal Fashion,https://www.amazon.in/dp/B0GWFK62WF,2026-06-26T08:41:34.085456+00:00
Amazon India,IndoPrimo Women's Satin Shirt with Spread Collar Neck Line Solid Pattern Full Sleeves Regular Fit Western Style and Standard Length,https://m.media-amazon.com/images/I/61vT32slH9L._AC_UL320_.jpg,IndoPrimo,Clothing & Accessories,Button-Down Shirts,399,1999,80.04,3.9,300,"S, M, L, XL",Olive,Regular Fit,Polycotton,Long Sleeve,Solid,"IndoPrimo Women's Satin Shirt with Spread Collar Neck Line Solid Pattern Full Sleeves Regular Fit Western Style and Standa.... Fabric: Polycotton. Fit: Regular Fit. Sleeve: Long Sleeve. Pattern: Solid. Color: Olive. Sizes: S, M, L, XL",In stock,Cocoblu Retail,https://www.amazon.in/dp/B0FJ8TK5VK,2026-06-26T08:41:34.085456+00:00
Amazon India,FUNDAY FASHION Women Oversized Fit Solid Casual Denim Shirt,https://m.media-amazon.com/images/I/61x9xhCQVTL._AC_UL320_.jpg,FUNDAY FASHION,Clothing & Accessories,Button-Down Shirts,699,1499,53.37,3.2,20,"S, M, L, XL",Light Blue,Oversized Fit,Denim,Long Sleeve,Solid,"Trendy and appealing, this shirt from FUNDAY FASHION exclusive collection will surely impress fashionable women. This shirt will surely add unique charm to your casual as well as party look. Made from soft fabric, this top will help you stay relaxed all day long. 100% Satisfaction is guaranteed. We Also manufacture shirts, t-shirts,tops for women Western, Casual, Formal, Stylish, latest tops for Women.",In stock,SYS ONLINE STORE,https://www.amazon.in/dp/B0GJCSB75B,2026-06-26T08:41:34.085456+00:00
Amazon India,AAFA Women 3/4 Sleeve Casual & Formal Shirt | Stylish Regular Fit Shirt for Women Perfect for Office,https://m.media-amazon.com/images/I/51TrV-4btYL._AC_UL320_.jpg,AAFA,Clothing & Accessories,Button-Down Shirts,499,1999,75.04,5,4,"S, M, L, XL",Beige,Regular Fit,Cotton,3/4 Sleeve,Solid,"Upgrade your wardrobe with this stylish and comfortable shirt from AAFA. Designed for modern Women, this shirt combines premium fabric with a perfect fit, making it ideal for both casual and formal occasions.Crafted from high-quality material, it offers excellent breathability and all-day comfort. The soft texture feels gentle on the skin, while the durable stitching ensures long-lasting wear. Its classic design with a modern touch makes it easy to pair with jeans, trousers, or chinos. Whether you're heading to the office, a party, or a casual outing, this shirt keeps you looking sharp and confident. Easy to maintain and wrinkle-resistant, it is a must-have addition to your everyday collection.",In stock,THE FASHION HUB...,https://www.amazon.in/dp/B0GVN2P3B5,2026-06-26T08:41:34.085456+00:00
Amazon India,Women's Regular Fit Cotton Blend Shirts with Wingtip Collar,https://m.media-amazon.com/images/I/61tTj89JyYL._AC_UL320_.jpg,Generic,Clothing & Accessories,Button-Down Shirts,759,1999,62.03,4,276,"S, M, L, XL, 2XL, 3XL, 4XL",Coffee,Regular Fit,Cotton Blend,Long Sleeve,Solid,"Women's Regular Fit Cotton Blend Shirts with Wingtip Collar. Fabric: Cotton Blend. Fit: Regular Fit. Sleeve: Long Sleeve. Pattern: Solid. Color: Coffee. Sizes: S, M, L, XL, 2XL, 3XL, 4XL",In stock,SHARMA'S GROUP,https://www.amazon.in/dp/B0D9C9DRZR,2026-06-26T08:41:34.085456+00:00
Amazon India,TOPLOT Tops for Woman | Kurti Stylish with Shirt Design | Comfortable Western Top | Versatile Perfect for Casual & Everyday Fashion | Kurti for Woman | Korean Style (5247),https://m.media-amazon.com/images/I/61dNVL03nuL._AC_UL320_.jpg,TOPLOT,Clothing & Accessories,Button-Down Shirts,498,1999,75.09,3.7,242,"XS, S, M, L, XL",Off White,Regular Fit,Cotton Blend,Long Sleeve,Solid,"The tiered ruffle hem enhances its feminine charm, while the classic button-up front and shirt collar provide a timeless touch. Long sleeves with buttoned cuffs offer versatility—wear them down for a polished look or roll them up for a more laid-back vibe. Whether paired with jeans for a casual outing or dressed up with tailored pants, this blouse is a must-have staple for every modern wardrobe.",In stock,Cocoblu Retail,https://www.amazon.in/dp/B0F13XZBK6,2026-06-26T08:41:34.085456+00:00
Amazon India,Sponsored Ad - FebQ Printed Shirt Style Top for Women,https://m.media-amazon.com/images/I/81OLT4eJzfL._AC_UL320_.jpg,FebQ,Women Fashion,Shirts,325,1499,78.32,4.2,349,colours),Red,,,,Printed,FebQ | Save 2% 2% off coupon appliedSave 2% with coupon (limited sizes/colours) | Save 2% 2% off coupon applied | Save 2% | 2% off coupon applied | Save 2% with coupon (limited sizes/colours) | Save 2% | with coupon (limited sizes/colours),In stock,,https://www.amazon.in/dp/B0D229XRC6,2026-06-26T08:41:34.085456+00:00
Amazon India,Sponsored Ad - Gufrina Shirt for Women Stylish Western |Shirt Type Top| Multicolor Bold Floral| Button-Down Western Top| R...,https://m.media-amazon.com/images/I/719BlzBnqBL._AC_UL320_.jpg,Gufrina,Women Fashion,Shirts,419,1299,67.74,3.4,65,,Red,,,,Floral,Sponsored Ad - Gufrina Shirt for Women Stylish Western |Shirt Type Top| Multicolor Bold Floral| Button-Down Western Top| R.... Pattern: Floral. Color: Red,In stock,,https://www.amazon.in/dp/B0DVT4Z3ZM,2026-06-26T08:41:34.085456+00:00
Amazon India,Sponsored Ad - Gufrina Women's Casual Long Sleeve Floral Print Shirt - Stylish Everyday Wear with Lapel Collar and Button-...,https://m.media-amazon.com/images/I/716wezRZlzL._AC_UL320_.jpg,Gufrina,Women Fashion,Shirts,384,1199,67.97,3.6,56,,Red,,,Long Sleeve,Floral,Sponsored Ad - Gufrina Women's Casual Long Sleeve Floral Print Shirt - Stylish Everyday Wear with Lapel Collar and Button-.... Sleeve: Long Sleeve. Pattern: Floral. Color: Red,In stock,,https://www.amazon.in/dp/B0DSC98SK1,2026-06-26T08:41:34.085456+00:00
Amazon India,Sponsored Ad - FYLTR Women’s Oversized Solid Shirt – 100% Cotton | Full Sleeve | Oversized Fit | Shirts for Women,https://m.media-amazon.com/images/I/611g5fcsL7L._AC_UL320_.jpg,FYLTR,Women Fashion,Shirts,699,1699,58.86,4.1,21,,Red,Oversized Fit,Cotton,Full Sleeve,Solid,Sponsored Ad - FYLTR Women’s Oversized Solid Shirt – 100% Cotton | Full Sleeve | Oversized Fit | Shirts for Women. Fabric: Cotton. Fit: Oversized Fit. Sleeve: Full Sleeve. Pattern: Solid. Color: Red,In stock,,https://www.amazon.in/dp/B0G5HJJTKC,2026-06-26T08:41:34.085456+00:00
Amazon India,Sponsored Ad - TOPLOT Women's Shirt | Stylish Top Design | Modern Abstract & Floral Prints | Classic Collar with Front Clo...,https://m.media-amazon.com/images/I/81bP7Zo89ML._AC_UL320_.jpg,TOPLOT,Women Fashion,Shirts,399,1999,80.04,3.8,395,,Red,,,,Floral,Sponsored Ad - TOPLOT Women's Shirt | Stylish Top Design | Modern Abstract & Floral Prints | Classic Collar with Front Clo.... Pattern: Floral. Color: Red,In stock,,https://www.amazon.in/dp/B0DYNVSKQ5,2026-06-26T08:41:34.085456+00:00
Amazon India,GRECIILOOKS Women's Oversized Shirt for Women`s | Korean Style Long Sleeve Oversized Button Down Shirts |Comfortable Rich ...,https://m.media-amazon.com/images/I/6116l5f4kgL._AC_UL320_.jpg,GRECIILOOKS,Women Fashion,Shirts,448,1999,77.59,3.6,1.1,,,,,Long Sleeve,,GRECIILOOKS Women's Oversized Shirt for Women`s | Korean Style Long Sleeve Oversized Button Down Shirts |Comfortable Rich .... Sleeve: Long Sleeve,In stock,,https://www.amazon.in/dp/B0DWN4WJ94,2026-06-26T08:41:34.085456+00:00
Amazon India,"Rangkathaa Womens Formal Shirt for Office Wear | Soft Fabric Smart Fit Professional Shirt for Work, Meetings, Corporate & ...",https://m.media-amazon.com/images/I/71sRXeV8+zL._AC_UL320_.jpg,Rangkathaa,Women Fashion,Shirts,499,1799,72.26,3.8,71,,,,,,,,In stock,,https://www.amazon.in/dp/B0G2SKTBZ9,2026-06-26T08:41:34.085456+00:00
Amazon India,Skyla Women 3/4 SleeveStylish Western Stylish Women’s Formal Shirt Regular fit Shirts for Women(-),https://m.media-amazon.com/images/I/51hpyckdlML._AC_UL320_.jpg,Skyla,Women Fashion,Shirts,499,1999,75.04,4.4,9,,,Regular Fit,,3/4 Sleeve,,Skyla Women 3/4 SleeveStylish Western Stylish Women’s Formal Shirt Regular fit Shirts for Women(-). Fit: Regular Fit. Sleeve: 3/4 Sleeve,In stock,,https://www.amazon.in/dp/B0GM5VT7MK,2026-06-26T08:41:34.085456+00:00
Amazon India,FUNDAY FASHION Women's Georgette Regular Fit Solid Casual Shirt,https://m.media-amazon.com/images/I/61wPrmI2A9L._AC_UL320_.jpg,FUNDAY FASHION,Women Fashion,Shirts,389,1499,74.05,3.8,380,,,Regular Fit,Georgette,,Solid,FUNDAY FASHION Women's Georgette Regular Fit Solid Casual Shirt. Fabric: Georgette. Fit: Regular Fit. Pattern: Solid,In stock,,https://www.amazon.in/dp/B0BVLS2LPT,2026-06-26T08:41:34.085456+00:00
Amazon India,Yellowfab Industries Elegant Chic Solid Cotton Blend Shirt for Women Regular Fit,https://m.media-amazon.com/images/I/416eXUdokKL._AC_UL320_.jpg,Generic,Women Fashion,Shirts,208,799,73.97,3.5,7,,Yellow,Regular Fit,Cotton Blend,,Solid,Yellowfab Industries Elegant Chic Solid Cotton Blend Shirt for Women Regular Fit. Fabric: Cotton Blend. Fit: Regular Fit. Pattern: Solid. Color: Yellow,In stock,,https://www.amazon.in/dp/B0GH6V7MYD,2026-06-26T08:41:34.085456+00:00
Amazon India,AAFA Women Full Sleeve Casual & Formal Shirt | Stylish Regular Fit Shirt for Women Perfect for Office,https://m.media-amazon.com/images/I/516I3I4KolL._AC_UL320_.jpg,AAFA,Women Fashion,Shirts,499,1999,75.04,5,1,,,Regular Fit,,Full Sleeve,,AAFA Women Full Sleeve Casual & Formal Shirt | Stylish Regular Fit Shirt for Women Perfect for Office. Fit: Regular Fit. Sleeve: Full Sleeve,In stock,,https://www.amazon.in/dp/B0GVN5V6K9,2026-06-26T08:41:34.085456+00:00
Amazon India,Button Down Collared Full Sleeves Loose Fit Pink Shirt for Women's,https://m.media-amazon.com/images/I/41xjXLZBFOL._AC_UL320_.jpg,Generic,Women Fashion,Shirts,190,999,80.98,3.2,34,,Pink,Loose Fit,,Full Sleeve,,Button Down Collared Full Sleeves Loose Fit Pink Shirt for Women's. Fit: Loose Fit. Sleeve: Full Sleeve. Color: Pink,In stock,,https://www.amazon.in/dp/B0FRY2TPQG,2026-06-26T08:41:34.085456+00:00
Amazon India,Tokyo Talkies Women's Boxy Shirts | Solid | Short Sleeves | Cuban Collar,https://m.media-amazon.com/images/I/7123UdoxkaL._AC_UL320_.jpg,Tokyo Talkies,Women Fashion,Shirts,208,949,78.08,4.3,22,,,,,Short Sleeve,Solid,Tokyo Talkies Women's Boxy Shirts | Solid | Short Sleeves | Cuban Collar. Sleeve: Short Sleeve. Pattern: Solid,In stock,,https://www.amazon.in/dp/B0F487NQ64,2026-06-26T08:41:34.085456+00:00
Amazon India,The Souled Store Cotton Linen Shirt: Women and Girls Drop-Shoulder Sleeves Spread Collar Stripes Lightweight Casual Oversi...,https://m.media-amazon.com/images/I/61cZmJWGlOL._AC_UL320_.jpg,The Souled Store,Women Fashion,Shirts,1149,1699,32.37,4.3,8,,,,Cotton,,,The Souled Store Cotton Linen Shirt: Women and Girls Drop-Shoulder Sleeves Spread Collar Stripes Lightweight Casual Oversi.... Fabric: Cotton,In stock,,https://www.amazon.in/dp/B0FZLWFHBZ,2026-06-26T08:41:34.085456+00:00
Amazon India,"Vedika kapoor Women’s Yellow & White Striped Oversized Cotton Shirt | Casual Long Sleeve Collared Button-Down Top, Premium...",https://m.media-amazon.com/images/I/51FYYKowKmL._AC_UL320_.jpg,Vedika kapoor,Women Fashion,Shirts,799,1799,55.59,3.4,7,,Yellow,,Cotton,Long Sleeve,Striped,"Vedika kapoor Women’s Yellow & White Striped Oversized Cotton Shirt | Casual Long Sleeve Collared Button-Down Top, Premium.... Fabric: Cotton. Sleeve: Long Sleeve. Pattern: Striped. Color: Yellow",In stock,,https://www.amazon.in/dp/B0FMNZBR8X,2026-06-26T08:41:34.085456+00:00
Amazon India,Aahwan Striped Button Down Flared Bell Long Sleeve Casual Shirt for Women's & Girl's,https://m.media-amazon.com/images/I/71oUtkii-iL._AC_UL320_.jpg,Aahwan,Women Fashion,Shirts,569,1999,71.54,4.1,6,,Red,,,Long Sleeve,Striped,Aahwan Striped Button Down Flared Bell Long Sleeve Casual Shirt for Women's & Girl's. Sleeve: Long Sleeve. Pattern: Striped. Color: Red,In stock,,https://www.amazon.in/dp/B0GX5PDB26,2026-06-26T08:41:34.085456+00:00
Amazon India,GRECIILOOKS Shirt for Women Stylish | Long Shirt for Women | Oversized Shirt for Women | Women Shirt | Tops for Woman,https://m.media-amazon.com/images/I/61Q-1F8iwML._AC_UL320_.jpg,GRECIILOOKS,Women Fashion,Shirts,449,1999,77.54,4,410,,,,,,,,In stock,,https://www.amazon.in/dp/B0FHQB965Q,2026-06-26T08:41:34.085456+00:00
Amazon India,Sponsored Ad - Symbol Premium Women's Oversized Smart Casual Cotton Shirt (Available in Plus Sizes),https://m.media-amazon.com/images/I/71JKRzU3kTL._AC_UL320_.jpg,Symbol Premium,Women Fashion,Shirts,899,1599,43.78,3.6,151,,Red,,Cotton,,,Sponsored Ad - Symbol Premium Women's Oversized Smart Casual Cotton Shirt (Available in Plus Sizes). Fabric: Cotton. Color: Red,In stock,,https://www.amazon.in/dp/B0F6SMPXT8,2026-06-26T08:41:34.085456+00:00
Amazon India,"Sponsored Ad - Gufrina Women's Sea Green Leaf Printed Western Shirt with Button Down Front, Puff Sleeves and Relaxed Fit D...",https://m.media-amazon.com/images/I/71H3PVJImEL._AC_UL320_.jpg,Gufrina,Women Fashion,Shirts,419,1399,70.05,3.8,66,,Green,Relaxed Fit,,,Printed,Gufrina | Only 1 left in stock. | Only 1 left in stock.,In stock,,https://www.amazon.in/dp/B0FJYFQ5Y1,2026-06-26T08:41:34.085456+00:00
Amazon India,Sponsored Ad - TOPLOT Tops for Woman | Kurti Stylish with Shirt Design | Comfortable Western Top | Versatile Perfect for C...,https://m.media-amazon.com/images/I/61DOE8zNIdL._AC_UL320_.jpg,TOPLOT,Women Fashion,Shirts,498,1999,75.09,3.7,242,,Red,,,,,Sponsored Ad - TOPLOT Tops for Woman | Kurti Stylish with Shirt Design | Comfortable Western Top | Versatile Perfect for C.... Color: Red,In stock,,https://www.amazon.in/dp/B0F13VN8BC,2026-06-26T08:41:34.085456+00:00
Amazon India,DIMPY GARMENTS Women’s Cotton Striped Oversized Long Sleeve Button-Down Shirt,https://m.media-amazon.com/images/I/71CDCaStTjL._AC_UL320_.jpg,DIMPY GARMENTS,Women Fashion,Shirts,318,1499,78.79,3.8,50,colours),,,Cotton,Long Sleeve,Striped,DIMPY GARMENTS | Save 2% 2% off coupon appliedSave 2% with coupon (limited sizes/colours) | Save 2% 2% off coupon applied | Save 2% | 2% off coupon applied | Save 2% with coupon (limited sizes/colours) | Save 2% | with coupon (limited sizes/colours),In stock,,https://www.amazon.in/dp/B0FNJSRD97,2026-06-26T08:41:34.085456+00:00
Amazon India,PERFECT PRODUCTIONS Shirts for Women – Korean Style Sleeve Oversized Button Down | Plus Size Workwear Top for Office & Cas...,https://m.media-amazon.com/images/I/616mAFSkUFL._AC_UL320_.jpg,PERFECT PRODUCTIONS,Women Fashion,Shirts,455,999,54.45,3.1,10,,,,,,,,In stock,,https://www.amazon.in/dp/B0GMCNDXW7,2026-06-26T08:41:34.085456+00:00
Amazon India,"Women's Printed Shirt with Bell Sleeves, Embroidered Cuffs, Collared Neck, Button Front, Casual Ethnic Style",https://m.media-amazon.com/images/I/51gt4667BPL._AC_UL320_.jpg,Generic,Women Fashion,Shirts,599,1499,60.04,2.5,11,,Red,,,,Printed,"Women's Printed Shirt with Bell Sleeves, Embroidered Cuffs, Collared Neck, Button Front, Casual Ethnic Style. Pattern: Printed. Color: Red",In stock,,https://www.amazon.in/dp/B0GKGGF1TY,2026-06-26T08:41:34.085456+00:00
Amazon India,Yellowfab Industries Women Long Sleeve Loose Fit Casual Shirt,https://m.media-amazon.com/images/I/414hWpAt1UL._AC_UL320_.jpg,Generic,Women Fashion,Shirts,172,799,78.47,2.6,4,,Yellow,Loose Fit,,Long Sleeve,,Yellowfab Industries Women Long Sleeve Loose Fit Casual Shirt. Fit: Loose Fit. Sleeve: Long Sleeve. Color: Yellow,In stock,,https://www.amazon.in/dp/B0GH6GXTC4,2026-06-26T08:41:34.085456+00:00
Amazon India,The Souled Store Cotton Linen Shirt: Flamingo Women and Girls Long Sleeve Collared Neck Pink Embroidered Oversized Fit Lig...,https://m.media-amazon.com/images/I/51QkldCFf6L._AC_UL320_.jpg,The Souled Store,Women Fashion,Shirts,1599,1999,20.01,4.6,3,,Pink,Oversized Fit,Cotton,Long Sleeve,,The Souled Store Cotton Linen Shirt: Flamingo Women and Girls Long Sleeve Collared Neck Pink Embroidered Oversized Fit Lig.... Fabric: Cotton. Fit: Oversized Fit. Sleeve: Long Sleeve. Color: Pink,In stock,,https://www.amazon.in/dp/B0FH2WPKGK,2026-06-26T08:41:34.085456+00:00
Amazon India,ESTA Women 3/4 Sleeve Stylish Western Official Formal Shirts Regular fit Shirts for Women,https://m.media-amazon.com/images/I/71qD-P7Kq6L._AC_UL320_.jpg,ESTA,Women Fashion,Shirts,499,1799,72.26,4,57,colours),,Regular Fit,,3/4 Sleeve,,ESTA | Save 2% 2% off coupon appliedSave 2% with coupon (limited sizes/colours) | Save 2% 2% off coupon applied | Save 2% | 2% off coupon applied | Save 2% with coupon (limited sizes/colours) | Save 2% | with coupon (limited sizes/colours),In stock,,https://www.amazon.in/dp/B0FQJCZGYT,2026-06-26T08:41:34.085456+00:00
Amazon India,AREAL FASHION Women Formal Striped Shirt | Cotton Blend Office Wear Shirt for Women | Full Sleeve Button Down Casual & Wor...,https://m.media-amazon.com/images/I/41IxT5HCwLL._AC_UL320_.jpg,AREAL FASHION,Women Fashion,Shirts,370,999,62.96,4.5,2,,,,Cotton Blend,Full Sleeve,Striped,AREAL FASHION Women Formal Striped Shirt | Cotton Blend Office Wear Shirt for Women | Full Sleeve Button Down Casual & Wor.... Fabric: Cotton Blend. Sleeve: Full Sleeve. Pattern: Striped,In stock,,https://www.amazon.in/dp/B0GWFKV6SR,2026-06-26T08:41:34.085456+00:00
Amazon India,OOMPH! Full Sleeve Stylish Western Official Formal Shirts for Women Regular fit Shirts for Woman,https://m.media-amazon.com/images/I/51UITMcJfoL._AC_UL320_.jpg,OOMPH!,Women Fashion,Shirts,699,1999,65.03,4.1,85,,,Regular Fit,,Full Sleeve,,OOMPH! Full Sleeve Stylish Western Official Formal Shirts for Women Regular fit Shirts for Woman. Fit: Regular Fit. Sleeve: Full Sleeve,In stock,,https://www.amazon.in/dp/B0FMRR1VPL,2026-06-26T08:41:34.085456+00:00
Amazon India,"Womens Pink White Striped Button Down Shirt – Long Sleeve Collared Blouse, Casual Loose Fit Work Office Top, Lightweight S...",https://m.media-amazon.com/images/I/51xdmOf9JcL._AC_UL320_.jpg,Generic,Women Fashion,Shirts,399,999,60.06,3.2,24,,Pink,Loose Fit,,Long Sleeve,Striped,"Womens Pink White Striped Button Down Shirt – Long Sleeve Collared Blouse, Casual Loose Fit Work Office Top, Lightweight S.... Fit: Loose Fit. Sleeve: Long Sleeve. Pattern: Striped. Color: Pink",In stock,,https://www.amazon.in/dp/B0GQGLD5FP,2026-06-26T08:41:34.085456+00:00
Amazon India,Van Heusen Women Polyester Regular Fit Solid Full Sleeve Casual Shirt,https://m.media-amazon.com/images/I/61TWf0dyGNL._AC_UL320_.jpg,Van Heusen,Women Fashion,Shirts,2039,2299,11.31,3.9,84,,,Regular Fit,Polyester,Full Sleeve,Solid,Van Heusen Women Polyester Regular Fit Solid Full Sleeve Casual Shirt. Fabric: Polyester. Fit: Regular Fit. Sleeve: Full Sleeve. Pattern: Solid,In stock,,https://www.amazon.in/dp/B0GFNZHJFK,2026-06-26T08:41:34.085456+00:00
Amazon India,NINEOX Women’s Ombre Pink Casual Shirt for Women | Full Sleeve Stylish Western Top | Soft Regular Fit Button Down Shirt fo...,https://m.media-amazon.com/images/I/61a770ncRFL._AC_UL320_.jpg,NINEOX,Women Fashion,Shirts,489,1999,75.54,5,3,,Pink,Regular Fit,,Full Sleeve,,NINEOX Women’s Ombre Pink Casual Shirt for Women | Full Sleeve Stylish Western Top | Soft Regular Fit Button Down Shirt fo.... Fit: Regular Fit. Sleeve: Full Sleeve. Color: Pink,In stock,,https://www.amazon.in/dp/B0H2QLQLSL,2026-06-26T08:41:34.085456+00:00
Amazon India,Bowrain Satin Silk Fabric Spread Collar Full Sleeve Top Shirt for Women and Girl,https://m.media-amazon.com/images/I/71hMOIkkAcL._AC_UL320_.jpg,Bowrain,Women Fashion,Shirts,474.05,1499,68.38,3.2,317,,,,Satin,Full Sleeve,,Bowrain Satin Silk Fabric Spread Collar Full Sleeve Top Shirt for Women and Girl. Fabric: Satin. Sleeve: Full Sleeve,In stock,,https://www.amazon.in/dp/B0BYP3F7GT,2026-06-26T08:41:34.085456+00:00
Amazon India,"PINACOLADA Women's Brushed Shirt | Spread Collar, Long Button-Cuff Sleeves, Button Closure | Checks Brushed Woven Shirt fo...",https://m.media-amazon.com/images/I/51WlH93ZuZL._AC_UL320_.jpg,PINACOLADA,Women Fashion,Shirts,674,1499,55.04,3.4,12,colours),,,,,,PINACOLADA | Save 2% 2% off coupon appliedSave 2% with coupon (limited sizes/colours) | Save 2% 2% off coupon applied | Save 2% | 2% off coupon applied | Save 2% with coupon (limited sizes/colours) | Save 2% | with coupon (limited sizes/colours),In stock,,https://www.amazon.in/dp/B0FWR6CCW9,2026-06-26T08:41:34.085456+00:00
Amazon India,ANNI Designer Women Cream Cotton Embroidered Tops | Floral Thread Work Short Sleeve Shirt | Casual Summer Wear for Office...,https://m.media-amazon.com/images/I/614dmFqBh0L._AC_UL320_.jpg,ANNI DESIGNER,Women Fashion,Shirts,467,2599,82.03,3.9,61,,Cream,,Cotton,Short Sleeve,Floral,ANNI Designer Women Cream Cotton Embroidered Tops | Floral Thread Work Short Sleeve Shirt | Casual Summer Wear for Office.... Fabric: Cotton. Sleeve: Short Sleeve. Pattern: Floral. Color: Cream,In stock,,https://www.amazon.in/dp/B0GDT2BSVG,2026-06-26T08:41:34.085456+00:00
Amazon India,Style Quotient Women Stripe Blue and White Polycotton Formal Shirt,https://m.media-amazon.com/images/I/41PMmgql87L._AC_UL320_.jpg,Style Quotient,Women Fashion,Shirts,589,1399,57.9,4.3,20,,Blue,,Cotton,,,Style Quotient Women Stripe Blue and White Polycotton Formal Shirt. Fabric: Cotton. Color: Blue,In stock,,https://www.amazon.in/dp/B0FMY6B2LS,2026-06-26T08:41:34.085456+00:00
Amazon India,MULVARI Striped Button Down Flared Bell Long Sleeve Casual Shirt for Women's & Girl's,https://m.media-amazon.com/images/I/81It9dI7I3L._AC_UL320_.jpg,MULVARI,Women Fashion,Shirts,499,1499,66.71,3.6,5,,Red,,,Long Sleeve,Striped,MULVARI Striped Button Down Flared Bell Long Sleeve Casual Shirt for Women's & Girl's. Sleeve: Long Sleeve. Pattern: Striped. Color: Red,In stock,,https://www.amazon.in/dp/B0GY8XMS59,2026-06-26T08:41:34.085456+00:00
Amazon India,U.S. Polo Assn. Women Shirt,https://m.media-amazon.com/images/I/71PmD+1PxqL._AC_UL320_.jpg,U.S. POLO ASSN.,Women Fashion,Shirts,1119,2499,55.22,,,,,,,,,,In stock,,https://www.amazon.in/dp/B0FQC7LV93,2026-06-26T08:41:34.085456+00:00
Amazon India,OOMPH! Women’s Textured Button-Down Shirt | Slim Fit Crinkled Fabric Top with Full Sleeves & Spread Collar | Casual Stylis...,https://m.media-amazon.com/images/I/61ejGInK3EL._AC_UL320_.jpg,OOMPH!,Women Fashion,Shirts,599,1999,70.04,5,4,,Red,Slim Fit,,Full Sleeve,,OOMPH! Women’s Textured Button-Down Shirt | Slim Fit Crinkled Fabric Top with Full Sleeves & Spread Collar | Casual Stylis.... Fit: Slim Fit. Sleeve: Full Sleeve. Color: Red,In stock,,https://www.amazon.in/dp/B0GZ4V69RM,2026-06-26T08:41:34.085456+00:00
Amazon India,Long Sleeve Button-Down Women’s Cotton Striped Oversized Shirt,https://m.media-amazon.com/images/I/71JLoa699xL._AC_UL320_.jpg,Generic,Women Fashion,Shirts,381,1499,74.58,3.7,58,"d Shirt, colours)",,,Cotton,Long Sleeve,Striped,Generic | Save 2% 2% off coupon appliedSave 2% with coupon (limited sizes/colours) | Save 2% 2% off coupon applied | Save 2% | 2% off coupon applied | Save 2% with coupon (limited sizes/colours) | Save 2% | with coupon (limited sizes/colours),In stock,,https://www.amazon.in/dp/B0FP5K6SDB,2026-06-26T08:41:34.085456+00:00
Amazon India,"Women's Crochet Shirt Button-Down Top, Blue and Cream, Short Sleeve, Collared Shirt",https://m.media-amazon.com/images/I/71ou-AVIAwL._AC_UL320_.jpg,Generic,Women Fashion,Shirts,299,999,70.07,4.5,4,,Cream,,,Short Sleeve,,"Women's Crochet Shirt Button-Down Top, Blue and Cream, Short Sleeve, Collared Shirt. Sleeve: Short Sleeve. Color: Cream",In stock,,https://www.amazon.in/dp/B0GRWD7C2N,2026-06-26T08:41:34.085456+00:00
Amazon India,S.C.K Women’s Pink Striped Cotton Shirt Slim Fit – Stylish Button Down Formal & Casual Shirt for Women | Full Sleeve Colla...,https://m.media-amazon.com/images/I/61c2tZfHc5L._AC_UL320_.jpg,S.C.K,Women Fashion,Shirts,369,3.69,.,,,,Pink,Slim Fit,Cotton,Full Sleeve,Striped,S.C.K Women’s Pink Striped Cotton Shirt Slim Fit – Stylish Button Down Formal & Casual Shirt for Women | Full Sleeve Colla.... Fabric: Cotton. Fit: Slim Fit. Sleeve: Full Sleeve. Pattern: Striped. Color: Pink,In stock,,https://www.amazon.in/dp/B0GTLKFKWN,2026-06-26T08:41:34.085456+00:00
Amazon India,Max Women's Striped Regular Fit Shirt,https://m.media-amazon.com/images/I/51I+W5elcML._AC_UL320_.jpg,Max,Women Fashion,Shirts,599,699,14.31,,,,,Regular Fit,,,Striped,Max Women's Striped Regular Fit Shirt. Fit: Regular Fit. Pattern: Striped,In stock,,https://www.amazon.in/dp/B0FMDZQ1Z4,2026-06-26T08:41:34.085456+00:00
Amazon India,Leriya Fashion Shirt for Women | Shirt for Woman | Korean Style Full Sleeve Oversized Button Down Shirt’s | Tops for Women...,https://m.media-amazon.com/images/I/61gtsy5fLnL._AC_UL320_.jpg,Leriya Fashion,Women Fashion,Shirts,448,1999,77.59,4,54,,,,,Full Sleeve,,Leriya Fashion Shirt for Women | Shirt for Woman | Korean Style Full Sleeve Oversized Button Down Shirt’s | Tops for Women.... Sleeve: Full Sleeve,In stock,,https://www.amazon.in/dp/B0FSDQC3V5,2026-06-26T08:41:34.085456+00:00
Amazon India,"Women's Denim Shirt, Blue, Puff Sleeve, Breeze Top Button Front, Casual Top",https://m.media-amazon.com/images/I/41NSZvBNKPL._AC_UL320_.jpg,Generic,Women Fashion,Shirts,499,999,50.05,3.3,25,,Blue,,Denim,,,"Women's Denim Shirt, Blue, Puff Sleeve, Breeze Top Button Front, Casual Top. Fabric: Denim. Color: Blue",In stock,,https://www.amazon.in/dp/B0GS528QZ2,2026-06-26T08:41:34.085456+00:00
Amazon India,GM SARA Women's Polyester Stylish Regular Fit Button Down Plain Solid Formal Casual Shirts for Women Office Wear,https://m.media-amazon.com/images/I/71JN2E9mvqL._AC_UL320_.jpg,GM SARA,Women Fashion,Shirts,322,999,67.77,3.5,174,,,Regular Fit,Polyester,,Solid,GM SARA Women's Polyester Stylish Regular Fit Button Down Plain Solid Formal Casual Shirts for Women Office Wear. Fabric: Polyester. Fit: Regular Fit. Pattern: Solid,In stock,,https://www.amazon.in/dp/B0C62GFKXZ,2026-06-26T08:41:34.085456+00:00
Amazon India,MAYKR Maroon Full Sleeve Shirt|Fitted Shirt for Women,https://m.media-amazon.com/images/I/71akW0LO3IL._AC_UL320_.jpg,MAYKR,Women Fashion,Shirts,409,989,58.65,3,5,,Maroon,,,Full Sleeve,,MAYKR Maroon Full Sleeve Shirt|Fitted Shirt for Women. Sleeve: Full Sleeve. Color: Maroon,In stock,,https://www.amazon.in/dp/B0GPKRC4FZ,2026-06-26T08:41:34.085456+00:00
Amazon India,Trendy Queen Women's Printed Straight Mandarin Neck Shirt for Women's | Tops for Woman Shirts | Shirt for Women Stylish We...,https://m.media-amazon.com/images/I/61AyeE7PuFL._AC_UL320_.jpg,Trendy Queen,Women Fashion,Shirts,399,1999,80.04,4,5.4,,,,,,Printed,Trendy Queen Women's Printed Straight Mandarin Neck Shirt for Women's | Tops for Woman Shirts | Shirt for Women Stylish We.... Pattern: Printed,In stock,,https://www.amazon.in/dp/B0F1Z8Z5N6,2026-06-26T08:41:34.085456+00:00
Amazon India,"AURVY Women Striped Casual Shirt | Oversized Button Down | Full Sleeve Cotton Blend | Stylish Top for Office, College",https://m.media-amazon.com/images/I/41Y4bICis8L._AC_UL320_.jpg,AURVY,Women Fashion,Shirts,289,999,71.07,5,1,,,,Cotton Blend,Full Sleeve,Striped,"AURVY Women Striped Casual Shirt | Oversized Button Down | Full Sleeve Cotton Blend | Stylish Top for Office, College. Fabric: Cotton Blend. Sleeve: Full Sleeve. Pattern: Striped",In stock,,https://www.amazon.in/dp/B0GZHWDZS8,2026-06-26T08:41:34.085456+00:00
Amazon India,Style Quotient Women Solid Chambrey Regular Formal Shirt,https://m.media-amazon.com/images/I/61gTAnqKEmL._AC_UL320_.jpg,Style Quotient,Women Fashion,Shirts,644,1499,57.04,4.1,301,,,,,,Solid,Style Quotient Women Solid Chambrey Regular Formal Shirt. Pattern: Solid,In stock,,https://www.amazon.in/dp/B0D796QRH6,2026-06-26T08:41:34.085456+00:00
Amazon India,"OOMPH! Women Striped Smart Casual Shirt | Long Sleeve Casual & Office Wear | Comfortable, Breathable, Stylish Formal Top f...",https://m.media-amazon.com/images/I/61qWCRIVpKL._AC_UL320_.jpg,OOMPH!,Women Fashion,Shirts,599,1999,70.04,4.6,14,,,,,Long Sleeve,Striped,"OOMPH! Women Striped Smart Casual Shirt | Long Sleeve Casual & Office Wear | Comfortable, Breathable, Stylish Formal Top f.... Sleeve: Long Sleeve. Pattern: Striped",In stock,,https://www.amazon.in/dp/B0GWHMSCCQ,2026-06-26T08:41:34.085456+00:00
Amazon India,"Women’s Striped Oversized Shirt | Full Sleeve Relaxed Fit Casual Top | Stylish Button-Down Long Shirt for Office, College",https://m.media-amazon.com/images/I/41Sf1QDoXrL._AC_UL320_.jpg,Generic,Women Fashion,Shirts,339,1599,78.8,3.1,4,,,Relaxed Fit,,Full Sleeve,Striped,"Women’s Striped Oversized Shirt | Full Sleeve Relaxed Fit Casual Top | Stylish Button-Down Long Shirt for Office, College. Fit: Relaxed Fit. Sleeve: Full Sleeve. Pattern: Striped",In stock,,https://www.amazon.in/dp/B0GNRX3XJF,2026-06-26T08:41:34.085456+00:00
Amazon India,Sponsored Ad - ADBUCKS Women's Cotton Oversized Comfort Striped Spread Collar Long Sleeves Casual Shirt,https://m.media-amazon.com/images/I/61psHfN7VQL._AC_UL320_.jpg,ADBUCKS,Women Fashion,Shirts,749,2499,70.03,3.3,68,,Red,,Cotton,Long Sleeve,Striped,Sponsored Ad - ADBUCKS Women's Cotton Oversized Comfort Striped Spread Collar Long Sleeves Casual Shirt. Fabric: Cotton. Sleeve: Long Sleeve. Pattern: Striped. Color: Red,In stock,,https://www.amazon.in/dp/B0F3TYLTB9,2026-06-26T08:41:34.085456+00:00
Amazon India,Sponsored Ad - TADKEE Women's V Collared Casual Stylish Long Sleeve Oversized Fit Shirt,https://m.media-amazon.com/images/I/614AtOmBBBL._AC_UL320_.jpg,TADKEE,Women Fashion,Shirts,399,1999,80.04,3.7,440,d Fit Shirt,Red,Oversized Fit,,Long Sleeve,,Sponsored Ad - TADKEE Women's V Collared Casual Stylish Long Sleeve Oversized Fit Shirt. Fit: Oversized Fit. Sleeve: Long Sleeve. Color: Red. Sizes: d Fit Shirt,In stock,,https://www.amazon.in/dp/B0FNLJW7L9,2026-06-26T08:41:34.085456+00:00
Amazon India,Sponsored Ad - C.Cozami Casual Long Sleeves Double Pocket Women's Rayon Shirts,https://m.media-amazon.com/images/I/71eFrujnUFL._AC_UL320_.jpg,C.Cozami,Women Fashion,Shirts,477,1199,60.22,3.7,493,,Red,,Rayon,Long Sleeve,,Sponsored Ad - C.Cozami Casual Long Sleeves Double Pocket Women's Rayon Shirts. Fabric: Rayon. Sleeve: Long Sleeve. Color: Red,In stock,,https://www.amazon.in/dp/B0C6G2X1NQ,2026-06-26T08:41:34.085456+00:00
Amazon India,Sponsored Ad - TOPLOT Women's Shirt Top | Elegant Floral and Artistic Prints for a Stylish Look | Long Puffed Sleeves for ...,https://m.media-amazon.com/images/I/71ehlKHqhUL._AC_UL320_.jpg,TOPLOT,Women Fashion,Shirts,499,1999,75.04,3.4,886,,Red,,,,Floral,Sponsored Ad - TOPLOT Women's Shirt Top | Elegant Floral and Artistic Prints for a Stylish Look | Long Puffed Sleeves for .... Pattern: Floral. Color: Red,In stock,,https://www.amazon.in/dp/B0DX22DKKM,2026-06-26T08:41:34.085456+00:00
Amazon India,Sponsored Ad - FYLTR Women’s Oversized Solid Shirt – 100% Cotton | Full Sleeve | Oversized Fit | Shirts for Women,https://m.media-amazon.com/images/I/61aDcKmoriL._AC_UL320_.jpg,FYLTR,Women Fashion,Shirts,699,1699,58.86,4.1,21,,Red,Oversized Fit,Cotton,Full Sleeve,Solid,Sponsored Ad - FYLTR Women’s Oversized Solid Shirt – 100% Cotton | Full Sleeve | Oversized Fit | Shirts for Women. Fabric: Cotton. Fit: Oversized Fit. Sleeve: Full Sleeve. Pattern: Solid. Color: Red,In stock,,https://www.amazon.in/dp/B0G5HPDTTT,2026-06-26T08:41:34.085456+00:00
Amazon India,Sponsored Ad - Van Heusen Women Polyester Regular Fit Solid Full Sleeve Casual Shirt,https://m.media-amazon.com/images/I/61TWf0dyGNL._AC_UL320_.jpg,Van Heusen,Women Fashion,Shirts,2039,2299,11.31,3.9,84,,Red,Regular Fit,Polyester,Full Sleeve,Solid,Sponsored Ad - Van Heusen Women Polyester Regular Fit Solid Full Sleeve Casual Shirt. Fabric: Polyester. Fit: Regular Fit. Sleeve: Full Sleeve. Pattern: Solid. Color: Red,In stock,,https://www.amazon.in/dp/B0GFP1HGGG,2026-06-26T08:41:34.085456+00:00
Amazon India,Allen Solly Women Shirt,https://m.media-amazon.com/images/I/51WqlP1BdRL._AC_UL320_.jpg,Allen Solly,Women Fashion,Shirts,1029,1599,35.65,3.9,234,,,,,,,,In stock,,https://www.amazon.in/dp/B0CQRH3XC2,2026-06-26T08:41:34.085456+00:00
Amazon India,"Gufrina Women’s Casual Button-Down Shirt with Multicolor Floral Print & Half Sleeves, Collar Neck",https://m.media-amazon.com/images/I/71NgFbtZY4L._AC_UL320_.jpg,Gufrina,Women Fashion,Shirts,403.42,1399,71.16,3.8,189,,,,,Half Sleeve,Floral,"Gufrina Women’s Casual Button-Down Shirt with Multicolor Floral Print & Half Sleeves, Collar Neck. Sleeve: Half Sleeve. Pattern: Floral",In stock,,https://www.amazon.in/dp/B0FGJXFCJ3,2026-06-26T08:41:34.085456+00:00
Amazon India,WOVENBYCOUNTEX Striped Shirt for Woman | Blue Stripes | Cotton Blend,https://m.media-amazon.com/images/I/81L0YeAI-JL._AC_UL320_.jpg,WOVENBYCOUNTEX,Women Fashion,Shirts,499,1499,66.71,3.9,60,,Blue,,Cotton Blend,,Striped,WOVENBYCOUNTEX Striped Shirt for Woman | Blue Stripes | Cotton Blend. Fabric: Cotton Blend. Pattern: Striped. Color: Blue,In stock,,https://www.amazon.in/dp/B0F5W67J14,2026-06-26T08:41:34.085456+00:00
Amazon India,ESTA Women Full Sleeve Stylish Western Official Formal Shirts Regular fit Shirts for Women,https://m.media-amazon.com/images/I/711i6O8bQVL._AC_UL320_.jpg,ESTA,Women Fashion,Shirts,499,1799,72.26,4,47,colours),,Regular Fit,,Full Sleeve,,ESTA | Save 2% 2% off coupon appliedSave 2% with coupon (limited sizes/colours) | Save 2% 2% off coupon applied | Save 2% | 2% off coupon applied | Save 2% with coupon (limited sizes/colours) | Save 2% | with coupon (limited sizes/colours),In stock,,https://www.amazon.in/dp/B0FQJFB2WW,2026-06-26T08:41:34.085456+00:00
Amazon India,PERFECT PRODUCTIONS | Grey Striped Formal Shirt| Corset Shirt|Fitted Shirt|2565,https://m.media-amazon.com/images/I/71TngSvV7EL._AC_UL320_.jpg,PERFECT PRODUCTIONS,Women Fashion,Shirts,382,989,61.38,5,1,,Grey,,,,Striped,PERFECT PRODUCTIONS | Grey Striped Formal Shirt| Corset Shirt|Fitted Shirt|2565. Pattern: Striped. Color: Grey,In stock,,https://www.amazon.in/dp/B0GQTZWCR3,2026-06-26T08:41:34.085456+00:00
Amazon India,OOMPH! Women Striped Shirt with Bow Print | Relaxed Fit | Trendy Printed Westernwear | Casual Smart Shirts,https://m.media-amazon.com/images/I/610WBLiLAkL._AC_UL320_.jpg,OOMPH!,Women Fashion,Shirts,599,1999,70.04,4.9,17,,,Relaxed Fit,,,Striped,OOMPH! Women Striped Shirt with Bow Print | Relaxed Fit | Trendy Printed Westernwear | Casual Smart Shirts. Fit: Relaxed Fit. Pattern: Striped,In stock,,https://www.amazon.in/dp/B0GWHCCLB9,2026-06-26T08:41:34.085456+00:00
Amazon India,Skyla Women Full Sleeve Stylish Western Official Formal Shirts Regular fit Shirts for Women,https://m.media-amazon.com/images/I/51R6yX3R85L._AC_UL320_.jpg,Skyla,Women Fashion,Shirts,499,1999,75.04,3.4,20,,,Regular Fit,,Full Sleeve,,Skyla Women Full Sleeve Stylish Western Official Formal Shirts Regular fit Shirts for Women. Fit: Regular Fit. Sleeve: Full Sleeve,In stock,,https://www.amazon.in/dp/B0GM686VYJ,2026-06-26T08:41:34.085456+00:00
Amazon India,"CRAMPLE® Women's Striped Button-Down Shirt with Corset Lace-Up Back, Long Sleeve, Fitted Blouse",https://m.media-amazon.com/images/I/61lNwLc55gL._AC_UL320_.jpg,Generic,Women Fashion,Shirts,499,599,16.69,,,,,,,Long Sleeve,Striped,"CRAMPLE® Women's Striped Button-Down Shirt with Corset Lace-Up Back, Long Sleeve, Fitted Blouse. Sleeve: Long Sleeve. Pattern: Striped",In stock,,https://www.amazon.in/dp/B0H2BT1QT6,2026-06-26T08:41:34.085456+00:00
Amazon India,VERO Moda Women's Floral Regular Fit Shirt,https://m.media-amazon.com/images/I/71URAQngg-L._AC_UL320_.jpg,VERO MODA,Women Fashion,Shirts,661.77,2999,77.93,,,,,Regular Fit,,,Floral,VERO Moda Women's Floral Regular Fit Shirt. Fit: Regular Fit. Pattern: Floral,In stock,,https://www.amazon.in/dp/B0DVSVQCTG,2026-06-26T08:41:34.085456+00:00
Amazon India,Fancy Full Sleeve Washed Denim Shirt for Women,https://m.media-amazon.com/images/I/61aWNZjTu7L._AC_UL320_.jpg,Generic,Women Fashion,Shirts,399,1499,73.38,3.5,17,,,,Denim,Full Sleeve,,Fancy Full Sleeve Washed Denim Shirt for Women. Fabric: Denim. Sleeve: Full Sleeve,In stock,,https://www.amazon.in/dp/B0FXB2Z26D,2026-06-26T08:41:34.085456+00:00
Amazon India,Amazon Brand - Symbol Women's Oversized Cotton Casual Shirt (Available in Plus Sizes),https://m.media-amazon.com/images/I/618J0JveyML._AC_UL320_.jpg,Amazon Brand - Symbol,Women Fashion,Shirts,699,1299,46.19,3.8,109,,,,Cotton,,,Amazon Brand - Symbol Women's Oversized Cotton Casual Shirt (Available in Plus Sizes). Fabric: Cotton,In stock,,https://www.amazon.in/dp/B0F6T57M6B,2026-06-26T08:41:34.085456+00:00
Amazon India,"Pink Women Shirt,Shirt for Women.04",https://m.media-amazon.com/images/I/41cbdluygpL._AC_UL320_.jpg,Generic,Women Fashion,Shirts,474,1999,76.29,3.7,13,,Pink,,,,,,In stock,,https://www.amazon.in/dp/B0FD7SZG28,2026-06-26T08:41:34.085456+00:00
Amazon India,Women Striped Shirts - Oversized Black Shirt with White Vertical Stripes for Women Full Sleeves,https://m.media-amazon.com/images/I/61YS8cAfC4L._AC_UL320_.jpg,Generic,Women Fashion,Shirts,399,999,60.06,,,,Black,,,Full Sleeve,Striped,Women Striped Shirts - Oversized Black Shirt with White Vertical Stripes for Women Full Sleeves. Sleeve: Full Sleeve. Pattern: Striped. Color: Black,In stock,,https://www.amazon.in/dp/B0GZ3LJ8B3,2026-06-26T08:41:34.085456+00:00
Amazon India,ROYALICA Women's Solid Pattern Roll-Up Sleeve Shirt,https://m.media-amazon.com/images/I/6136xt3Ps2L._AC_UL320_.jpg,ROYALICA,Women Fashion,Shirts,399,699,42.92,2.9,310,,,,,,Solid,ROYALICA Women's Solid Pattern Roll-Up Sleeve Shirt. Pattern: Solid,In stock,,https://www.amazon.in/dp/B0D47KX4NP,2026-06-26T08:41:34.085456+00:00
Amazon India,FUNDAY FASHION Women Solid Formal Satin Regular Fit Shirt,https://m.media-amazon.com/images/I/516KUNs3TtL._AC_UL320_.jpg,FUNDAY FASHION,Women Fashion,Shirts,354,1499,76.38,3.5,992,,,Regular Fit,Satin,,Solid,FUNDAY FASHION Women Solid Formal Satin Regular Fit Shirt. Fabric: Satin. Fit: Regular Fit. Pattern: Solid,In stock,,https://www.amazon.in/dp/B0CVFNBT1M,2026-06-26T08:41:34.085456+00:00
Amazon India,"Sponsored Ad - Gufrina Women's Sea Green Leaf Printed Western Shirt with Button Down Front, Puff Sleeves and Relaxed Fit D...",https://m.media-amazon.com/images/I/71H3PVJImEL._AC_UL320_.jpg,Gufrina,Women Fashion,Shirts,419,1399,70.05,3.8,66,,Green,Relaxed Fit,,,Printed,"Sponsored Ad - Gufrina Women's Sea Green Leaf Printed Western Shirt with Button Down Front, Puff Sleeves and Relaxed Fit D.... Fit: Relaxed Fit. Pattern: Printed. Color: Green",In stock,,https://www.amazon.in/dp/B0FJYHSVXZ,2026-06-26T08:41:34.085456+00:00
Amazon India,Sponsored Ad - Gufrina Shirt for Women Stylish Western |Shirt Type Top| Multicolor Bold Floral| Button-Down Western Top| R...,https://m.media-amazon.com/images/I/719BlzBnqBL._AC_UL320_.jpg,Gufrina,Women Fashion,Shirts,419,1299,67.74,3.4,65,,Red,,,,Floral,Gufrina | Only 3 left in stock. | Only 3 left in stock.,In stock,,https://www.amazon.in/dp/B0DVT4TJPH,2026-06-26T08:41:34.085456+00:00
Amazon India,ROYALICA Women's Regular Fit Red Heart Printed Button Down Collar Casual White Shirt.,https://m.media-amazon.com/images/I/61w4yOVfuUL._AC_UL320_.jpg,ROYALICA,Women Fashion,Shirts,399,1999,80.04,3.6,110,,Red,Regular Fit,,,Printed,ROYALICA Women's Regular Fit Red Heart Printed Button Down Collar Casual White Shirt.. Fit: Regular Fit. Pattern: Printed. Color: Red,In stock,,https://www.amazon.in/dp/B0DYTCYJKJ,2026-06-26T08:41:34.085456+00:00
Amazon India,Blue Ronin Full Sleeve Stylish Western Official Formal Shirts for Women Regular Fit Plus Size,https://m.media-amazon.com/images/I/717KuhYkvgL._AC_UL320_.jpg,Blue Ronin,Women Fashion,Shirts,703,1599,56.04,3.9,95,,Blue,Regular Fit,,Full Sleeve,,Blue Ronin Full Sleeve Stylish Western Official Formal Shirts for Women Regular Fit Plus Size. Fit: Regular Fit. Sleeve: Full Sleeve. Color: Blue,In stock,,https://www.amazon.in/dp/B0C5Y2PBXL,2026-06-26T08:41:34.085456+00:00
Amazon India,"Women's Puff Sleeve Shirt, Yellow Striped, Classic Collar, Fitted Waist, Back Tie, Soft & Breathable Premium Fabric",https://m.media-amazon.com/images/I/61f+FY+YLYL._AC_UL320_.jpg,Schsteindar,Women Fashion,Shirts,299,899,66.74,,,,Yellow,,,,Striped,"Women's Puff Sleeve Shirt, Yellow Striped, Classic Collar, Fitted Waist, Back Tie, Soft & Breathable Premium Fabric. Pattern: Striped. Color: Yellow",In stock,,https://www.amazon.in/dp/B0H54WBCLX,2026-06-26T08:41:34.085456+00:00
Amazon India,Style Quotient Women's Regular Fit Shirt,https://m.media-amazon.com/images/I/51Ljo37otML._AC_UL320_.jpg,Style Quotient,Women Fashion,Shirts,539,1499,64.04,4,94,,,Regular Fit,,,,Style Quotient Women's Regular Fit Shirt. Fit: Regular Fit,In stock,,https://www.amazon.in/dp/B0BYVSX6FK,2026-06-26T08:41:34.085456+00:00
Amazon India,"LIANAFASHION Women's Cotton Solid Long Sleeve Shirt - Formal & Casual Button-Down Long Sleeve Collared Top for Office, Wor...",https://m.media-amazon.com/images/I/51vv4Q5vcgL._AC_UL320_.jpg,LIANAFASHION,Women Fashion,Shirts,753,1599,52.91,4,79,,Red,,Cotton,Long Sleeve,Solid,"LIANAFASHION Women's Cotton Solid Long Sleeve Shirt - Formal & Casual Button-Down Long Sleeve Collared Top for Office, Wor.... Fabric: Cotton. Sleeve: Long Sleeve. Pattern: Solid. Color: Red",In stock,,https://www.amazon.in/dp/B0CQ6MN3MK,2026-06-26T08:41:34.085456+00:00
Amazon India,Vedika kapoor Womens Striped Oversized fit poplin Shirts,https://m.media-amazon.com/images/I/61SrAk+tuiL._AC_UL320_.jpg,Vedika kapoor,Women Fashion,Shirts,869,2499,65.23,5,2,d fit poplin Shirts,,Oversized Fit,,,Striped,Vedika kapoor Womens Striped Oversized fit poplin Shirts. Fit: Oversized Fit. Pattern: Striped. Sizes: d fit poplin Shirts,In stock,,https://www.amazon.in/dp/B0GVFFNXQQ,2026-06-26T08:41:34.085456+00:00
Amazon India,Gufrina Shirt for Women Stylish Western|Shirt Type top|Short Sleeve|Fabric Rayon| Collar Neck |Bright Floral Print|Casual ...,https://m.media-amazon.com/images/I/81JxV0mcSUL._AC_UL320_.jpg,Gufrina,Women Fashion,Shirts,399,1899,78.99,3.5,380,,,,Rayon,Short Sleeve,Floral,Gufrina Shirt for Women Stylish Western|Shirt Type top|Short Sleeve|Fabric Rayon| Collar Neck |Bright Floral Print|Casual .... Fabric: Rayon. Sleeve: Short Sleeve. Pattern: Floral,In stock,,https://www.amazon.in/dp/B0DJGXX988,2026-06-26T08:41:34.085456+00:00
Amazon India,Rangkathaa Womens Formal Shirt for Office Wear Shirt for Women | Soft Comfortable Formal Shirt for Work & College,https://m.media-amazon.com/images/I/71sRXeV8+zL._AC_UL320_.jpg,Rangkathaa,Women Fashion,Shirts,499,1799,72.26,4,35,,,,,,,,In stock,,https://www.amazon.in/dp/B0GLFMN48V,2026-06-26T08:41:34.085456+00:00
Amazon India,ONLY Women Shirt,https://m.media-amazon.com/images/I/51MpaQSFYZL._AC_UL320_.jpg,ONLY,Women Fashion,Shirts,385.25,2299,83.24,5,1,,,,,,,,In stock,,https://www.amazon.in/dp/B0D1CH2DDC,2026-06-26T08:41:34.085456+00:00
Amazon India,"DESIGNALLY Women's Oversized Plaid Flannel Shirt, Red and Black, Long Sleeve, Casual Style",https://m.media-amazon.com/images/I/61d7mr9fgEL._AC_UL320_.jpg,DESIGNALLY,Women Fashion,Shirts,499,1099,54.6,,,"Red and Black, Long Sleeve, Casual Style",Black,,,Long Sleeve,,"DESIGNALLY Women's Oversized Plaid Flannel Shirt, Red and Black, Long Sleeve, Casual Style. Sleeve: Long Sleeve. Color: Black. Sizes: Red and Black, Long Sleeve, Casual Style",In stock,,https://www.amazon.in/dp/B0H3LWPKSK,2026-06-26T08:41:34.085456+00:00
Amazon India,FUNDAY FASHION Women's Oversized Fit Solid Casual Denim Shirt,https://m.media-amazon.com/images/I/61l08vaLcdL._AC_UL320_.jpg,FUNDAY FASHION,Women Fashion,Shirts,799,1499,46.7,3.8,3,,,Oversized Fit,Denim,,Solid,FUNDAY FASHION Women's Oversized Fit Solid Casual Denim Shirt. Fabric: Denim. Fit: Oversized Fit. Pattern: Solid,In stock,,https://www.amazon.in/dp/B0GSGG7SQN,2026-06-26T08:41:34.085456+00:00
Amazon India,URBAN OX Women's Casual Shirt - Stylish Printed Long Top for Women & Girls | Elegant Shirt for Women | Breathable Summer T...,https://m.media-amazon.com/images/I/71iJSWNqq4L._AC_UL320_.jpg,URBAN OX,Women Fashion,Shirts,489,1999,75.54,2.8,14,,,,,,Printed,URBAN OX Women's Casual Shirt - Stylish Printed Long Top for Women & Girls | Elegant Shirt for Women | Breathable Summer T.... Pattern: Printed,In stock,,https://www.amazon.in/dp/B0GZ476FTJ,2026-06-26T08:41:34.085456+00:00
Amazon India,Paralians Women Striped Regular Fit Shirt - Stylish and Comfortable Casual Wear | Classic Stripes Design | Soft and Breath...,https://m.media-amazon.com/images/I/71lXaLmGI5L._AC_UL320_.jpg,Paralians,Women Fashion,Shirts,498,999,50.15,3.6,86,,,Regular Fit,,,Striped,Paralians Women Striped Regular Fit Shirt - Stylish and Comfortable Casual Wear | Classic Stripes Design | Soft and Breath.... Fit: Regular Fit. Pattern: Striped,In stock,,https://www.amazon.in/dp/B0F91VL9KN,2026-06-26T08:41:34.085456+00:00
Amazon India,"High Star Women Oversized Spread Collar Classic Opaque Casual Shirt, Cotton",https://m.media-amazon.com/images/I/313z1VwRmRL._AC_UL320_.jpg,HIGH STAR,Women Fashion,Shirts,711,1749,59.35,3.8,1,Cotton,,,Cotton,,,"High Star Women Oversized Spread Collar Classic Opaque Casual Shirt, Cotton. Fabric: Cotton. Sizes: Cotton",In stock,,https://www.amazon.in/dp/B0C3RBGBZ8,2026-06-26T08:41:34.085456+00:00
Amazon India,FERY London Women’s Shirt | Premium Chiffon Allover Print Sleeveless Shirts for Casual & Office Wear | Stylish Summer Butt...,https://m.media-amazon.com/images/I/61QPfwWu-JL._AC_UL320_.jpg,FERY LONDON,Women Fashion,Shirts,479,1999,76.04,4.4,38,,,,,Sleeveless,,FERY London Women’s Shirt | Premium Chiffon Allover Print Sleeveless Shirts for Casual & Office Wear | Stylish Summer Butt.... Sleeve: Sleeveless,In stock,,https://www.amazon.in/dp/B0G65BQBK3,2026-06-26T08:41:34.085456+00:00
Amazon India,Gufrina Women’s Abstract Printed Button Down Shirt with Mandarin Collar and Above Elbow Sleeve Relaxed Fit Top,https://m.media-amazon.com/images/I/81YexWLn5yL._AC_UL320_.jpg,Gufrina,Women Fashion,Shirts,419,1.4,.,4.5,39,,,Relaxed Fit,,,Printed,Gufrina Women’s Abstract Printed Button Down Shirt with Mandarin Collar and Above Elbow Sleeve Relaxed Fit Top. Fit: Relaxed Fit. Pattern: Printed,In stock,,https://www.amazon.in/dp/B0FN7KD117,2026-06-26T08:41:34.085456+00:00
Amazon India,Maaesa Women Handmade Ombre Tie & Dye Rayon Shirt | Lightweight Breathable | Relaxed Fit | Long Sleeve Button-Down | Class...,https://m.media-amazon.com/images/I/613XpXKjP7L._AC_UL320_.jpg,Maaesa,Women Fashion,Shirts,593,2497,76.25,4,105,,,Relaxed Fit,Rayon,Long Sleeve,,Maaesa Women Handmade Ombre Tie & Dye Rayon Shirt | Lightweight Breathable | Relaxed Fit | Long Sleeve Button-Down | Class.... Fabric: Rayon. Fit: Relaxed Fit. Sleeve: Long Sleeve,In stock,,https://www.amazon.in/dp/B0DR1YD6N2,2026-06-26T08:41:34.085456+00:00
Amazon India,Max Women Shirt,https://m.media-amazon.com/images/I/71WqumwFThL._AC_UL320_.jpg,Max,Women Fashion,Shirts,549,599,8.35,3.7,2,,,,,,,,In stock,,https://www.amazon.in/dp/B0F99V7Y5P,2026-06-26T08:41:34.085456+00:00
Amazon India,Classy Fashion Woman's Polyester Shirt with Waist Tie Full Sleeves Regular Fit Collared Neck Solid Pattern and Mid Thigh L...,https://m.media-amazon.com/images/I/61T8q-1pGUL._AC_UL320_.jpg,Classy Fashion,Women Fashion,Shirts,598,1199,50.13,4.1,56,,Red,Regular Fit,Polyester,Full Sleeve,Solid,Classy Fashion Woman's Polyester Shirt with Waist Tie Full Sleeves Regular Fit Collared Neck Solid Pattern and Mid Thigh L.... Fabric: Polyester. Fit: Regular Fit. Sleeve: Full Sleeve. Pattern: Solid. Color: Red,In stock,,https://www.amazon.in/dp/B0G7ZRB1RZ,2026-06-26T08:41:34.085456+00:00
Amazon India,BRINDA ENTERPRIS Women’s Self Design Stripe Blue & White Polycotton Formal Shirt | Stylish Office Wear | Fabric | Long Sle...,https://m.media-amazon.com/images/I/61wBOcGoeqL._AC_UL320_.jpg,BRINDA ENTERPRIS,Women Fashion,Shirts,399,699,42.92,2.8,2,,Blue,,Cotton,,Self Design,BRINDA ENTERPRIS Women’s Self Design Stripe Blue & White Polycotton Formal Shirt | Stylish Office Wear | Fabric | Long Sle.... Fabric: Cotton. Pattern: Self Design. Color: Blue,In stock,,https://www.amazon.in/dp/B0GWV2L8XR,2026-06-26T08:41:34.085456+00:00
Amazon India,DESIGNALLY Women Plus Size Denim Shirt | Full Sleeve Button-Down Casual Shirt for Women (L–5XL),https://m.media-amazon.com/images/I/61QFzSkJxfL._AC_UL320_.jpg,DESIGNALLY,Women Fashion,Shirts,639,1499,57.37,5,2,,,,Denim,Full Sleeve,,DESIGNALLY Women Plus Size Denim Shirt | Full Sleeve Button-Down Casual Shirt for Women (L–5XL). Fabric: Denim. Sleeve: Full Sleeve,In stock,,https://www.amazon.in/dp/B0GKVT2XQP,2026-06-26T08:41:34.085456+00:00
Amazon India,"GRECIILOOKS Women Poly Lycra Blend Stylish Korean Tops Oversized Shirts, Crop Tanks & Trendy Summer Wear | Casual Street S...",https://m.media-amazon.com/images/I/61-cGR-Kw6L._AC_UL320_.jpg,GRECIILOOKS,Women Fashion,Shirts,498,1999,75.09,4.3,279,,,,,,,,In stock,,https://www.amazon.in/dp/B0F8BPLJLQ,2026-06-26T08:41:34.085456+00:00
Amazon India,Max Plus Size Women Embroidered Oversized Shirt,https://m.media-amazon.com/images/I/61ooUPvdLBL._AC_UL320_.jpg,Max,Women Fashion,Shirts,799,999,20.02,5,5,,Red,,,,,Max Plus Size Women Embroidered Oversized Shirt. Color: Red,In stock,,https://www.amazon.in/dp/B0FC61796R,2026-06-26T08:41:34.085456+00:00
Amazon India,Freehand Women Shirt,https://m.media-amazon.com/images/I/61e94lo32uL._AC_UL320_.jpg,FREEHAND,Women Fashion,Shirts,615,2049,69.99,4.1,30,,,,,,,,In stock,,https://www.amazon.in/dp/B0CR4C43YX,2026-06-26T08:41:34.085456+00:00
Amazon India,QIOA Women Striped Wrap Style Cotton Shirt Drop Shoulder Casual Wear,https://m.media-amazon.com/images/I/61tbDLJEqPL._AC_UL320_.jpg,QIOA,Women Fashion,Shirts,425,1499,71.65,3.5,3,,,,Cotton,,Striped,QIOA Women Striped Wrap Style Cotton Shirt Drop Shoulder Casual Wear. Fabric: Cotton. Pattern: Striped,In stock,,https://www.amazon.in/dp/B0GNZNC656,2026-06-26T08:41:34.085456+00:00
Amazon India,NEW-18 Women's Denim Shirt Full Sleeve Regular Fit Solid Pattern Collared Neck Button Down Casual Wear Stylish Shirt for G...,https://m.media-amazon.com/images/I/41o8dIBkeSL._AC_UL320_.jpg,NEW-18,Women Fashion,Shirts,648,2499,74.07,4.5,15,,Red,Regular Fit,Denim,Full Sleeve,Solid,NEW-18 Women's Denim Shirt Full Sleeve Regular Fit Solid Pattern Collared Neck Button Down Casual Wear Stylish Shirt for G.... Fabric: Denim. Fit: Regular Fit. Sleeve: Full Sleeve. Pattern: Solid. Color: Red,In stock,,https://www.amazon.in/dp/B0FNCNXRXN,2026-06-26T08:41:34.085456+00:00
Amazon India,"VORDROBE Womens Cotton Full Sleeve Shirt | Regular Fit Casual & Formal Shirt for Office, College",https://m.media-amazon.com/images/I/51iSeyi7ayL._AC_UL320_.jpg,VORDROBE,Women Fashion,Shirts,399,899,55.62,2.3,3,,,Regular Fit,Cotton,Full Sleeve,,"VORDROBE Womens Cotton Full Sleeve Shirt | Regular Fit Casual & Formal Shirt for Office, College. Fabric: Cotton. Fit: Regular Fit. Sleeve: Full Sleeve",In stock,,https://www.amazon.in/dp/B0GDGG49P5,2026-06-26T08:41:34.085456+00:00
Amazon India,GRECIILOOKS Oversized Shirt for Women | Shirt Top for Woman |Women’s Color Block Button Down Blouse – Casual Loose Fit Sho...,https://m.media-amazon.com/images/I/61lYNiNyAqL._AC_UL320_.jpg,GRECIILOOKS,Women Fashion,Shirts,499,1999,75.04,3.8,1.4,,,Loose Fit,,,,GRECIILOOKS Oversized Shirt for Women | Shirt Top for Woman |Women’s Color Block Button Down Blouse – Casual Loose Fit Sho.... Fit: Loose Fit,In stock,,https://www.amazon.in/dp/B0FLPT7M9T,2026-06-26T08:41:34.085456+00:00
Amazon India,GRECIILOOKS Shirt for Women | Shirt | Long | Tops for Women | Oversized | Korean Style Long Sleeve Oversized Button Down,https://m.media-amazon.com/images/I/710NlTdMKoL._AC_UL320_.jpg,GRECIILOOKS,Women Fashion,Shirts,449,1999,77.54,3.7,103,,,,,Long Sleeve,,GRECIILOOKS Shirt for Women | Shirt | Long | Tops for Women | Oversized | Korean Style Long Sleeve Oversized Button Down. Sleeve: Long Sleeve,In stock,,https://www.amazon.in/dp/B0FSD45W8L,2026-06-26T08:41:34.085456+00:00
Amazon India,Sponsored Ad - Styli Women’s Solid Casual Shirt | Regular Fit Opaque Shirt | Spread Collar with Button Placket | Long Slee...,https://m.media-amazon.com/images/I/6100KX7NIFL._AC_UL320_.jpg,Styli,Women Fashion,Shirts,458,849,46.05,3.6,49,,Red,Regular Fit,,,Solid,Styli | Only 1 left in stock. | Only 1 left in stock.,In stock,,https://www.amazon.in/dp/B0CWH3HL9S,2026-06-26T08:41:34.085456+00:00
Amazon India,Sponsored Ad - feranoid Classic Collared Cotton Shirt with 3/4 Sleeve for a Timeless Casual Look,https://m.media-amazon.com/images/I/711446VHLeL._AC_UL320_.jpg,feranoid,Women Fashion,Shirts,686,2499,72.55,3.9,404,,Red,,Cotton,3/4 Sleeve,,Sponsored Ad - feranoid Classic Collared Cotton Shirt with 3/4 Sleeve for a Timeless Casual Look. Fabric: Cotton. Sleeve: 3/4 Sleeve. Color: Red,In stock,,https://www.amazon.in/dp/B0DFDR6R8J,2026-06-26T08:41:34.085456+00:00
Amazon India,Sponsored Ad - Gufrina Women's Cotton Shirt with Mandarin Collar Neck Full Puff Sleeves Striped Pattern Regular Fit and St...,https://m.media-amazon.com/images/I/61iQnx0WU+L._AC_UL320_.jpg,Gufrina,Women Fashion,Shirts,416.97,1399,70.2,3.3,253,,Red,Regular Fit,Cotton,,Striped,Sponsored Ad - Gufrina Women's Cotton Shirt with Mandarin Collar Neck Full Puff Sleeves Striped Pattern Regular Fit and St.... Fabric: Cotton. Fit: Regular Fit. Pattern: Striped. Color: Red,In stock,,https://www.amazon.in/dp/B0F746KJC8,2026-06-26T08:41:34.085456+00:00
Amazon India,Sponsored Ad - FYLTR Women’s Oversized Solid Shirt – 100% Cotton | Full Sleeve | Oversized Fit | Shirts for Women,https://m.media-amazon.com/images/I/61aDcKmoriL._AC_UL320_.jpg,FYLTR,Women Fashion,Shirts,699,1699,58.86,4.1,21,,Red,Oversized Fit,Cotton,Full Sleeve,Solid,Sponsored Ad - FYLTR Women’s Oversized Solid Shirt – 100% Cotton | Full Sleeve | Oversized Fit | Shirts for Women. Fabric: Cotton. Fit: Oversized Fit. Sleeve: Full Sleeve. Pattern: Solid. Color: Red,In stock,,https://www.amazon.in/dp/B0G5HCVBG2,2026-06-26T08:41:34.085456+00:00
Amazon India,"Sponsored Ad - Gufrina Women's Sea Green Leaf Printed Western Shirt with Button Down Front, Puff Sleeves and Relaxed Fit D...",https://m.media-amazon.com/images/I/71H3PVJImEL._AC_UL320_.jpg,Gufrina,Women Fashion,Shirts,419,1399,70.05,3.8,66,,Green,Relaxed Fit,,,Printed,"Sponsored Ad - Gufrina Women's Sea Green Leaf Printed Western Shirt with Button Down Front, Puff Sleeves and Relaxed Fit D.... Fit: Relaxed Fit. Pattern: Printed. Color: Green",In stock,,https://www.amazon.in/dp/B0FJYG7MZY,2026-06-26T08:41:34.085456+00:00
Amazon India,Sponsored Ad - Amazon Brand - Symbol Women's Denim Shirt (Regular Fit | Full Sleeve) (Available in Plus Sizes),https://m.media-amazon.com/images/I/71bUqpoZMBL._AC_UL320_.jpg,Amazon Brand - Symbol,Women Fashion,Shirts,799,1699,52.97,3.2,7,),Red,Regular Fit,Denim,Full Sleeve,,Sponsored Ad - Amazon Brand - Symbol Women's Denim Shirt (Regular Fit | Full Sleeve) (Available in Plus Sizes). Fabric: Denim. Fit: Regular Fit. Sleeve: Full Sleeve. Color: Red. Sizes: ),In stock,,https://www.amazon.in/dp/B0GGYKBKZX,2026-06-26T08:41:34.085456+00:00
Amazon India,G Gradual Women's Comfort Spread Collar Stylish Western Solid Saini Satin Silk Straight fit Casual Shirt,https://m.media-amazon.com/images/I/61P54F1djvL._AC_UL320_.jpg,G Gradual,Women Fashion,Shirts,399,2499,84.03,3.1,219,,,,Satin,,Solid,G Gradual Women's Comfort Spread Collar Stylish Western Solid Saini Satin Silk Straight fit Casual Shirt. Fabric: Satin. Pattern: Solid,In stock,,https://www.amazon.in/dp/B0F4MVGRR5,2026-06-26T08:41:34.085456+00:00
Amazon India,MORE N MORE TRENDZ Women's Regular Fit Korean Style Shirts | Stylish Western Shirt with Concealed Placket | Casual & Offic...,https://m.media-amazon.com/images/I/51h4QYcQ-VL._AC_UL320_.jpg,MORE N MORE TRENDZ,Women Fashion,Shirts,599,1999,70.04,3.7,166,,,Regular Fit,,,,MORE N MORE TRENDZ Women's Regular Fit Korean Style Shirts | Stylish Western Shirt with Concealed Placket | Casual & Offic.... Fit: Regular Fit,In stock,,https://www.amazon.in/dp/B0FKBZG28Y,2026-06-26T08:41:34.085456+00:00
Amazon India,Symbol Premium Women 'Desk-to-Dinner' Cotton Stretch Formal Shirt (Button Down | Regular Fit | Stylish | Office-wear) (Ava...,https://m.media-amazon.com/images/I/61cjkibgz9L._AC_UL320_.jpg,Symbol Premium,Women Fashion,Shirts,999,2099,52.41,,,,,Regular Fit,Cotton,,,Symbol Premium Women 'Desk-to-Dinner' Cotton Stretch Formal Shirt (Button Down | Regular Fit | Stylish | Office-wear) (Ava.... Fabric: Cotton. Fit: Regular Fit,In stock,,https://www.amazon.in/dp/B0DNZDC4S3,2026-06-26T08:41:34.085456+00:00
Amazon India,LITZO Women Shirt || Shirt for Woman || Top for Women (L-174-175),https://m.media-amazon.com/images/I/61q8lLcC8sL._AC_UL320_.jpg,LITZO,Women Fashion,Shirts,499,3999,87.52,4.4,30,L,,,,,,LITZO Women Shirt || Shirt for Woman || Top for Women (L-174-175). Sizes: L,In stock,,https://www.amazon.in/dp/B0GNMXD5FL,2026-06-26T08:41:34.085456+00:00
Amazon India,"Women's Classic Striped Button-Down Shirt, Long Sleeve Business Casual Blouse",https://m.media-amazon.com/images/I/81lQUPc1fYL._AC_UL320_.jpg,Generic,Women Fashion,Shirts,499,1499,66.71,3.8,6,,,,,Long Sleeve,Striped,"Women's Classic Striped Button-Down Shirt, Long Sleeve Business Casual Blouse. Sleeve: Long Sleeve. Pattern: Striped",In stock,,https://www.amazon.in/dp/B0G1C4T47K,2026-06-26T08:41:34.085456+00:00
Amazon India,Symbol Premium Women's Oversized Smart Casual Cotton Shirt (Available in Plus Sizes),https://m.media-amazon.com/images/I/71IhiNuWqNL._AC_UL320_.jpg,Symbol Premium,Women Fashion,Shirts,899,1799,50.03,3.6,151,,,,Cotton,,,Symbol Premium Women's Oversized Smart Casual Cotton Shirt (Available in Plus Sizes). Fabric: Cotton,In stock,,https://www.amazon.in/dp/B0FWCRYH9V,2026-06-26T08:41:34.085456+00:00
Amazon India,"Gufrina Women’s Casual Button-Down Shirt with Multicolor Floral Print & Half Sleeves, Collar Neck (TOP-124)",https://m.media-amazon.com/images/I/71QV+mWF4+L._AC_UL320_.jpg,Gufrina,Women Fashion,Shirts,419,1.4,.,3.8,45,,,,,Half Sleeve,Floral,"Gufrina Women’s Casual Button-Down Shirt with Multicolor Floral Print & Half Sleeves, Collar Neck (TOP-124). Sleeve: Half Sleeve. Pattern: Floral",In stock,,https://www.amazon.in/dp/B0FN7L3TWP,2026-06-26T08:41:34.085456+00:00
Amazon India,Classy Fashion Women's Polyester Shirt with Striped Pattern Half Sleeve Regular Fit Spread Collar and Standard Length | St...,https://m.media-amazon.com/images/I/71QX-iJnW2L._AC_UL320_.jpg,Classy Fashion,Women Fashion,Shirts,498,999,50.15,3.6,14,,,Regular Fit,Polyester,Half Sleeve,Striped,Classy Fashion Women's Polyester Shirt with Striped Pattern Half Sleeve Regular Fit Spread Collar and Standard Length | St.... Fabric: Polyester. Fit: Regular Fit. Sleeve: Half Sleeve. Pattern: Striped,In stock,,https://www.amazon.in/dp/B0G24Y4P9R,2026-06-26T08:41:34.085456+00:00
Amazon India,feranoid Classic Collared Cotton Shirt with 3/4 Sleeve for a Timeless Casual Look,https://m.media-amazon.com/images/I/71uFT2KJXfL._AC_UL320_.jpg,feranoid,Women Fashion,Shirts,710,2499,71.59,3.9,404,,Red,,Cotton,3/4 Sleeve,,feranoid Classic Collared Cotton Shirt with 3/4 Sleeve for a Timeless Casual Look. Fabric: Cotton. Sleeve: 3/4 Sleeve. Color: Red,In stock,,https://www.amazon.in/dp/B0DFDTWVWJ,2026-06-26T08:41:34.085456+00:00
Amazon India,Rangkathaa Women’s Formal Shirt with 3/4 Sleeves for Office Wear | Button Down Collared Work Shirt | Regular Fit Ladies Bu...,https://m.media-amazon.com/images/I/51kzFv1SwML._AC_UL320_.jpg,Rangkathaa,Women Fashion,Shirts,499,1799,72.26,3.9,9,,Red,Regular Fit,,3/4 Sleeve,,Rangkathaa Women’s Formal Shirt with 3/4 Sleeves for Office Wear | Button Down Collared Work Shirt | Regular Fit Ladies Bu.... Fit: Regular Fit. Sleeve: 3/4 Sleeve. Color: Red,In stock,,https://www.amazon.in/dp/B0GS64QK8V,2026-06-26T08:41:34.085456+00:00
Amazon India,Tokyo Talkies Women Shirt,https://m.media-amazon.com/images/I/61HZxwdelbL._AC_UL320_.jpg,Tokyo Talkies,Women Fashion,Shirts,479,1749,72.61,3.6,50,,,,,,,,In stock,,https://www.amazon.in/dp/B0F3CQJDDB,2026-06-26T08:41:34.085456+00:00
Amazon India,ESTA Women 3/4 SleeveStylish Western Stylish Women’s Formal Shirt Regular fit Shirts for Women(Black),https://m.media-amazon.com/images/I/71ZGS7yR0XL._AC_UL320_.jpg,ESTA,Women Fashion,Shirts,499,1799,72.26,4,1,colours),Black,Regular Fit,,3/4 Sleeve,,ESTA | Save 2% 2% off coupon appliedSave 2% with coupon (limited sizes/colours) | Save 2% 2% off coupon applied | Save 2% | 2% off coupon applied | Save 2% with coupon (limited sizes/colours) | Save 2% | with coupon (limited sizes/colours),In stock,,https://www.amazon.in/dp/B0FQN32PY8,2026-06-26T08:41:34.085456+00:00
Amazon India,Blue Ronin Cotton Regular Fit Formal/Casual Shirt || Comfortable Shirt for Women's Pink,https://m.media-amazon.com/images/I/61cTYK7MUnL._AC_UL320_.jpg,Blue Ronin,Women Fashion,Shirts,474,1199,60.47,3.9,38,,Blue,Regular Fit,Cotton,,,Blue Ronin Cotton Regular Fit Formal/Casual Shirt || Comfortable Shirt for Women's Pink. Fabric: Cotton. Fit: Regular Fit. Color: Blue,In stock,,https://www.amazon.in/dp/B0CH1LK4PB,2026-06-26T08:41:34.085456+00:00
Amazon India,Afflatus Women’s Satin Stylish Shirt | Gold Emblished Formal Shirt | Full Sleeve Stylish Office & Evening Top,https://m.media-amazon.com/images/I/716QIPd5B3L._AC_UL320_.jpg,Afflatus,Women Fashion,Shirts,499,1999,75.04,5,4,,,,Satin,Full Sleeve,,Afflatus Women’s Satin Stylish Shirt | Gold Emblished Formal Shirt | Full Sleeve Stylish Office & Evening Top. Fabric: Satin. Sleeve: Full Sleeve,In stock,,https://www.amazon.in/dp/B0H17F5RTQ,2026-06-26T08:41:34.085456+00:00
Amazon India,Sponsored Ad - Symbol Premium Women's Oversized Smart Casual Cotton Shirt (Available in Plus Sizes),https://m.media-amazon.com/images/I/71JKRzU3kTL._AC_UL320_.jpg,Symbol Premium,Women Fashion,Shirts,899,1599,43.78,3.6,151,,Red,,Cotton,,,Sponsored Ad - Symbol Premium Women's Oversized Smart Casual Cotton Shirt (Available in Plus Sizes). Fabric: Cotton. Color: Red,In stock,,https://www.amazon.in/dp/B0F6SZKGKC,2026-06-26T08:41:34.085456+00:00
Amazon India,Sponsored Ad - TOPLOT Women's Shirt Top | Elegant Floral and Artistic Prints for a Stylish Look | Long Puffed Sleeves for ...,https://m.media-amazon.com/images/I/611sBd6YtXL._AC_UL320_.jpg,TOPLOT,Women Fashion,Shirts,499,1999,75.04,3.4,886,,Red,,,,Floral,Sponsored Ad - TOPLOT Women's Shirt Top | Elegant Floral and Artistic Prints for a Stylish Look | Long Puffed Sleeves for .... Pattern: Floral. Color: Red,In stock,,https://www.amazon.in/dp/B0DX22ZGNC,2026-06-26T08:41:34.085456+00:00
Amazon India,Sponsored Ad - FebQ Printed Shirt Style Top for Women,https://m.media-amazon.com/images/I/81OLT4eJzfL._AC_UL320_.jpg,FebQ,Women Fashion,Shirts,306,599,48.91,4.2,349,colours),Red,,,,Printed,FebQ | Save 2% 2% off coupon appliedSave 2% with coupon (limited sizes/colours) | Save 2% 2% off coupon applied | Save 2% | 2% off coupon applied | Save 2% with coupon (limited sizes/colours) | Save 2% | with coupon (limited sizes/colours),In stock,,https://www.amazon.in/dp/B0D224BZNR,2026-06-26T08:41:34.085456+00:00
Amazon India,Sponsored Ad - ADBUCKS Women's Cotton Oversized Comfort Striped Spread Collar Long Sleeves Casual Shirt,https://m.media-amazon.com/images/I/615DDqbAUzL._AC_UL320_.jpg,ADBUCKS,Women Fashion,Shirts,545,2499,78.19,3.3,68,,Red,,Cotton,Long Sleeve,Striped,Sponsored Ad - ADBUCKS Women's Cotton Oversized Comfort Striped Spread Collar Long Sleeves Casual Shirt. Fabric: Cotton. Sleeve: Long Sleeve. Pattern: Striped. Color: Red,In stock,,https://www.amazon.in/dp/B0F3TYXQQV,2026-06-26T08:41:34.085456+00:00
Amazon India,Style Quotient Women Solid Black Satin Formal Shirt,https://m.media-amazon.com/images/I/41mw38RJNCL._AC_UL320_.jpg,Style Quotient,Women Fashion,Shirts,549,1299,57.74,4.1,113,,Black,,Satin,,Solid,Style Quotient Women Solid Black Satin Formal Shirt. Fabric: Satin. Pattern: Solid. Color: Black,In stock,,https://www.amazon.in/dp/B0DHPKXD4K,2026-06-26T08:41:34.085456+00:00
Amazon India,"Zurity Women Top||Vintamour Vintage Elegant Women's Blouse with Ruffle Collar, Bowknot Cuff, and Gathered Details, Long Sl...",https://m.media-amazon.com/images/I/71810ZX4bxL._AC_UL320_.jpg,Zurity,Women Fashion,Shirts,469,4999,90.62,3.7,39,,Red,,,,,"Zurity Women Top||Vintamour Vintage Elegant Women's Blouse with Ruffle Collar, Bowknot Cuff, and Gathered Details, Long Sl.... Color: Red",In stock,,https://www.amazon.in/dp/B0GF39V4YX,2026-06-26T08:41:34.085456+00:00
Amazon India,Max Women Shirt,https://m.media-amazon.com/images/I/61p6kFgPLoL._AC_UL320_.jpg,Max,Women Fashion,Shirts,699,,,3.3,16,,,,,,,,In stock,,https://www.amazon.in/dp/B0FL2268KD,2026-06-26T08:41:34.085456+00:00
Amazon India,"MYSTIFY® Women's Striped Button-Down Shirt with Corset Lace-Up Back, Long Sleeve, Fitted Blouse",https://m.media-amazon.com/images/I/61lNwLc55gL._AC_UL320_.jpg,MYSTIFY,Women Fashion,Shirts,499,599,16.69,1.6,3,,,,,Long Sleeve,Striped,"MYSTIFY® Women's Striped Button-Down Shirt with Corset Lace-Up Back, Long Sleeve, Fitted Blouse. Sleeve: Long Sleeve. Pattern: Striped",In stock,,https://www.amazon.in/dp/B0H2BWJKLS,2026-06-26T08:41:34.085456+00:00
Amazon India,Gerua By Libas Women Shirt,https://m.media-amazon.com/images/I/91CH9uuA09L._AC_UL320_.jpg,Gerua By Libas,Women Fashion,Shirts,,,,4.5,3,,,,,,,,In stock,,https://www.amazon.in/dp/B0GPXHPF5S,2026-06-26T08:41:34.085456+00:00
Amazon India,FUNDAY FASHION Women's Cotton Blend Regular Fit Solid Casual Half Sleeves Shirt,https://m.media-amazon.com/images/I/71IBTFAOOmL._AC_UL320_.jpg,FUNDAY FASHION,Women Fashion,Shirts,359,1299,72.36,3.7,135,,,Regular Fit,Cotton Blend,Half Sleeve,Solid,FUNDAY FASHION Women's Cotton Blend Regular Fit Solid Casual Half Sleeves Shirt. Fabric: Cotton Blend. Fit: Regular Fit. Sleeve: Half Sleeve. Pattern: Solid,In stock,,https://www.amazon.in/dp/B09WKKDYR1,2026-06-26T08:41:34.085456+00:00
Amazon India,"PINACOLADA Women's Oversized Shirt, Spread Collar, Long Button-Cuff Sleeves, Button Closure, Checks Jacquard Woven Shirt f...",https://m.media-amazon.com/images/I/51e8i4ra7YL._AC_UL320_.jpg,PINACOLADA,Women Fashion,Shirts,674,1499,55.04,3.5,3,colours),,,,,,PINACOLADA | Save 2% 2% off coupon appliedSave 2% with coupon (limited sizes/colours) | Save 2% 2% off coupon applied | Save 2% | 2% off coupon applied | Save 2% with coupon (limited sizes/colours) | Save 2% | with coupon (limited sizes/colours),In stock,,https://www.amazon.in/dp/B0GL8TK5WF,2026-06-26T08:41:34.085456+00:00
Amazon India,"Women's Classic Denim Shirt - Long Sleeve Button Down Jean Shirt, Relaxed Fit Light Wash Cotton Chambray Blouse, Casual We...",https://m.media-amazon.com/images/I/71N6SXL-3AL._AC_UL320_.jpg,THE CLASSIC TOGS,Women Fashion,Shirts,781,989,21.03,3.7,3,,,Relaxed Fit,Cotton,Long Sleeve,,"Women's Classic Denim Shirt - Long Sleeve Button Down Jean Shirt, Relaxed Fit Light Wash Cotton Chambray Blouse, Casual We.... Fabric: Cotton. Fit: Relaxed Fit. Sleeve: Long Sleeve",In stock,,https://www.amazon.in/dp/B0GVN1FTM7,2026-06-26T08:41:34.085456+00:00
Amazon India,Aahwan Solid Front Stylish Gathered Detail Full Sleeves Casual Shirt for Women' & Girl's,https://m.media-amazon.com/images/I/61EZRXpDgYL._AC_UL320_.jpg,Aahwan,Women Fashion,Shirts,598,1999,70.09,2.9,8,,Red,,,Full Sleeve,Solid,Aahwan Solid Front Stylish Gathered Detail Full Sleeves Casual Shirt for Women' & Girl's. Sleeve: Full Sleeve. Pattern: Solid. Color: Red,In stock,,https://www.amazon.in/dp/B0GQN1VW7K,2026-06-26T08:41:34.085456+00:00
Amazon India,Urbano Fashion Women's Lyocell Full Sleeve Relaxed Fit Concealed Placket Casual Solid Shirt with Regular Collar,https://m.media-amazon.com/images/I/61d2qASxZ4L._AC_UL320_.jpg,Urbano Fashion,Women Fashion,Shirts,1049,2599,59.64,4.2,3,,,Relaxed Fit,,Full Sleeve,Solid,Urbano Fashion Women's Lyocell Full Sleeve Relaxed Fit Concealed Placket Casual Solid Shirt with Regular Collar. Fit: Relaxed Fit. Sleeve: Full Sleeve. Pattern: Solid,In stock,,https://www.amazon.in/dp/B0H3FRL7NZ,2026-06-26T08:41:34.085456+00:00
Amazon India,VINCHIC Women’s Cotton Embroidered Shirt Brown | Floral Embroidery Casual Wear Shirt for Women | Soft Cotton Stylish Top 2,https://m.media-amazon.com/images/I/71wR8B1LHzL._AC_UL320_.jpg,VINCHIC,Women Fashion,Shirts,556,1199,53.63,5,1,,Brown,,Cotton,,Floral,VINCHIC Women’s Cotton Embroidered Shirt Brown | Floral Embroidery Casual Wear Shirt for Women | Soft Cotton Stylish Top 2. Fabric: Cotton. Pattern: Floral. Color: Brown,In stock,,https://www.amazon.in/dp/B0GWYKVDPQ,2026-06-26T08:41:34.085456+00:00
Amazon India,Youthnic Women's Cotton Blend Printed relex Fit Pocket Boxy Shirt Style Top | Top for Women | Office wear Shirt Top,https://m.media-amazon.com/images/I/81+6QSjQ7LL._AC_UL320_.jpg,Youthnic,Women Fashion,Shirts,403,1711,76.45,3.9,9,,,,Cotton Blend,,Printed,Youthnic Women's Cotton Blend Printed relex Fit Pocket Boxy Shirt Style Top | Top for Women | Office wear Shirt Top. Fabric: Cotton Blend. Pattern: Printed,In stock,,https://www.amazon.in/dp/B0FT3M9FJM,2026-06-26T08:41:34.085456+00:00
Amazon India,"PINACOLADA Women's Shirt | Spread Collar, Long Button-Cuff Sleeves, Button Closure | Solid Plain Woven Shirt for Casual Ma...",https://m.media-amazon.com/images/I/51SUv8NfNdL._AC_UL320_.jpg,PINACOLADA,Women Fashion,Shirts,674,1499,55.04,5,3,colours),,,,,Solid,PINACOLADA | Save 2% 2% off coupon appliedSave 2% with coupon (limited sizes/colours) | Save 2% 2% off coupon applied | Save 2% | 2% off coupon applied | Save 2% with coupon (limited sizes/colours) | Save 2% | with coupon (limited sizes/colours),In stock,,https://www.amazon.in/dp/B0FWQZCNVF,2026-06-26T08:41:34.085456+00:00
Amazon India,Tokyo Talkies Women Shirt,https://m.media-amazon.com/images/I/71g7BJCbPXL._AC_UL320_.jpg,Tokyo Talkies,Women Fashion,Shirts,419,1899,77.94,3.4,17,,,,,,,,In stock,,https://www.amazon.in/dp/B0F3CPBHVK,2026-06-26T08:41:34.085456+00:00
Amazon India,"Wolica Women’s Palm Tree Embroidered Shirt – High-Low Peplum Hem, Three-Quarter Sleeves, Tropical Vacation Button-Down Shirt",https://m.media-amazon.com/images/I/517dphfNoFL._AC_UL320_.jpg,Generic,Women Fashion,Shirts,399,1999,80.04,3,1,,Red,,,,,"Wolica Women’s Palm Tree Embroidered Shirt – High-Low Peplum Hem, Three-Quarter Sleeves, Tropical Vacation Button-Down Shirt. Color: Red",In stock,,https://www.amazon.in/dp/B0GS2QY8FD,2026-06-26T08:41:34.085456+00:00
Amazon India,PINACOLADA Women's Solid Oversized Shirt for Casual Wear | Spread Collar | Long Sleeve | Button Closure | Oversized Shirt ...,https://m.media-amazon.com/images/I/511ZY1MPQkL._AC_UL320_.jpg,PINACOLADA,Women Fashion,Shirts,749,1499,50.03,3.7,50,colours),,,,Long Sleeve,Solid,PINACOLADA | Save 2% 2% off coupon appliedSave 2% with coupon (limited sizes/colours) | Save 2% 2% off coupon applied | Save 2% | 2% off coupon applied | Save 2% with coupon (limited sizes/colours) | Save 2% | with coupon (limited sizes/colours),In stock,,https://www.amazon.in/dp/B0DL5SFCKX,2026-06-26T08:41:34.085456+00:00
Amazon India,GRECIILOOKS Women`s Oversized Fit Crop Top Shirt | Casual Long Sleev Stylish Collared Shirts for Womens | Comfortable Rich...,https://m.media-amazon.com/images/I/71Pz1XAbS0L._AC_UL320_.jpg,GRECIILOOKS,Women Fashion,Shirts,449,1999,77.54,3.9,516,,Red,Oversized Fit,,,,GRECIILOOKS Women`s Oversized Fit Crop Top Shirt | Casual Long Sleev Stylish Collared Shirts for Womens | Comfortable Rich.... Fit: Oversized Fit. Color: Red,In stock,,https://www.amazon.in/dp/B0CZDXCVV2,2026-06-26T08:41:34.085456+00:00
Amazon India,Style Quotient Plus Women Solid Wine Satin Formal Shirt,https://m.media-amazon.com/images/I/61VRJWtCtqL._AC_UL320_.jpg,Style Quotient,Women Fashion,Shirts,589,1499,60.71,3.9,12,,,,Satin,,Solid,Style Quotient Plus Women Solid Wine Satin Formal Shirt. Fabric: Satin. Pattern: Solid,In stock,,https://www.amazon.in/dp/B0GVYLTF4P,2026-06-26T08:41:34.085456+00:00
Amazon India,"Rangkathaa Womens Premium Satin Shirt, Full Sleeve Oversized for Women, Soft Glossy Classic Collar Shirt",https://m.media-amazon.com/images/I/510esphNTBL._AC_UL320_.jpg,Rangkathaa,Women Fashion,Shirts,599,1999,70.04,5,3,,,,Satin,Full Sleeve,,"Rangkathaa Womens Premium Satin Shirt, Full Sleeve Oversized for Women, Soft Glossy Classic Collar Shirt. Fabric: Satin. Sleeve: Full Sleeve",In stock,,https://www.amazon.in/dp/B0H28YZ6CH,2026-06-26T08:41:34.085456+00:00
Amazon India,THE OLD MONKEY CO. Women’s Cotton Striped Shirt | Half Sleeve Casual Summer Shirt | Lightweight Breathable Button-Down Top...,https://m.media-amazon.com/images/I/71m8MtJhv1L._AC_UL320_.jpg,THE OLD MONKEY CO.,Women Fashion,Shirts,599,1899,68.46,4,1,colours),,,Cotton,Half Sleeve,Striped,THE OLD MONKEY CO. | Save 2% 2% off coupon appliedSave 2% with coupon (limited sizes/colours) | Save 2% 2% off coupon applied | Save 2% | 2% off coupon applied | Save 2% with coupon (limited sizes/colours) | Save 2% | with coupon (limited sizes/colours),In stock,,https://www.amazon.in/dp/B0GZMM3PHG,2026-06-26T08:41:34.085456+00:00
Amazon India,FYLTR Women’s Oversized Solid Shirt – 100% Cotton | Full Sleeve | Oversized Fit | Shirts for Women,https://m.media-amazon.com/images/I/610JRLitTuL._AC_UL320_.jpg,FYLTR,Women Fashion,Shirts,699,1699,58.86,4.1,21,,,Oversized Fit,Cotton,Full Sleeve,Solid,FYLTR Women’s Oversized Solid Shirt – 100% Cotton | Full Sleeve | Oversized Fit | Shirts for Women. Fabric: Cotton. Fit: Oversized Fit. Sleeve: Full Sleeve. Pattern: Solid,In stock,,https://www.amazon.in/dp/B0H3BV3V3B,2026-06-26T08:41:34.085456+00:00
Amazon India,"TOPLOT V-Collar Solid Crop Shirt for Women with Half Sleeves, Polyester, Regular Fit",https://m.media-amazon.com/images/I/71YnjSgRT+L._AC_UL320_.jpg,TOPLOT,Women Fashion,Shirts,399,2599,84.65,3.9,607,,,Regular Fit,Polyester,Half Sleeve,Solid,"TOPLOT V-Collar Solid Crop Shirt for Women with Half Sleeves, Polyester, Regular Fit. Fabric: Polyester. Fit: Regular Fit. Sleeve: Half Sleeve. Pattern: Solid",In stock,,https://www.amazon.in/dp/B0D5VBK513,2026-06-26T08:41:34.085456+00:00
Amazon India,OOMPH! Women Solid Cotton Shirt with Back Tie-Up Detail | Corset Style | Cinched Waist Shirt | Cotton Formal Shirt,https://m.media-amazon.com/images/I/51UcK+Y6ESL._AC_UL320_.jpg,OOMPH!,Women Fashion,Shirts,699,1999,65.03,5,31,,,,Cotton,,Solid,OOMPH! Women Solid Cotton Shirt with Back Tie-Up Detail | Corset Style | Cinched Waist Shirt | Cotton Formal Shirt. Fabric: Cotton. Pattern: Solid,In stock,,https://www.amazon.in/dp/B0GWHGWGR5,2026-06-26T08:41:34.085456+00:00
Amazon India,Youthnic Women's Cotton Blend Ajrak Print Shirt Style Top | Casual top | Office wear Top,https://m.media-amazon.com/images/I/8114whNzicL._AC_UL320_.jpg,Youthnic,Women Fashion,Shirts,478,1711,72.06,3.9,7,,,,Cotton Blend,,,Youthnic Women's Cotton Blend Ajrak Print Shirt Style Top | Casual top | Office wear Top. Fabric: Cotton Blend,In stock,,https://www.amazon.in/dp/B0FTVSDCQH,2026-06-26T08:41:34.085456+00:00
Amazon India,ANNI Designer Women's Tunics Tops Rayon Viscose Printed Short Shirt for Women | Regular | Formal |Party Western Stylish| T...,https://m.media-amazon.com/images/I/511SbGXNWCL._AC_UL320_.jpg,ANNI DESIGNER,Women Fashion,Shirts,345.96,2599,86.69,3.4,60,,,,Rayon,,Printed,ANNI Designer Women's Tunics Tops Rayon Viscose Printed Short Shirt for Women | Regular | Formal |Party Western Stylish| T.... Fabric: Rayon. Pattern: Printed,In stock,,https://www.amazon.in/dp/B0DYP69V9C,2026-06-26T08:41:34.085456+00:00
Amazon India,Sponsored Ad - IndoPrimo Women's Classic Fit Striped Print Poly Cotton Shirt with Long Sleeve Mandarin Neck Standard Lengt...,https://m.media-amazon.com/images/I/71PVA6CEscL._AC_UL320_.jpg,IndoPrimo,Women Fashion,Shirts,498,1999,75.09,3.9,234,,Red,,Cotton,Long Sleeve,Striped,Sponsored Ad - IndoPrimo Women's Classic Fit Striped Print Poly Cotton Shirt with Long Sleeve Mandarin Neck Standard Lengt.... Fabric: Cotton. Sleeve: Long Sleeve. Pattern: Striped. Color: Red,In stock,,https://www.amazon.in/dp/B0DZ2LYHN6,2026-06-26T08:41:34.085456+00:00
Amazon India,Sponsored Ad - TADKEE Women's V Collared Casual Stylish Long Sleeve Oversized Fit Shirt,https://m.media-amazon.com/images/I/61gopbTp+JL._AC_UL320_.jpg,TADKEE,Women Fashion,Shirts,399,1999,80.04,3.7,441,d Fit Shirt,Red,Oversized Fit,,Long Sleeve,,Sponsored Ad - TADKEE Women's V Collared Casual Stylish Long Sleeve Oversized Fit Shirt. Fit: Oversized Fit. Sleeve: Long Sleeve. Color: Red. Sizes: d Fit Shirt,In stock,,https://www.amazon.in/dp/B0F4K3B3MJ,2026-06-26T08:41:34.085456+00:00
Amazon India,Sponsored Ad - Aahwan Orange Solid Button Up Drop Shoulder Striped Print Casual Formal Long Sleeve Shirt for Women's & Girl's,https://m.media-amazon.com/images/I/61FjouMq1xL._AC_UL320_.jpg,Aahwan,Women Fashion,Shirts,477,1999,76.14,3.3,146,,Red,,,Long Sleeve,Solid,Sponsored Ad - Aahwan Orange Solid Button Up Drop Shoulder Striped Print Casual Formal Long Sleeve Shirt for Women's & Girl's. Sleeve: Long Sleeve. Pattern: Solid. Color: Red,In stock,,https://www.amazon.in/dp/B0FP2J7JGB,2026-06-26T08:41:34.085456+00:00
Amazon India,Sponsored Ad - Gufrina Women's Floral Printed Button Down Western Shirt with Collar Neck and Rolled-Up Long Sleeves in Rel...,https://m.media-amazon.com/images/I/71wyG0phwjL._AC_UL320_.jpg,Gufrina,Women Fashion,Shirts,420,1199,64.97,3.6,426,,Red,,,Long Sleeve,Printed,Sponsored Ad - Gufrina Women's Floral Printed Button Down Western Shirt with Collar Neck and Rolled-Up Long Sleeves in Rel.... Sleeve: Long Sleeve. Pattern: Printed. Color: Red,In stock,,https://www.amazon.in/dp/B0DVQ7D9LH,2026-06-26T08:41:34.085456+00:00
Amazon India,Sponsored Ad - FYLTR Women’s Oversized Solid Shirt – 100% Cotton | Full Sleeve | Oversized Fit | Shirts for Women,https://m.media-amazon.com/images/I/610JRLitTuL._AC_UL320_.jpg,FYLTR,Women Fashion,Shirts,699,1699,58.86,4.1,21,,Red,Oversized Fit,Cotton,Full Sleeve,Solid,Sponsored Ad - FYLTR Women’s Oversized Solid Shirt – 100% Cotton | Full Sleeve | Oversized Fit | Shirts for Women. Fabric: Cotton. Fit: Oversized Fit. Sleeve: Full Sleeve. Pattern: Solid. Color: Red,In stock,,https://www.amazon.in/dp/B0H3BSKPKY,2026-06-26T08:41:34.085456+00:00
Amazon India,"Sponsored Ad - Gufrina Women's Sea Green Leaf Printed Western Shirt with Button Down Front, Puff Sleeves and Relaxed Fit D...",https://m.media-amazon.com/images/I/71H3PVJImEL._AC_UL320_.jpg,Gufrina,Women Fashion,Shirts,448,1399,67.98,3.8,66,,Green,Relaxed Fit,,,Printed,"Sponsored Ad - Gufrina Women's Sea Green Leaf Printed Western Shirt with Button Down Front, Puff Sleeves and Relaxed Fit D.... Fit: Relaxed Fit. Pattern: Printed. Color: Green",In stock,,https://www.amazon.in/dp/B0FJYCJFNT,2026-06-26T08:41:34.085456+00:00
Amazon India,Sponsored Ad - Gufrina Women’s Short Sleeve Button Down Shirt with Abstract Brushstroke Print in Beige and Multicolor - Li...,https://m.media-amazon.com/images/I/71Yjb8rjDIL._AC_UL320_.jpg,Gufrina,Women Fashion,Shirts,399,1299,69.28,3.6,43,,Red,,,Short Sleeve,,Sponsored Ad - Gufrina Women’s Short Sleeve Button Down Shirt with Abstract Brushstroke Print in Beige and Multicolor - Li.... Sleeve: Short Sleeve. Color: Red,In stock,,https://www.amazon.in/dp/B0DWKFS8DQ,2026-06-26T08:41:34.085456+00:00
Amazon India,Women’s Ombre Tie-Dye Rayon Shirt with Full Sleeves - Lightweight Breathable Button-Down Casual Top with Classic Collar an...,https://m.media-amazon.com/images/I/41LsaMZEiEL._AC_UL320_.jpg,NIVABRITY,Women Fashion,Shirts,469,1299,63.9,,,,,,Rayon,Full Sleeve,,Women’s Ombre Tie-Dye Rayon Shirt with Full Sleeves - Lightweight Breathable Button-Down Casual Top with Classic Collar an.... Fabric: Rayon. Sleeve: Full Sleeve,In stock,,https://www.amazon.in/dp/B0H2HNFRKM,2026-06-26T08:41:34.085456+00:00
Amazon India,"Women Cotton Shirt,Pink Shirt for Women.29",https://m.media-amazon.com/images/I/61ZfIYqjTZL._AC_UL320_.jpg,Generic,Women Fashion,Shirts,401,1999,79.94,3.7,22,,Pink,,Cotton,,,"Women Cotton Shirt,Pink Shirt for Women.29. Fabric: Cotton. Color: Pink",In stock,,https://www.amazon.in/dp/B0FMPY2G1M,2026-06-26T08:41:34.085456+00:00
Amazon India,Sponsored Ad - IndoPrimo Women's Classic Fit Striped Print Poly Cotton Shirt with Long Sleeve Mandarin Neck Standard Lengt...,https://m.media-amazon.com/images/I/61yXwABDHHL._AC_UL320_.jpg,IndoPrimo,Women Fashion,Shirts,498,1999,75.09,3.9,234,,Red,,Cotton,Long Sleeve,Striped,Sponsored Ad - IndoPrimo Women's Classic Fit Striped Print Poly Cotton Shirt with Long Sleeve Mandarin Neck Standard Lengt.... Fabric: Cotton. Sleeve: Long Sleeve. Pattern: Striped. Color: Red,In stock,,https://www.amazon.in/dp/B0DZ2GD1N7,2026-06-26T08:41:34.085456+00:00
Amazon India,Sponsored Ad - ADBUCKS Women's Cotton Oversized Comfort Striped Spread Collar Long Sleeves Shirt,https://m.media-amazon.com/images/I/71y8Sxyu95L._AC_UL320_.jpg,ADBUCKS,Women Fashion,Shirts,699,1999,65.03,3,29,,Red,,Cotton,Long Sleeve,Striped,Sponsored Ad - ADBUCKS Women's Cotton Oversized Comfort Striped Spread Collar Long Sleeves Shirt. Fabric: Cotton. Sleeve: Long Sleeve. Pattern: Striped. Color: Red,In stock,,https://www.amazon.in/dp/B0FDL4DHL3,2026-06-26T08:41:34.085456+00:00
Amazon India,Leriya Fashion Women Rayon Floral Printed Full Sleeve Shirt | Collared Button Down Casual & Formal Top for Women | Stylish...,https://m.media-amazon.com/images/I/6185c4eu5AL._AC_UL320_.jpg,Leriya Fashion,Women Fashion,Shirts,449,1999,77.54,3.6,1.3,,Red,,Rayon,Full Sleeve,Printed,Leriya Fashion Women Rayon Floral Printed Full Sleeve Shirt | Collared Button Down Casual & Formal Top for Women | Stylish.... Fabric: Rayon. Sleeve: Full Sleeve. Pattern: Printed. Color: Red,In stock,,https://www.amazon.in/dp/B0D45MBGWT,2026-06-26T08:41:34.085456+00:00
Amazon India,FERY London Women’s Black Floral Embroidered Shirt | Elegant Short Sleeve Shirts for Casual & Office Wear | Stylish Summer...,https://m.media-amazon.com/images/I/617y0uFsj-L._AC_UL320_.jpg,FERY LONDON,Women Fashion,Shirts,499,1999,75.04,3.2,26,,Black,,,Short Sleeve,Floral,FERY London Women’s Black Floral Embroidered Shirt | Elegant Short Sleeve Shirts for Casual & Office Wear | Stylish Summer.... Sleeve: Short Sleeve. Pattern: Floral. Color: Black,In stock,,https://www.amazon.in/dp/B0FVDZNN1G,2026-06-26T08:41:34.085456+00:00
Amazon India,Style Quotient Women Teal Opaque Casual Shirt,https://m.media-amazon.com/images/I/41xPeoW3LSL._AC_UL320_.jpg,Style Quotient,Women Fashion,Shirts,429,1499,71.38,3.9,103,,Teal,,,,,Style Quotient Women Teal Opaque Casual Shirt. Color: Teal,In stock,,https://www.amazon.in/dp/B0BLVCVKWZ,2026-06-26T08:41:34.085456+00:00
Amazon India,Style Quotient Women Solid Beige Regular Fit Flex Formal Shirt,https://m.media-amazon.com/images/I/31FWCGob-mL._AC_UL320_.jpg,Style Quotient,Women Fashion,Shirts,671,1199,44.04,4.1,67,,Beige,Regular Fit,,,Solid,Style Quotient Women Solid Beige Regular Fit Flex Formal Shirt. Fit: Regular Fit. Pattern: Solid. Color: Beige,In stock,,https://www.amazon.in/dp/B0DSBWJGPT,2026-06-26T08:41:34.085456+00:00
Amazon India,Styli Women Plus Shirt,https://m.media-amazon.com/images/I/61qisnLs5hL._AC_UL320_.jpg,Styli,Women Fashion,Shirts,899,1199,25.02,3,3,,,,,,,,In stock,,https://www.amazon.in/dp/B0CWH85YR1,2026-06-26T08:41:34.085456+00:00
Amazon India,Leriya Fashion Shirt for Women S-3XL | Abstract Printed Crepe Full Sleeve Shirt Collared Silhouette | Office Wear Tops for...,https://m.media-amazon.com/images/I/71W-3hT-UtL._AC_UL320_.jpg,Leriya Fashion,Women Fashion,Shirts,449,1999,77.54,3.8,696,S,Red,,,Full Sleeve,Printed,Leriya Fashion Shirt for Women S-3XL | Abstract Printed Crepe Full Sleeve Shirt Collared Silhouette | Office Wear Tops for.... Sleeve: Full Sleeve. Pattern: Printed. Color: Red. Sizes: S,In stock,,https://www.amazon.in/dp/B0DQLKH9Y1,2026-06-26T08:41:34.085456+00:00
Amazon India,Lavozia Women Beige Floral Embroidered Linen Blend Casual Shirt | Short Sleeve Button Down Summer Top for Women,https://m.media-amazon.com/images/I/61mwpVYeJTL._AC_UL320_.jpg,Lavozia,Women Fashion,Shirts,487,1699,71.34,4.6,3,,Red,,Linen,Short Sleeve,Floral,Lavozia Women Beige Floral Embroidered Linen Blend Casual Shirt | Short Sleeve Button Down Summer Top for Women. Fabric: Linen. Sleeve: Short Sleeve. Pattern: Floral. Color: Red,In stock,,https://www.amazon.in/dp/B0GS2N7SD5,2026-06-26T08:41:34.085456+00:00
Amazon India,"Women's Striped Button-Down Shirt, 3/4 Sleeve, Collared, Formal Office Wear",https://m.media-amazon.com/images/I/61I7dEFc8xL._AC_UL320_.jpg,Generic,Women Fashion,Shirts,299,999,70.07,2,2,,Red,,,3/4 Sleeve,Striped,"Women's Striped Button-Down Shirt, 3/4 Sleeve, Collared, Formal Office Wear. Sleeve: 3/4 Sleeve. Pattern: Striped. Color: Red",In stock,,https://www.amazon.in/dp/B0GV66DVLS,2026-06-26T08:41:34.085456+00:00
Amazon India,MAFIA OX Stylish Shirts for Woman | Versatile Collection of Fashionable Tops | Trendy Tops for Women,https://m.media-amazon.com/images/I/61vAAWpSfjL._AC_UL320_.jpg,MAFIA OX,Women Fashion,Shirts,489,1999,75.54,3.4,7,colours),,,,,,MAFIA OX | Save 2% 2% off coupon appliedSave 2% with coupon (limited sizes/colours) | Save 2% 2% off coupon applied | Save 2% | 2% off coupon applied | Save 2% with coupon (limited sizes/colours) | Save 2% | with coupon (limited sizes/colours),In stock,,https://www.amazon.in/dp/B0GXZB1Z7Q,2026-06-26T08:41:34.085456+00:00
Amazon India,Van Heusen Women's Cotton Regular Fit Shirt,https://m.media-amazon.com/images/I/51oJzcfWfdL._AC_UL320_.jpg,Van Heusen,Women Fashion,Shirts,1423,1599,11.01,4,93,,,Regular Fit,Cotton,,,Van Heusen Women's Cotton Regular Fit Shirt. Fabric: Cotton. Fit: Regular Fit,In stock,,https://www.amazon.in/dp/B0B977Z78X,2026-06-26T08:41:34.085456+00:00
Amazon India,Womens Striped Shirt | Stylish Casual Shirt for Women | Trendy Button Down Top for Office,https://m.media-amazon.com/images/I/41E7wiL42zL._AC_UL320_.jpg,Generic,Women Fashion,Shirts,429,1999,78.54,3.2,14,colours),,,,,Striped,Generic | Save 2% 2% off coupon appliedSave 2% with coupon (limited sizes/colours) | Save 2% 2% off coupon applied | Save 2% | 2% off coupon applied | Save 2% with coupon (limited sizes/colours) | Save 2% | with coupon (limited sizes/colours),In stock,,https://www.amazon.in/dp/B0FGQRVS63,2026-06-26T08:41:34.085456+00:00
Amazon India,DESIGNALLY Women's Cotton Shirt | Casual Loose Fit Button-Down Shirt for Women | Full Sleeve Collared Top | Office Wear Wh...,https://m.media-amazon.com/images/I/51WicytqF5L._AC_UL320_.jpg,DESIGNALLY,Women Fashion,Shirts,399,999,60.06,,,,Red,Loose Fit,Cotton,Full Sleeve,,DESIGNALLY Women's Cotton Shirt | Casual Loose Fit Button-Down Shirt for Women | Full Sleeve Collared Top | Office Wear Wh.... Fabric: Cotton. Fit: Loose Fit. Sleeve: Full Sleeve. Color: Red,In stock,,https://www.amazon.in/dp/B0GH7V8ZR8,2026-06-26T08:41:34.085456+00:00
Amazon India,"Women's Button-Down Shirt, Long Sleeve, Collared Blouse, Relaxed Fit, Casual and Office Wear",https://m.media-amazon.com/images/I/61KODeQYLML._AC_UL320_.jpg,NANDA PRINTS,Women Fashion,Shirts,499,900,44.56,5,2,,Red,Relaxed Fit,,Long Sleeve,,"Women's Button-Down Shirt, Long Sleeve, Collared Blouse, Relaxed Fit, Casual and Office Wear. Fit: Relaxed Fit. Sleeve: Long Sleeve. Color: Red",In stock,,https://www.amazon.in/dp/B0GW8G3V3K,2026-06-26T08:41:34.085456+00:00
Amazon India,Oxinexx Women Solid Hemline Shirt Soft Viscose Rayon Straight Long Shirt Top Western Casual Office Formal Wear,https://m.media-amazon.com/images/I/51WB7gMKwML._AC_UL320_.jpg,Oxinexx,Women Fashion,Shirts,474,1499,68.38,3.6,46,,,,Rayon,,Solid,Oxinexx Women Solid Hemline Shirt Soft Viscose Rayon Straight Long Shirt Top Western Casual Office Formal Wear. Fabric: Rayon. Pattern: Solid,In stock,,https://www.amazon.in/dp/B0GCSSF8N7,2026-06-26T08:41:34.085456+00:00
Amazon India,Allen Solly Women’s Solid Round Neck T‑Shirt | Regular Fit | Soft Cotton | Everyday Casual Essential,https://m.media-amazon.com/images/I/51d0TBKrPQS._AC_UL320_.jpg,Allen Solly,Women Fashion,Shirts,419,649,35.44,4.1,2.3,,,Regular Fit,Cotton,,Solid,Allen Solly Women’s Solid Round Neck T‑Shirt | Regular Fit | Soft Cotton | Everyday Casual Essential. Fabric: Cotton. Fit: Regular Fit. Pattern: Solid,In stock,,https://www.amazon.in/dp/B094Y35QPX,2026-06-26T08:41:34.085456+00:00
Amazon India,Max Women Shirt,https://m.media-amazon.com/images/I/713O4tizHrL._AC_UL320_.jpg,Max,Women Fashion,Shirts,999,,,4,1,,,,,,,,In stock,,https://www.amazon.in/dp/B0H1CDQ6GH,2026-06-26T08:41:34.085456+00:00
Amazon India,Max Women Shirt,https://m.media-amazon.com/images/I/714eKLary9L._AC_UL320_.jpg,Max,Women Fashion,Shirts,757,899,15.8,2.2,4,,,,,,,,In stock,,https://www.amazon.in/dp/B0FP2L1FPQ,2026-06-26T08:41:34.085456+00:00
Amazon India,Women's Denim Shirt for Women | Casual Full Sleeve Button Down Shirts | Soft Washed Denim Top | Regular Fit Shirt for Girl...,https://m.media-amazon.com/images/I/51SqDX6pP5L._AC_UL320_.jpg,Generic,Women Fashion,Shirts,499,1499,66.71,,,,,Regular Fit,Denim,Full Sleeve,,Women's Denim Shirt for Women | Casual Full Sleeve Button Down Shirts | Soft Washed Denim Top | Regular Fit Shirt for Girl.... Fabric: Denim. Fit: Regular Fit. Sleeve: Full Sleeve,In stock,,https://www.amazon.in/dp/B0H4HMJX12,2026-06-26T08:41:34.085456+00:00
Amazon India,The Souled Store Buckle Shirt: Women and Girls Full Sleeves Spread Collar Solid Textured Viscose Nylon Blend Regular Fit L...,https://m.media-amazon.com/images/I/61YSLBzSxnL._AC_UL320_.jpg,The Souled Store,Women Fashion,Shirts,1099,1799,38.91,4,6,,Red,Regular Fit,Viscose,Full Sleeve,Solid,The Souled Store Buckle Shirt: Women and Girls Full Sleeves Spread Collar Solid Textured Viscose Nylon Blend Regular Fit L.... Fabric: Viscose. Fit: Regular Fit. Sleeve: Full Sleeve. Pattern: Solid. Color: Red,In stock,,https://www.amazon.in/dp/B0FNRMDXVR,2026-06-26T08:41:34.085456+00:00
Amazon India,ROYALICA Women's Black and White Colour Collared Checked Shirt with Heavy Black Inner.,https://m.media-amazon.com/images/I/61j2wV1ueLL._AC_UL320_.jpg,ROYALICA,Women Fashion,Shirts,499,1999,75.04,2.4,17,,Black,,,,,ROYALICA Women's Black and White Colour Collared Checked Shirt with Heavy Black Inner.. Color: Black,In stock,,https://www.amazon.in/dp/B0DXF2G4PM,2026-06-26T08:41:34.085456+00:00
Amazon India,WOVENBYCOUNTEX Striped Shirt for Woman | Shirt for Woman | Oxford Shirt | Cotton Blend,https://m.media-amazon.com/images/I/71Dj1LPAgGL._AC_UL320_.jpg,WOVENBYCOUNTEX,Women Fashion,Shirts,599,2999,80.03,3.4,23,,,,Cotton Blend,,Striped,WOVENBYCOUNTEX Striped Shirt for Woman | Shirt for Woman | Oxford Shirt | Cotton Blend. Fabric: Cotton Blend. Pattern: Striped,In stock,,https://www.amazon.in/dp/B0FTZDCLSF,2026-06-26T08:41:34.085456+00:00
Amazon India,Aahwan Solid Front Stylish Gathered Detail Short Sleeves Casual Shirt for Women' & Girl's,https://m.media-amazon.com/images/I/61VXp-3VSbL._AC_UL320_.jpg,Aahwan,Women Fashion,Shirts,569,1999,71.54,,,,Red,,,Short Sleeve,Solid,Aahwan Solid Front Stylish Gathered Detail Short Sleeves Casual Shirt for Women' & Girl's. Sleeve: Short Sleeve. Pattern: Solid. Color: Red,In stock,,https://www.amazon.in/dp/B0GXNY44M3,2026-06-26T08:41:34.085456+00:00
Amazon India,Gufrina Women's Cotton Shirt with Mandarin Collar Neck Full Puff Sleeves Striped Pattern Regular Fit and Standard Length,https://m.media-amazon.com/images/I/61iQnx0WU+L._AC_UL320_.jpg,Gufrina,Women Fashion,Shirts,419,1399,70.05,3.3,253,,,Regular Fit,Cotton,,Striped,Gufrina Women's Cotton Shirt with Mandarin Collar Neck Full Puff Sleeves Striped Pattern Regular Fit and Standard Length. Fabric: Cotton. Fit: Regular Fit. Pattern: Striped,In stock,,https://www.amazon.in/dp/B0F749LBG6,2026-06-26T08:41:34.085456+00:00
Amazon India,"ROYALICA Women's White Linen Button-Down Shirt, Collared Blouse with Chest Pocket, Rolled Sleeves, Regular Fit",https://m.media-amazon.com/images/I/61AoGoa6wkL._AC_UL320_.jpg,ROYALICA,Women Fashion,Shirts,349,999,65.07,3.2,6,,Red,Regular Fit,Linen,,,"ROYALICA Women's White Linen Button-Down Shirt, Collared Blouse with Chest Pocket, Rolled Sleeves, Regular Fit. Fabric: Linen. Fit: Regular Fit. Color: Red",In stock,,https://www.amazon.in/dp/B0GWNCPYP4,2026-06-26T08:41:34.085456+00:00
Amazon India,Women's Button Down Short Sleeve Black Crop Shirt,https://m.media-amazon.com/images/I/21heKiPdi+L._AC_UL320_.jpg,Generic,Women Fashion,Shirts,205,999,79.48,3.7,21,,Black,,,Short Sleeve,,Women's Button Down Short Sleeve Black Crop Shirt. Sleeve: Short Sleeve. Color: Black,In stock,,https://www.amazon.in/dp/B0FRY5RTZ3,2026-06-26T08:41:34.085456+00:00
Amazon India,"Vogaan Denim Women Shirt Classic Indigo Button-Down Shirt with Minimal Bow Detail, Relaxed Fit for Everyday Casual Eleganc...",https://m.media-amazon.com/images/I/61NLLbpbtaL._AC_UL320_.jpg,Vogaan,Women Fashion,Shirts,638,1299,50.89,5,12,,,Relaxed Fit,Denim,,,"Vogaan Denim Women Shirt Classic Indigo Button-Down Shirt with Minimal Bow Detail, Relaxed Fit for Everyday Casual Eleganc.... Fabric: Denim. Fit: Relaxed Fit",In stock,,https://www.amazon.in/dp/B0H3PWYXRV,2026-06-26T08:41:34.085456+00:00
Amazon India,Sharma Group Women's Regular Fit Solid Pleated Cotton Blend Formal Shirts,https://m.media-amazon.com/images/I/517w9uOl3aL._AC_UL320_.jpg,Sharma Group,Women Fashion,Shirts,759,1999,62.03,4.2,261,,,Regular Fit,Cotton Blend,,Solid,Sharma Group Women's Regular Fit Solid Pleated Cotton Blend Formal Shirts. Fabric: Cotton Blend. Fit: Regular Fit. Pattern: Solid,In stock,,https://www.amazon.in/dp/B0D2J1YXR1,2026-06-26T08:41:34.085456+00:00
Amazon India,"BOOSTY Women's Striped Shirt, Pink and White, Long Sleeve, Collared Button-Down with Back Lace-Up",https://m.media-amazon.com/images/I/610bn4z95UL._AC_UL320_.jpg,BOOSTY,Women Fashion,Shirts,398,1199,66.81,1,3,,Pink,,,Long Sleeve,Striped,"BOOSTY Women's Striped Shirt, Pink and White, Long Sleeve, Collared Button-Down with Back Lace-Up. Sleeve: Long Sleeve. Pattern: Striped. Color: Pink",In stock,,https://www.amazon.in/dp/B0GS7H64J8,2026-06-26T08:41:34.085456+00:00
Amazon India,Sponsored Ad - Aahwan Women Polyester Modern Fit Solid Front Button Long Sleeve Casual Shirt,https://m.media-amazon.com/images/I/71qLmRDOSDL._AC_UL320_.jpg,Aahwan,Women Fashion,Shirts,549,1999,72.54,3.9,702,,Red,,Polyester,Long Sleeve,Solid,Aahwan | 28 Jun - 18 Jul | Only 1 left in stock. | Only 1 left in stock.,In stock,,https://www.amazon.in/dp/B0FV85LMKX,2026-06-26T08:41:34.085456+00:00
Amazon India,Sponsored Ad - OOMPH! Full Sleeve Stylish Western Official Formal Shirts for Women Regular fit Shirts for Woman,https://m.media-amazon.com/images/I/51EJ1D9u-kL._AC_UL320_.jpg,OOMPH!,Women Fashion,Shirts,699,1999,65.03,4.1,85,,Red,Regular Fit,,Full Sleeve,,OOMPH! | Only 3 left in stock. | Only 3 left in stock.,In stock,,https://www.amazon.in/dp/B0FMRQQTZ8,2026-06-26T08:41:34.085456+00:00
Amazon India,Sponsored Ad - feranoid Classic Collared Cotton Shirt with 3/4 Sleeve for a Timeless Casual Look,https://m.media-amazon.com/images/I/71Dj4V1AQBL._AC_UL320_.jpg,feranoid,Women Fashion,Shirts,692,2499,72.31,3.9,404,,Red,,Cotton,3/4 Sleeve,,Sponsored Ad - feranoid Classic Collared Cotton Shirt with 3/4 Sleeve for a Timeless Casual Look. Fabric: Cotton. Sleeve: 3/4 Sleeve. Color: Red,In stock,,https://www.amazon.in/dp/B0DFH6VDKF,2026-06-26T08:41:34.085456+00:00
Amazon India,Sponsored Ad - FYLTR Women’s Oversized Solid Shirt – 100% Cotton | Full Sleeve | Oversized Fit | Shirts for Women,https://m.media-amazon.com/images/I/51Uw9WXLHSL._AC_UL320_.jpg,FYLTR,Women Fashion,Shirts,699,1549,54.87,4.1,21,,Red,Oversized Fit,Cotton,Full Sleeve,Solid,Sponsored Ad - FYLTR Women’s Oversized Solid Shirt – 100% Cotton | Full Sleeve | Oversized Fit | Shirts for Women. Fabric: Cotton. Fit: Oversized Fit. Sleeve: Full Sleeve. Pattern: Solid. Color: Red,In stock,,https://www.amazon.in/dp/B0G5HX6Y8L,2026-06-26T08:41:34.085456+00:00
Amazon India,"Sponsored Ad - Gufrina Women's Sea Green Leaf Printed Western Shirt with Button Down Front, Puff Sleeves and Relaxed Fit D...",https://m.media-amazon.com/images/I/71H3PVJImEL._AC_UL320_.jpg,Gufrina,Women Fashion,Shirts,448,1399,67.98,3.8,66,,Green,Relaxed Fit,,,Printed,"Sponsored Ad - Gufrina Women's Sea Green Leaf Printed Western Shirt with Button Down Front, Puff Sleeves and Relaxed Fit D.... Fit: Relaxed Fit. Pattern: Printed. Color: Green",In stock,,https://www.amazon.in/dp/B0FJYJ3DSC,2026-06-26T08:41:34.085456+00:00
Amazon India,Sponsored Ad - Gufrina Women's Rayon Shirt with Half Sleeves Spread Collar Neck Floral Printed Relaxed Fit Button Down and...,https://m.media-amazon.com/images/I/61tgVWMXFRL._AC_UL320_.jpg,Gufrina,Women Fashion,Shirts,399,1199,66.72,4.1,5,,Red,Relaxed Fit,Rayon,Half Sleeve,Printed,Sponsored Ad - Gufrina Women's Rayon Shirt with Half Sleeves Spread Collar Neck Floral Printed Relaxed Fit Button Down and.... Fabric: Rayon. Fit: Relaxed Fit. Sleeve: Half Sleeve. Pattern: Printed. Color: Red,In stock,,https://www.amazon.in/dp/B0DXPWDFNF,2026-06-26T08:41:34.085456+00:00
Amazon India,Aahwan Blue Solid Button Up Drop Shoulder Striped Print Long Sleeve Shirt for Women's & Girl's,https://m.media-amazon.com/images/I/8160i3brjyL._AC_UL320_.jpg,Aahwan,Women Fashion,Shirts,477,1999,76.14,3.1,21,,Blue,,,Long Sleeve,Solid,Aahwan Blue Solid Button Up Drop Shoulder Striped Print Long Sleeve Shirt for Women's & Girl's. Sleeve: Long Sleeve. Pattern: Solid. Color: Blue,In stock,,https://www.amazon.in/dp/B0FQNMTLHK,2026-06-26T08:41:34.085456+00:00
Amazon India,PURYS Women Satin Shirt | Cuban Collar Casual Top | Short Sleeve Western Shirt for Office,https://m.media-amazon.com/images/I/71UVdFV3mOL._AC_UL320_.jpg,Purys,Women Fashion,Shirts,647,1999,67.63,4,42,,,,Satin,Short Sleeve,,PURYS Women Satin Shirt | Cuban Collar Casual Top | Short Sleeve Western Shirt for Office. Fabric: Satin. Sleeve: Short Sleeve,In stock,,https://www.amazon.in/dp/B0D9BB1BDP,2026-06-26T08:41:34.085456+00:00
Amazon India,Maaesa – Women Handcrafted Tie-Dye Rayon Shirt | Casual & Office Wear | Relaxed Fit | Long Sleeve | Breathable & Lightweig...,https://m.media-amazon.com/images/I/61igGfjojlL._AC_UL320_.jpg,Maaesa,Women Fashion,Shirts,577,1995,71.08,3.8,385,,,Relaxed Fit,Rayon,Long Sleeve,,Maaesa – Women Handcrafted Tie-Dye Rayon Shirt | Casual & Office Wear | Relaxed Fit | Long Sleeve | Breathable & Lightweig.... Fabric: Rayon. Fit: Relaxed Fit. Sleeve: Long Sleeve,In stock,,https://www.amazon.in/dp/B0DH2KCWT4,2026-06-26T08:41:34.085456+00:00
Amazon India,GoSriKi Shirt for Women's | Women Shirt | Shirt Tops for Women | Regular Fit Shirt|Formal Shirts for Women|Party Western S...,https://m.media-amazon.com/images/I/51kxg+HsFfL._AC_UL320_.jpg,GoSriKi,Women Fashion,Shirts,349,2599,86.57,2.3,5,,,Regular Fit,,,,GoSriKi Shirt for Women's | Women Shirt | Shirt Tops for Women | Regular Fit Shirt|Formal Shirts for Women|Party Western S.... Fit: Regular Fit,In stock,,https://www.amazon.in/dp/B0DVQ5GSKM,2026-06-26T08:41:34.085456+00:00
Amazon India,Women's Striped Button Down Full Sleeves Blue Shirt,https://m.media-amazon.com/images/I/51ZgaeaThXL._AC_UL320_.jpg,Generic,Women Fashion,Shirts,340,899,62.18,3.8,8,,Blue,,,Full Sleeve,Striped,Women's Striped Button Down Full Sleeves Blue Shirt. Sleeve: Full Sleeve. Pattern: Striped. Color: Blue,In stock,,https://www.amazon.in/dp/B0G9C2TTPD,2026-06-26T08:41:34.085456+00:00
Amazon India,"SIKRI FAB Women’s Classic Office Shirt – White & Black Full Sleeve Button-Down, Elegant Slim Fit for Formal and Smart Casu...",https://m.media-amazon.com/images/I/61rOwNCW6SL._AC_UL320_.jpg,SIKRI FAB,Women Fashion,Shirts,599,299.5,5,,,,Black,Slim Fit,,Full Sleeve,,SIKRI FAB | Save 5% 5% off coupon appliedSave 5% with coupon | Save 5% 5% off coupon applied | Save 5% | 5% off coupon applied | Save 5% with coupon | Save 5% | with coupon,In stock,,https://www.amazon.in/dp/B0GJFLRNFG,2026-06-26T08:41:34.085456+00:00
Amazon India,"Simplesio Attire Women's Cotton Blend Striped Button Down Shirt, Light Yellow, Long Sleeve Collared Shirt, Regular Fit, Br...",https://m.media-amazon.com/images/I/411qCnSElML._AC_UL320_.jpg,Simplesio Attire,Women Fashion,Shirts,299,1099,72.79,,,,Yellow,Regular Fit,Cotton Blend,Long Sleeve,Striped,"Simplesio Attire Women's Cotton Blend Striped Button Down Shirt, Light Yellow, Long Sleeve Collared Shirt, Regular Fit, Br.... Fabric: Cotton Blend. Fit: Regular Fit. Sleeve: Long Sleeve. Pattern: Striped. Color: Yellow",In stock,,https://www.amazon.in/dp/B0GW9922W1,2026-06-26T08:41:34.085456+00:00
Amazon India,O S G Creation Stylish Printed Women’s Shirt & Striped Casual Top with Collared Neck and 3/4th Sleeves,https://m.media-amazon.com/images/I/718YPf6xzkL._AC_UL320_.jpg,O S G,Women Fashion,Shirts,569,999,43.04,4,5,S,Red,,,,Striped,O S G Creation Stylish Printed Women’s Shirt & Striped Casual Top with Collared Neck and 3/4th Sleeves. Pattern: Striped. Color: Red. Sizes: S,In stock,,https://www.amazon.in/dp/B0G49HB1QL,2026-06-26T08:41:34.085456+00:00
Amazon India,Sponsored Ad - FebQ Printed Shirt Style Top for Women,https://m.media-amazon.com/images/I/81xA-61TRxL._AC_UL320_.jpg,FebQ,Women Fashion,Shirts,325,1499,78.32,4.2,349,,Red,,,,Printed,Sponsored Ad - FebQ Printed Shirt Style Top for Women. Pattern: Printed. Color: Red,In stock,,https://www.amazon.in/dp/B0D225QM37,2026-06-26T08:41:34.085456+00:00
Amazon India,Style Quotient Women Self Design Stripe Blue and White Polycotton Formal Shirt,https://m.media-amazon.com/images/I/416d0m--4pL._AC_UL320_.jpg,Style Quotient,Women Fashion,Shirts,549,1299,57.74,4.1,73,,Blue,,Cotton,,Self Design,Style Quotient Women Self Design Stripe Blue and White Polycotton Formal Shirt. Fabric: Cotton. Pattern: Self Design. Color: Blue,In stock,,https://www.amazon.in/dp/B0CRYJXKG9,2026-06-26T08:41:34.085456+00:00
Amazon India,ROYALICA Women and Girls Fancy Women Regular Fit Formal Shirt/Shirts for Women Stylish Western.,https://m.media-amazon.com/images/I/81EzPDrAFfL._AC_UL320_.jpg,ROYALICA,Women Fashion,Shirts,299,1999,85.04,3.8,72,,,Regular Fit,,,,ROYALICA Women and Girls Fancy Women Regular Fit Formal Shirt/Shirts for Women Stylish Western.. Fit: Regular Fit,In stock,,https://www.amazon.in/dp/B0DXP5B6TP,2026-06-26T08:41:34.085456+00:00
Amazon India,Sponsored Ad - TADKEE Women's V Collared Casual Stylish Long Sleeve Oversized Fit Shirt,https://m.media-amazon.com/images/I/61-6zilTx+L._AC_UL320_.jpg,TADKEE,Women Fashion,Shirts,399,1999,80.04,3.7,440,d Fit Shirt,Red,Oversized Fit,,Long Sleeve,,Sponsored Ad - TADKEE Women's V Collared Casual Stylish Long Sleeve Oversized Fit Shirt. Fit: Oversized Fit. Sleeve: Long Sleeve. Color: Red. Sizes: d Fit Shirt,In stock,,https://www.amazon.in/dp/B0F4K2XNVN,2026-06-26T08:41:34.085456+00:00
Amazon India,Sponsored Ad - feranoid Classic Collared Cotton Shirt with 3/4 Sleeve for a Timeless Casual Look,https://m.media-amazon.com/images/I/711446VHLeL._AC_UL320_.jpg,feranoid,Women Fashion,Shirts,686,2499,72.55,3.9,404,,Red,,Cotton,3/4 Sleeve,,Sponsored Ad - feranoid Classic Collared Cotton Shirt with 3/4 Sleeve for a Timeless Casual Look. Fabric: Cotton. Sleeve: 3/4 Sleeve. Color: Red,In stock,,https://www.amazon.in/dp/B0DFF36B5P,2026-06-26T08:41:34.085456+00:00
Amazon India,Sponsored Ad - OOMPH! Full Sleeve Stylish Western Official Formal Shirts for Women Regular fit Shirts for Woman,https://m.media-amazon.com/images/I/51EJ1D9u-kL._AC_UL320_.jpg,OOMPH!,Women Fashion,Shirts,699,1999,65.03,4.1,85,,Red,Regular Fit,,Full Sleeve,,Sponsored Ad - OOMPH! Full Sleeve Stylish Western Official Formal Shirts for Women Regular fit Shirts for Woman. Fit: Regular Fit. Sleeve: Full Sleeve. Color: Red,In stock,,https://www.amazon.in/dp/B0FMRVHXQP,2026-06-26T08:41:34.085456+00:00
Amazon India,Women Solid Cotton Poplin Oversized Shirt Top with Collar Neck and Full Sleeves | Casual & Office Wear Relaxed Fit Shirt,https://m.media-amazon.com/images/I/418fQXuMaqL._AC_UL320_.jpg,MUUN,Clothing & Accessories,Button-Down Shirts,999,1999,50.03,5,,"S, M, L, XL, 2XL",Navy,Relaxed Fit,Cotton,Cuff Sleeve,Solid,"Upgrade your wardrobe with this stylish Women’s Solid Black Cotton Poplin Oversized Shirt Top. Crafted from breathable and lightweight cotton poplin fabric, this shirt offers superior comfort with a premium finish. The classic collared neckline and front button placket design give it a smart and versatile appeal, while the relaxed oversized fit makes it perfect for modern casual styling. Whether you wear it to the office, on a casual day out, or while traveling, this black shirt top pairs effortlessly with jeans, trousers, or skirts for a chic and confident look. A must-have staple for every woman’s wardrobe.",In stock,MUUN,https://www.amazon.in/dp/B0H4LC9FXN,2026-06-25T04:48:02.780103+00:00
Amazon India,"Effortless Denim Charm: Classic Indigo Button-Down Shirt with Minimal Bow Detail, Relaxed Fit for Everyday Casual Elegance and Timeless Style(Only Black Color)",https://m.media-amazon.com/images/I/51pSD16GzjL._AC_UL320_.jpg,KAZAMA DESIGN FASHION,Clothing & Accessories,Button-Down Shirts,620,1599,61.23,4.1,37,XL,Dark Blue,Regular Fit,Denim,Sleeves,Solid,"This classic indigo denim shirt is designed for effortless everyday style with a perfect balance of comfort and elegance. Crafted from soft-washed premium denim, it feels smooth on the skin while offering a relaxed, breathable fit ideal for all-day wear. The full button-down front allows versatile styling—wear it tucked in for a polished look or open over a tee for a casual vibe. A minimal bow embroidery detail on the chest adds a subtle feminine charm, making the shirt stand out without being loud. The rolled-up sleeves enhance its laid-back appeal, while the timeless denim shade makes it easy to pair with neutral trousers, jeans, or summer bottoms. Perfect for casual outings, travel, office casuals, or weekend wear, this shirt is a wardrobe essential that never goes out of style",In stock,,https://www.amazon.in/dp/B0GJLGGGHQ,2026-06-25T04:48:02.780103+00:00
Amazon India,Style Quotient Women Solid Polycotton Regular Formal Shirt,,Style Quotient,Clothing & Accessories,Shirts,449,1499,70.05,4,1.7,"XS, S, M, L, XL",White,Modern Fit,Polycotton,Long Sleeve,Solid,Classic Solid Formal Shirt With Spread Collar And Full Sleeve To Add To Your Back-To-Work Wardrobe. Pair It With Tight Fit Pants And You'Re Good To Go.,In stock,,https://www.amazon.in/dp/B0BG5TXXH5,2026-06-25T04:48:02.780103+00:00
Amazon India,Women Formal Striped Shirt Cotton Blend Office Wear Full Sleeve Button Down Professional Workwear Business Casual Regular Fit Ladies Top,https://m.media-amazon.com/images/I/61+3nc69FqL._AC_UL320_.jpg,SRB CORP,Clothing & Accessories,Button-Down Shirts,319,999,68.07,4,1,"S, M, L, XL",BLUE,Regular Fit,Cotton Blend,Raglan Sleeve,Striped,SRB CORP,In stock,,https://www.amazon.in/dp/B0GZX34JJP,2026-06-25T04:48:02.780103+00:00
Amazon India,Aahwan White Solid Button-Down Striped Print Casual Short Sleeve Shirt for Women's & Girl's,https://m.media-amazon.com/images/I/71MZpB7rWIL._AC_UL320_.jpg,Aahwan,Clothing & Accessories,Button-Down Shirts,494,1999,75.29,3.4,63,"XS, S, M, L",Brown,Modern Fit,Polyester,Long Sleeve,Solid,"The Aahwan Women's & Girls' Striped Regular Shirt is a stylish and versatile addition to your wardrobe. Designed with a chic racerback style, this shirt combines comfort and fashion effortlessly.",In stock,,https://www.amazon.in/dp/B0G2BRY97M,2026-06-25T04:48:02.780103+00:00
Amazon India,Women Shirt||Women Relaxed Fit Vertical Striped Spread Collar Cotton Casual Shirt (S-12-19),https://m.media-amazon.com/images/I/510smDQG1SL._AC_UL320_.jpg,Zurity,Clothing & Accessories,Button-Down Shirts,449,999,55.06,3.7,177,"S, M, L, XL, 2XL",Apricot,Regular Fit,Rayon Blend,Balloon Sleeve,Striped,Shirt for Women | Womens Shirt | Ladies Shirt | Formal Shirt for Women | Casual Shirt for Women | Office Wear Shirt for Women | Stylish Shirt for Women,In stock,,https://www.amazon.in/dp/B0GF2ZQ4FB,2026-06-25T04:48:02.780103+00:00
Amazon India,Aahwan Women Polyester Modern Fit Solid Front Button Long Sleeve Casual Shirt,https://m.media-amazon.com/images/I/71JS6vTKDNL._AC_UL320_.jpg,Aahwan,Clothing & Accessories,Button-Down Shirts,549,1999,72.54,3.9,702,"XS, S, M, L, XL",White,Modern Fit,Polyester,Long Sleeve,Solid,"The Aahwan Women's & Girls' Solid Regular Shirt is a stylish and versatile addition to your wardrobe. Designed with a chic racerback style, this shirt combines comfort and fashion effortlessly.",In stock,,https://www.amazon.in/dp/B0FLK78TW1,2026-06-25T04:48:02.780103+00:00
Amazon India,Women's Classic Fit Striped Print Blue and White Poly Cotton Shirt with Long Sleeve Mandarin Neck Standard Length and Button Down Closure Type,https://m.media-amazon.com/images/I/513moguDZ6L._AC_UL320_.jpg,AREAL FASHION,Clothing & Accessories,Button-Down Shirts,374,999,62.56,4.2,4,"XS, S, M, L, XL",blue,Regular Fit,Cotton Blend,Long Sleeve,Graphic Print Design,"Elevate your everyday wardrobe with this Women's Classic Fit Striped Shirt, a timeless piece that effortlessly blends style and comfort. Crafted from poly cotton fabric, this shirt features a crisp blue and white striped print that gives it a fresh, polished look suitable for both casual and semi-formal occasions. The long sleeves and button-down closure make it easy to style, whether tucked into trousers or paired with your favourite jeans. The standard length and classic fit ensure a flattering silhouette for a variety of body types. Available in sizes XS to XL, the shirt offers a well-structured fit across the chest and shoulders. Please refer to the size chart before ordering: XS (Chest 91 cm, Front Length 63.5 cm), S (Chest 94 cm), M (Chest 99 cm), L (Chest 104 cm), and XL (Chest 109 cm). The mandarin-style collar adds a subtle contemporary touch to this wardrobe essential. Machine wash care is recommended to maintain the fabric's quality and colour vibrancy. A versatile and chic addition to any wardrobe, this shirt is perfect for the modern woman on the go.",In stock,,https://www.amazon.in/dp/B0GWFPVHXJ,2026-06-25T04:48:02.780103+00:00
Amazon India,"Gufrina Women’s Casual Button-Down Shirt with Multicolor Floral Print & Half Sleeves, Collar Neck",https://m.media-amazon.com/images/I/61VW43-uP4L._AC_UL320_.jpg,Gufrina,Clothing & Accessories,Button-Down Shirts,415,1299,68.05,3.7,1,"S, M, L, XL, 2XL, 3XL, 4XL, 5XL",Orange,Regular Fit,Spandex,Raglan Sleeve,Floral,"Step into playful charm with this stylish Women's Multicolor Floral Print Shirt. Crafted from soft, breathable fabric, this shirt features an all-over bold heart pattern in vibrant & Beautiful hues, perfect for adding a touch of love and fun to your everyday wardrobe. The classic button-down design paired with a smart collared neckline gives it a polished yet youthful look. Designed with Half and sleeves, it blends contemporary trends with effortless comfort. The lightweight fabric ensures a breezy feel, ideal for casual outings, brunch dates, or even a fun office look. Tuck it into high-rise jeans for a chic day look or layer it under a blazer for a trendy twist on workwear. Easy to style and easier to love, this heart print shirt is a must-have for all fashion lovers who adore playful patterns with a modern edge. Make a bold and cute statement wherever you go! Lightweight, breathable fabric. Pair with white jeans and a red handbag for a standout, coordinated look. Brighten up your wardrobe with this cheerful Women's Multicolor Heart Print Shirt, designed to spread positivity and fun wherever you go. This vibrant shirt features a mix of colorful hearts in shades of blue, red, yellow, pink, orange, and teal on a crisp white base, offering a lively and youthful vibe.",In stock,,https://www.amazon.in/dp/B0F8BVPSY7,2026-06-25T04:48:02.780103+00:00
Amazon India,AAFA Women 3/4 Sleeve Casual & Formal Shirt | Stylish Regular Fit Shirt for Women Perfect for Office,https://m.media-amazon.com/images/I/51GSO7VCtJL._AC_UL320_.jpg,AAFA,Clothing & Accessories,Button-Down Shirts,499,1999,75.04,5,4,"S, M, L, XL",Navy,Regular Fit,Cotton,3/4 Sleeve,Solid,"Upgrade your wardrobe with this stylish and comfortable shirt from AAFA. Designed for modern Women, this shirt combines premium fabric with a perfect fit, making it ideal for both casual and formal occasions.Crafted from high-quality material, it offers excellent breathability and all-day comfort. The soft texture feels gentle on the skin, while the durable stitching ensures long-lasting wear. Its classic design with a modern touch makes it easy to pair with jeans, trousers, or chinos. Whether you're heading to the office, a party, or a casual outing, this shirt keeps you looking sharp and confident. Easy to maintain and wrinkle-resistant, it is a must-have addition to your everyday collection.",In stock,,https://www.amazon.in/dp/B0GVN44CP6,2026-06-25T04:48:02.780103+00:00
Amazon India,Leriya Fashion Oversized Shirt for Women | Shirt for Women Stylish Western | Long Shirt for Women,https://m.media-amazon.com/images/I/61Su7JLpk0L._AC_UL320_.jpg,Leriya Fashion,Clothing & Accessories,Blouses,499,1999,75.04,3.9,837,"S, M, L, XL, 2XL, 3XL",PINK,Regular Fit,Polycotton,Long Sleeve,Solid,Leriya Fashion,In stock,,https://www.amazon.in/dp/B0DSW1L9V9,2026-06-25T04:48:02.780103+00:00
Amazon India,GRECIILOOKS Women`s Oversized Fit Crop Top Shirt | Comfortable Rich Korean Button Down | Comfortable Rich Korean Button Down | Workwear Top for Office & Casual Outfit,https://m.media-amazon.com/images/I/51LebZRN86L._AC_UL320_.jpg,GRECIILOOKS,Clothing & Accessories,Button-Down Shirts,429,1999,78.54,4,1.2,"S, M, L, XL, 2XL, 3XL",Cream,Regular Fit,Rayon,Long Sleeve,Solid,"Introducing the GRECIILOOKS Women's Oversized Solid Formal Shirt, the ultimate summer wardrobe essential. Crafted from comfortable Poly Viscose fabric, this shirt offers versatility for any occasion. Whether it's Western wear, office attire, or a casual day out, this shirt fits the bill. Its lightweight and breathable material make it perfect for summer, while the Korean-inspired baggy style adds a trendy flair. Pair it with jeans, shorts, or jeggings for a fashion-forward look. Elevate your summer wardrobe with this stylish western oversized shirt, recommended in size large for a comfortable fit. Experience effortless style and comfort with the Greciilooks Women's Oversized Solid Formal Shirt.",In stock,,https://www.amazon.in/dp/B0F8W3ZHWH,2026-06-25T04:48:02.780103+00:00
Amazon India,GRECIILOOKS Women`s Oversized Fit Crop Top Shirt | Comfortable Rich Korean Button Down | Comfortable Rich Korean Button Down | Workwear Top for Office & Casual Outfit,https://m.media-amazon.com/images/I/61DtzOqyLhL._AC_UL320_.jpg,GRECIILOOKS,Clothing & Accessories,Button-Down Shirts,429,1999,78.54,4,1.2,"S, M, L, XL, 2XL, 3XL",PURPLE,Regular Fit,Rayon,Long Sleeve,Solid,"Introducing the GRECIILOOKS Women's Oversized Solid Formal Shirt, the ultimate summer wardrobe essential. Crafted from comfortable Poly Viscose fabric, this shirt offers versatility for any occasion. Whether it's Western wear, office attire, or a casual day out, this shirt fits the bill. Its lightweight and breathable material make it perfect for summer, while the Korean-inspired baggy style adds a trendy flair. Pair it with jeans, shorts, or jeggings for a fashion-forward look. Elevate your summer wardrobe with this stylish western oversized shirt, recommended in size large for a comfortable fit. Experience effortless style and comfort with the Greciilooks Women's Oversized Solid Formal Shirt.",In stock,,https://www.amazon.in/dp/B0CZDY1JHQ,2026-06-25T04:48:02.780103+00:00
Amazon India,Leriya Fashion Oversized Shirt for Women | Shirt for Women Stylish Western | Long Shirt for Women,https://m.media-amazon.com/images/I/61Su7JLpk0L._AC_UL320_.jpg,Leriya Fashion,Clothing & Accessories,Button-Down Shirts,499,1999,75.04,3.9,837,"S, M, L, XL, 2XL, 3XL",PINK,Regular Fit,Polycotton,Long Sleeve,Solid,Leriya Fashion,In stock,,https://www.amazon.in/dp/B0DSW1LD6T,2026-06-25T04:48:02.780103+00:00
Amazon India,Women Solid Regular Full Sleeve Polycotton Shirt,https://m.media-amazon.com/images/I/510dzEVHoPL._AC_UL320_.jpg,DIGIVEENAL,Clothing & Accessories,Button-Down Shirts,199,750,73.47,3.4,93,"S, M, L, XL",White,Modern Fit,Polycotton,Long Sleeve,Solid,"Soft and lightweight delta cotton fabric full sleeve casual shirt for girls and women. This shirt is perfect for casual wear, best for summer collection.",In stock,,https://www.amazon.in/dp/B0D1RJP67Z,2026-06-25T04:48:02.780103+00:00
Amazon India,FUNDAY FASHION Women Oversized Fit Solid Casual Denim Shirt,https://m.media-amazon.com/images/I/613pKs-PgmL._AC_UL320_.jpg,FUNDAY FASHION,Clothing & Accessories,Button-Down Shirts,689,1499,54.04,3.2,20,"S, M, L, XL",Denim Blue,Oversized Fit,Denim,Long Sleeve,Solid,"Trendy and appealing, this shirt from FUNDAY FASHION exclusive collection will surely impress fashionable women. This shirt will surely add unique charm to your casual as well as party look. Made from soft fabric, this top will help you stay relaxed all day long. 100% Satisfaction is guaranteed. We Also manufacture shirts, t-shirts,tops for women Western, Casual, Formal, Stylish, latest tops for Women.",In stock,,https://www.amazon.in/dp/B0GPRKTBD5,2026-06-25T04:48:02.780103+00:00
Amazon India,Aahwan White Solid Button-Down Striped Print Casual Short Sleeve Shirt for Women's & Girl's,https://m.media-amazon.com/images/I/71lF8qqMXQL._AC_UL320_.jpg,Aahwan,Clothing & Accessories,Button-Down Shirts,494,999,50.55,3.4,63,"XS, S, M, L",Blue,Modern Fit,Polyester,Long Sleeve,Solid,"The Aahwan Women's & Girls' Striped Regular Shirt is a stylish and versatile addition to your wardrobe. Designed with a chic racerback style, this shirt combines comfort and fashion effortlessly.",In stock,,https://www.amazon.in/dp/B0G2BRDQ11,2026-06-25T04:48:02.780103+00:00
Amazon India,U.S. Polo ASSN. Women Shirt,https://m.media-amazon.com/images/I/71ZhJfwin5L._AC_UL320_.jpg,U.S. POLO ASSN.,Clothing & Accessories,Button-Down Shirts,1259,2799,55.02,5,,"L, XS, S, M, XL",Blue,Relaxed Fit,Polyester,Long Sleeve,,"Made for atmost comfort, this shirt is the perfect amalgamation of style and comfort.",In stock,,https://www.amazon.in/dp/B0FJLJ9RPQ,2026-06-25T04:48:02.780103+00:00
Amazon India,"GRECIILOOKS Oversized Shirt for Women | Shirt Top for Woman |Women’s Color Block Button Down Blouse – Casual Loose Fit Short Sleeve Summer Shirt’s Work, Vacation & Everyday Wear",https://m.media-amazon.com/images/I/61Z9gyuqgNL._AC_UL320_.jpg,GRECIILOOKS,Clothing & Accessories,Blouses,499,1999,75.04,3.8,1.4,"S, M, L, XL, 2XL, 3XL",Dark Green,Regular Fit,Polycotton,Half Sleeve,Solid,"Introducing our latest collection of women's tops, where sophistication meets comfort in every stitch. Elevate your wardrobe with our Two-Tone Textured Shirt with Batwing Sleeves and Collared design, boasting a unique color block pattern blending contrasting ues for a dynamic visual impact. The batwing sleeves ensure comfort and style, while the collared neckline adds refinement, perfect for casual outings or professional settings. Explore our Western-inspired tops featuring chic color block patterns and trendy batwing sleeves, crafted with premium materials for unmatched comfort and durability. Whether you seek a long shirt with stylish Western accents or a breezy short sleeve option, our collection caters to every occasion. Embrace effortless style with our Western wear tops, tailored for the modern woman. Discover the epitome of contemporary chic with our latest collection of women's shirts and tops.",In stock,,https://www.amazon.in/dp/B0FLPNTS6L,2026-06-25T04:48:02.780103+00:00
Amazon India,Women Shirt,https://m.media-amazon.com/images/I/71cTv4DOWlL._AC_UL320_.jpg,Gerua By Libas,Clothing & Accessories,Button-Down Shirts,367,1599,77.05,4.5,4,"S, M, L, XL, 2XL",Black,Regular,Cotton Blend,3/4 Sleeve,Printed,Navy blue ethnic printed shirt with kimino sleeve,In stock,,https://www.amazon.in/dp/B0GPY8JXZX,2026-06-25T04:48:02.780103+00:00
Amazon India,The Souled Store Textured Shirt: Women and Girls Full Sleeves Spread Collar Striped Viscose Nylon Regular Fit Lightweight Summer-Ready All-Season Casual Wear Shirt,https://m.media-amazon.com/images/I/71pXYGGudSL._AC_UL320_.jpg,The Souled Store,Clothing & Accessories,Button-Down Shirts,999,1899,47.39,5,,"XS, S, M, L, XL",Pine,Regular Fit,Viscose Blend,Long Sleeve,Striped,"Bold stripes meet effortless chic in this textured shirt from The Souled Store. Crafted with a breathable viscose-nylon blend, it’s perfect for summer outings or casual office days. The boxy drop-shoulder silhouette adds a relaxed vibe, while the full placket and spread collar keep it polished. The smooth fabric texture ensures all-day comfort, making it a versatile choice for any occasion. Pair it with white trousers or denim for a stylish yet laid-back look. Style Tip: Add a pair of sneakers or loafers to complete the outfit and exude effortless charm.",In stock,,https://www.amazon.in/dp/B0FNRJXS7C,2026-06-25T04:48:02.780103+00:00
Amazon India,GRECIILOOKS Women`s Oversized Fit Crop Top Shirt | Comfortable Rich Korean Button Down | Comfortable Rich Korean Button Down | Workwear Top for Office & Casual Outfit,https://m.media-amazon.com/images/I/51LebZRN86L._AC_UL320_.jpg,GRECIILOOKS,Clothing & Accessories,Button-Down Shirts,429,1999,78.54,4,1.2,"S, M, L, XL, 2XL, 3XL",Cream,Regular Fit,Rayon,Long Sleeve,Solid,"Introducing the GRECIILOOKS Women's Oversized Solid Formal Shirt, the ultimate summer wardrobe essential. Crafted from comfortable Poly Viscose fabric, this shirt offers versatility for any occasion. Whether it's Western wear, office attire, or a casual day out, this shirt fits the bill. Its lightweight and breathable material make it perfect for summer, while the Korean-inspired baggy style adds a trendy flair. Pair it with jeans, shorts, or jeggings for a fashion-forward look. Elevate your summer wardrobe with this stylish western oversized shirt, recommended in size large for a comfortable fit. Experience effortless style and comfort with the Greciilooks Women's Oversized Solid Formal Shirt.",In stock,,https://www.amazon.in/dp/B0F8VZXL1L,2026-06-25T04:48:02.780103+00:00
Amazon India,The Souled Store Stripe Shirt: Marina Women and Girls Full Length Spread Collar Off-White and Blue Striped Cotton Relaxed Fit Breathable Lightweight Everyday All-Season Shirt,https://m.media-amazon.com/images/I/61nUQdr86cL._AC_UL320_.jpg,The Souled Store,Clothing & Accessories,Button-Down Shirts,1299,1499,13.34,5,,"S, XS, M, L, XL, 2XL",Marina,Relaxed Fit,Cotton,Long Sleeve,Striped,"Embrace the serene coastal vibes of summer with the Marina Stripe Shirt, designed to evoke the breezy essence of a seaside getaway. This piece features a sophisticated off-white base accented by blue vertical dashed stripes top, perfect for those who appreciate minimalist yet impactful aesthetics. The Souled Store brings you the ultimate pop-culture streetwear for enthusiasts that blends high-quality craftsmanship with effortless everyday wearability. Crafted from a 100% cotton button down shirt construction, this relaxed fit women's shirt summer choice offers exceptional breathability and a lightweight feel. The long sleeve off-white striped shirt design, complete with a spread collar and full placket, provides a polished look that transitions seamlessly from casual outings to chic streetwear. This breathable cotton casual shirt ensures you stay cool and stylish all day long.",In stock,,https://www.amazon.in/dp/B0GTJHCVJ1,2026-06-25T04:48:02.780103+00:00
Amazon India,Women Shirt ||Women Top || Cecily Paisley-Trim Button-Front Shirt (S-01-04),https://m.media-amazon.com/images/I/51lQQkJPS4L._AC_UL320_.jpg,Zurity,Clothing & Accessories,Button-Down Shirts,448,4999,91.04,3.4,103,"S, M, L, XL, 2XL",Brown,Regular Fit,Georgette,Balloon Sleeve,,Shirt for Women | Womens Shirt | Ladies Shirt | Formal Shirt for Women | Casual Shirt for Women | Office Wear Shirt for Women | Stylish Shirt for Women,In stock,,https://www.amazon.in/dp/B0GF2GSC2K,2026-06-25T04:48:02.780103+00:00
Amazon India,Allen Solly Women' Polyester Regular fit Blouse,https://m.media-amazon.com/images/I/71Karb+WLlL._AC_UL320_.jpg,Allen Solly,Clothing & Accessories,Shirts,1159,1799,35.58,4.4,317,"XS, S, M, L, XL, 2XL",Red,Regular Fit,Polyester,Long Sleeve,Solid,Allen Solly Women_show collar,In stock,,https://www.amazon.in/dp/B0D4Z99LN8,2026-06-25T04:48:02.780103+00:00
Amazon India,AAFA Women 3/4 Sleeve Casual & Formal Shirt | Stylish Regular Fit Shirt for Women Perfect for Office,https://m.media-amazon.com/images/I/51Tkk8dUAIL._AC_UL320_.jpg,AAFA,Clothing & Accessories,Button-Down Shirts,499,1999,75.04,5,4,"S, M, L, XL",Black,Regular Fit,Cotton,3/4 Sleeve,Solid,"Upgrade your wardrobe with this stylish and comfortable shirt from AAFA. Designed for modern Women, this shirt combines premium fabric with a perfect fit, making it ideal for both casual and formal occasions.Crafted from high-quality material, it offers excellent breathability and all-day comfort. The soft texture feels gentle on the skin, while the durable stitching ensures long-lasting wear. Its classic design with a modern touch makes it easy to pair with jeans, trousers, or chinos. Whether you're heading to the office, a party, or a casual outing, this shirt keeps you looking sharp and confident. Easy to maintain and wrinkle-resistant, it is a must-have addition to your everyday collection.",In stock,,https://www.amazon.in/dp/B0GVQH483Y,2026-06-25T04:48:02.780103+00:00
Amazon India,Women’s Ombre Pink Casual Shirt for Women | Full Sleeve Stylish Western Top | Soft Regular Fit Button Down Shirt for Girls & Women,https://m.media-amazon.com/images/I/61a770ncRFL._AC_UL320_.jpg,NINEOX,Clothing & Accessories,Button-Down Shirts,489,1999,75.54,5,3,"XS, S, M, L, XL, 2XL, 3XL",Blue,Regular Fit,Polycotton,3/4 Sleeve,Solid,"Introducing the NINEOX Women's Oversized Solid Formal Shirt, the ultimate summer wardrobe essential. Crafted from comfortable Poly Viscose fabric, this shirt offers versatility for any occasion. Whether it's Western wear, office attire, or a casual day out, this shirt fits the bill. Its lightweight and breathable material make it perfect for summer, while the Korean-inspired baggy style adds a trendy flair. Pair it with jeans, shorts, or jeggings for a fashion-forward look. Elevate your summer wardrobe with this stylish western oversized shirt, recommended in size large for a comfortable fit. Experience effortless style and comfort with the NINEOX Women's Oversized Solid Formal Shirt.",In stock,,https://www.amazon.in/dp/B0H2QMQLK9,2026-06-25T04:48:02.780103+00:00
Amazon India,Women Long Shirt Soft Viscose Rayon Stylish Hemline Solid Casual Top Western Tunic Shirt Office Formal Wear,https://m.media-amazon.com/images/I/51pY88+oNpL._AC_UL320_.jpg,MIRHANIKA,Clothing & Accessories,Button-Down Shirts,474,1499,68.38,3.5,36,"M, L, XL, 2XL, 3XL",White,Regular,Rayon,3/4 Sleeve,Solid,MIRHANIKA | Save 5% 5% off coupon appliedSave 5% with coupon (limited sizes/colours) | Save 5% 5% off coupon applied | Save 5% | 5% off coupon applied | Save 5% with coupon (limited sizes/colours) | Save 5% | with coupon (limited sizes/colours),In stock,,https://www.amazon.in/dp/B0GCSMVSX3,2026-06-25T04:48:02.780103+00:00
Amazon India,GRECIILOOKS Women`s Oversized Fit Crop Top Shirt | Comfortable Rich Korean Button Down | Comfortable Rich Korean Button Down | Workwear Top for Office & Casual Outfit,https://m.media-amazon.com/images/I/51LebZRN86L._AC_UL320_.jpg,GRECIILOOKS,Clothing & Accessories,Button-Down Shirts,429,1999,78.54,4,1.2,"S, M, L, XL, 2XL, 3XL",Cream,Regular Fit,Rayon,Long Sleeve,Solid,"Introducing the GRECIILOOKS Women's Oversized Solid Formal Shirt, the ultimate summer wardrobe essential. Crafted from comfortable Poly Viscose fabric, this shirt offers versatility for any occasion. Whether it's Western wear, office attire, or a casual day out, this shirt fits the bill. Its lightweight and breathable material make it perfect for summer, while the Korean-inspired baggy style adds a trendy flair. Pair it with jeans, shorts, or jeggings for a fashion-forward look. Elevate your summer wardrobe with this stylish western oversized shirt, recommended in size large for a comfortable fit. Experience effortless style and comfort with the Greciilooks Women's Oversized Solid Formal Shirt.",In stock,,https://www.amazon.in/dp/B0F8W3WBH8,2026-06-25T04:48:02.780103+00:00
Amazon India,Van Heusen Women Polyester Regular Fit Solid Half Sleeve Casual Shirt,https://m.media-amazon.com/images/I/51RXKT1sV6L._AC_UL320_.jpg,Van Heusen,Clothing & Accessories,Button-Down Shirts,1369,2299,40.45,4.1,46,"XS, S, M, L, XL, 2XL",Blue,Regular Fit,Polyester,Half Sleeve,Solid,This Top from Van Heusen Women is a perfect addition to your style repertoire.,In stock,,https://www.amazon.in/dp/B0DXFQBGDP,2026-06-25T04:48:02.780103+00:00
Amazon India,"Women Striped Shirt,Oversized Cotton Shirt for Women,Long Sleeve Shirt 12.",https://m.media-amazon.com/images/I/61ghiMOoopL._AC_UL320_.jpg,Generic,Clothing & Accessories,Button-Down Shirts,399,1999,80.04,3,47,"M, S, L, XL",BLUE,Regular Fit,Cotton,Long Sleeve,Solid,Generic,In stock,,https://www.amazon.in/dp/B0FJS7QTY1,2026-06-25T04:48:02.780103+00:00
Amazon India,FUNDAY FASHION Women's Crepe Regular Fit Solid V Collered Casual Shirt (Pack of 2),https://m.media-amazon.com/images/I/61pv6kWuitL._AC_UL320_.jpg,FUNDAY FASHION,Clothing & Accessories,Button-Down Shirts,489,1499,67.38,3.6,1.2,"S, M, L, XL, 2XL",Black & Pista Green,Regular Fit,Crepe,Sleeveless,Solid,"Trendy and appealing, this shirt from FUNDAY FASHION exclusive collection will surely impress fashionable women. This shirt will surely add unique charm to your casual as well as party look. Made from soft fabric, this top will help you stay relaxed all day long. 100% Satisfaction is guaranteed. We Also manufacture shirts, t-shirts,tops for women Western, Casual, Formal, Stylish, latest tops for Women.",In stock,,https://www.amazon.in/dp/B0C8JSRQKF,2026-06-25T04:48:02.780103+00:00
Amazon India,Blue RoninWomen Stylish Western Official Formal Shirts for Women Regular fit Shirts for Women,https://m.media-amazon.com/images/I/51mhmeQ0ISL._AC_UL320_.jpg,Blue Ronin,Clothing & Accessories,Button-Down Shirts,499,1199,58.38,3.9,1.6,"S, M, L, XL, 2XL, 3XL, 4XL, 5XL",White,Regular Fit,Cotton,Long Sleeve,Solid,"Blur Ronin SHIRTS EXPERIENCE THE AMAZING COMFORT. We know how it is as a busy student, father, or office worker. Some days getting dressed simply takes up too much time and you need something to throw on that looks simple and presentable. You don't want anything too fancy, just a cute and non-descript top that you can wear while you're on-the-go. This Shirt is exactly that! It's a great shirt for the everyday women to wear, anytime! This shirt is a necessary staple in everyday life. It is very versatile and can be worn in office environments, classrooms, and even during your errands or athletics activities. It's even machine washable, so all you need to do is toss it in the wash machine! THE CRAFT HEAVEN SHIRT IS MADE FOR FALL, SPRING, AND SUMMER! This great shirts was designed with you in mind! It has chambray seam finishes and a front button.it is very lightweight and breathable.",In stock,,https://www.amazon.in/dp/B08YN4M4FW,2026-06-25T04:48:02.780103+00:00
Amazon India,Gufrina Women’s Abstract Printed Button Down Shirt with Mandarin Collar and Above Elbow Sleeve Relaxed Fit Top,https://m.media-amazon.com/images/I/81YexWLn5yL._AC_UL320_.jpg,Gufrina,Clothing & Accessories,Button-Down Shirts,419,1.4,.,4.5,39,"S, M, L, XL, 2XL, 3XL, 4XL, 5XL",Sea Green,Regular Fit,Rayon Blend,Raglan Sleeve,Floral,Gufrina,In stock,,https://www.amazon.in/dp/B0FN7KN3LH,2026-06-25T04:48:02.780103+00:00
Amazon India,The Souled Store Plaid Shirt: Citron Women and Girls Long Sleeves Collared Neck Button Front Cotton Boyfriend Shirts,https://m.media-amazon.com/images/I/717LKU3K4PL._AC_UL320_.jpg,The Souled Store,Clothing & Accessories,Button-Down Shirts,1699,1999,15.01,3.7,10,"M, XS, L",Citron,Oversized Fit,Cotton,Short Sleeve,Checkered,The Souled Store,In stock,,https://www.amazon.in/dp/B0DMPCGDYL,2026-06-25T04:48:02.780103+00:00
Amazon India,Long Sleeve Button-Down Women’s Cotton Striped Oversized Shirt,https://m.media-amazon.com/images/I/714WIdr3m-L._AC_UL320_.jpg,Generic,Clothing & Accessories,Button-Down Shirts,379,1499,74.72,3.7,58,"S, M, L, XL",Blue,Oversized Fit,Cotton,Long Sleeve,Striped,"Crafted from soft cotton, this oversized women's shirt features elegant stripes with a classic button-down front. The long sleeves and relaxed fit offer versatile styling, whether worn casually with jeans or layered for a chic look, ensuring comfort and effortless fashion for every season. The model (height 5'7) is wearing a size S. Size Chart In Inches - Size : S ""Bust 42 Length 26"" Size : M ""Bust 44 Length 26"" Size : L ""Bust 46 Length 27"" Size : XL ""Bust 48 Length 27""",In stock,,https://www.amazon.in/dp/B0FNJXTCL4,2026-06-25T04:48:02.780103+00:00
Amazon India,GRECIILOOKS Shirt for Women | Women Shirt | Long Shirt for Women | Shirt Tops for Women | Oversized Shirt for Women,https://m.media-amazon.com/images/I/71mYKGb3VcL._AC_UL320_.jpg,GRECIILOOKS,Clothing & Accessories,Button-Down Shirts,449,224.5,.,4,1.6,"S, M, L, XL, 2XL, 3XL",PURPLE,Regular Fit,Viscose,Long Sleeve,Printed,GRECIILOOKS,In stock,,https://www.amazon.in/dp/B0DV9RJW66,2026-06-25T04:48:02.780103+00:00
Amazon India,Hemline Solid Shirt for Women Collared Neck Rayon Formal Office Wear Long Shirt Relaxed Fit Casual Girls Top,https://m.media-amazon.com/images/I/41i0jj0HXRL._AC_UL320_.jpg,MIRHANIKA,Clothing & Accessories,Button-Down Shirts,474,1499,68.38,4.5,4,"M, L, XL, 2XL",Rose Taupe,Relaxed,Rayon,3/4 Sleeve,Solid,MIRHANIKA,In stock,,https://www.amazon.in/dp/B0GJKQ7K1Y,2026-06-25T04:48:02.780103+00:00
Amazon India,The Souled Store Textured Shirt: Rose Pink Women and Girls Long Sleeves Collared Neck Button Front Viscose Blend Boyfriend Shirts,https://m.media-amazon.com/images/I/61sDKv7HWWL._AC_UL320_.jpg,The Souled Store,Clothing & Accessories,Shrugs,1199,1899,36.86,5,1,"S, XS, M, L, XL",Rose Pink,Oversized Fit,Polyester,Long Sleeve,Solid,The Souled Store,In stock,,https://www.amazon.in/dp/B0F4XZ5GQ8,2026-06-25T04:48:02.780103+00:00
Amazon India,Max Women Shirt,https://m.media-amazon.com/images/I/61SzlPErePL._AC_UL320_.jpg,Max,Clothing & Accessories,Button-Down Shirts,999,,,5,,"M, XS, S, L, XL, 2XL",MID BLUE,Regular Fit,Cotton,Long Sleeve,Solid,Women Solid Denim Shirt,In stock,,https://www.amazon.in/dp/B0GJV5XZCY,2026-06-25T04:48:02.780103+00:00
Amazon India,GRECIILOOKS Shirt for Women | Shirt | Long | Tops for Women | Oversized | Korean Style Long Sleeve Oversized Button Down,https://m.media-amazon.com/images/I/711-b2ZRN3L._AC_UL320_.jpg,GRECIILOOKS,Clothing & Accessories,Button-Down Shirts,449,1999,77.54,3.7,103,"S, M, L, XL, 2XL, 3XL",Green,Regular Fit,Crepe Silk,Long Sleeve,Floral,GRECIILOOKS,In stock,,https://www.amazon.in/dp/B0FSD63HQJ,2026-06-25T04:48:02.780103+00:00
Amazon India,Styli Women Regular Fit Roll-Up Sleeve Textured Button-Down Shirt | Stylish Casual Shirt for Women | Comfortable Office Wear & Everyday Western Tops,https://m.media-amazon.com/images/I/614z8J9NjeL._AC_UL320_.jpg,Styli,Clothing & Accessories,Button-Down Shirts,594,849,30.04,3.9,44,"XS, S, M, L, XL, 2XL",Off White,Regular Fit,Cotton,Short Sleeve,Solid,"The Styli Women's Green Cotton Regular Fit Extended Shoulder Shirt is crafted from comfortable cotton fabric and features a button closure. It offers a regular fit with extended shoulder design, providing both comfort and style for casual wear.",In stock,,https://www.amazon.in/dp/B0CWH91NSV,2026-06-25T04:48:02.780103+00:00
Amazon India,Aahwan White Solid Button-Down Striped Print Casual Short Sleeve Shirt for Women's & Girl's,https://m.media-amazon.com/images/I/71-hCWl12nL._AC_UL320_.jpg,Aahwan,Clothing & Accessories,Button-Down Shirts,498,999,50.15,3.4,63,"XS, S, M, L",Black02,Modern Fit,Polyester,Short Sleeve,Solid,"The Aahwan Women's & Girls' Striped Regular Shirt is a stylish and versatile addition to your wardrobe. Designed with a chic racerback style, this shirt combines comfort and fashion effortlessly.",In stock,,https://www.amazon.in/dp/B0G6ZG4YPR,2026-06-25T04:48:02.780103+00:00
Amazon India,The Souled Store Textured Shirt: Women and Girls Full Sleeves Spread Collar Solid Cotton Regular Fit Lightweight All-Season Shirt for Casual Wear,https://m.media-amazon.com/images/I/61YAp6Xvr9L._AC_UL320_.jpg,The Souled Store,Clothing & Accessories,Button-Down Shirts,949,1499,36.69,3.8,4,"XS, S, M, L, XL, 2XL",Coral,Oversized Fit,Cotton,Long Sleeve,Solid,"Step into effortless style with The Souled Store's Oversized Shirt: Sand, designed for casual outings and cozy winter days. As a pop-culture streetwear brand, The Souled Store combines quality craftsmanship with everyday wearability. Made from 100% breathable cotton, this oversized shirt features a drop-shoulder design, full placket, and smooth fabric texture for ultimate comfort and a relaxed fit. Its solid beige tone and versatile silhouette make it perfect for layering or wearing solo, whether paired with jeans or skirts. Elevate your wardrobe with this minimalistic yet chic essential, crafted to keep you comfortable and stylish all day long.",In stock,,https://www.amazon.in/dp/B0G7JPVM2W,2026-06-25T04:48:02.780103+00:00
Amazon India,LUISSA Effortless Denim Charm Classic Indigo Button-Down Shirt with Minimal Bow Relaxed Fit Casual Denim Top Everyday Street Style Women's Fashion Shirt,https://m.media-amazon.com/images/I/71Hvk5g44TL._AC_UL320_.jpg,LUISSA,Clothing & Accessories,Button-Down Shirts,630,1599,60.6,4.3,8,L,Dark Blue,Regular Fit,Denim,3/4 Sleeve,Solid,LUISSA | Save 5% 5% off coupon appliedSave 5% with coupon (limited sizes/colours) | Save 5% 5% off coupon applied | Save 5% | 5% off coupon applied | Save 5% with coupon (limited sizes/colours) | Save 5% | with coupon (limited sizes/colours),In stock,,https://www.amazon.in/dp/B0GSTKZ8D1,2026-06-25T04:48:02.780103+00:00
Amazon India,Style Quotient Women Stripe Blue and White Polycotton Formal Shirt,https://m.media-amazon.com/images/I/41O3uvWlOEL._AC_UL320_.jpg,Style Quotient,Clothing & Accessories,Button-Down Shirts,629,1399,55.04,4.3,20,"S, M, L, XL",Blue,Regular Fit,Polycotton,3/4 Sleeve,Striped,"This shirt features a refined spread collar and a button placket closure for a clean, polished look. The three-quarter sleeves are styled with slit cuffs, adding a subtle touch of flair, while the curved bottom hemline",In stock,,https://www.amazon.in/dp/B0DSBZR35M,2026-06-25T04:48:02.780103+00:00
Amazon India,ESTA Women Full Sleeve Stylish Western Official Formal Shirts Regular fit Shirts for Women,https://m.media-amazon.com/images/I/51hzkq79urL._AC_UL320_.jpg,ESTA,Clothing & Accessories,Button-Down Shirts,499,1799,72.26,4,47,"S, M, L, XL",Beige,Regular Fit,Cotton,Long Sleeve,Solid,ESTA | Save 2% 2% off coupon appliedSave 2% with coupon (limited sizes/colours) | Save 2% 2% off coupon applied | Save 2% | 2% off coupon applied | Save 2% with coupon (limited sizes/colours) | Save 2% | with coupon (limited sizes/colours),In stock,,https://www.amazon.in/dp/B0FQJBPL54,2026-06-25T04:48:02.780103+00:00
Amazon India,The Souled Store Textured Shirt: Marine Women and Girls Long Sleeves Collared Neck Button Front Beige Embroidered Cotton Boyfriend Shirts,https://m.media-amazon.com/images/I/71bol+4HatL._AC_UL320_.jpg,The Souled Store,Clothing & Accessories,Shirts,1799,1999,10.01,5,1,"XL, XS, S, M, L",Marine,Oversized Fit,Cotton,Long Sleeve,Floral,The Souled Store,In stock,,https://www.amazon.in/dp/B0DNYXMF3X,2026-06-25T04:48:02.780103+00:00
Amazon India,"Women Cotton Shirt,Pink Shirt for Women.29",https://m.media-amazon.com/images/I/61ZfIYqjTZL._AC_UL320_.jpg,Generic,Clothing & Accessories,Button-Down Shirts,409,1999,79.54,3.7,22,"3XL, S, M, L, XL",Pink,Regular Fit,Cotton Blend,Long Sleeve,Solid,"Soft and breathable cotton-blend fabric. Soft and breathable cotton-blend fabric. Beautiful delta pink hue for a fresh, feminine touch. Beautiful delta pink hue for a fresh, feminine touch. Classic button-down style with collared neckline. Classic button-down style with collared neckline. Full-length sleeves with buttoned. Full-length sleeves with buttoned. Suitable for both casual and semi-formal occasions. Suitable for both casual and semi-formal occasions Elevate your everyday style with this elegant women’s delta pink shirt, designed for comfort and sophistication. Made from high-quality cotton blend fabric, it features a smooth, lightweight feel and a soft, flattering drape. The tailored silhouette, button-down front, and crisp collar create a polished look that transitions effortlessly from work to weekend.",In stock,,https://www.amazon.in/dp/B0FMPYHTNK,2026-06-25T04:48:02.780103+00:00
Amazon India,The Souled Store Corset Shirt: Off-White Women and Girls Long Sleeves Collared Neck Button Front Fitted Shirts,https://m.media-amazon.com/images/I/61+aTvFzX+L._AC_UL320_.jpg,The Souled Store,Clothing & Accessories,Button-Down Shirts,1599,1899,15.8,4.2,4,"S, XS, M, L, XL, 2XL",Ivory,Slim Fit,Cotton Blend,Long Sleeve,Solid,The Souled Store,In stock,,https://www.amazon.in/dp/B0FHKXPDRR,2026-06-25T04:48:02.780103+00:00
Amazon India,Max Women Shirt,https://m.media-amazon.com/images/I/71Hy0P5Pz+L._AC_UL320_.jpg,Max,Clothing & Accessories,Button-Down Shirts,799,,,5,,"XS, S, XL, 2XL",BLUE,Regular Fit,Cotton,Short Sleeve,,Women Checked Slim Fit Shirt,In stock,,https://www.amazon.in/dp/B0GXS772FV,2026-06-25T04:48:02.780103+00:00
Amazon India,Allen Solly Women's Casual Shirt | Regular Fit | Soft Breathable Fabric | Office & Everyday Wear,https://m.media-amazon.com/images/I/71bssGOXUbL._AC_UL320_.jpg,Allen Solly,Clothing & Accessories,Button-Down Shirts,959,1599,40.03,3.6,73,"XS, S, M, L, XL, 2XL",WINE,Classic Fit,Cotton,Long Sleeve,Solid,Allen Solly Women's Shirts,In stock,,https://www.amazon.in/dp/B0D4Z7CS93,2026-06-25T04:48:02.780103+00:00
Amazon India,Freehand Women Shirt,https://m.media-amazon.com/images/I/614tcNzh8FL._AC_UL320_.jpg,FREEHAND,Clothing & Accessories,Button-Down Shirts,408,2049,80.09,4.1,30,"XS, S, M, L, XL",Orange,Oversized Fit,Cotton,Long Sleeve,Solid,"This Shirt is a premium fabric with an extremely soft finish and rich look. Do not bleach, dry in shade and wash with similar colours. This Shirt is classic yet comfortable and suitable for a variety of occasions, ranging from casual outings to formal events.",In stock,,https://www.amazon.in/dp/B0CR4B1QGR,2026-06-25T04:48:02.780103+00:00
Amazon India,Max Women Shirt,https://m.media-amazon.com/images/I/71P6lQyIZdL._AC_UL320_.jpg,Max,Clothing & Accessories,Button-Down Shirts,999,,,5,,"3XL, 4XL, 5XL, 6XL",IVORY,Regular Fit,Cotton Blend,Short Sleeve,Floral,Women Embroidered Shirt,In stock,,https://www.amazon.in/dp/B0GXS658BZ,2026-06-25T04:48:02.780103+00:00
Amazon India,Symbol Premium Women's Cotton Stretch Formal Shirt (Button Down | Regular Fit | Stylish | Office-wear | Desk-to-Dinner) (Available in Plus Sizes),https://m.media-amazon.com/images/I/71PULPBjTuL._AC_UL320_.jpg,Symbol Premium,Clothing & Accessories,Button-Down Shirts,999,2099,52.41,4.4,156,"XS, S, M, L, XL, 2XL, 3XL, 4XL",Pink,Tailored Fit,Cotton Blend,Cuff Sleeve,Solid,"Symbol Premium brings you timeless elevated styles that transition from ‘desk to dinner’ seamlessly. Each of our styles is carefully crafted emphasising elegance, versatility and functionality in mind. Our blouses are a perfect blend of style and practicality with every detail designed with comfort and style in mind. The fabric is soft, that adds superior hand-feel and drape to your wear. Discover your ideal look with these easy-to-wear wardrobe staples, blending classic western charm with modern appeal.",In stock,,https://www.amazon.in/dp/B0DNZ9KDBK,2026-06-25T04:48:02.780103+00:00
Amazon India,Womens Striped Oversized fit poplin Shirts,https://m.media-amazon.com/images/I/515cvhGFvfL._AC_UL320_.jpg,Vedika kapoor,Clothing & Accessories,Button-Down Shirts,850,2499,65.99,5,2,"S, M, L, XL, 2XL, 3XL, 4XL, 5XL",Pink,Relaxed Fit,Cotton,Cuff Sleeve,Striped,"Upgrade your wardrobe with this stylish pink and white & yellow and white striped casual shirt designed for modern women who love comfort and fashion. Crafted from high-quality breathable fabric, this shirt ensures a soft feel on the skin, making it perfect for all-day wear. The classic button-down design with vertical stripes gives a slimming effect while adding a fresh and elegant touch to your look. Whether you're heading to the office, meeting friends, or going for a casual outing, this shirt is a perfect choice. Pair it with denim jeans for a relaxed vibe or trousers for a smart casual look — this versatile shirt fits every occasion effortlessly.",In stock,,https://www.amazon.in/dp/B0GVF8WWGN,2026-06-25T04:48:02.780103+00:00
Amazon India,"Women's Classic Denim Shirt - Long Sleeve Button Down Jean Shirt, Relaxed Fit Light Wash Cotton Chambray Blouse, Casual Western Style Oversized Shacket for Layering, Soft Lightweight Top Blue",https://m.media-amazon.com/images/I/71N6SXL-3AL._AC_UL320_.jpg,THE CLASSIC TOGS,Clothing & Accessories,Button-Down Shirts,691,989,30.13,3.7,3,"L, S, M, XL, 2XL, 3XL, 4XL, 5XL",Blue,Regular Fit,Denim,Long Sleeve,Solid,THE CLASSIC TOGS,In stock,,https://www.amazon.in/dp/B0GVN8FXGF,2026-06-25T04:48:02.780103+00:00
Amazon India,Women Long Shirt Soft Viscose Rayon Stylish Hemline Solid Casual Top Western Tunic Shirt Office Formal Wear,https://m.media-amazon.com/images/I/51pY88+oNpL._AC_UL320_.jpg,MIRHANIKA,Clothing & Accessories,Button-Down Shirts,474,1499,68.38,3.5,36,"M, L, XL, 2XL, 3XL",White,Regular,Rayon,3/4 Sleeve,Solid,MIRHANIKA | Save 5% 5% off coupon appliedSave 5% with coupon (limited sizes/colours) | Save 5% 5% off coupon applied | Save 5% | 5% off coupon applied | Save 5% with coupon (limited sizes/colours) | Save 5% | with coupon (limited sizes/colours),In stock,,https://www.amazon.in/dp/B0GCSWZJC8,2026-06-25T04:48:02.780103+00:00
Amazon India,VERO Moda Women's Floral Regular Fit Shirt,https://m.media-amazon.com/images/I/61mMiVsQ1cL._AC_UL320_.jpg,VERO MODA,Clothing & Accessories,Button-Down Shirts,1260.01,2999,57.99,3.9,,"XS, S, M, L, XL",Snow White,Regular Fit,Polyester,Long Sleeve,Floral,"This classic women's shirt features an overall print for a touch of personality. It is designed with a crisp shirt collar, a button-front placket, and full sleeves with cuffs for a polished look. The curved hem adds a clean finish, making it a versatile wardrobe staple.",In stock,,https://www.amazon.in/dp/B0DVSVGJR7,2026-06-25T04:48:02.780103+00:00
Amazon India,Van Heusen Women Polyester Regular Fit Solid Full Sleeve Casual Shirt,https://m.media-amazon.com/images/I/51Vwc436UxL._AC_UL320_.jpg,Van Heusen,Clothing & Accessories,Button-Down Shirts,1369,2299,40.45,4,83,"XS, S, M, L, XL, 2XL",Black,Regular Fit,Polyester,Long Sleeve,Solid,This Top from Van Heusen Women is a perfect addition to your style repertoire.,In stock,,https://www.amazon.in/dp/B0DXFPQNLZ,2026-06-25T04:48:02.780103+00:00
Amazon India,Max Women Shirt,https://m.media-amazon.com/images/I/71jj+d8jGwL._AC_UL320_.jpg,Max,Clothing & Accessories,Button-Down Shirts,942,999,5.71,5,,"2XL, XS, S, L, XL",BLUE,Regular Fit,Cotton,Short Sleeve,,Women Checked Shirt,In stock,,https://www.amazon.in/dp/B0GW8FJM28,2026-06-25T04:48:02.780103+00:00
Amazon India,IndoPrimo Women's Classic Fit Striped Print Poly Cotton Shirt with 3/4 Sleeve Mandarin Neck Standard Length and Button Down Closure Type,https://m.media-amazon.com/images/I/71E8rQGaHjL._AC_UL320_.jpg,IndoPrimo,Clothing & Accessories,Button-Down Shirts,498,1599,68.86,3.9,79,"M, L, XL",Yellow,Oversized Fit,Polycotton,3/4 Sleeve,Striped,IndoPrimo Shirt for Women | Women Shirt | Shirt for Women | Full Sleeve Shirt for Women | Satin Shirt for Women | Western Shirt for Women Stylish | Shirt for Girls,In stock,,https://www.amazon.in/dp/B0FJMCN9LH,2026-06-25T04:48:02.780103+00:00
Amazon India,Symbol Premium Women's Oversized Smart Casual Cotton Shirt (Available in Plus Sizes),https://m.media-amazon.com/images/I/71JKRzU3kTL._AC_UL320_.jpg,Symbol Premium,Clothing & Accessories,Button-Down Shirts,999,1599,37.52,3.6,150,"XS, S, M, L, XL, 2XL, 3XL, 4XL, 5XL, 6XL",White,Oversized Fit,Cotton,Long Sleeve,Solid,"Symbol Premium presents timeless, elevated styles designed to move with you through everyday moments—whether you're heading out for brunch, a casual meeting, or an evening catch-up. Every piece is thoughtfully crafted with a focus on elegance, versatility, and functionality. Our shirts strike the perfect balance between style and practicality, with each detail carefully considered for a refined yet comfortable fit. Made from soft fabrics, they offer a touch of understated luxury to your everyday wardrobe. Explore effortless style with these easy-to-wear essentials—where classic western charm meets contemporary sophistication.",In stock,,https://www.amazon.in/dp/B0F6T5G6SH,2026-06-25T04:48:02.780103+00:00
Amazon India,Women Oversized Black Shirt Casual Solid Full Sleeve Button Down Relaxed Fit Top for Everyday Wear,https://m.media-amazon.com/images/I/612Qp46EIyL._AC_UL320_.jpg,TRENDEEVA,Clothing & Accessories,Button-Down Shirts,751,1299,42.19,4,1,"M, S, L",Black,Oversized Fit,Cotton,full length sleevs,Solid,TRENDEEVA,In stock,,https://www.amazon.in/dp/B0GJL6ZJ5V,2026-06-25T04:48:02.780103+00:00
Amazon India,Urbano Fashion Women's Lyocell Full Sleeve Relaxed Fit Concealed Placket Casual Solid Shirt with Regular Collar,https://m.media-amazon.com/images/I/61dq60UMfEL._AC_UL320_.jpg,Urbano Fashion,Clothing & Accessories,Button-Down Shirts,1049,2599,59.64,4.2,3,"XS, S, M, L, XL",Light Blue,Relaxed Fit,Cotton,Regular Sleeve,Solid,"Urbano Women Relaxed Fit Sustainable Lyocell Shirts with Concealed Placket Elevate your everyday wardrobe with these relaxed fit shirts for women made with 100% lyocell fabric, designed for comfort and refined style. These shirts are crafted from 100% premium Lyocell fabric - a sustainable, biodegradable fiber offering exceptional softness, high strength, and moisture-wicking properties. The shirt is highly breathable, eco-friendly and skin-friendly making it ideal for all-day comfort, for hot summer days and for those with sensitive skin. The relaxed fit offers an elegant and effortless drape. The concealed placket delivers a clean, minimal look, which is versatile enough for work, casual outings, or travel, making this shirt an essential wardrobe staple. Details:- Fabric: Premium 100% sustainable lyocell fabric offering superior softness and breathability. The moisture-wicking properties make it ideal for hot weather and all-day comfort. Fit: Relaxed fit for an effortless fall and for superior comfort Design Detailing: Concealed button-down placket for a clean, minimal look, ideal for office, lunch dates, casual outings and travel-wear. Construction: Fine stitching for premium finish and added durability. Styling Tips: Can be paired with trousers, jeans, or skirts for versatile looks, making this a wardrobe staple.",In stock,,https://www.amazon.in/dp/B0H3FZGSYJ,2026-06-25T04:48:02.780103+00:00
Amazon India,"Women's Oversized Plaid Flannel Shirt, Black and White, Long Sleeve, Casual Button-Down Top",https://m.media-amazon.com/images/I/71sgkUN6czL._AC_UL320_.jpg,DESIGNALLY,Clothing & Accessories,Button-Down Shirts,499,1099,54.6,5,,"L, M, XL, 2XL",Black And White,Oversized Fit,Cotton,Long Sleeve,Plaid,"Step up your casual wardrobe with this Women's Oversized Plaid Flannel Shirt in a classic black and white colour combination. Designed with a relaxed, oversized fit, this long-sleeve button-down top is perfect for those who love effortless, laid-back style. The bold plaid pattern adds a timeless charm, making it easy to style in multiple ways — wear it fully buttoned as a standalone top, or layer it open over a crop top or tank for a trendy, casual look. The soft flannel fabric ensures all-day comfort, whether you are heading out for a weekend brunch, a casual outing, or simply lounging at home. The classic collar and button-down front give it a neat, put-together appearance, while the oversized silhouette offers a comfortable and relaxed feel. Pair it with your favourite jeans, shorts, or even leggings for a versatile everyday outfit. Please refer to the size chart before placing your order to ensure the best fit.",In stock,,https://www.amazon.in/dp/B0H4CW6Z7J,2026-06-25T04:48:02.780103+00:00
Amazon India,OOMPH! Women Striped Shirt with Bow Print | Relaxed Fit | Trendy Printed Westernwear | Casual Smart Shirts,https://m.media-amazon.com/images/I/610WBLiLAkL._AC_UL320_.jpg,OOMPH!,Clothing & Accessories,Button-Down Shirts,599,1999,70.04,4.9,17,"S, M, L, XL, 2XL",Brown,Relaxed Fit,Polyester,Cuff Sleeve,Striped,"Bring a fresh and feminine vibe to your wardrobe with this striped shirt enhanced with playful bow prints. Crafted for everyday comfort, this shirt features a classic spread collar, button-down front, and a flattering silhouette. The combination of timeless stripes and trendy graphic elements makes it a versatile pick for both casual and semi-formal styling. Pair it with trousers for a polished look or denim for a relaxed outfit.",In stock,,https://www.amazon.in/dp/B0GWHPV2C8,2026-06-25T04:48:02.780103+00:00
Amazon India,GRECIILOOKS Women`s Oversized Fit Crop Top Shirt | Comfortable Rich Korean Button Down | Comfortable Rich Korean Button Down | Workwear Top for Office & Casual Outfit,https://m.media-amazon.com/images/I/51LebZRN86L._AC_UL320_.jpg,GRECIILOOKS,Clothing & Accessories,Button-Down Shirts,429,1999,78.54,4,1.2,"S, M, L, XL, 2XL, 3XL",Cream,Regular Fit,Rayon,Long Sleeve,Solid,"Introducing the GRECIILOOKS Women's Oversized Solid Formal Shirt, the ultimate summer wardrobe essential. Crafted from comfortable Poly Viscose fabric, this shirt offers versatility for any occasion. Whether it's Western wear, office attire, or a casual day out, this shirt fits the bill. Its lightweight and breathable material make it perfect for summer, while the Korean-inspired baggy style adds a trendy flair. Pair it with jeans, shorts, or jeggings for a fashion-forward look. Elevate your summer wardrobe with this stylish western oversized shirt, recommended in size large for a comfortable fit. Experience effortless style and comfort with the Greciilooks Women's Oversized Solid Formal Shirt.",In stock,,https://www.amazon.in/dp/B0F8VZPX3L,2026-06-25T04:48:02.780103+00:00
Amazon India,"PINACOLADA Women's Oversized Shirt, Spread Collar, Long Button-Cuff Sleeves, Button Closure, Checks Jacquard Woven Shirt for Casual, Coffee Brown",https://m.media-amazon.com/images/I/51e8i4ra7YL._AC_UL320_.jpg,PINACOLADA,Clothing & Accessories,Button-Down Shirts,674,1499,55.04,3.5,3,XL,Brown,Regular Fit,Cotton,Long Sleeve,,PINACOLADA | Save 2% 2% off coupon appliedSave 2% with coupon (limited sizes/colours) | Save 2% 2% off coupon applied | Save 2% | 2% off coupon applied | Save 2% with coupon (limited sizes/colours) | Save 2% | with coupon (limited sizes/colours),In stock,,https://www.amazon.in/dp/B0GL91MVH2,2026-06-25T04:48:02.780103+00:00
Amazon India,"Gufrina Women’s Casual Button-Down Shirt with Multicolor Floral Print & Half Sleeves, Collar Neck (TOP-124)",https://m.media-amazon.com/images/I/71QV+mWF4+L._AC_UL320_.jpg,Gufrina,Clothing & Accessories,Button-Down Shirts,419,1.4,.,3.8,45,"XL, S, M, L, 2XL",Purple,Regular Fit,Rayon Blend,Raglan Sleeve,Floral,Gufrina,In stock,,https://www.amazon.in/dp/B0FN7K4MHR,2026-06-25T04:48:02.780103+00:00
Amazon India,NAINVISH Women’s Printed Shirt – Stylish Casual Full Sleeve Button Down Soft Fabric Trendy Fashion Shirt for Girl,https://m.media-amazon.com/images/I/61AyeE7PuFL._AC_UL320_.jpg,NAINVISH,Clothing & Accessories,Button-Down Shirts,499,1499,66.71,3.5,7,"S, M, L, XL, 2XL",Pink,Regular Fit,Polyester,Raglan Sleeve,Geometric,"Upgrade your everyday style with the NAINVISH Printed Long Sleeve Shirt, designed to bring sophistication and comfort together in one beautiful piece. This premium top features a modern blend of geometric shapes and delicate floral art, creating a standout look suitable for both professional and casual settings. The smooth button-down front and classic collar offer a refined silhouette, while the soft breathable fabric keeps you comfortable throughout the day. Whether you're heading to the office, meeting friends, or elevating your daily style, this shirt delivers effortless elegance. Key Highlights: Bring a touch of confidence and charm to your wardrobe with the NAINVISH signature style.",In stock,,https://www.amazon.in/dp/B0G39JDZ71,2026-06-25T04:48:02.780103+00:00
Amazon India,U.S. Polo Assn. Women Shirt,https://m.media-amazon.com/images/I/61CI8W08WTL._AC_UL320_.jpg,U.S. POLO ASSN.,Clothing & Accessories,Shirts,1429,2199,35.02,3.6,12,"M, XS, L, XL",Light Grey,Regular Fit,Polyester,Long Sleeve,Solid,"This long-sleeve shirt is accented with a mandarin collar, straight hemline and solid pattern.",In stock,,https://www.amazon.in/dp/B0CTZWXM2C,2026-06-25T04:48:02.780103+00:00
Amazon India,G Gradual Women's Comfort Spread Collar Stylish Western Solid Saini Satin Silk Straight fit Casual Shirt,https://m.media-amazon.com/images/I/61P54F1djvL._AC_UL320_.jpg,G Gradual,Clothing & Accessories,Button-Down Shirts,399,2499,84.03,3.1,219,"S, M, L, XL, 2XL",LIGHT BLUE,Straight,Silk Blend,Long Sleeve,Solid,G Gradual,In stock,,https://www.amazon.in/dp/B0F4MWVTK2,2026-06-25T04:48:02.780103+00:00
Amazon India,Style Quotient Women Olive Satin Regular Formal Shirt,https://m.media-amazon.com/images/I/61uvbS5j1qL._AC_UL320_.jpg,Style Quotient,Clothing & Accessories,Button-Down Shirts,549,1299,57.74,4,149,"S, M, L, XL",BROWN BRN,Regular Fit,Polyester,Long Sleeve,Solid,"This shirt features a classic spread collar and button placket adding a touch of refinement to your ensemble. The satin finish adds a subtle look, lending a unique charm to this timeless piece. The regular long sleeves are complemented by cuffs, exuding a polished and professional look.",In stock,,https://www.amazon.in/dp/B0CNTLL2N8,2026-06-25T04:48:02.780103+00:00
Amazon India,OOMPH! Women Striped Shirt with Bow Print | Relaxed Fit | Trendy Printed Westernwear | Casual Smart Shirts,https://m.media-amazon.com/images/I/61VAdgskIYL._AC_UL320_.jpg,OOMPH!,Clothing & Accessories,Button-Down Shirts,599,1999,70.04,4.9,17,"S, M, L, XL, 2XL",Black,Relaxed Fit,Polyester,Cuff Sleeve,Striped,"Bring a fresh and feminine vibe to your wardrobe with this striped shirt enhanced with playful bow prints. Crafted for everyday comfort, this shirt features a classic spread collar, button-down front, and a flattering silhouette. The combination of timeless stripes and trendy graphic elements makes it a versatile pick for both casual and semi-formal styling. Pair it with trousers for a polished look or denim for a relaxed outfit.",In stock,,https://www.amazon.in/dp/B0GWHM61QN,2026-06-25T04:48:02.780103+00:00
Amazon India,Women’s Formal Shirt with 3/4 Sleeves for Office Wear | Button Down Collared Work Shirt | Regular Fit Ladies Business Formal Shirt,https://m.media-amazon.com/images/I/51Mbuz1z9aL._AC_UL320_.jpg,Rangkathaa,Clothing & Accessories,Button-Down Shirts,499,1799,72.26,3.9,9,"XS, S, M, L, XL",Maroon,Regular Fit,Polycotton,3/4 Sleeve,Solid,Rangkathaa,In stock,,https://www.amazon.in/dp/B0GS69PHSD,2026-06-25T04:48:02.780103+00:00
Amazon India,Women's Linen Blend Shirt | Casual Collared Button Down Shirt for Women | Solid Color Full Sleeve Oversized Fit | Summer Casual & Office Wear Top,https://m.media-amazon.com/images/I/51p-h306ReL._AC_UL320_.jpg,ANNA MONNA,Clothing & Accessories,Button-Down Shirts,749,2499,70.03,3.9,52,"S, M, L, XL, 2XL, 3XL, 4XL, 5XL",Pastel Yellow,"Oversized Fit, Relaxed Fit",Linen Blend,Long Sleeve,Solid,"Elevate your wardrobe with this sophisticated Linen Blend Shirt Designed for the Modern Woman. The Classic Collared Neckline and Full-Length Sleeves Create a Polished Silhouette that Transitions Seamlessly from Office Meetings to Casual Outings. Crafted with a Oversized Fit that ensures Comfort without compromising style, this Versatile Top Fatures a Practical Button-Down Front for Easy Wear. The Lightweight Fabric Composition Makes it an Ideal Choice for Summer Wardrobes, Offering Breathability While Maintaining a Crisp, Professional Appearance. The solid colour design adds versatility, allowing for endless styling possibilities with your existing wardrobe pieces. Perfect for daily wear, this shirt pairs beautifully with formal trousers for a business-ready look or can be styled casually with your favourite denims. The thoughtful design incorporates quality stitching and finishing touches that speak to its durability and timeless appeal.",In stock,,https://www.amazon.in/dp/B0FHHPMTMY,2026-06-25T04:48:02.780103+00:00
Amazon India,Woman's Polyester Shirt with Full Sleeves Regular Fit Collared Neck Solid Pattern and Standard Length | Womans Shirt for Casual,https://m.media-amazon.com/images/I/61XB3KjEQPL._AC_UL320_.jpg,Classy Fashion,Clothing & Accessories,Button-Down Shirts,548,1199,54.3,4.3,23,"S, M, L, XL",White,Regular Fit,Polyester,Long Sleeve,Solid,"Refresh your wardrobe with this elegant ruched front fitted shirt. Designed with a stylish gathered detail at the center, this shirt enhances the overall look while maintaining a neat and modern appearance. Made from soft, breathable fabric, it is suitable for office wear, meetings, and smart casual occasions. Product Highlights: Front gathered detailing for a refined waist look Fitted silhouette for a polished appearance Collared neckline with button-front closure Full sleeves with cuff finish Smooth solid finish suitable for formal and semi-formal use Size & Fit Guide (In Inches): Chest: S-36 | M-38 | L-40 | XL-42 Waist: S-32 | M-34 | L-36 | XL-38 Length: S-25 | M-25 | L-25.5 | XL-25.5 Sleeve Length: S-22 | M-22 | L-22 | XL-22 Product Details: Fabric: Lightweight Synthetic Blend Sleeve Type: Full Sleeves Pattern: Solid with gathered front detail Closure Type: Button Front Ideal For: Office wear, formal meetings, casual outings",In stock,,https://www.amazon.in/dp/B0GBWN6RHY,2026-06-25T04:48:02.780103+00:00
Amazon India,FUNKY RICH Women's Satin Formal Shirt with Full Sleeves Spread Collar Regular Fit Solid Pattern and Standard Length | Shirt for Woman Casual | Formal Shirt for Women,https://m.media-amazon.com/images/I/7160qA4YOVL._AC_UL320_.jpg,FUNKY RICH,Clothing & Accessories,Button-Down Shirts,399,999,60.06,5,2,"S, M, L, XL, 2XL",Sky Blue,Regular Fit,Satin,Long Sleeve,Solid,FUNKY RICH,In stock,,https://www.amazon.in/dp/B0H2N137CS,2026-06-25T04:48:02.780103+00:00
Amazon India,Cotton Sateen Regular fit Shirt,https://m.media-amazon.com/images/I/61gPpJsYT1L._AC_UL320_.jpg,U.S. POLO ASSN.,Clothing & Accessories,Tournament Blouses,1359,1999,32.02,4.6,17,"XS, S, M, L, XL, 2XL",White with Red logo,Regular Fit,Cotton,Long Sleeve,Solid,"Earthy browns, soft pinks, and golden huesstyles that bring effortless elegance with a modern edge. A smart blend of form and function, created for consistent performance and modern appeal. An effortless addition to your daily wardrobe, designed to move with you.",In stock,Cocoblu Retail,https://www.amazon.in/dp/B0FJLQL2NP,2026-06-25T04:48:02.780103+00:00
Amazon India,Aahwan Solid Front Stylish Gathered Detail Short Sleeves Casual Shirt for Women' & Girl's,https://m.media-amazon.com/images/I/61m2gzoUAWL._AC_UL320_.jpg,Aahwan,Clothing & Accessories,Button-Down Shirts,569,1999,71.54,5,,"XS, S, M, L",Red,Regular Fit,Polyester,Regular Sleeve,Solid,"Women’s Solid Shirts, thoughtfully designed to offer a perfect combination of comfort, elegance, and versatility. Solid shirts are timeless essentials that never go out of style, making them a must-have for women who prefer clean, minimal, and sophisticated fashion. Whether you are dressing for office wear, casual outings, college, travel, or daily wear, these solid shirts effortlessly adapt to every occasion.",In stock,,https://www.amazon.in/dp/B0GXNVYQSR,2026-06-25T04:48:02.780103+00:00
Amazon India,Amazon Brand - Symbol Women's Cotton Button Down Shirt (Regular Fit | Half Sleeve) (Available in Plus Sizes),https://m.media-amazon.com/images/I/71yDKRv5-rL._AC_UL320_.jpg,Amazon Brand - Symbol,Clothing & Accessories,Button-Down Shirts,599,1499,60.04,5,2,"XS, S, M, L, XL, 2XL, 3XL, 4XL",Dark Pink,Regular Fit,Cotton,Half Sleeve,Solid,"Symbol is the perfect combination of flexibility, style and comfort, with a collection of stretchable denims that fit you and your fast-paced lifestyle! Denims so comfortable & stretchable - they move with you, all day, everyday.",In stock,,https://www.amazon.in/dp/B0GGYNVT82,2026-06-25T04:48:02.780103+00:00
Amazon India,ANNI Designer Women's Tunics Tops Rayon Viscose Printed Short Shirt for Women | Regular | Formal |Party Western Stylish| Trendy |Fancy Shirts for Women | Casual |Printed Shirt.,https://m.media-amazon.com/images/I/511SbGXNWCL._AC_UL320_.jpg,ANNI DESIGNER,Clothing & Accessories,Button-Down Shirts,349,2599,86.57,3.4,60,"XL, S, M, L, 2XL, 3XL, 4XL, 5XL",White,Regular Fit,Rayon,3/4 Sleeve,Printed,ANNI DESIGNER Shirt for Women's | Women Shirt | Shirt Tops for Women | Regular Fit Shirt|Formal Shirts for Women|Party Western Shirts for Women Stylish|Fancy Shirts for Women|Printed Shirts.,In stock,,https://www.amazon.in/dp/B0DYP78KKG,2026-06-25T04:48:02.780103+00:00
Amazon India,U.S. Polo ASSN. Women Polo Shirt,https://m.media-amazon.com/images/I/61dk6KbZ0PL._AC_UL320_.jpg,U.S. POLO ASSN.,Clothing & Accessories,Polos,1188,1799,33.96,4.3,64,"XS, S, M, L, XL, 2XL",Maroon,Regular Fit,Cotton,Short Sleeve,,"The Preppy Pinnacle collection reinvents preppy fashion by fusing timeless American styles with a splash of vibrant colours and a dash of sporty flair. Elevate your casual look with this polo collar tee showcasing a logo at the chest and a short zipper placket. It features contrast collar and sleeve hems in pique knit, offering a regular fit and sleek, modern appeal.",In stock,,https://www.amazon.in/dp/B0DBVHZ2QT,2026-06-25T04:48:02.780103+00:00
Amazon India,Women’s Floral Print Sheer Button-Down Shirt | Lightweight Long Sleeve Collared Shirts | Casual Elegant Shirt for Summer & Spring,https://m.media-amazon.com/images/I/61cbHXr+psL._AC_UL320_.jpg,FERY LONDON,Clothing & Accessories,Button-Down Shirts,499,1999,75.04,3.4,52,"S, M, L, XL",COFFEE,Regular Fit,Polyester,3/4 Sleeve,Floral,FERY LONDON,In stock,,https://www.amazon.in/dp/B0G4JT26RJ,2026-06-25T04:48:02.780103+00:00
Amazon India,Moirai Hemline Shirt for Women Solid Viscose Rayon Oversized Western Long Top Casual Wear Office Formal Shirt,https://m.media-amazon.com/images/I/41SM+7qsbKL._AC_UL320_.jpg,Moirai,Clothing & Accessories,Button-Down Shirts,469,1499,68.71,3.6,59,"M, L, XL, 2XL, 3XL",Maroon,Regular,Rayon,3/4 Sleeve,Solid,Moirai | Save 3% 3% off coupon appliedSave 3% with coupon (limited sizes/colours) | Save 3% 3% off coupon applied | Save 3% | 3% off coupon applied | Save 3% with coupon (limited sizes/colours) | Save 3% | with coupon (limited sizes/colours),In stock,,https://www.amazon.in/dp/B0GCJ3X7ZJ,2026-06-25T04:48:02.780103+00:00
Amazon India,Women Long Shirt Soft Viscose Rayon Stylish Hemline Solid Casual Top Western Tunic Shirt Office Formal Wear,https://m.media-amazon.com/images/I/51zLq0HM+KL._AC_UL320_.jpg,MIRHANIKA,Clothing & Accessories,Button-Down Shirts,499,1499,66.71,3.5,36,"M, L, XL, 2XL, 3XL",Navy Blue,Regular,Rayon,3/4 Sleeve,Solid,MIRHANIKA | Save 5% 5% off coupon appliedSave 5% with coupon (limited sizes/colours) | Save 5% 5% off coupon applied | Save 5% | 5% off coupon applied | Save 5% with coupon (limited sizes/colours) | Save 5% | with coupon (limited sizes/colours),In stock,,https://www.amazon.in/dp/B0GCSR7MPN,2026-06-25T04:48:02.780103+00:00
Amazon India,Gufrina Women's Rayon Shirt with Half Sleeves Spread Collar Neck Floral Printed Relaxed Fit Button Down and Standard Length,https://m.media-amazon.com/images/I/61tgVWMXFRL._AC_UL320_.jpg,Gufrina,Clothing & Accessories,Button-Down Shirts,399,1199,66.72,4.1,5,"XL, S, M, L, 2XL",White,Relaxed Fit,Rayon,Half Sleeve,Floral,Gufrina,In stock,,https://www.amazon.in/dp/B0DXPW6SWZ,2026-06-25T04:48:02.780103+00:00
Amazon India,U.S. POLO ASSN. Women Regular Fit Cotton Polo Shirt (UWAW24PTS152_Green_M),https://m.media-amazon.com/images/I/71mZ+rJeECL._AC_UL320_.jpg,U.S. POLO ASSN.,Clothing & Accessories,Polos,896,1299,31.02,4.6,5,TRUE,Parrot Green,Regular Fit,Cotton,Short Sleeve,Solid,"U.S. POLO ASSN. | Save 10% | when you buy | ₹5,000 | of select items",In stock,,https://www.amazon.in/dp/B0DBVJCHT6,2026-06-25T04:48:02.780103+00:00
Amazon India,U.S. POLO ASSN. Women Cotton Solid Slim Polo Shirt (UWAW23TSH043_Green_L),https://m.media-amazon.com/images/I/71xZViTTilL._AC_UL320_.jpg,U.S. POLO ASSN.,Clothing & Accessories,Polos,922,1299,29.02,4,18,Positive,Black 2,Slim Fit,Cotton,Short Sleeve,Solid,U.S. POLO ASSN.,In stock,,https://www.amazon.in/dp/B0CSY7FQ6M,2026-06-25T04:48:02.780103+00:00
Amazon India,"Gufrina Women’s Casual Button-Down Shirt with Multicolor Floral Print & Half Sleeves, Collar Neck",https://m.media-amazon.com/images/I/717IlFqT4HL._AC_UL320_.jpg,Gufrina,Clothing & Accessories,Button-Down Shirts,419,1399,70.05,3.8,189,"S, M, L, XL, 2XL, 3XL, 4XL",Sky Blue,Regular Fit,Polyester,Raglan Sleeve,Floral,Gufrina,In stock,,https://www.amazon.in/dp/B0FGQCSG87,2026-06-25T04:48:02.780103+00:00
Amazon India,GRECIILOOKS Women`s Oversized Fit Crop Top Shirt | Comfortable Rich Korean Button Down | Comfortable Rich Korean Button Down | Workwear Top for Office & Casual Outfit,https://m.media-amazon.com/images/I/51LebZRN86L._AC_UL320_.jpg,GRECIILOOKS,Clothing & Accessories,Button-Down Shirts,429,1999,78.54,4,1.2,"S, M, L, XL, 2XL, 3XL",Cream,Regular Fit,Rayon,Long Sleeve,Solid,"Introducing the GRECIILOOKS Women's Oversized Solid Formal Shirt, the ultimate summer wardrobe essential. Crafted from comfortable Poly Viscose fabric, this shirt offers versatility for any occasion. Whether it's Western wear, office attire, or a casual day out, this shirt fits the bill. Its lightweight and breathable material make it perfect for summer, while the Korean-inspired baggy style adds a trendy flair. Pair it with jeans, shorts, or jeggings for a fashion-forward look. Elevate your summer wardrobe with this stylish western oversized shirt, recommended in size large for a comfortable fit. Experience effortless style and comfort with the Greciilooks Women's Oversized Solid Formal Shirt.",In stock,,https://www.amazon.in/dp/B0F8W3KLWR,2026-06-25T04:48:02.780103+00:00
Amazon India,"Women Top||Vintamour Vintage Elegant Women's Blouse with Ruffle Collar, Bowknot Cuff, and Gathered Details, Long Sleeve Casual Work Shirt Fall Women (S-07-10)",https://m.media-amazon.com/images/I/610uQZUzQXL._AC_UL320_.jpg,Zurity,Clothing & Accessories,Button-Down Shirts,448,4999,91.04,3.7,39,"S, M, L, XL, 2XL",White,Regular Fit,Rayon,Balloon Sleeve,Solid,Shirt for Women | Womens Shirt | Ladies Shirt | Formal Shirt for Women | Casual Shirt for Women | Office Wear Shirt for Women | Stylish Shirt for Women,In stock,,https://www.amazon.in/dp/B0GF2WVCDX,2026-06-25T04:48:02.780103+00:00
Amazon India,Women's Cotton Striped Shirt | Casual Button Down Shirts for Women | Full Sleeve Stylish Office Wear Top | Regular Fit Color,https://m.media-amazon.com/images/I/71vTOaIEpQL._AC_UL320_.jpg,MODIVAA,Clothing & Accessories,Button-Down Shirts,545,2199,75.22,3.6,13,"S, M, L, XL",Pink,Relaxed Fit,Cotton,Roll-up Sleeves,Vertical Stripes,MODIVAA,In stock,,https://www.amazon.in/dp/B0GWLTJPVH,2026-06-25T04:48:02.780103+00:00
Amazon India,"Leriya Fashion Shirts for Women | Oversized Shirt for Women – Printed Rayon Western Shirt for Woman, Loose Fit Long Shirts Top for Woman Casual Wear, Full Sleeve",https://m.media-amazon.com/images/I/71TZXibTWZL._AC_UL320_.jpg,Leriya Fashion,Clothing & Accessories,Button-Down Shirts,499,1999,75.04,3.8,26,"S, M, L, XL, 2XL, 3XL",Blue,Oversized,Rayon,Long Sleeve,Animal Print,Leriya Fashion,In stock,,https://www.amazon.in/dp/B0GT44L51R,2026-06-25T04:48:02.780103+00:00
Amazon India,CB-COLEBROOK Oversized Textured Beach Summer Shirt for Women | Shirt for Women Stylish Western | Women Long Shirt Top | Women Casual Shirt,https://m.media-amazon.com/images/I/71Qad71F93L._AC_UL320_.jpg,CB-COLEBROOK,Clothing & Accessories,Button-Down Shirts,498,2195,77.31,3.7,177,"S, M, L, XL, 2XL",NAVY BLUE,Regular Fit,Linen Blend,Long Sleeve,Textured,CB-COLEBROOK,In stock,,https://www.amazon.in/dp/B0DCBYD5CR,2026-06-25T04:48:02.780103+00:00
Amazon India,Slenor Shirt Collar Tops Short Sleeves Crop Shirt Style Top for Womens and Girls,https://m.media-amazon.com/images/I/41rmmua0LFL._AC_UL320_.jpg,Slenor,Clothing & Accessories,Blouses,394,1299,69.67,5,1,"XL, XS, S, M, L",Brown,Regular Fit,Polyester,Short Sleeve,Solid,"Step up your everyday style with this trendy shirt-style crop top from Slenor. Designed with a classic shirt collar and short sleeves, this top blends timeless charm with a modern twist. The crop length adds a fashionable edge, making it perfect for pairing with high-waisted jeans, skirts, or shorts.Crafted from premium-quality fabric, it offers a comfortable fit and a sleek look that’s ideal for casual outings, brunches, or even laid-back office days. Whether you want to keep it simple or layer it with a jacket, this versatile top is a must-have addition to your wardrobe.",In stock,,https://www.amazon.in/dp/B0G1TLSR6Q,2026-06-25T04:48:02.780103+00:00
Amazon India,"Vogaan Denim Women Shirt Classic Indigo Button-Down Shirt with Minimal Bow Detail, Relaxed Fit for Everyday Casual Elegance and Timeless Style Demin Top",https://m.media-amazon.com/images/I/61NLLbpbtaL._AC_UL320_.jpg,Vogaan,Clothing & Accessories,Button-Down Shirts,639,1299,50.81,5,12,"S, M, L, XL, 2XL, 3XL",SKY-BLUE,Regular Fit,Denim,Puff Sleeve,Solid,"Stylish denim shirt with puff sleeves, button-down front, chest pocket, and a relaxed fit. Perfect for everyday casual wear, office looks, and weekend outings.",In stock,,https://www.amazon.in/dp/B0H3Q81WP4,2026-06-25T04:48:02.780103+00:00
Amazon India,EthnicJunction Women's Cotton Blend Bandhani Print and Embroidered Relex fit Pocket Boxy Shirt Style Top,https://m.media-amazon.com/images/I/81UTE129pWL._AC_UL320_.jpg,EthnicJunction,Clothing & Accessories,Button-Down Shirts,529,1997,73.51,3.8,24,"S, M, L, XL, 2XL",Green,Regular Fit,Cotton Blend,Short Sleeve,Bandhani print,EthnicJunction | Save 3% 3% off coupon appliedSave 3% with coupon (limited sizes/colours) | Save 3% 3% off coupon applied | Save 3% | 3% off coupon applied | Save 3% with coupon (limited sizes/colours) | Save 3% | with coupon (limited sizes/colours),In stock,,https://www.amazon.in/dp/B0FSLMRR1T,2026-06-25T04:48:02.780103+00:00
Amazon India,Women Long Shirt Soft Viscose Rayon Stylish Hemline Solid Casual Top Western Tunic Shirt Office Formal Wear,https://m.media-amazon.com/images/I/513UruU1dLL._AC_UL320_.jpg,MIRHANIKA,Clothing & Accessories,Button-Down Shirts,474,1499,68.38,3.5,36,"M, L, XL, 2XL, 3XL",Pista Green,Regular,Rayon,3/4 Sleeve,Solid,MIRHANIKA | Save 5% 5% off coupon appliedSave 5% with coupon (limited sizes/colours) | Save 5% 5% off coupon applied | Save 5% | 5% off coupon applied | Save 5% with coupon (limited sizes/colours) | Save 5% | with coupon (limited sizes/colours),In stock,,https://www.amazon.in/dp/B0GCSRGCKK,2026-06-25T04:48:02.780103+00:00
Amazon India,Moirai Hemline Shirt for Women Solid Viscose Rayon Oversized Western Long Top Casual Wear Office Formal Shirt,https://m.media-amazon.com/images/I/41L7QIRnZJL._AC_UL320_.jpg,Moirai,Clothing & Accessories,Button-Down Shirts,469,1499,68.71,3.6,59,"M, L, XL, 2XL, 3XL",Dark Brown,Regular,Rayon,3/4 Sleeve,Solid,Moirai | Save 3% 3% off coupon appliedSave 3% with coupon (limited sizes/colours) | Save 3% 3% off coupon applied | Save 3% | 3% off coupon applied | Save 3% with coupon (limited sizes/colours) | Save 3% | with coupon (limited sizes/colours),In stock,,https://www.amazon.in/dp/B0GCJ4QC26,2026-06-25T04:48:02.780103+00:00
Amazon India,Gufrina top for Women Stylish Western|Shirt Type top|Half Sleeve|Fabric Rayon| Collar Neck | Floral Print Button Front Blouse|Casual Regular fit,https://m.media-amazon.com/images/I/71dVNeHFPeL._AC_UL320_.jpg,Gufrina,Clothing & Accessories,Blouses,399,1099,63.69,3.7,124,"L, S, M, XL, 2XL",Red,Regular Fit,Rayon,Short Sleeve,Floral,Gufrina,In stock,,https://www.amazon.in/dp/B0DHLGPK1H,2026-06-25T04:48:02.780103+00:00
Amazon India,Aahwan Solid Front Stylish Gathered Detail Full Sleeves Casual Shirt for Women' & Girl's,https://m.media-amazon.com/images/I/6172PfBgujL._AC_UL320_.jpg,Aahwan,Clothing & Accessories,Button-Down Shirts,598,1999,70.09,2.9,8,"S, M, L, XL",White,Slim Fit,Polyester,Long Sleeve,Solid,"Women’s Solid Shirts, thoughtfully designed to offer a perfect combination of comfort, elegance, and versatility. Solid shirts are timeless essentials that never go out of style, making them a must-have for women who prefer clean, minimal, and sophisticated fashion. Whether you are dressing for office wear, casual outings, college, travel, or daily wear, these solid shirts effortlessly adapt to every occasion.",In stock,,https://www.amazon.in/dp/B0GQMT1ZZ3,2026-06-25T04:48:02.780103+00:00
Amazon India,Women's Denim Shirt for Women | Casual Full Sleeve Button Down Shirts | Soft Washed Denim Top | Regular Fit Shirt for Girls & Women,https://m.media-amazon.com/images/I/61qB0pSaEZL._AC_UL320_.jpg,Generic,Clothing & Accessories,Button-Down Shirts,399,1499,73.38,5,,"S, M, L, XL, 2XL, 3XL, 4XL, 5XL",Black,Regular Fit,Polycotton,Long Sleeve,Solid,"Upgrade your wardrobe with the ROLVIK Women's Denim Shirt. Crafted from soft washed denim fabric, this stylish button-down shirt offers comfort and a timeless casual look. Featuring a classic collar, full sleeves, and regular fit design, it can be paired effortlessly with jeans, trousers, or skirts. Whether you're heading to work, college, or a casual outing, this versatile denim shirt is designed to keep you looking",In stock,,https://www.amazon.in/dp/B0H4HGKMLV,2026-06-25T04:48:02.780103+00:00
Amazon India,"Women Shirt || Women Top ||Floral Print Polo Collar Shirt, Casual Long Sleeve (S-26-28)",https://m.media-amazon.com/images/I/51F9C0ULC9L._AC_UL320_.jpg,Zurity,Clothing & Accessories,Button-Down Shirts,489,4999,90.22,3.8,15,"S, M, L, XL, 2XL",Yellow,Regular Fit,Tebi,Balloon Sleeve,Floral,Shirt for Women | Womens Shirt | Ladies Shirt | Formal Shirt for Women | Casual Shirt for Women | Office Wear Shirt for Women | Stylish Shirt for Women,In stock,,https://www.amazon.in/dp/B0GF2RJQJR,2026-06-25T04:48:02.780103+00:00
Amazon India,ROYALICA Women and Girls Fancy Women Regular Fit Formal Shirt/Shirts for Women Stylish Western.,https://m.media-amazon.com/images/I/81EzPDrAFfL._AC_UL320_.jpg,ROYALICA,Clothing & Accessories,Button-Down Shirts,299,1999,85.04,3.7,71,"XS, S, M, L, XL, 2XL",white,Loose Fit,Polycotton,Long Sleeve,Solid,ROYALICA,In stock,,https://www.amazon.in/dp/B0DXPFH62P,2026-06-25T04:48:02.780103+00:00
Amazon India,Amazon Brand - INKAST Women Button Down Shirt,https://m.media-amazon.com/images/I/61zGY+aNlEL._AC_UL320_.jpg,Amazon Brand - INKAST,Clothing & Accessories,Button-Down Shirts,389,1599,75.67,5,,"2XL, S, M, L, XL",Brown,Regular Fit,Polyester,Cuff Sleeve,Solid,"Elevate your everyday wardrobe with this timeless dark brown button-down shirt. Crafted from a smooth, lightweight fabric, it offers a polished look with all-day comfort. The clean silhouette, pointed collar, and full-length sleeves make it a versatile essential that transitions effortlessly from work to casual outings.",In stock,,https://www.amazon.in/dp/B0G2BKKGLF,2026-06-25T04:48:02.780103+00:00
Amazon India,"Tiptop Trends Women’s Shirt | Casual Formal Stylish Top for Office, College & Daily Use | White",https://m.media-amazon.com/images/I/51Un-M7wJ2L._AC_UL320_.jpg,Generic,Clothing & Accessories,Button-Down Shirts,469,999,53.05,3.5,3,"3XL, S, M, L, XL, 2XL, 4XL, 5XL",White,Regular Fit,Cotton,Long Sleeve,Zebra Print,"women’s white zebra print shirt made from pure cotton fabric. This casual cotton shirt for women offers breathable comfort and a trendy print design, perfect for daily wear, office wear, or casual outings. The regular fit and button-down front add a touch of class and ease, while the collar neck enhances the stylish look. Ideal for all seasons, this plus size cotton shirt is easy to wash, wrinkle-free, and suitable for summer fashion.Whether you’re pairing it with jeans, trousers, or skirts, this stylish women’s shirt gives a chic and modern appeal. It’s a fashion-forward western wear option for oversize women, college girls, working women, or anyone looking for trendy cotton tops. Stay cool and confident with this premium cotton zebra print shirt – a must-have for your casual wear collection. Perfectly crafted for plus size, oversized women.",In stock,,https://www.amazon.in/dp/B0FPXF2CG3,2026-06-25T04:48:02.780103+00:00
Amazon India,IndoPrimo Women's Solid Satin Casual Shirt | Stylish Western Long Sleeve Shirt for Women,https://m.media-amazon.com/images/I/71mwUDpj7SL._AC_UL320_.jpg,IndoPrimo,Clothing & Accessories,Button-Down Shirts,499,1999,75.04,4,62,"S, M, L, XL",Red,Regular Fit,Polycotton,Long Sleeve,Solid,IndoPrimo,In stock,,https://www.amazon.in/dp/B0FFMD7TLD,2026-06-25T04:48:02.780103+00:00
Amazon India,Women Long Shirt Soft Viscose Rayon Stylish Hemline Solid Casual Top Western Tunic Shirt Office Formal Wear,https://m.media-amazon.com/images/I/51sGIhkWLXL._AC_UL320_.jpg,MIRHANIKA,Clothing & Accessories,Button-Down Shirts,474,1499,68.38,3.5,36,"M, L, XL, 2XL, 3XL",Yellow,Regular,Rayon,3/4 Sleeve,Solid,MIRHANIKA | Save 5% 5% off coupon appliedSave 5% with coupon (limited sizes/colours) | Save 5% 5% off coupon applied | Save 5% | 5% off coupon applied | Save 5% with coupon (limited sizes/colours) | Save 5% | with coupon (limited sizes/colours) | Only 1 left in stock. | Only 1 left in stock.,In stock,,https://www.amazon.in/dp/B0GCSR9ZRC,2026-06-25T04:48:02.780103+00:00
Amazon India,Style Quotient Women Black Cotton Blend Formal Long Sleeve Shirt,https://m.media-amazon.com/images/I/41uomILmyVL._AC_UL320_.jpg,Style Quotient,Clothing & Accessories,Button-Down Shirts,539,1399,61.47,3.8,56,"S, M, L, XL",Blue,Regular Fit,Cotton,Long Sleeve,Solid,"This shirt features a spread collar that frames your face beautifully, while the button-down concealed placket adds a touch of sophistication to your outfit. The long button cuff sleeves offer a classic and polished look, while the round hem provides a modern and feminine touch.",In stock,,https://www.amazon.in/dp/B0CC98Q4TW,2026-06-25T04:48:02.780103+00:00
Amazon India,Moirai Hemline Shirt for Women Solid Viscose Rayon Oversized Western Long Top Casual Wear Office Formal Shirt,https://m.media-amazon.com/images/I/41T3BYHSSGL._AC_UL320_.jpg,Moirai,Clothing & Accessories,Button-Down Shirts,469,1499,68.71,3.6,59,"M, L, XL, 2XL, 3XL",White,Regular,Rayon,3/4 Sleeve,Solid,Moirai | Save 3% 3% off coupon appliedSave 3% with coupon (limited sizes/colours) | Save 3% 3% off coupon applied | Save 3% | 3% off coupon applied | Save 3% with coupon (limited sizes/colours) | Save 3% | with coupon (limited sizes/colours),In stock,,https://www.amazon.in/dp/B0GCJWQZC4,2026-06-25T04:48:02.780103+00:00
Amazon India,Hemline Solid Shirt for Women Collared Neck Rayon Formal Office Wear Long Shirt Relaxed Fit Casual Girls Top,https://m.media-amazon.com/images/I/51ohUOUsbLL._AC_UL320_.jpg,MIRHANIKA,Clothing & Accessories,Button-Down Shirts,474,1499,68.38,4.5,4,"M, L, XL, 2XL",Brown,Relaxed,Rayon,3/4 Sleeve,Solid,MIRHANIKA,In stock,,https://www.amazon.in/dp/B0GJKBK165,2026-06-25T04:48:02.780103+00:00
Amazon India,GRECIILOOKS Women`s Oversized Fit Crop Top Shirt | Comfortable Rich Korean Button Down | Comfortable Rich Korean Button Down | Workwear Top for Office & Casual Outfit,https://m.media-amazon.com/images/I/51LebZRN86L._AC_UL320_.jpg,GRECIILOOKS,Clothing & Accessories,Button-Down Shirts,429,1999,78.54,4,1.2,"S, M, L, XL, 2XL, 3XL",Cream,Regular Fit,Rayon,Long Sleeve,Solid,"Introducing the GRECIILOOKS Women's Oversized Solid Formal Shirt, the ultimate summer wardrobe essential. Crafted from comfortable Poly Viscose fabric, this shirt offers versatility for any occasion. Whether it's Western wear, office attire, or a casual day out, this shirt fits the bill. Its lightweight and breathable material make it perfect for summer, while the Korean-inspired baggy style adds a trendy flair. Pair it with jeans, shorts, or jeggings for a fashion-forward look. Elevate your summer wardrobe with this stylish western oversized shirt, recommended in size large for a comfortable fit. Experience effortless style and comfort with the Greciilooks Women's Oversized Solid Formal Shirt.",In stock,,https://www.amazon.in/dp/B0F8W1Y9DT,2026-06-25T04:48:02.780103+00:00
Amazon India,"Gufrina Women’s Casual Button-Down Shirt with Multicolor Floral Print & Half Sleeves, Collar Neck",https://m.media-amazon.com/images/I/71NgFbtZY4L._AC_UL320_.jpg,Gufrina,Clothing & Accessories,Button-Down Shirts,448,1399,67.98,3.8,189,"S, M, L, XL, 2XL, 3XL, 4XL",Peach,Regular Fit,Polyester,Raglan Sleeve,Floral,Gufrina | Only 1 left in stock. | Only 1 left in stock.,In stock,,https://www.amazon.in/dp/B0FGJXXQLV,2026-06-25T04:48:02.780103+00:00
