website_name,product_name,product_image,brand,category,subcategory,price,original_price,discount_percent,rating,review_count,size_options,color,fit_type,fabric,sleeve_type,pattern,description,availability,seller,product_url,scrape_date
Flipkart,FUNDAY FASHION Women Solid Casual Black Shirt,https://rukmini1.flixcart.com/image/1500/1500/xif0q/shirt/k/w/c/2xl-sys-ai-4001-190-funday-fashion-original-imaheqx5evwra7ra.jpeg?q=70,FUNDAY FASHION,Women Fashion,Shirts,350,1499,76,3.8,417,"S, M, L, XL, 2XL, 3XL",Black,Regular Fit,Viscose Rayon,,Solid,FUNDAY FASHION Women Solid Casual Black Shirt - Buy FUNDAY FASHION Women Solid Casual Black Shirt For Only Rs. 1499.0 Online in India. Shop Online For Apparels. Huge Collection of Branded Clothes Only at Flipkart.com,In Stock,SYSONLINESTORE,https://www.flipkart.com/funday-fashion-women-solid-casual-black-shirt/p/itmdb4c103a28066,2026-06-29T09:51:50.428664+00:00
Flipkart,FUNDAY FASHION Women Solid Casual Maroon Shirt,https://rukmini1.flixcart.com/image/1500/1500/xif0q/shirt/s/k/7/l-sys-ai-4001-190-funday-fashion-original-imahgazfntyemz9f.jpeg?q=70,FUNDAY FASHION,Women Fashion,Shirts,344,1499,77,3.8,417,"S, M, L, XL, 2XL, 3XL",WIne,Regular Fit,Viscose Rayon,,Solid,FUNDAY FASHION Women Solid Casual Maroon Shirt - Buy FUNDAY FASHION Women Solid Casual Maroon Shirt For Only Rs. 1499.0 Online in India. Shop Online For Apparels. Huge Collection of Branded Clothes Only at Flipkart.com,In Stock,SYSONLINESTORE,https://www.flipkart.com/funday-fashion-women-solid-casual-maroon-shirt/p/itm3042d19321f2a,2026-06-29T09:51:50.428664+00:00
Flipkart,SAARSHE Women Solid Casual Green Shirt,https://rukmini1.flixcart.com/image/1500/1500/xif0q/shirt/v/k/g/m-sh68-green-saarshe-original-imahgf9faszwm7zr.jpeg?q=70,SAARSHE,Women Fashion,Shirts,349,999,65,4.1,3594,"S, M, L, XL, XXL, 3XL",Olive Green,Boxy Fit,Pure Cotton,,Solid,SAARSHE Women Solid Casual Green Shirt - Buy SAARSHE Women Solid Casual Green Shirt For Only Rs. 999.0 Online in India. Shop Online For Apparels. Huge Collection of Branded Clothes Only at Flipkart.com,In Stock,SAARSHE,https://www.flipkart.com/saarshe-women-solid-casual-green-shirt/p/itmaffcfe5218cea,2026-06-29T09:51:50.428664+00:00
Flipkart,vairagee Women Printed Casual Blue Shirt,https://rukmini1.flixcart.com/image/1500/1500/xif0q/shirt/v/c/c/l-e1818-ekasya-original-imahkz5cgwzke83h.jpeg?q=70,vairagee,Women Fashion,Shirts,296,829,64,,,"XS, S, M, L, XL, XXL",Blue,Boxy Fit,Cotton Blend,,Printed,vairagee Women Printed Casual Blue Shirt - Buy vairagee Women Printed Casual Blue Shirt For Only Rs. 829.0 Online in India. Shop Online For Apparels. Huge Collection of Branded Clothes Only at Flipkart.com,In Stock,ViveraInternational,https://www.flipkart.com/vairagee-women-printed-casual-blue-shirt/p/itm0b71976d34ae8,2026-06-29T09:51:50.428664+00:00
Flipkart,"FebQ Women Striped Casual Pink, White Shirt",https://rukmini1.flixcart.com/image/1500/1500/xif0q/shirt/x/i/x/l-kp1075-kalphem-original-imahhyg4jxffth3t.jpeg?q=70,FebQ,Women Fashion,Shirts,360,999,63,4.1,41,"S, M, L, XL, 2XL, XXL, 3XL, 4XL, 5XL",Pink,Regular Fit,Pure Cotton,,Striped,"FebQ Women Striped Casual Pink, White Shirt - Buy FebQ Women Striped Casual Pink, White Shirt For Only Rs. 999.0 Online in India. Shop Online For Apparels. Huge Collection of Branded Clothes Only at Flipkart.com",In Stock,Shreee Ganesh Fashion,https://www.flipkart.com/febq-women-striped-casual-pink-white-shirt/p/itmdff415b3a09be,2026-06-29T09:51:50.428664+00:00
Flipkart,"Roughster Women Striped Casual White, Black Shirt",https://rukmini1.flixcart.com/image/1500/1500/xif0q/shirt/g/s/n/s-885375-roughster-original-imahnuh7mr5ksrce.jpeg?q=70,Roughster,Women Fashion,Shirts,260,699,62,,,"XS, S, M, L, XL","Black, White",Regular Fit,Cotton Blend,,Striped,"Roughster Women Striped Casual White, Black Shirt - Buy Roughster Women Striped Casual White, Black Shirt For Only Rs. 699.0 Online in India. Shop Online For Apparels. Huge Collection of Branded Clothes Only at Flipkart.com",In Stock,NISHA1992,https://www.flipkart.com/roughster-women-striped-casual-white-black-shirt/p/itmfb999dfb2e992,2026-06-29T09:51:50.428664+00:00
Flipkart,XNOCKY Women Printed Casual White Shirt,https://rukmini1.flixcart.com/image/1500/1500/xif0q/shirt/l/z/c/l-heart-short-shirt-l-xnocky-original-imahnug3v5hjwuzc.jpeg?q=70,XNOCKY,Women Fashion,Shirts,245,599,59,,,XL,White,Relaxed Fit,Lycra Blend,,Printed,XNOCKY Women Printed Casual White Shirt - Buy XNOCKY Women Printed Casual White Shirt For Only Rs. 599.0 Online in India. Shop Online For Apparels. Huge Collection of Branded Clothes Only at Flipkart.com,In Stock,GARBAN,https://www.flipkart.com/xnocky-women-printed-casual-white-shirt/p/itmf26ad511d27c0,2026-06-29T09:51:50.428664+00:00
Flipkart,"Sheetal Associates Women Striped Casual Yellow, White Shirt",https://rukmini1.flixcart.com/image/1500/1500/xif0q/shirt/x/u/r/-original-imahjytwnsge2h5x.jpeg?q=70,Sheetal Associates,Women Fashion,Shirts,273,999,72,3.6,10325,"S, M, L, XL, XXL",Yellow,Regular Fit,Polyester,,Striped,"Sheetal Associates Women Striped Casual Yellow, White Shirt - Buy Sheetal Associates Women Striped Casual Yellow, White Shirt For Only Rs. 999.0 Online in India. Shop Online For Apparels. Huge Collection of Branded Clothes Only at Flipkart.com",In Stock,SHEETALASSOCIATES,https://www.flipkart.com/sheetal-associates-women-striped-casual-yellow-white-shirt/p/itmff946874eb4f9,2026-06-29T09:51:50.428664+00:00
Flipkart,"swageshirts Women Striped Casual Blue, Pink Shirt",https://rukmini1.flixcart.com/image/1500/1500/xif0q/shirt/h/6/6/xl-combo-swageshirts-original-imahzgt6xyfgdgyh.jpeg?q=70,swageshirts,Women Fashion,Shirts,357,449,20,,,"M, L, XL, XXL","Blue, pink",Regular Fit,Cotton Blend,,Striped,"swageshirts Women Striped Casual Blue, Pink Shirt - Buy swageshirts Women Striped Casual Blue, Pink Shirt For Only Rs. 1299.0 Online in India. Shop Online For Apparels. Huge Collection of Branded Clothes Only at Flipkart.com",In Stock,Swageshirts,https://www.flipkart.com/hallstein-women-striped-casual-pink-blue-shirt/p/itm2daf170720291,2026-06-29T09:51:50.428664+00:00
Flipkart,Yanvi Women Embroidered Casual White Shirt,https://rukmini1.flixcart.com/image/1500/1500/xif0q/shirt/p/5/z/xl-shirt-yanvi-original-imahhfkhh7vauzud.jpeg?q=70,Yanvi,Women Fashion,Shirts,279,999,72,4.1,5033,"S, M, L, XL, 2XL",White,Regular Fit,Viscose Rayon,,Embroidered,Yanvi Women Embroidered Casual White Shirt - Buy Yanvi Women Embroidered Casual White Shirt For Only Rs. 1499.0 Online in India. Shop Online For Apparels. Huge Collection of Branded Clothes Only at Flipkart.com,In Stock,BANIITHANI,https://www.flipkart.com/haadivastra-women-printed-casual-white-shirt/p/itm87bc8a768760e,2026-06-29T09:51:50.428664+00:00
Flipkart,XNOCKY Women Printed Casual White Shirt,https://rukmini1.flixcart.com/image/1500/1500/xif0q/shirt/i/x/a/m-heart-short-shirt-5-m-xnocky-original-imahnwu4hmdbfpp7.jpeg?q=70,XNOCKY,Women Fashion,Shirts,245,599,59,,,"XS, S, M, L, XL, XXL",WHITE,Oversized Fit,Lycra Blend,,Printed,XNOCKY Women Printed Casual White Shirt - Buy XNOCKY Women Printed Casual White Shirt For Only Rs. 599.0 Online in India. Shop Online For Apparels. Huge Collection of Branded Clothes Only at Flipkart.com,In Stock,GARBAN,https://www.flipkart.com/xnocky-women-printed-casual-white-shirt/p/itm8bab81cccb106,2026-06-29T09:51:50.428664+00:00
Flipkart,Shyam Trendz Women Embroidered Casual Black Shirt,https://rukmini1.flixcart.com/image/1500/1500/xif0q/shirt/6/q/a/s-border-shyamtrendz-original-imahzgwdyhhf8cuf.jpeg?q=70,Shyam Trendz,Women Fashion,Shirts,315,999,68,,,"L, XL, XXL",BLACK,Regular Fit,Viscose Rayon,,Embroidered,Shyam Trendz Women Embroidered Casual Black Shirt - Buy Shyam Trendz Women Embroidered Casual Black Shirt For Only Rs. 999.0 Online in India. Shop Online For Apparels. Huge Collection of Branded Clothes Only at Flipkart.com,In Stock,RepaTrendz,https://www.flipkart.com/shyam-trendz-women-embroidered-casual-black-shirt/p/itmb2ee6a1730399,2026-06-29T09:51:50.428664+00:00
Flipkart,ShahiJi Creation Women Striped Casual Blue Shirt,https://rukmini1.flixcart.com/image/1500/1500/xif0q/shirt/f/r/1/s-blue-stripe-shirt-shahiji-creation-original-imahzegut6axgrku.jpeg?q=70,ShahiJi Creation,Women Fashion,Shirts,290,999,70,,,"S, M, L, XL",BLUE,Regular Fit,Cotton Blend,,Striped,ShahiJi Creation Women Striped Casual Blue Shirt - Buy ShahiJi Creation Women Striped Casual Blue Shirt For Only Rs. 999.0 Online in India. Shop Online For Apparels. Huge Collection of Branded Clothes Only at Flipkart.com,In Stock,BPSEnterprisesNo1,https://www.flipkart.com/shahiji-creation-women-striped-casual-blue-shirt/p/itmaa22abee7978c,2026-06-29T09:51:50.428664+00:00
Flipkart,"FUNDAY FASHION Women Printed Casual Brown, Multicolor, White Shirt",https://rukmini1.flixcart.com/image/1500/1500/xif0q/shirt/t/t/q/xl-sys-0289-90-funday-fashion-original-imahzj524wgxny42.jpeg?q=70,FUNDAY FASHION,Women Fashion,Shirts,629,1499,58,,,"S, M, L, XL, XXL","Brown, Multicolor, White",Oversized Fit,Cotton Blend,,Printed,"FUNDAY FASHION Women Printed Casual Brown, Multicolor, White Shirt - Buy FUNDAY FASHION Women Printed Casual Brown, Multicolor, White Shirt For Only Rs. 1499.0 Online in India. Shop Online For Apparels. Huge Collection of Branded Clothes Only at Flipkart.com",In Stock,SYSONLINESTORE,https://www.flipkart.com/funday-fashion-women-printed-casual-brown-multicolor-white-shirt/p/itm9eba310726f3e,2026-06-29T09:51:50.428664+00:00
Flipkart,"VASHENTERPRIS Women Checkered Casual Black, Grey, White Shirt",https://rukmini1.flixcart.com/image/1500/1500/xif0q/shirt/d/9/9/m-pink-ckeck-shirt-with-top-vashenterpris-original-imagyghrz8wxbz4p.jpeg?q=70,VASHENTERPRIS,Women Fashion,Shirts,234,1199,80,3.8,1799,"S, M, L, XL",white,Regular Fit,Cotton Blend,,Checkered,"VASHENTERPRIS Women Checkered Casual Black, Grey, White Shirt - Buy VASHENTERPRIS Women Checkered Casual Black, Grey, White Shirt For Only Rs. 1199.0 Online in India. Shop Online For Apparels. Huge Collection of Branded Clothes Only at Flipkart.com",In Stock,VASHENTERPRIS,https://www.flipkart.com/vashenterpris-women-checkered-casual-black-grey-white-shirt/p/itmbe9acbbf53bcd,2026-06-29T09:51:50.428664+00:00
Flipkart,TINZ Women Solid Casual Pink Shirt,https://rukmini1.flixcart.com/image/1500/1500/xif0q/shirt/o/6/m/l-women-pink-shirt-011-tinz-original-imahhf7cffxrfhwr.jpeg?q=70,TINZ,Women Fashion,Shirts,425,1099,61,4,303,"S, M, L, XL, 2XL, 3XL, 4XL, 5XL",Pink,Regular Fit,Cotton Blend,,Solid,TINZ Women Solid Casual Pink Shirt - Buy TINZ Women Solid Casual Pink Shirt For Only Rs. 1099.0 Online in India. Shop Online For Apparels. Huge Collection of Branded Clothes Only at Flipkart.com,In Stock,naryantraders,https://www.flipkart.com/tinz-women-solid-casual-pink-shirt/p/itmc29adcb645b7e,2026-06-29T09:51:50.428664+00:00
Flipkart,"FUNDAY FASHION Women Printed Casual White, Blue Shirt",https://rukmini1.flixcart.com/image/1500/1500/xif0q/shirt/s/r/u/l-sys-0289-90-funday-fashion-original-imahzj52jxymcscg.jpeg?q=70,FUNDAY FASHION,Women Fashion,Shirts,634,1499,57,,,"S, M, L, XL, XXL",White & Blue,Oversized Fit,Cotton Blend,,Printed,"FUNDAY FASHION Women Printed Casual White, Blue Shirt - Buy FUNDAY FASHION Women Printed Casual White, Blue Shirt For Only Rs. 1499.0 Online in India. Shop Online For Apparels. Huge Collection of Branded Clothes Only at Flipkart.com",In Stock,SYSONLINESTORE,https://www.flipkart.com/funday-fashion-women-printed-casual-white-blue-shirt/p/itm6700ceccab6e9,2026-06-29T09:51:50.428664+00:00
Flipkart,"indicare Women Solid Casual White, Pink Shirt",https://rukmini1.flixcart.com/image/1500/1500/xif0q/shirt/z/z/u/l-topaah-indicare-original-imah6kghp45bvyyt.jpeg?q=70,indicare,Women Fashion,Shirts,292,1499,80,3.9,25428,"S, M, L, XL",multi,Regular Fit,Polycotton,,Solid,"indicare Women Solid Casual White, Pink Shirt - Buy indicare Women Solid Casual White, Pink Shirt For Only Rs. 1499.0 Online in India. Shop Online For Apparels. Huge Collection of Branded Clothes Only at Flipkart.com",In Stock,jackbella,https://www.flipkart.com/indicare-women-solid-casual-white-pink-shirt/p/itm931a265083b59,2026-06-29T09:51:50.428664+00:00
Flipkart,NATRIS Women Solid Casual Black Shirt,https://rukmini1.flixcart.com/image/1500/1500/xif0q/shirt/5/e/n/m-wshirt-140-black-natris-original-imahdfz8wmze7sfp.jpeg?q=70,NATRIS,Women Fashion,Shirts,369,1499,75,3.7,20,"M, L, XL, XXL",BLACK,Regular Fit,Cotton Blend,,Solid,NATRIS Women Solid Casual Black Shirt - Buy NATRIS Women Solid Casual Black Shirt For Only Rs. 1499.0 Online in India. Shop Online For Apparels. Huge Collection of Branded Clothes Only at Flipkart.com,In Stock,Sparklegarments,https://www.flipkart.com/natris-women-solid-casual-black-shirt/p/itm2fe3f4896f697,2026-06-29T09:51:50.428664+00:00
Flipkart,FUNDAY FASHION Women Printed Casual Multicolor Shirt,https://rukmini1.flixcart.com/image/1500/1500/xif0q/shirt/o/e/a/s-sys-0289-90-funday-fashion-original-imahzj52hkhk9xfu.jpeg?q=70,FUNDAY FASHION,Women Fashion,Shirts,629,1499,58,,,"S, M, L, XL, XXL",Orange & Black & Multicolor,Oversized Fit,Cotton Blend,,Printed,FUNDAY FASHION Women Printed Casual Multicolor Shirt - Buy FUNDAY FASHION Women Printed Casual Multicolor Shirt For Only Rs. 1499.0 Online in India. Shop Online For Apparels. Huge Collection of Branded Clothes Only at Flipkart.com,In Stock,SYSONLINESTORE,https://www.flipkart.com/funday-fashion-women-printed-casual-black-multicolor-orange-shirt/p/itm967a49810ad2c,2026-06-29T09:51:50.428664+00:00
Flipkart,Chimpaaanzee Women Checkered Casual Blue Shirt,https://rukmini1.flixcart.com/image/1500/1500/xif0q/shirt/8/c/6/l-wsr0312-chimpaaanzee-original-imahj27sffdn5rnw.jpeg?q=70,Chimpaaanzee,Women Fashion,Shirts,448,999,55,4.2,1041,"S, M, L",Blue & White,Regular Fit,Viscose Rayon,,Checkered,Chimpaaanzee Women Checkered Casual Blue Shirt - Buy Chimpaaanzee Women Checkered Casual Blue Shirt For Only Rs. 999.0 Online in India. Shop Online For Apparels. Huge Collection of Branded Clothes Only at Flipkart.com,In Stock,CHIMPAAANZEE,https://www.flipkart.com/chimpaaanzee-women-checkered-casual-blue-shirt/p/itmdd8f52f001edb,2026-06-29T09:51:50.428664+00:00
Flipkart,Myorica Women Solid Casual Beige Shirt,https://rukmini1.flixcart.com/image/1500/1500/xif0q/shirt/w/b/r/s-153-beaige-myorica-original-imagzjgyzyzgg2xf.jpeg?q=70,Myorica,Women Fashion,Shirts,433,1499,71,4.2,9674,"S, M, L, XL, XXL, 3XL",Beige,Regular Fit,Viscose Rayon,,Solid,Myorica Women Solid Casual Beige Shirt - Buy Myorica Women Solid Casual Beige Shirt For Only Rs. 1499.0 Online in India. Shop Online For Apparels. Huge Collection of Branded Clothes Only at Flipkart.com,In Stock,GANGAIMPEX,https://www.flipkart.com/myorica-women-solid-casual-beige-shirt/p/itm65e2e5cc30bf1,2026-06-29T09:51:50.428664+00:00
Flipkart,Bene Kleed Women Solid Casual Dark Blue Shirt,https://rukmini1.flixcart.com/image/1500/1500/xif0q/shirt/u/q/t/xl-bowdf288rl47-700a-bene-kleed-original-imagw5ysrsupkuyp.jpeg?q=70,Bene Kleed,Women Fashion,Shirts,719,2299,68,3.7,30,"XS, S, M, L, XL, XXL",Navy,Regular Fit,Pure Cotton,,Solid,Bene Kleed Women Solid Casual Dark Blue Shirt - Buy Bene Kleed Women Solid Casual Dark Blue Shirt For Only Rs. 2299.0 Online in India. Shop Online For Apparels. Huge Collection of Branded Clothes Only at Flipkart.com,In Stock,SHAKTIBRANDZPVTLTD,https://www.flipkart.com/bene-kleed-women-solid-casual-dark-blue-shirt/p/itma23051c1115e5,2026-06-29T09:51:50.428664+00:00
Flipkart,mlada Women Solid Casual Maroon Shirt,https://rukmini1.flixcart.com/image/1500/1500/xif0q/shirt/8/w/o/3xl-mlrs00119-mlada-original-imahmfyk9z5zd7tu.jpeg?q=70,mlada,Women Fashion,Shirts,900,1999,54,,,"M, L, XL, XXL, 3XL, 4XL, 5XL",Dark Maroon,Regular Fit,Viscose Rayon,,Solid,mlada Women Solid Casual Maroon Shirt - Buy mlada Women Solid Casual Maroon Shirt For Only Rs. 1999.0 Online in India. Shop Online For Apparels. Huge Collection of Branded Clothes Only at Flipkart.com,In Stock,Siddhamcreations,https://www.flipkart.com/mlada-women-solid-casual-maroon-shirt/p/itmc5aec34903e34,2026-06-29T09:51:50.428664+00:00
Flipkart,Berisha Women Solid Formal Dark Blue Shirt,https://rukmini1.flixcart.com/image/1500/1500/xif0q/shirt/2/d/e/l-viscose-women-shirt-qc-novotny-original-imahhfmzkq56egqs.jpeg?q=70,Berisha,Women Fashion,Shirts,317,1999,84,4.3,4,"S, M, L, XL, XXL",VISCOSE-WOMEN-SHIRT-QC-NAVYBLUE,Regular Fit,Viscose Rayon,,Solid,Berisha Women Solid Formal Dark Blue Shirt - Buy Berisha Women Solid Formal Dark Blue Shirt For Only Rs. 1999.0 Online in India. Shop Online For Apparels. Huge Collection of Branded Clothes Only at Flipkart.com,In Stock,BIGBROTHERANDCOMPANY,https://www.flipkart.com/berisha-women-solid-formal-dark-blue-shirt/p/itm8f1e9697d1201,2026-06-29T09:51:50.428664+00:00
Flipkart,MAYKR Women Solid Casual Brown Shirt,https://rukmini1.flixcart.com/image/1500/1500/xif0q/shirt/p/e/r/m-2004-dorishirt-rk01-brown-maykr-original-imahnseqmfvdgdej.jpeg?q=70,MAYKR,Women Fashion,Shirts,369,999,63,4.2,17,"S, M, L, XL, XXL",BROWN,Regular Fit,Cotton Blend,,Solid,MAYKR Women Solid Casual Brown Shirt - Buy MAYKR Women Solid Casual Brown Shirt For Only Rs. 999.0 Online in India. Shop Online For Apparels. Huge Collection of Branded Clothes Only at Flipkart.com,In Stock,MAYKR,https://www.flipkart.com/maykr-women-solid-casual-brown-shirt/p/itmd674257da4000,2026-06-29T09:51:50.428664+00:00
Flipkart,XNOCKY Women Printed Casual White Shirt,https://rukmini1.flixcart.com/image/1500/1500/xif0q/shirt/3/r/p/m-camera-dil-short-shirt-1-1-m-xnocky-original-imahzgscrbaepub5.jpeg?q=70,XNOCKY,Women Fashion,Shirts,245,599,59,,,"XS, S, M, L, XL, XXL",WHITE,Oversized Fit,Lycra Blend,,Printed,XNOCKY Women Printed Casual White Shirt - Buy XNOCKY Women Printed Casual White Shirt For Only Rs. 599.0 Online in India. Shop Online For Apparels. Huge Collection of Branded Clothes Only at Flipkart.com,In Stock,KYRO25,https://www.flipkart.com/xnocky-women-printed-casual-white-shirt/p/itmc59b7c9d7c441,2026-06-29T09:51:50.428664+00:00
Flipkart,TINZ Women Solid Casual Yellow Shirt,https://rukmini1.flixcart.com/image/1500/1500/xif0q/shirt/q/h/t/m-deltadorishirt-fz01-yellow-tinz-original-imahhnnhdswfhz5b.jpeg?q=70,TINZ,Women Fashion,Shirts,400,999,59,3.2,10,"S, M, L, XL, 2XL",Yellow,Regular Fit,Cotton Blend,,Solid,TINZ Women Solid Casual Yellow Shirt - Buy TINZ Women Solid Casual Yellow Shirt For Only Rs. 999.0 Online in India. Shop Online For Apparels. Huge Collection of Branded Clothes Only at Flipkart.com,In Stock,naryantraders,https://www.flipkart.com/tinz-women-solid-casual-yellow-shirt/p/itm042941b60f7d7,2026-06-29T09:51:50.428664+00:00
Flipkart,"HappyBestie Women Checkered Casual Light Blue, White Shirt",https://rukmini1.flixcart.com/image/1500/1500/xif0q/shirt/m/h/g/m-top-blue-white-striped-puff-sleeves-happybestie-original-imahjfhycnswzhzv.jpeg?q=70,HappyBestie,Women Fashion,Shirts,352,999,64,4.4,987,"XS, S, M, L, XL","Light Blue, White",Regular Fit,Polycotton,,Checkered,"HappyBestie Women Checkered Casual Light Blue, White Shirt - Buy HappyBestie Women Checkered Casual Light Blue, White Shirt For Only Rs. 999.0 Online in India. Shop Online For Apparels. Huge Collection of Branded Clothes Only at Flipkart.com",In Stock,ZIARO,https://www.flipkart.com/happybestie-women-checkered-casual-light-blue-white-shirt/p/itm9950045aac3c5,2026-06-29T09:51:50.428664+00:00
Flipkart,TINZ Women Solid Casual Yellow Shirt,https://rukmini1.flixcart.com/image/1500/1500/xif0q/shirt/b/l/a/4xl-7303-ombreyshirt-hj014-yellow-bhavyaexports-original-imahzdbs3rktpmhy.jpeg?q=70,TINZ,Women Fashion,Shirts,389,999,61,,,"S, M, L, XL, 2XL, 3XL, 4XL, 5XL",Yellow,Regular Fit,Cotton Blend,,Solid,TINZ Women Solid Casual Yellow Shirt - Buy TINZ Women Solid Casual Yellow Shirt For Only Rs. 999.0 Online in India. Shop Online For Apparels. Huge Collection of Branded Clothes Only at Flipkart.com,In Stock,naryantraders,https://www.flipkart.com/tinz-women-solid-casual-yellow-shirt/p/itm0fdfba09b4ed2,2026-06-29T09:51:50.428664+00:00
Flipkart,RARE CAMEL Women Solid Formal White Shirt,https://rukmini1.flixcart.com/image/1500/1500/xif0q/shirt/v/o/m/s-7004-rare-camel-original-imahc498mytpasgq.jpeg?q=70,RARE CAMEL,Women Fashion,Shirts,425,1699,74,4.3,259,"S, M, L, XL, XXL",White,Slim Fit,Cotton Silk,,Solid,RARE CAMEL Women Solid Formal White Shirt - Buy RARE CAMEL Women Solid Formal White Shirt For Only Rs. 1699.0 Online in India. Shop Online For Apparels. Huge Collection of Branded Clothes Only at Flipkart.com,In Stock,MSAAYRAFASHION,https://www.flipkart.com/rare-camel-women-solid-formal-white-shirt/p/itmdba0cf9f0be85,2026-06-29T09:51:50.428664+00:00
Flipkart,GEHU GARMENTS Women Solid Casual Dark Blue Shirt,https://rukmini1.flixcart.com/image/1500/1500/xif0q/shirt/q/v/i/l-1205-gehu-garments-original-imag7rzs8dn5znsy.jpeg?q=70,GEHU GARMENTS,Women Fashion,Shirts,292,999,70,3.8,124,"S, M, L, XL, XXL, 3XL",NAVY BLUE,Regular Fit,Viscose Rayon,,Solid,GEHU GARMENTS Women Solid Casual Dark Blue Shirt - Buy GEHU GARMENTS Women Solid Casual Dark Blue Shirt For Only Rs. 999.0 Online in India. Shop Online For Apparels. Huge Collection of Branded Clothes Only at Flipkart.com,In Stock,NandiniGarment,https://www.flipkart.com/munga-fashion-women-solid-casual-dark-green-shirt/p/itm33179554a7165,2026-06-29T09:51:50.428664+00:00
Flipkart,Munga Fashion Women Solid Casual Blue Shirt,https://rukmini1.flixcart.com/image/1500/1500/xif0q/shirt/g/x/o/xl-shirt-teal-blue-rayon-munga-fashion-original-imah4zjf2386zkur.jpeg?q=70,Munga Fashion,Women Fashion,Shirts,292,999,70,3.9,9936,"S, M, L, XL, XXL, 3XL",Blue,Regular Fit,Viscose Rayon,,Solid,Munga Fashion Women Solid Casual Blue Shirt - Buy Munga Fashion Women Solid Casual Blue Shirt For Only Rs. 999.0 Online in India. Shop Online For Apparels. Huge Collection of Branded Clothes Only at Flipkart.com,In Stock,DAYAEXPORT,https://www.flipkart.com/munga-fashion-women-solid-casual-blue-shirt/p/itm0041d20999cef,2026-06-29T09:51:50.428664+00:00
Flipkart,PAGHDAL BROTHERS Women Shirt & Pyjama set Multicolor Checkered,https://rukmini1.flixcart.com/image/1500/1500/xif0q/night-suit/1/w/v/xl-w-5-paghdal-brothers-original-imahgcz8pt9b8jew.jpeg?q=70,PAGHDAL BROTHERS,Women Fashion,Shirts,449,1599,71,3.9,697,"S, M, L, XL, 3XL","Beige, Blue",,Polyester,,Checkered,Flipkart.com: Buy PAGHDAL BROTHERS Women Checkered Multicolor Shirt & Pyjama set only for Rs.1599.0 from Flipkart.com. Only Genuine Products. 30 Day Replacement Guarantee. Free Shipping. Cash On Delivery!,In Stock,RoyalFashion8,https://www.flipkart.com/paghdal-brothers-women-checkered-multicolor-shirt-pyjama-set/p/itm53e5369d5e6a9,2026-06-29T09:51:50.428664+00:00
Flipkart,GEHU GARMENTS Women Solid Casual Green Shirt,https://rukmini1.flixcart.com/image/1500/1500/xif0q/shirt/r/p/s/s-1205-gehu-garments-original-imag9ghrmjhcuazn.jpeg?q=70,GEHU GARMENTS,Women Fashion,Shirts,292,999,70,3.8,124,"S, M, L, XL, XXL, 3XL",DARK GREEN,Regular Fit,Viscose Rayon,,Solid,GEHU GARMENTS Women Solid Casual Green Shirt - Buy GEHU GARMENTS Women Solid Casual Green Shirt For Only Rs. 999.0 Online in India. Shop Online For Apparels. Huge Collection of Branded Clothes Only at Flipkart.com,In Stock,NandiniGarment,https://www.flipkart.com/munga-fashion-women-solid-casual-dark-green-shirt/p/itm9810953e66844,2026-06-29T09:51:50.428664+00:00
Flipkart,NABAERA Women Solid Formal White Shirt,https://rukmini1.flixcart.com/image/1500/1500/xif0q/shirt/f/v/g/s-shirt1s-nabaera-original-imahzheswdc4uufd.jpeg?q=70,NABAERA,Women Fashion,Shirts,360,1199,69,4.3,115,"S, M, L, XL, XXL",White,,Cotton Blend,,Solid,NABAERA Women Solid Formal White Shirt - Buy NABAERA Women Solid Formal White Shirt For Only Rs. 1199.0 Online in India. Shop Online For Apparels. Huge Collection of Branded Clothes Only at Flipkart.com,In Stock,NABAERAA,https://www.flipkart.com/nabaera-women-solid-formal-white-shirt/p/itmed2939be15022,2026-06-29T09:51:50.428664+00:00
Flipkart,Myka Fashion Women Self Design Casual Brown Shirt,https://rukmini1.flixcart.com/image/1500/1500/xif0q/shirt/o/9/l/m-m-brown-shirt-myka-fashion-original-imahzgmveq6fg29y.jpeg?q=70,Myka Fashion,Women Fashion,Shirts,288,999,71,,,L,Brown,Relaxed Fit,Cotton Blend,,Self Design,Myka Fashion Women Self Design Casual Brown Shirt - Buy Myka Fashion Women Self Design Casual Brown Shirt For Only Rs. 999.0 Online in India. Shop Online For Apparels. Huge Collection of Branded Clothes Only at Flipkart.com,In Stock,LAXMIARTIENTERPRISES,https://www.flipkart.com/myka-fashion-women-self-design-casual-brown-shirt/p/itm0b091b7d503f1,2026-06-29T09:51:50.428664+00:00
Flipkart,FDN Women Solid Casual Black Shirt,https://rukmini1.flixcart.com/image/1500/1500/xif0q/shirt/g/x/e/m-black-cotton-shirts-for-women-fdn-original-imahmgrehjkmrbpc.jpeg?q=70,FDN,Women Fashion,Shirts,442,1499,70,4.3,15,"S, M, L, XL, 2XL, 3XL, 4XL, 5XL",Black,Regular Fit,Pure Cotton,,Solid,FDN Women Solid Casual Black Shirt - Buy FDN Women Solid Casual Black Shirt For Only Rs. 1499.0 Online in India. Shop Online For Apparels. Huge Collection of Branded Clothes Only at Flipkart.com,In Stock,Fashionboy,https://www.flipkart.com/fdn-women-solid-casual-black-shirt/p/itme9af2c1591f1f,2026-06-29T09:51:50.428664+00:00
Flipkart,Myka Fashion Women Solid Casual Black Shirt,https://rukmini1.flixcart.com/image/1500/1500/xif0q/shirt/k/t/w/l-black-delta-shirt-myka-fashion-original-imahz3fyyh7mbkbf.jpeg?q=70,Myka Fashion,Women Fashion,Shirts,262,999,73,3.4,5,"S, M, L, XL",Black,Relaxed Fit,Cotton Blend,,Solid,Myka Fashion Women Solid Casual Black Shirt - Buy Myka Fashion Women Solid Casual Black Shirt For Only Rs. 999.0 Online in India. Shop Online For Apparels. Huge Collection of Branded Clothes Only at Flipkart.com,In Stock,LAXMIARTIENTERPRISES,https://www.flipkart.com/myka-fashion-women-solid-casual-black-shirt/p/itm5ed4f1c5618ff,2026-06-29T09:51:50.428664+00:00
Flipkart,swaggish Women Striped Casual Blue Shirt,https://rukmini1.flixcart.com/image/1500/1500/xif0q/shirt/4/f/1/xxl-line-shirt-2-swaggish-original-imahjv3cxhhs8njv.jpeg?q=70,swaggish,Women Fashion,Shirts,335,2199,84,3.9,25,"S, M, L, XL, XXL",BLUE,Regular Fit,Cotton Blend,,Striped,swaggish Women Striped Casual Blue Shirt - Buy swaggish Women Striped Casual Blue Shirt For Only Rs. 2199.0 Online in India. Shop Online For Apparels. Huge Collection of Branded Clothes Only at Flipkart.com,In Stock,TANISHAENTERPRISES2026,https://www.flipkart.com/swaggish-women-striped-casual-blue-shirt/p/itm0f50c4ad30575,2026-06-29T09:51:50.428664+00:00
Flipkart,HouseOfCommon Women Striped Casual Blue Shirt,https://rukmini1.flixcart.com/image/1500/1500/xif0q/shirt/t/w/p/m-1hoc-tabblyblue-houseofcommon-original-imahhpksngxk6tdv.jpeg?q=70,HouseOfCommon,Women Fashion,Shirts,290,2400,87,,,"S, M, L",Blue,Regular Fit,Cotton Blend,,Striped,HouseOfCommon Women Striped Casual Blue Shirt - Buy HouseOfCommon Women Striped Casual Blue Shirt For Only Rs. 2199.0 Online in India. Shop Online For Apparels. Huge Collection of Branded Clothes Only at Flipkart.com,In Stock,TANISHAENTERPRISES2026,https://www.flipkart.com/eversoft-flow-women-striped-casual-blue-shirt/p/itm47c27d31d6105,2026-06-29T09:51:50.428664+00:00
Flipkart,String Women Striped Casual Pink Shirt,https://rukmini1.flixcart.com/image/1500/1500/xif0q/shirt/n/1/2/s-wsoss02-string-original-imahmgcmbgxucp8r.jpeg?q=70,String,Women Fashion,Shirts,355,999,64,4.2,21,"S, M, L, XL, 2XL",Pink,Oversized Fit,Pure Cotton,,Striped,String Women Striped Casual Pink Shirt - Buy String Women Striped Casual Pink Shirt For Only Rs. 999.0 Online in India. Shop Online For Apparels. Huge Collection of Branded Clothes Only at Flipkart.com,In Stock,StringRetail,https://www.flipkart.com/string-women-striped-casual-pink-white-shirt/p/itm39f27ad533fe6,2026-06-29T09:51:50.428664+00:00
Flipkart,FABIUM Women Solid Casual Black Shirt,https://rukmini1.flixcart.com/image/1500/1500/xif0q/shirt/e/0/u/2xl-sht014r-fabium-original-imahf9ghy4gh5wtz.jpeg?q=70,FABIUM,Women Fashion,Shirts,445,999,55,4,98,"XS, S, M, L, XL, 2XL, 3XL",BLACK,Comfort Fit,Georgette,,Solid,FABIUM Women Solid Casual Black Shirt - Buy FABIUM Women Solid Casual Black Shirt For Only Rs. 999.0 Online in India. Shop Online For Apparels. Huge Collection of Branded Clothes Only at Flipkart.com,Out of Stock,FABIUM,https://www.flipkart.com/fabium-women-solid-casual-black-shirt/p/itmf18c8dcdba65b,2026-06-29T09:51:50.428664+00:00
Flipkart,MAYKR Women Solid Formal White Shirt,https://rukmini1.flixcart.com/image/1500/1500/xif0q/shirt/w/d/i/s-7206-plainshirt-rkp02-white-maykr-original-imahnumazhvgzuuv.jpeg?q=70,MAYKR,Women Fashion,Shirts,347,989,64,4.3,9,"S, M, L, XL, XXL",WHITE,Regular Fit,Viscose Rayon,,Solid,MAYKR Women Solid Formal White Shirt - Buy MAYKR Women Solid Formal White Shirt For Only Rs. 989.0 Online in India. Shop Online For Apparels. Huge Collection of Branded Clothes Only at Flipkart.com,In Stock,MAYKR,https://www.flipkart.com/maykr-women-solid-formal-white-shirt/p/itm51a44fb41302d,2026-06-29T09:51:50.428664+00:00
Flipkart,MAGHMA Women Solid Casual Purple Shirt,https://rukmini1.flixcart.com/image/1500/1500/xif0q/shirt/r/k/b/xl-cd401-woman-shart-maghma-original-imahf56hzkupzsjh.jpeg?q=70,MAGHMA,Women Fashion,Shirts,234,1299,81,3.8,3284,"S, M, L, XL, XXL",Lavender,Regular Fit,Lycra Blend,,Solid,MAGHMA Women Solid Casual Purple Shirt - Buy MAGHMA Women Solid Casual Purple Shirt For Only Rs. 1299.0 Online in India. Shop Online For Apparels. Huge Collection of Branded Clothes Only at Flipkart.com,In Stock,MAHAVEERCREATIONS,https://www.flipkart.com/maghma-women-solid-casual-purple-shirt/p/itmfebc377c469c1,2026-06-29T09:51:50.428664+00:00
Flipkart,Boninos Women Solid Formal Brown Shirt,https://rukmini1.flixcart.com/image/1500/1500/xif0q/shirt/b/r/d/s-2004-dorishirt-rk03-brown-perfect-productions-original-imahkavhgctyus6y.jpeg?q=70,Boninos,Women Fashion,Shirts,344,999,65,,,"S, M, L, XL, XXL",BROWN,Regular Fit,Cotton Blend,,Solid,Boninos Women Solid Formal Brown Shirt - Buy Boninos Women Solid Formal Brown Shirt For Only Rs. 999.0 Online in India. Shop Online For Apparels. Huge Collection of Branded Clothes Only at Flipkart.com,In Stock,BONINOS,https://www.flipkart.com/theclassictogs-women-solid-casual-brown-shirt/p/itm37d88c25e3add,2026-06-29T09:51:50.428664+00:00
Flipkart,HouseOfCommon Women Solid Casual White Shirt,https://rukmini1.flixcart.com/image/1500/1500/xif0q/shirt/p/w/t/l-hoc123-white-houseofcommon-original-imahbbjyxyfmww5b.jpeg?q=70,HouseOfCommon,Women Fashion,Shirts,437,1999,78,3.8,265,"S, M, L, XL, XXL",WHITE,Oversized Fit,Cotton Blend,,Solid,HouseOfCommon Women Solid Casual White Shirt - Buy HouseOfCommon Women Solid Casual White Shirt For Only Rs. 1999.0 Online in India. Shop Online For Apparels. Huge Collection of Branded Clothes Only at Flipkart.com,In Stock,Maasa,https://www.flipkart.com/houseofcommon-women-solid-casual-white-shirt/p/itm2a809ea674b8b,2026-06-29T09:51:50.428664+00:00
Flipkart,Prieto Women Solid Formal Dark Blue Shirt,https://rukmini1.flixcart.com/image/1500/1500/xif0q/shirt/s/m/o/l-viscoserayon-womenshirt-ix-formal-prieto-original-imahjcfyhxvempxk.jpeg?q=70,Prieto,Women Fashion,Shirts,312,999,68,3.3,20,"S, M, L, XL, XXL",ViscoseRayon-WomenShirt-IX-Formal-NavyBlue,Regular Fit,Viscose Rayon,,Solid,Prieto Women Solid Formal Dark Blue Shirt - Buy Prieto Women Solid Formal Dark Blue Shirt For Only Rs. 999.0 Online in India. Shop Online For Apparels. Huge Collection of Branded Clothes Only at Flipkart.com,In Stock,BKKANDSONS,https://www.flipkart.com/novotny-women-solid-formal-dark-blue-shirt/p/itm7248a6e8995cd,2026-06-29T09:51:50.428664+00:00
Flipkart,lahaba Women Solid Casual Brown Shirt,https://rukmini1.flixcart.com/image/1500/1500/xif0q/shirt/t/y/y/xxl-delta-lahaba-original-imahmrwtxceygrpg.jpeg?q=70,lahaba,Women Fashion,Shirts,253,999,74,3.6,74,"S, M, L, XL, XXL",Brown,Relaxed Fit,Polyester,,Solid,lahaba Women Solid Casual Brown Shirt - Buy lahaba Women Solid Casual Brown Shirt For Only Rs. 999.0 Online in India. Shop Online For Apparels. Huge Collection of Branded Clothes Only at Flipkart.com,In Stock,Lahaba,https://www.flipkart.com/lahaba-women-solid-casual-brown-shirt/p/itmd29fa3b6f2a6e,2026-06-29T09:51:50.428664+00:00
Flipkart,Glitter Fashion Women Printed Casual Multicolor Shirt,https://rukmini1.flixcart.com/image/1500/1500/xif0q/shirt/m/8/m/m-women-printed-crop-shirt-glitter-fashion-original-imah2nj6sqkjvhgk.jpeg?q=70,Glitter Fashion,Women Fashion,Shirts,262,999,73,4,3180,"S, M, L, XL, 2XL",White,Boxy Fit,Polyester,,Printed,Glitter Fashion Women Printed Casual Multicolor Shirt - Buy Glitter Fashion Women Printed Casual Multicolor Shirt For Only Rs. 999.0 Online in India. Shop Online For Apparels. Huge Collection of Branded Clothes Only at Flipkart.com,In Stock,Glittersfashion,https://www.flipkart.com/glitter-fashion-women-printed-casual-multicolor-shirt/p/itm6a7382c24f80c,2026-06-29T09:51:50.428664+00:00
Flipkart,Roadster Women Solid Casual White Shirt,https://rukmini1.flixcart.com/image/1500/1500/xif0q/shirt/c/q/o/xxl-30257324-roadster-original-imahkbn82gwdput2.jpeg?q=70,Roadster,Women Fashion,Shirts,448,1499,70,4,2231,"S, M, L, XL, XXL",White1,Oversized Fit,Pure Cotton,,Solid,Roadster Women Solid Casual White Shirt - Buy Roadster Women Solid Casual White Shirt For Only Rs. 1499.0 Online in India. Shop Online For Apparels. Huge Collection of Branded Clothes Only at Flipkart.com,In Stock,WHYSOFAB,https://www.flipkart.com/roadster-women-solid-casual-white-shirt/p/itmb295213575543,2026-06-29T09:51:50.428664+00:00
Flipkart,swaggish Women Striped Casual Pink Shirt,https://rukmini1.flixcart.com/image/1500/1500/xif0q/shirt/w/d/4/s-line-shirt-1-swaggish-original-imahcy4chmvf6zbu.jpeg?q=70,swaggish,Women Fashion,Shirts,340,2199,84,3.7,1438,"S, M, L, XL, XXL",PINK,Regular Fit,Cotton Blend,,Striped,swaggish Women Striped Casual Pink Shirt - Buy swaggish Women Striped Casual Pink Shirt For Only Rs. 2199.0 Online in India. Shop Online For Apparels. Huge Collection of Branded Clothes Only at Flipkart.com,In Stock,ARABIACREATION,https://www.flipkart.com/swaggish-women-striped-casual-pink-shirt/p/itm00f30c62ef0c1,2026-06-29T09:51:50.428664+00:00
Flipkart,Roadster Women Striped Casual Pink Shirt,https://rukmini1.flixcart.com/image/1500/1500/xif0q/shirt/u/h/x/-original-imahfhjr8qht63jq.jpeg?q=70,Roadster,Women Fashion,Shirts,302,1199,74,3.9,262,"XS, S, M, L, XL, XXL",Pink,Regular Fit,Viscose Rayon,,Striped,Roadster Women Striped Casual Pink Shirt - Buy Roadster Women Striped Casual Pink Shirt For Only Rs. 1199.0 Online in India. Shop Online For Apparels. Huge Collection of Branded Clothes Only at Flipkart.com,In Stock,SAVADIKAFASHION,https://www.flipkart.com/roadster-women-striped-casual-pink-shirt/p/itm0d49203def76d,2026-06-29T09:51:50.428664+00:00
Flipkart,"GM SARA Women Solid Formal Dark Blue, Purple Shirt",https://rukmini1.flixcart.com/image/1500/1500/xif0q/shirt/d/a/v/xl-women-shirt-02-combo-nblue-lavender-gm-sara-original-imahf64fg5rbrexy.jpeg?q=70,GM SARA,Women Fashion,Shirts,362,1499,75,3.8,3621,"M, L, XL, XXL",Dark Blue,Regular Fit,Polyester,,Solid,"GM SARA Women Solid Formal Dark Blue, Purple Shirt - Buy GM SARA Women Solid Formal Dark Blue, Purple Shirt For Only Rs. 1499.0 Online in India. Shop Online For Apparels. Huge Collection of Branded Clothes Only at Flipkart.com",In Stock,MAHAVEERCREATIONS,https://www.flipkart.com/gm-sara-women-solid-formal-dark-blue-purple-shirt/p/itmf7790cabd16d1,2026-06-29T09:51:50.428664+00:00
Flipkart,TIGERSNAKE Women Striped Casual Pink Shirt,https://rukmini1.flixcart.com/image/1500/1500/xif0q/shopsy-shirt/u/0/5/m-1112-eversoft-flow-original-imahgzsmextwgvwh.jpeg?q=70,TIGERSNAKE,Women Fashion,Shirts,260,1999,86,3.8,463,"S, M, L, XL, 2XL",PINK,Relaxed Fit,Cotton Blend,,Striped,TIGERSNAKE Women Striped Casual Pink Shirt - Buy TIGERSNAKE Women Striped Casual Pink Shirt For Only Rs. 2499.0 Online in India. Shop Online For Apparels. Huge Collection of Branded Clothes Only at Flipkart.com,In Stock,EVERSOFTINDUSTRIES,https://www.flipkart.com/tigersnake-women-striped-casual-pink-shirt/p/itm62dbe0d3974b4,2026-06-29T09:51:50.428664+00:00
Flipkart,Femibazaar Women Striped Casual Pink Shirt,https://rukmini1.flixcart.com/image/1500/1500/xif0q/shirt/w/1/q/s-pinkhaze-femibazaar-original-imahgfzjrscydzbz.jpeg?q=70,Femibazaar,Women Fashion,Shirts,270,1999,86,3.8,2491,"S, M, L, XL",Pink,Oversized Fit,Pure Cotton,,Striped,Femibazaar Women Striped Casual Pink Shirt - Buy Femibazaar Women Striped Casual Pink Shirt For Only Rs. 1999.0 Online in India. Shop Online For Apparels. Huge Collection of Branded Clothes Only at Flipkart.com,In Stock,SumaRetail,https://www.flipkart.com/femibazaar-women-striped-casual-pink-shirt/p/itmc6d59825ab630,2026-06-29T09:51:50.428664+00:00
Flipkart,"SRBCORPORATION Women Solid Casual Pink, Blue Shirt",https://rukmini1.flixcart.com/image/1500/1500/xif0q/shirt/5/n/s/m-srb-grl-com-01-srbcorporation-original-imahmrgg3enrbcnu.jpeg?q=70,SRBCORPORATION,Women Fashion,Shirts,432,999,56,3.6,78,"S, M, L, XL","Light Blue, Pink",Regular Fit,Pure Cotton,,Solid,"SRBCORPORATION Women Solid Casual Pink, Blue Shirt - Buy SRBCORPORATION Women Solid Casual Pink, Blue Shirt For Only Rs. 999.0 Online in India. Shop Online For Apparels. Huge Collection of Branded Clothes Only at Flipkart.com",In Stock,BPSEnterprisesNo1,https://www.flipkart.com/srbcorporation-women-solid-casual-pink-blue-shirt/p/itm2723eb82e0f28,2026-06-29T09:51:50.428664+00:00
Flipkart,swaggish Women Striped Casual Blue Shirt,https://rukmini1.flixcart.com/image/1500/1500/xif0q/shirt/0/n/n/s-dls-01-swaggish-original-imahnyevga9cfxna.jpeg?q=70,swaggish,Women Fashion,Shirts,389,2199,82,4.1,28,"XS, S, M, L, XL",Blue,Slim Fit,Pure Cotton,,Striped,swaggish Women Striped Casual Blue Shirt - Buy swaggish Women Striped Casual Blue Shirt For Only Rs. 2199.0 Online in India. Shop Online For Apparels. Huge Collection of Branded Clothes Only at Flipkart.com,In Stock,TANISHAENTERPRISES2026,https://www.flipkart.com/swaggish-women-striped-casual-blue-shirt/p/itma1e593091e7f5,2026-06-29T09:51:50.428664+00:00
Flipkart,"Femibazaar Women Striped Casual White, Blue Shirt",https://rukmini1.flixcart.com/image/1500/1500/xif0q/shirt/b/0/o/m-bluedorishirt-femibazaar-original-imahzjyggy8egqpv.jpeg?q=70,Femibazaar,Women Fashion,Shirts,440,1599,72,4.1,111,"S, M, L, XL","Blue, White",Slim Fit,Cotton Blend,,Striped,"Femibazaar Women Striped Casual White, Blue Shirt - Buy Femibazaar Women Striped Casual White, Blue Shirt For Only Rs. 1599.0 Online in India. Shop Online For Apparels. Huge Collection of Branded Clothes Only at Flipkart.com",In Stock,The Golden Sew,https://www.flipkart.com/femibazaar-women-striped-casual-white-blue-shirt/p/itm8ba8de5edee37,2026-06-29T09:51:50.428664+00:00
Flipkart,RARE CAMEL Women Solid Casual Pink Shirt,https://rukmini1.flixcart.com/image/1500/1500/xif0q/shirt/a/l/v/xxl-2025-rare-camel-original-imahahtgp2ywqmzk.jpeg?q=70,RARE CAMEL,Women Fashion,Shirts,389,1599,75,3.9,647,"S, M, L, XL, XXL",Pink,Regular Fit,Polycotton,,Solid,RARE CAMEL Women Solid Casual Pink Shirt - Buy RARE CAMEL Women Solid Casual Pink Shirt For Only Rs. 1599.0 Online in India. Shop Online For Apparels. Huge Collection of Branded Clothes Only at Flipkart.com,In Stock,MSAAYRAFASHION,https://www.flipkart.com/rare-camel-women-solid-casual-pink-shirt/p/itm3c8de8e26415c,2026-06-29T09:51:50.428664+00:00
Flipkart,Absorbing Women Solid Casual Dark Blue Shirt,https://rukmini1.flixcart.com/image/1500/1500/kruyw7k0/top/d/j/w/m-trendy-276-absorbing-original-imag5jxrcqd8qygh.jpeg?q=70,Absorbing,Women Fashion,Shirts,229,899,74,3.7,3274,"S, M, L, XL",Dark Blue 1,Regular Fit,Viscose Rayon,,Solid,Absorbing Women Solid Casual Dark Blue Shirt - Buy Absorbing Women Solid Casual Dark Blue Shirt For Only Rs. 1999.0 Online in India. Shop Online For Apparels. Huge Collection of Branded Clothes Only at Flipkart.com,In Stock,Majisalnternational,https://www.flipkart.com/ahloxia-women-solid-casual-black-shirt/p/itm08dd6ee2c5d00,2026-06-29T09:51:50.428664+00:00
Flipkart,Spense Clothing Women Solid Casual Dark Blue Shirt,https://rukmini1.flixcart.com/image/1500/1500/xif0q/shirt/w/n/h/3xl-w-de-h-shirt-nb-spense-clothing-original-imahz5d6rmuh9ptt.jpeg?q=70,Spense Clothing,Women Fashion,Shirts,539,1499,64,,,"S, M, L, XL, XXL, 3XL",Dark Blue,Relaxed Fit,Denim,,Solid,Spense Clothing Women Solid Casual Dark Blue Shirt - Buy Spense Clothing Women Solid Casual Dark Blue Shirt For Only Rs. 1499.0 Online in India. Shop Online For Apparels. Huge Collection of Branded Clothes Only at Flipkart.com,In Stock,SwaraFashionwear,https://www.flipkart.com/spense-clothing-women-solid-casual-dark-blue-shirt/p/itm3ed5e61c78e84,2026-06-29T09:51:50.428664+00:00
Flipkart,swaggish Women Striped Casual Yellow Shirt,https://rukmini1.flixcart.com/image/1500/1500/xif0q/shirt/i/t/b/xl-dls-01-swaggish-original-imahnyeve6fbnvmz.jpeg?q=70,swaggish,Women Fashion,Shirts,388,2199,82,4.1,28,"XS, S, M, L, XL",Yellow,Slim Fit,Pure Cotton,,Striped,swaggish Women Striped Casual Yellow Shirt - Buy swaggish Women Striped Casual Yellow Shirt For Only Rs. 2199.0 Online in India. Shop Online For Apparels. Huge Collection of Branded Clothes Only at Flipkart.com,In Stock,ARABIACREATION,https://www.flipkart.com/swaggish-women-striped-casual-yellow-shirt/p/itm11ec7832efb7c,2026-06-29T09:51:50.428664+00:00
Flipkart,KITKET FASHION Women Solid Casual White Shirt,https://rukmini1.flixcart.com/image/1500/1500/xif0q/shirt/h/t/k/s-woman-shirt-white-m-kitket-fashion-original-imah5wzbgmrxc82n.jpeg?q=70,KITKET FASHION,Women Fashion,Shirts,234,1499,84,4,558,"S, M, L, XL",White,Comfort Fit,Polycotton,,Solid,KITKET FASHION Women Solid Casual White Shirt - Buy KITKET FASHION Women Solid Casual White Shirt For Only Rs. 1999.0 Online in India. Shop Online For Apparels. Huge Collection of Branded Clothes Only at Flipkart.com,Out of Stock,VJFASHION,https://www.flipkart.com/indicare-women-solid-casual-white-shirt/p/itmafb5670810259,2026-06-29T09:51:50.428664+00:00
Flipkart,POPWINGS Women Solid Casual White Shirt,https://rukmini1.flixcart.com/image/1500/1500/xif0q/shirt/d/9/3/-original-imahfn5e9sfu2sdh.jpeg?q=70,POPWINGS,Women Fashion,Shirts,369,1999,81,3.9,1439,"S, M, L, XL, XXL",White,Regular Fit,Satin,,Solid,POPWINGS Women Solid Casual White Shirt - Buy POPWINGS Women Solid Casual White Shirt For Only Rs. 1999.0 Online in India. Shop Online For Apparels. Huge Collection of Branded Clothes Only at Flipkart.com,In Stock,Popwings,https://www.flipkart.com/popwings-women-solid-casual-white-shirt/p/itm465e90a510272,2026-06-29T09:51:50.428664+00:00
Flipkart,"Hive91 Women Checkered Casual Black, Dark Blue, Green Shirt",https://rukmini1.flixcart.com/image/1500/1500/xif0q/shirt/m/k/b/l-91h-rh989sshgr-green-91-hive-original-imahkz52rxtssyeg.jpeg?q=70,Hive91,Women Fashion,Shirts,441,1535,71,4.3,2363,"XS, S, M, L, XL, XXL, 3XL",Green989,Regular Fit,Viscose Rayon,,Checkered,"Hive91 Women Checkered Casual Black, Dark Blue, Green Shirt - Buy Hive91 Women Checkered Casual Black, Dark Blue, Green Shirt For Only Rs. 1535.0 Online in India. Shop Online For Apparels. Huge Collection of Branded Clothes Only at Flipkart.com",In Stock,RIPPLESIMPEX,https://www.flipkart.com/hive91-women-checkered-casual-black-dark-blue-green-shirt/p/itm6bd2dbfa0fc95,2026-06-29T09:51:50.428664+00:00
Flipkart,swaggish Women Striped Casual Pink Shirt,https://rukmini1.flixcart.com/image/1500/1500/xif0q/shirt/0/t/f/xl-line-shirt-swaggish-original-imahcdg9fzzcg7ca.jpeg?q=70,swaggish,Women Fashion,Shirts,340,2199,84,3.8,2578,"S, M, L, XL, XXL",Pink,Regular Fit,Cotton Blend,,Striped,swaggish Women Striped Casual Pink Shirt - Buy swaggish Women Striped Casual Pink Shirt For Only Rs. 2199.0 Online in India. Shop Online For Apparels. Huge Collection of Branded Clothes Only at Flipkart.com,In Stock,ARABIACREATION,https://www.flipkart.com/swaggish-women-striped-casual-pink-shirt/p/itm45ff514220e49,2026-06-29T09:51:50.428664+00:00
Flipkart,"lahaba Women Striped Casual Black, Beige Shirt",https://rukmini1.flixcart.com/image/1500/1500/xif0q/shirt/l/7/f/xs-women-shirt-lahaba-original-imahdz7kzuhgxxmm.jpeg?q=70,lahaba,Women Fashion,Shirts,262,999,73,4.2,7899,"XS, S, M, XL, XXL, 3XL, 4XL","Black, White",Oversized Fit,Cotton Blend,,Striped,"lahaba Women Striped Casual Black, Beige Shirt - Buy lahaba Women Striped Casual Black, Beige Shirt For Only Rs. 1499.0 Online in India. Shop Online For Apparels. Huge Collection of Branded Clothes Only at Flipkart.com",In Stock,Luminah,https://www.flipkart.com/nis-women-printed-casual-black-shirt/p/itm024c83a20fb47,2026-06-29T09:51:50.428664+00:00
Flipkart,Femibazaar Women Striped Casual Blue Shirt,https://rukmini1.flixcart.com/image/1500/1500/xif0q/shirt/9/q/7/xl-broadblue-femibazaar-original-imahhmx5njeuyea8.jpeg?q=70,Femibazaar,Women Fashion,Shirts,402,1599,74,3.9,13046,"S, M, L, XL",Blue,Oversized Fit,Pure Cotton,,Striped,Femibazaar Women Striped Casual Blue Shirt - Buy Femibazaar Women Striped Casual Blue Shirt For Only Rs. 1599.0 Online in India. Shop Online For Apparels. Huge Collection of Branded Clothes Only at Flipkart.com,In Stock,The Golden Sew,https://www.flipkart.com/femibazaar-women-striped-casual-blue-shirt/p/itm494ffd9effc75,2026-06-29T09:51:50.428664+00:00
Flipkart,"KALPHEM Women Striped Casual Pink, White Shirt",https://rukmini1.flixcart.com/image/1500/1500/xif0q/shirt/x/i/x/l-kp1075-kalphem-original-imahhyg4jxffth3t.jpeg?q=70,KALPHEM,Women Fashion,Shirts,358,999,64,4.1,358,"S, M, L, XL, XXL, 3XL, 4XL, 5XL",Pink,Regular Fit,Pure Cotton,,Striped,"KALPHEM Women Striped Casual Pink, White Shirt - Buy KALPHEM Women Striped Casual Pink, White Shirt For Only Rs. 999.0 Online in India. Shop Online For Apparels. Huge Collection of Branded Clothes Only at Flipkart.com",In Stock,Kalphem,https://www.flipkart.com/kalphem-women-striped-casual-pink-white-shirt/p/itmfb8e9adf63812,2026-06-29T09:51:50.428664+00:00
Flipkart,Teesget Women Striped Casual Beige Shirt,https://rukmini1.flixcart.com/image/1500/1500/xif0q/shirt/c/m/v/s-0038-teesget-original-imahhhraqnnfydyx.jpeg?q=70,Teesget,Women Fashion,Shirts,448,999,55,3.8,69,"S, M, L",BEIGE,Oversized Fit,Pure Cotton,,Striped,Teesget Women Striped Casual Beige Shirt - Buy Teesget Women Striped Casual Beige Shirt For Only Rs. 999.0 Online in India. Shop Online For Apparels. Huge Collection of Branded Clothes Only at Flipkart.com,In Stock,TEESGET,https://www.flipkart.com/teesget-women-striped-casual-beige-shirt/p/itmce6b4a2d7e8e1,2026-06-29T09:51:50.428664+00:00
Flipkart,MAGHMA Women Solid Casual Black Shirt,https://rukmini1.flixcart.com/image/1500/1500/xif0q/shirt/j/w/c/m-cd401-woman-shart-maghma-original-imagqahuwgu5cp5t.jpeg?q=70,MAGHMA,Women Fashion,Shirts,239,1299,81,3.8,3284,"S, M, L, XL, XXL",Black,Regular Fit,Lycra Blend,,Solid,MAGHMA Women Solid Casual Black Shirt - Buy MAGHMA Women Solid Casual Black Shirt For Only Rs. 1299.0 Online in India. Shop Online For Apparels. Huge Collection of Branded Clothes Only at Flipkart.com,Out of Stock,MAAJISAGROUP,https://www.flipkart.com/maghma-women-solid-casual-black-shirt/p/itm1d4a5ac6d1b85,2026-06-29T09:51:50.428664+00:00
Flipkart,Swaz Women Solid Formal Cream Shirt,https://rukmini1.flixcart.com/image/1500/1500/xif0q/shirt/g/o/w/xxl-2025-rare-camel-original-imah9tybmzbygsug.jpeg?q=70,Swaz,Women Fashion,Shirts,425,1699,74,4.1,195,"S, M, L, XL",Cream,Slim Fit,Polycotton,,Solid,Swaz Women Solid Formal Cream Shirt - Buy Swaz Women Solid Formal Cream Shirt For Only Rs. 1699.0 Online in India. Shop Online For Apparels. Huge Collection of Branded Clothes Only at Flipkart.com,Out of Stock,Aalaenterprisses,https://www.flipkart.com/swaz-women-solid-formal-cream-shirt/p/itmc88f977c22ff6,2026-06-29T09:51:50.428664+00:00
Flipkart,kaarchop Women Solid Formal Light Green Shirt,https://rukmini1.flixcart.com/image/1500/1500/xif0q/shirt/i/y/q/l-kc-sht-blk-001-kaarchop-original-imahgsfzakthcszj.jpeg?q=70,kaarchop,Women Fashion,Shirts,358,899,60,4,1045,"S, M, L",Green,Regular Fit,Polyester,,Solid,kaarchop Women Solid Formal Light Green Shirt - Buy kaarchop Women Solid Formal Light Green Shirt For Only Rs. 899.0 Online in India. Shop Online For Apparels. Huge Collection of Branded Clothes Only at Flipkart.com,In Stock,Kaarchop,https://www.flipkart.com/kaarchop-women-solid-formal-light-green-shirt/p/itm9ec19de09e58f,2026-06-29T09:51:50.428664+00:00
Flipkart,Nautiful Women Striped Formal White Shirt,https://rukmini1.flixcart.com/image/1500/1500/xif0q/shirt/n/n/l/4xl-f1906-nautiful-original-imahzgs2qfjcgah6.jpeg?q=70,Nautiful,Women Fashion,Shirts,380,999,61,,,"S, M, L, XL, XXL, 3XL, 4XL",White,Oversized Fit,Cotton Lycra,,Striped,Nautiful Women Striped Formal White Shirt - Buy Nautiful Women Striped Formal White Shirt For Only Rs. 999.0 Online in India. Shop Online For Apparels. Huge Collection of Branded Clothes Only at Flipkart.com,In Stock,NakalankFashion,https://www.flipkart.com/nautiful-women-striped-formal-white-black-shirt/p/itm43ea93f5ef334,2026-06-29T09:51:50.428664+00:00
Flipkart,FUNDAY FASHION Women Solid Casual Black Shirt,https://rukmini1.flixcart.com/image/1500/1500/xif0q/shirt/x/5/j/s-4868-70-funday-fashion-original-imagm5zchgchtvuf.jpeg?q=70,FUNDAY FASHION,Women Fashion,Shirts,358,1299,72,4,27916,"S, M, L, XL, XXL",Black,Boxy Fit,Viscose Rayon,,Solid,FUNDAY FASHION Women Solid Casual Black Shirt - Buy FUNDAY FASHION Women Solid Casual Black Shirt For Only Rs. 1299.0 Online in India. Shop Online For Apparels. Huge Collection of Branded Clothes Only at Flipkart.com,In Stock,SYSONLINESTORE,https://www.flipkart.com/funday-fashion-women-solid-casual-black-shirt/p/itm693db1bc1c2ae,2026-06-29T09:51:50.428664+00:00
Flipkart,sikrifab Women Solid Casual White Shirt,https://rukmini1.flixcart.com/image/1500/1500/xif0q/shirt/e/d/e/xl-aa125-white-sikrifab-original-imahjgtyfyyd4cnh.jpeg?q=70,sikrifab,Women Fashion,Shirts,297,699,57,4.3,77,"S, M, L, XL",White,Regular Fit,Cotton Blend,,Solid,sikrifab Women Solid Casual White Shirt - Buy sikrifab Women Solid Casual White Shirt For Only Rs. 699.0 Online in India. Shop Online For Apparels. Huge Collection of Branded Clothes Only at Flipkart.com,In Stock,sikrifab,https://www.flipkart.com/sikrifab-women-solid-casual-white-shirt/p/itm2aa6bcd3260c1,2026-06-29T09:51:50.428664+00:00
Flipkart,CLOMAX Women Solid Casual White Shirt,https://rukmini1.flixcart.com/image/1500/1500/xif0q/shirt/3/i/1/l-metr-dori-1-metronaut-original-imahmeadkhjjypgh.jpeg?q=70,CLOMAX,Women Fashion,Shirts,448,2199,79,4.5,13,"XS, S, M, L, XL",White,Comfort Fit,Polyester,,Solid,CLOMAX Women Solid Casual White Shirt - Buy CLOMAX Women Solid Casual White Shirt For Only Rs. 2199.0 Online in India. Shop Online For Apparels. Huge Collection of Branded Clothes Only at Flipkart.com,In Stock,TANISHAENTERPRISES2026,https://www.flipkart.com/swaggish-women-solid-casual-white-shirt/p/itmb312e82be471f,2026-06-29T09:51:50.428664+00:00
Flipkart,NYPA Women Printed Casual Yellow Shirt,https://rukmini1.flixcart.com/image/1500/1500/xif0q/shirt/x/p/e/m-nf00208yellowshirt-nypa-original-imahhsp3cz99wkac.jpeg?q=70,NYPA,Women Fashion,Shirts,434,1999,78,4.1,39,"XS, S, M, L, XL, 2XL, 3XL",Yellow,Oversized Fit,Viscose Rayon,,Printed,NYPA Women Printed Casual Yellow Shirt - Buy NYPA Women Printed Casual Yellow Shirt For Only Rs. 1999.0 Online in India. Shop Online For Apparels. Huge Collection of Branded Clothes Only at Flipkart.com,In Stock,NEEL FAB AND FASHION,https://www.flipkart.com/nypa-women-printed-casual-yellow-shirt/p/itm45cadf010bf4d,2026-06-29T09:51:50.428664+00:00
Flipkart,"Hive91 Women Checkered Casual Red, White Shirt",https://rukmini1.flixcart.com/image/1500/1500/xif0q/shirt/g/g/k/l-rh996shrd-red-hive91-original-imahkxurqxfng5ex.jpeg?q=70,Hive91,Women Fashion,Shirts,441,1535,71,4.3,2363,"XS, S, M, L, XL, XXL, 3XL",Red996,Regular Fit,Pure Cotton,,Checkered,"Hive91 Women Checkered Casual Red, White Shirt - Buy Hive91 Women Checkered Casual Red, White Shirt For Only Rs. 1535.0 Online in India. Shop Online For Apparels. Huge Collection of Branded Clothes Only at Flipkart.com",In Stock,RIPPLESIMPEX,https://www.flipkart.com/hive91-women-checkered-casual-red-white-shirt/p/itm447b85c0b6f79,2026-06-29T09:51:50.428664+00:00
Flipkart,LA ROPA Women Solid Casual Blue Shirt,https://rukmini1.flixcart.com/image/1500/1500/xif0q/shirt/o/v/8/xxl-1213blk-sangria-unique-patterns-original-imaghyr59h5dpqph.jpeg?q=70,LA ROPA,Women Fashion,Shirts,313,2499,87,3.7,1899,"XS, S, M, L, XL, XXL","LAVENDER, PURPLE",Regular Fit,Polyester,,Solid,LA ROPA Women Solid Casual Blue Shirt - Buy LA ROPA Women Solid Casual Blue Shirt For Only Rs. 2499.0 Online in India. Shop Online For Apparels. Huge Collection of Branded Clothes Only at Flipkart.com,In Stock,SitaCreations,https://www.flipkart.com/la-ropa-women-solid-casual-blue-shirt/p/itm7c2242e4c21d8,2026-06-29T09:51:50.428664+00:00
Flipkart,IKONIQ Women Striped Formal Blue Shirt,https://rukmini1.flixcart.com/image/1500/1500/xif0q/shirt/h/x/p/s-blu-line-ikoniq-original-imahgz93mkaxvkkg.jpeg?q=70,IKONIQ,Women Fashion,Shirts,280,999,71,3.9,9,S,Blue,Regular Fit,Cotton Blend,,Striped,IKONIQ Women Striped Formal Blue Shirt - Buy IKONIQ Women Striped Formal Blue Shirt For Only Rs. 999.0 Online in India. Shop Online For Apparels. Huge Collection of Branded Clothes Only at Flipkart.com,In Stock,Swageshirts,https://www.flipkart.com/ikoniq-women-striped-formal-blue-shirt/p/itm9e2c08784b672,2026-06-29T09:51:50.428664+00:00
Flipkart,RARE CAMEL Women Solid Casual Blue Shirt,https://rukmini1.flixcart.com/image/1500/1500/xif0q/shirt/l/d/d/s-2025-rare-camel-original-imah9tybzed9tbw9.jpeg?q=70,RARE CAMEL,Women Fashion,Shirts,351,1599,78,3.9,647,"S, M, L, XL, XXL",Sky_Blue,Regular Fit,Polycotton,,Solid,RARE CAMEL Women Solid Casual Blue Shirt - Buy RARE CAMEL Women Solid Casual Blue Shirt For Only Rs. 1599.0 Online in India. Shop Online For Apparels. Huge Collection of Branded Clothes Only at Flipkart.com,In Stock,MSAAYRAFASHION,https://www.flipkart.com/rare-camel-women-solid-casual-blue-shirt/p/itmc9ff38d2bbfaf,2026-06-29T09:51:50.428664+00:00
Flipkart,FUNDAY FASHION Women Solid Casual Green Shirt,https://rukmini1.flixcart.com/image/1500/1500/xif0q/shirt/c/2/y/-original-imahfxymxynfja3p.jpeg?q=70,FUNDAY FASHION,Women Fashion,Shirts,317,999,68,3.9,17038,"XS, S, M, L, XL, XXL",Pista Green,Regular Fit,Crepe,,Solid,FUNDAY FASHION Women Solid Casual Green Shirt - Buy FUNDAY FASHION Women Solid Casual Green Shirt For Only Rs. 999.0 Online in India. Shop Online For Apparels. Huge Collection of Branded Clothes Only at Flipkart.com,In Stock,SYSONLINESTORE,https://www.flipkart.com/funday-fashion-women-solid-casual-green-shirt/p/itm34caf5b3cf0b6,2026-06-29T09:51:50.428664+00:00
Flipkart,METRONAUT Women Printed Casual Blue Shirt,https://rukmini1.flixcart.com/image/1500/1500/xif0q/shirt/u/z/z/s-240-metronaut-original-imah4juscup8etjt.jpeg?q=70,METRONAUT,Women Fashion,Shirts,444,1399,68,4.3,198,"S, M, L",Multi-11,Boxy Fit,Viscose Rayon,,Printed,METRONAUT Women Printed Casual Blue Shirt - Buy METRONAUT Women Printed Casual Blue Shirt For Only Rs. 1399.0 Online in India. Shop Online For Apparels. Huge Collection of Branded Clothes Only at Flipkart.com,In Stock,EloruClothingPVTLTD,https://www.flipkart.com/metronaut-women-printed-casual-blue-shirt/p/itme90cc3a5da9b5,2026-06-29T09:51:50.428664+00:00
Flipkart,Beautylife Women Solid Casual Light Blue Shirt,https://rukmini1.flixcart.com/image/1500/1500/xif0q/shirt/1/d/k/xs-3001-beautylife-original-imag4gf7hgcug3aq-bb.jpeg?q=70,Beautylife,Women Fashion,Shirts,290,1499,80,3.9,277,"XS, S, M, L, XL",Light Blue,Regular Fit,Cotton Blend,,Solid,Beautylife Women Solid Casual Light Blue Shirt - Buy Beautylife Women Solid Casual Light Blue Shirt For Only Rs. 1499.0 Online in India. Shop Online For Apparels. Huge Collection of Branded Clothes Only at Flipkart.com,In Stock,BeautyLife,https://www.flipkart.com/beautylife-women-solid-casual-light-blue-shirt/p/itm46e4f5f07ee81,2026-06-29T09:51:50.428664+00:00
Flipkart,FUNDAY FASHION Women Solid Casual Light Blue Shirt,https://rukmini1.flixcart.com/image/1500/1500/xif0q/shirt/g/h/z/l-sys-sp-0260-61-funday-fashion-original-imahhs35tdygqthf.jpeg?q=70,FUNDAY FASHION,Women Fashion,Shirts,645,1499,56,3.9,180,"S, M, L, XL, XXL",Light Blue 1,Oversized Fit,Denim,,Solid,FUNDAY FASHION Women Solid Casual Light Blue Shirt - Buy FUNDAY FASHION Women Solid Casual Light Blue Shirt For Only Rs. 1499.0 Online in India. Shop Online For Apparels. Huge Collection of Branded Clothes Only at Flipkart.com,In Stock,SYSONLINESTORE,https://www.flipkart.com/funday-fashion-women-solid-casual-light-blue-shirt/p/itma23087e39cfe1,2026-06-29T09:51:50.428664+00:00
Flipkart,"indicare Women Solid Casual Black, Pink Shirt",https://rukmini1.flixcart.com/image/1500/1500/xif0q/shirt/u/t/z/s-topaah-indicare-original-imah6kghg2zh6hxs.jpeg?q=70,indicare,Women Fashion,Shirts,342,1499,77,3.9,25428,"S, M, L, XL",MUL,Regular Fit,Polycotton,,Solid,"indicare Women Solid Casual Black, Pink Shirt - Buy indicare Women Solid Casual Black, Pink Shirt For Only Rs. 1499.0 Online in India. Shop Online For Apparels. Huge Collection of Branded Clothes Only at Flipkart.com",In Stock,jackbella,https://www.flipkart.com/indicare-women-solid-casual-black-pink-shirt/p/itm3269b15f03d5b,2026-06-29T09:51:50.428664+00:00
Flipkart,GHDFSGDHJDFG Women Solid Formal Pink Shirt,https://rukmini1.flixcart.com/image/1500/1500/xif0q/shirt/t/y/b/xxs-we-45-ghdfsgdhjdfg-original-imagnytxeqwzfgqy.jpeg?q=70,GHDFSGDHJDFG,Women Fashion,Shirts,442,1199,63,,,"2XL, 5XL, L, M, S, XL, XS, XXS, 50",RED,Regular Fit,Cotton Blend,,Solid,GHDFSGDHJDFG Women Solid Formal Pink Shirt - Buy GHDFSGDHJDFG Women Solid Formal Pink Shirt For Only Rs. 2355.0 Online in India. Shop Online For Apparels. Huge Collection of Branded Clothes Only at Flipkart.com,In Stock,FRIENDSGLASSHOUSE,https://www.flipkart.com/blue-ronin-women-solid-casual-pink-shirt/p/itmbcb2b1dad5feb,2026-06-29T09:51:50.428664+00:00
Flipkart,YELLOW PINE Women Solid Casual White Shirt,https://rukmini1.flixcart.com/image/1500/1500/xif0q/shirt/q/v/u/m-108-fs-white-yellow-pine-original-imah4pzdnfzwkhhu.jpeg?q=70,YELLOW PINE,Women Fashion,Shirts,411,1299,68,4,2960,"S, M, L, XL, 2XL, 3XL, 4XL, 5XL",White,Regular Fit,Cotton Blend,,Solid,YELLOW PINE Women Solid Casual White Shirt - Buy YELLOW PINE Women Solid Casual White Shirt For Only Rs. 1299.0 Online in India. Shop Online For Apparels. Huge Collection of Branded Clothes Only at Flipkart.com,Out of Stock,YellowPineIN,https://www.flipkart.com/yellow-pine-women-solid-casual-white-shirt/p/itm5d97127198367,2026-06-29T09:51:50.428664+00:00
Flipkart,Prieto Women Solid Formal White Shirt,https://rukmini1.flixcart.com/image/1500/1500/xif0q/shirt/r/u/9/xxl-shirt-qw-frml-prieto-original-imahhnc76khj5rf6.jpeg?q=70,Prieto,Women Fashion,Shirts,273,999,72,3.7,1032,"XS, S, M, L, XL, XXL",SHIRT-QW-FRML-WHITE,Regular Fit,Cotton Blend,,Solid,Prieto Women Solid Formal White Shirt - Buy Prieto Women Solid Formal White Shirt For Only Rs. 999.0 Online in India. Shop Online For Apparels. Huge Collection of Branded Clothes Only at Flipkart.com,In Stock,LMF2,https://www.flipkart.com/prieto-women-solid-formal-white-shirt/p/itme16936c4a61c2,2026-06-29T09:51:50.428664+00:00
Flipkart,Chimpaaanzee Women Checkered Casual Black Shirt,https://rukmini1.flixcart.com/image/1500/1500/xif0q/shirt/o/7/p/m-wsr0275-chimpaaanzee-original-imahgmf3buyduqfq.jpeg?q=70,Chimpaaanzee,Women Fashion,Shirts,510,999,48,4.2,1041,"S, M, L",Black,Regular Fit,Viscose Rayon,,Checkered,Chimpaaanzee Women Checkered Casual Black Shirt - Buy Chimpaaanzee Women Checkered Casual Black Shirt For Only Rs. 999.0 Online in India. Shop Online For Apparels. Huge Collection of Branded Clothes Only at Flipkart.com,In Stock,CHIMPAAANZEE,https://www.flipkart.com/chimpaaanzee-women-checkered-casual-black-shirt/p/itm7301351dffbc7,2026-06-29T09:51:50.428664+00:00
Flipkart,Aahwan Women Solid Casual Yellow Shirt,https://rukmini1.flixcart.com/image/1500/1500/xif0q/shirt/v/0/s/l-354-01-aahwan-original-imahgzj9szrzgqbn.jpeg?q=70,Aahwan,Women Fashion,Shirts,539,1999,73,4,2170,"XS, S, M, L, XL",Yellow,Comfort Fit,Polyester,,Solid,Aahwan Women Solid Casual Yellow Shirt - Buy Aahwan Women Solid Casual Yellow Shirt For Only Rs. 1999.0 Online in India. Shop Online For Apparels. Huge Collection of Branded Clothes Only at Flipkart.com,In Stock,Aahwan,https://www.flipkart.com/aahwan-women-solid-casual-yellow-shirt/p/itm0438a8a8f1a71,2026-06-29T09:51:50.428664+00:00
Flipkart,Femibazaar Women Striped Casual Brown Shirt,https://rukmini1.flixcart.com/image/1500/1500/xif0q/shirt/i/p/y/s-broadbrown-femibazaar-original-imahhgrzzs6geggf.jpeg?q=70,Femibazaar,Women Fashion,Shirts,423,1599,73,4,730,"S, M, L, XL",Brown,Oversized Fit,Pure Cotton,,Striped,Femibazaar Women Striped Casual Brown Shirt - Buy Femibazaar Women Striped Casual Brown Shirt For Only Rs. 1599.0 Online in India. Shop Online For Apparels. Huge Collection of Branded Clothes Only at Flipkart.com,In Stock,The Golden Sew,https://www.flipkart.com/femibazaar-women-striped-casual-brown-shirt/p/itmf9b253f469cfa,2026-06-29T09:51:50.428664+00:00
Flipkart,WHY SO FAB Women Solid Casual Black Shirt,https://rukmini1.flixcart.com/image/1500/1500/xif0q/shirt/t/j/t/s-125-black-aa-why-so-fab-original-imah7ebj9bfdsush.jpeg?q=70,WHY SO FAB,Women Fashion,Shirts,437,1999,78,3.7,811,"S, M, L, XL, XXL",BLACK,Oversized Fit,Pure Cotton,,Solid,WHY SO FAB Women Solid Casual Black Shirt - Buy WHY SO FAB Women Solid Casual Black Shirt For Only Rs. 1999.0 Online in India. Shop Online For Apparels. Huge Collection of Branded Clothes Only at Flipkart.com,In Stock,WHYSOFAB,https://www.flipkart.com/so-fab-women-solid-casual-black-shirt/p/itm55e1b28c290af,2026-06-29T09:51:50.428664+00:00
Flipkart,"English Navy Women Striped Casual Light Blue, Black Shirt",https://rukmini1.flixcart.com/image/1500/1500/xif0q/shirt/r/7/v/xs-3022blue-white-english-navy-original-imags9zz9phtfzqz.jpeg?q=70,English Navy,Women Fashion,Shirts,556,1499,62,4.3,104,"XS, S, M, L, XL",Blue & White,Regular Fit,Polycotton,,Striped,"English Navy Women Striped Casual Light Blue, Black Shirt - Buy English Navy Women Striped Casual Light Blue, Black Shirt For Only Rs. 1499.0 Online in India. Shop Online For Apparels. Huge Collection of Branded Clothes Only at Flipkart.com",Out of Stock,RetailNet,https://www.flipkart.com/english-navy-women-striped-casual-light-blue-black-shirt/p/itm91878affe216d,2026-06-29T09:51:50.428664+00:00
Flipkart,PINACOLADA Women Striped Casual Beige Shirt,https://rukmini1.flixcart.com/image/1500/1500/xif0q/shirt/c/y/t/xl-ss25-cswssrt9528-pinacolada-original-imahe4db8h4vky9s.jpeg?q=70,Pina Colada,Women Fashion,Shirts,511,1499,65,3.8,132,"S, M, L, XL",Beige,Oversized Fit,Cotton Blend,,Striped,PINACOLADA Women Striped Casual Beige Shirt - Buy PINACOLADA Women Striped Casual Beige Shirt For Only Rs. 1499.0 Online in India. Shop Online For Apparels. Huge Collection of Branded Clothes Only at Flipkart.com,In Stock,RetailNet,https://www.flipkart.com/pinacolada-women-striped-casual-beige-shirt/p/itm5f1060276f1ae,2026-06-29T09:51:50.428664+00:00
Flipkart,Roadster Women Solid Casual Maroon Shirt,https://rukmini1.flixcart.com/image/1500/1500/xif0q/shirt/e/6/l/l-road01-shirt-502-roadster-original-imahnyk8hx6qkzsx.jpeg?q=70,Roadster,Women Fashion,Shirts,387,2599,85,4.3,9,"S, M, L, XL",Maroon,Regular Fit,Corduroy,,Solid,Roadster Women Solid Casual Maroon Shirt - Buy Roadster Women Solid Casual Maroon Shirt For Only Rs. 2599.0 Online in India. Shop Online For Apparels. Huge Collection of Branded Clothes Only at Flipkart.com,Out of Stock,69 FASHION STREET,https://www.flipkart.com/roadster-women-solid-casual-maroon-shirt/p/itm6231afc0e9da6,2026-06-29T09:51:50.428664+00:00
Flipkart,Orbom Women Solid Formal White Shirt,https://rukmini1.flixcart.com/image/1500/1500/xif0q/shirt/v/k/x/xxl-f-womenshirtra-novotny-original-imahj83sd5nhvufg.jpeg?q=70,Orbom,Women Fashion,Shirts,262,999,73,,,"S, M, L, XL",formalwhite,Regular Fit,Crepe,,Solid,Orbom Women Solid Formal White Shirt - Buy Orbom Women Solid Formal White Shirt For Only Rs. 1199.0 Online in India. Shop Online For Apparels. Huge Collection of Branded Clothes Only at Flipkart.com,In Stock,BKKANDSONS,https://www.flipkart.com/briem-women-solid-formal-multicolor-shirt/p/itm14c99e5624fb6,2026-06-29T09:51:50.428664+00:00
Flipkart,Tokyo Talkies Women Printed Casual Green Shirt,https://rukmini1.flixcart.com/image/1500/1500/xif0q/shirt/t/l/e/xl-ttsh002375-tokyo-talkies-original-imahce9wfuyvwkyu.jpeg?q=70,Tokyo Talkies,Women Fashion,Shirts,347,899,61,4,120,"S, M, L, XL",LT PINK/GREEN,Regular Fit,Cotton Blend,,Printed,Tokyo Talkies Women Printed Casual Green Shirt - Buy Tokyo Talkies Women Printed Casual Green Shirt For Only Rs. 899.0 Online in India. Shop Online For Apparels. Huge Collection of Branded Clothes Only at Flipkart.com,Out of Stock,HSAtlastradeFashion,https://www.flipkart.com/tokyo-talkies-women-printed-casual-green-shirt/p/itmc6ff2c226d8d8,2026-06-29T09:51:50.428664+00:00
Flipkart,FUNDAY FASHION Women Solid Casual Grey Shirt,https://rukmini1.flixcart.com/image/1500/1500/xif0q/shirt/y/c/w/xl-4868-70-funday-fashion-original-imah8g3czkhyt8gw.jpeg?q=70,FUNDAY FASHION,Women Fashion,Shirts,374,1499,75,4,27916,"S, M, L, XL, XXL",New Grey,Boxy Fit,Viscose Rayon,,Solid,FUNDAY FASHION Women Solid Casual Grey Shirt - Buy FUNDAY FASHION Women Solid Casual Grey Shirt For Only Rs. 1499.0 Online in India. Shop Online For Apparels. Huge Collection of Branded Clothes Only at Flipkart.com,In Stock,SYSONLINESTORE,https://www.flipkart.com/funday-fashion-women-solid-casual-grey-shirt/p/itmb1d81c45b8013,2026-06-29T09:51:50.428664+00:00
Flipkart,Kinjo Women Solid Casual Grey Shirt,https://rukmini1.flixcart.com/image/1500/1500/xif0q/shirt/g/m/u/xxl-market-2023-kinjo-original-imag4dt92vcmh64u-bb.jpeg?q=70,Kinjo,Women Fashion,Shirts,293,999,70,4,10953,"S, M, L, XL, XXL",Grey,Regular Fit,Crepe,,Solid,Kinjo Women Solid Casual Grey Shirt - Buy Kinjo Women Solid Casual Grey Shirt For Only Rs. 999.0 Online in India. Shop Online For Apparels. Huge Collection of Branded Clothes Only at Flipkart.com,In Stock,KPF123,https://www.flipkart.com/kinjo-women-solid-casual-grey-shirt/p/itm0f419ae483072,2026-06-29T09:51:50.428664+00:00
Flipkart,English Navy Women Solid Formal Light Green Shirt,https://rukmini1.flixcart.com/image/1500/1500/xif0q/shirt/b/k/9/l-3015lemon-english-navy-original-imahjnauggqmbr9g.jpeg?q=70,English Navy,Women Fashion,Shirts,583,1199,51,4.1,222,"XS, S, M, L, XL",Lemon,Regular Fit,Polyester,,Solid,English Navy Women Solid Formal Light Green Shirt - Buy English Navy Women Solid Formal Light Green Shirt For Only Rs. 1199.0 Online in India. Shop Online For Apparels. Huge Collection of Branded Clothes Only at Flipkart.com,In Stock,HANCOCK,https://www.flipkart.com/english-navy-women-solid-formal-light-green-shirt/p/itm2e1ad02b99854,2026-06-29T09:51:50.428664+00:00
Flipkart,HouseOfCommon Women Solid Casual Dark Green Shirt,https://rukmini1.flixcart.com/image/1500/1500/xif0q/shirt/e/k/p/xl-hoc330-houseofcommon-original-imahffp8efzewz6b.jpeg?q=70,HouseOfCommon,Women Fashion,Shirts,273,2999,90,3.7,56,"XS, S, M, L, XL, XXL",Olive,Oversized Fit,Viscose Rayon,,Solid,HouseOfCommon Women Solid Casual Dark Green Shirt - Buy HouseOfCommon Women Solid Casual Dark Green Shirt For Only Rs. 2999.0 Online in India. Shop Online For Apparels. Huge Collection of Branded Clothes Only at Flipkart.com,In Stock,HouseOfJogan,https://www.flipkart.com/houseofcommon-women-solid-casual-dark-green-shirt/p/itm546e0b1c37635,2026-06-29T09:51:50.428664+00:00
Flipkart,anmol fashion Women Solid Casual Light Blue Shirt,https://rukmini1.flixcart.com/image/1500/1500/xif0q/shirt/m/h/n/m-light-blue-s-142-a-anmol-fashion-original-imahjnhmxqjjkpn2.jpeg?q=70,anmol fashion,Women Fashion,Shirts,531,1499,64,4.3,44,"M, L, XL, XXL",Light Blue,Regular Fit,Denim,,Solid,anmol fashion Women Solid Casual Light Blue Shirt - Buy anmol fashion Women Solid Casual Light Blue Shirt For Only Rs. 1499.0 Online in India. Shop Online For Apparels. Huge Collection of Branded Clothes Only at Flipkart.com,Out of Stock,Anmolfashion19,https://www.flipkart.com/anmol-fashion-women-solid-casual-light-blue-shirt/p/itmc3840e5933fa3,2026-06-29T09:51:50.428664+00:00
Flipkart,"FUNDAY FASHION Women Solid Casual Black, Dark Green Shirt",https://rukmini1.flixcart.com/image/1500/1500/xif0q/shirt/w/7/4/l-sys4868-061-funday-fashion-original-imagygzzvswhgmpm.jpeg?q=70,FUNDAY FASHION,Women Fashion,Shirts,568,1999,71,4,3337,"S, M, L, XL, XXL","Army Green, Black",Oversized Fit,Viscose Rayon,,Solid,"FUNDAY FASHION Women Solid Casual Black, Dark Green Shirt - Buy FUNDAY FASHION Women Solid Casual Black, Dark Green Shirt For Only Rs. 1999.0 Online in India. Shop Online For Apparels. Huge Collection of Branded Clothes Only at Flipkart.com",In Stock,SYSONLINESTORE,https://www.flipkart.com/funday-fashion-women-solid-casual-black-dark-green-shirt/p/itmef42e45517a93,2026-06-29T09:51:50.428664+00:00
Flipkart,Munga Fashion Women Solid Casual Maroon Shirt,https://rukmini1.flixcart.com/image/1500/1500/xif0q/shirt/b/h/g/s-1205-gehu-garments-original-imag9ghrbfzaeyha.jpeg?q=70,Munga Fashion,Women Fashion,Shirts,240,1499,83,3.9,9936,"S, M, L, XL, XXL, 3XL",Maroon,Regular Fit,Viscose Rayon,,Solid,Munga Fashion Women Solid Casual Maroon Shirt - Buy Munga Fashion Women Solid Casual Maroon Shirt For Only Rs. 999.0 Online in India. Shop Online For Apparels. Huge Collection of Branded Clothes Only at Flipkart.com,In Stock,DAYAEXPORT,https://www.flipkart.com/shrivani-women-solid-formal-maroon-shirt/p/itmfa7b35cdec235,2026-06-29T09:51:50.428664+00:00
Flipkart,PINACOLADA Women Printed Casual Brown Shirt,https://rukmini1.flixcart.com/image/1500/1500/xif0q/shirt/a/c/b/s-ssoct25-pcwssrt3102-pinacolada-original-imahhktbstfeh48y.jpeg?q=70,Pina Colada,Women Fashion,Shirts,511,1499,65,4.2,29,"S, M, L, XL",Brown,Oversized Fit,Polycotton,,Printed,PINACOLADA Women Printed Casual Brown Shirt - Buy PINACOLADA Women Printed Casual Brown Shirt For Only Rs. 1499.0 Online in India. Shop Online For Apparels. Huge Collection of Branded Clothes Only at Flipkart.com,In Stock,RetailNet,https://www.flipkart.com/pinacolada-women-printed-casual-brown-shirt/p/itmd845730b0f41d,2026-06-29T09:51:50.428664+00:00
Flipkart,"kanzul Women Checkered Casual White, Black Shirt",https://rukmini1.flixcart.com/image/1500/1500/keuagsw0-0/shirt/4/h/6/xl-white-black-zogra-original-imafvfnr2uuh7rar.jpeg?q=70,kanzul,Women Fashion,Shirts,225,1299,82,4.2,6,"S, M, L, XL",White and Black,Regular Fit,Cotton Blend,,Checkered,"kanzul Women Checkered Casual White, Black Shirt - Buy kanzul Women Checkered Casual White, Black Shirt For Only Rs. 899.0 Online in India. Shop Online For Apparels. Huge Collection of Branded Clothes Only at Flipkart.com",Out of Stock,Angel Fashion Hub,https://www.flipkart.com/himanshifusion-women-checkered-casual-white-black-shirt/p/itm77fe54a3934e6,2026-06-29T09:51:50.428664+00:00
Flipkart,BAYAAR Women Printed Casual Black Shirt,https://rukmini1.flixcart.com/image/1500/1500/xif0q/top/v/5/d/l-1-southcottontop-thawar-ji-original-imahdz25gkavuafk.jpeg?q=70,BAYAAR,Women Fashion,Shirts,290,999,70,3.9,54,"S, M, L, XL",BLACK H,Regular Fit,Viscose Rayon,,Printed,BAYAAR Women Printed Casual Black Shirt - Buy BAYAAR Women Printed Casual Black Shirt For Only Rs. 999.0 Online in India. Shop Online For Apparels. Huge Collection of Branded Clothes Only at Flipkart.com,In Stock,HINGLAJCREATION,https://www.flipkart.com/bayaar-women-printed-casual-black-shirt/p/itmb08333741be5e,2026-06-29T09:51:50.428664+00:00
Flipkart,FUNDAY FASHION Women Solid Casual Brown Shirt,https://rukmini1.flixcart.com/image/1500/1500/xif0q/shirt/i/a/z/xxl-4898-901-funday-fashion-original-imagz9aqzk4ujt6n.jpeg?q=70,FUNDAY FASHION,Women Fashion,Shirts,317,999,68,3.9,17038,"XS, S, M, L, XL, XXL",Brown,Regular Fit,Crepe,,Solid,FUNDAY FASHION Women Solid Casual Brown Shirt - Buy FUNDAY FASHION Women Solid Casual Brown Shirt For Only Rs. 999.0 Online in India. Shop Online For Apparels. Huge Collection of Branded Clothes Only at Flipkart.com,In Stock,SYSONLINESTORE,https://www.flipkart.com/funday-fashion-women-solid-casual-brown-shirt/p/itm9f1a93dd70ef5,2026-06-29T09:51:50.428664+00:00
Flipkart,Chimpaaanzee Women Checkered Casual Multicolor Shirt,https://rukmini1.flixcart.com/image/1500/1500/xif0q/shirt/n/v/e/l-sr0023-chimpaaanzee-original-imag86k3ejzk2zss-bb.jpeg?q=70,Chimpaaanzee,Women Fashion,Shirts,252,999,74,4,2594,"S, M, L",Multicolor,Regular Fit,Viscose Rayon,,Checkered,Chimpaaanzee Women Checkered Casual Multicolor Shirt - Buy Chimpaaanzee Women Checkered Casual Multicolor Shirt For Only Rs. 999.0 Online in India. Shop Online For Apparels. Huge Collection of Branded Clothes Only at Flipkart.com,Out of Stock,CHIMPAAANZEE,https://www.flipkart.com/chimpaaanzee-women-checkered-casual-multicolor-shirt/p/itm5274ee9650711,2026-06-29T09:51:50.428664+00:00
Flipkart,Blue Ronin Women Solid Formal Light Blue Shirt,https://rukmini1.flixcart.com/image/1500/1500/km3s1ow0/shirt/r/i/s/m-103-fs-sky-blue-ronin-original-imagf38x8j2ypeep.jpeg?q=70,Blue Ronin,Women Fashion,Shirts,430,1199,64,4,4744,"S, M, L, XL, 2XL, 3XL, 4XL, 5XL",Light Blue,Regular Fit,Cotton Blend,,Solid,Blue Ronin Women Solid Formal Light Blue Shirt - Buy Blue Ronin Women Solid Formal Light Blue Shirt For Only Rs. 1199.0 Online in India. Shop Online For Apparels. Huge Collection of Branded Clothes Only at Flipkart.com,In Stock,EQUITECH,https://www.flipkart.com/blue-ronin-women-solid-formal-light-shirt/p/itm6c1632e1ca674,2026-06-29T09:51:50.428664+00:00
Flipkart,Berisha Women Solid Formal White Shirt,https://rukmini1.flixcart.com/image/1500/1500/xif0q/shirt/c/n/d/m-shirtnj-white-berisha-original-imahgmse9dtuvtgd.jpeg?q=70,Berisha,Women Fashion,Shirts,273,999,72,4,157,"S, M, L, XL",White,Slim Fit,Crepe,,Solid,Berisha Women Solid Formal White Shirt - Buy Berisha Women Solid Formal White Shirt For Only Rs. 999.0 Online in India. Shop Online For Apparels. Huge Collection of Branded Clothes Only at Flipkart.com,In Stock,BIGBROTHERANDCOMPANY,https://www.flipkart.com/berisha-women-solid-formal-white-shirt/p/itm1d78710b10a3e,2026-06-29T09:51:50.428664+00:00
Flipkart,Anabiya Rich Collection Women Solid Formal White Shirt,https://rukmini1.flixcart.com/image/1500/1500/xif0q/shirt/c/u/h/s-1011-white-s-anabiya-rich-collection-original-imahjt54yhqsrzbt.jpeg?q=70,Anabiya Rich Collection,Women Fashion,Shirts,362,1699,78,4.2,1527,"S, M, L, XL, XXL",White,Regular Fit,Cotton Blend,,Solid,Anabiya Rich Collection Women Solid Formal White Shirt - Buy Anabiya Rich Collection Women Solid Formal White Shirt For Only Rs. 1699.0 Online in India. Shop Online For Apparels. Huge Collection of Branded Clothes Only at Flipkart.com,In Stock,AnabiyaRichCollection,https://www.flipkart.com/anabiya-rich-collection-women-solid-formal-white-shirt/p/itmccc13232add02,2026-06-29T09:51:50.428664+00:00
Flipkart,RAJENDERANI Women Striped Formal Green Shirt,https://rukmini1.flixcart.com/image/1500/1500/xif0q/shirt/g/0/d/m-4013-fittedshirt-rkp-tealgreen-onaya-fashion-original-imahksdgzfyax4bv.jpeg?q=70,RAJENDERANI,Women Fashion,Shirts,397,999,60,,,"S, M, L, XL, XXL",TEAL GREEN,Slim Fit,Cotton Blend,,Striped,RAJENDERANI Women Striped Formal Green Shirt - Buy RAJENDERANI Women Striped Formal Green Shirt For Only Rs. 999.0 Online in India. Shop Online For Apparels. Huge Collection of Branded Clothes Only at Flipkart.com,In Stock,RAJENDERANICREATION,https://www.flipkart.com/designally-women-striped-formal-green-shirt/p/itmcb45079a01eb1,2026-06-29T09:51:50.428664+00:00
Flipkart,QIOA Women Striped Casual Blue Shirt,https://rukmini1.flixcart.com/image/1500/1500/xif0q/shirt/l/z/c/l-3575qi-qioa-original-imahf7dpgsx3fhdm.jpeg?q=70,QIOA,Women Fashion,Shirts,307,1499,79,3.5,532,"S, M, L, XL",Blue,Oversized Fit,Pure Cotton,,Striped,QIOA Women Striped Casual Blue Shirt - Buy QIOA Women Striped Casual Blue Shirt For Only Rs. 1499.0 Online in India. Shop Online For Apparels. Huge Collection of Branded Clothes Only at Flipkart.com,In Stock,QIOA,https://www.flipkart.com/qioa-women-striped-casual-blue-shirt/p/itm8e2a5322259c7,2026-06-29T09:51:50.428664+00:00
Flipkart,FUNDAY FASHION Women Solid Casual Maroon Shirt,https://rukmini1.flixcart.com/image/1500/1500/xif0q/shirt/x/e/v/xs-4716-19-funday-fashion-original-imahj85kmxqgrz8c.jpeg?q=70,FUNDAY FASHION,Women Fashion,Shirts,354,1090,67,4,7580,"XS, S, M, L, XL, 2XL, 3XL",Maroon,Regular Fit,Viscose Rayon,,Solid,FUNDAY FASHION Women Solid Casual Maroon Shirt - Buy FUNDAY FASHION Women Solid Casual Maroon Shirt For Only Rs. 1499.0 Online in India. Shop Online For Apparels. Huge Collection of Branded Clothes Only at Flipkart.com,In Stock,SYSONLINESTORE,https://www.flipkart.com/funday-fashion-women-solid-casual-maroon-shirt/p/itm36a1085db9811,2026-06-29T09:51:50.428664+00:00
Flipkart,Aashee Women Solid Casual Red Shirt,https://rukmini1.flixcart.com/image/1500/1500/xif0q/shirt/1/b/a/xl-153-maroon-myorica-original-imagzjgy9kphu7bb.jpeg?q=70,Aashee,Women Fashion,Shirts,358,1499,76,4.1,478,"S, M, L, XL, XXL, 3XL",Maroon,Regular Fit,Viscose Rayon,,Solid,Aashee Women Solid Casual Red Shirt - Buy Aashee Women Solid Casual Red Shirt For Only Rs. 1499.0 Online in India. Shop Online For Apparels. Huge Collection of Branded Clothes Only at Flipkart.com,Out of Stock,AasisaImpex,https://www.flipkart.com/aashee-women-solid-casual-red-shirt/p/itm5ce8c7ac6f22f,2026-06-29T09:51:50.428664+00:00
Flipkart,MIRAVUE Women Striped Casual Pink Shirt,https://rukmini1.flixcart.com/image/1500/1500/xif0q/shirt/r/7/d/m-stripe-shirt-03-miravue-original-imahf7grwaz5tzpw.jpeg?q=70,MIRAVUE,Women Fashion,Shirts,271,1699,84,3.8,1675,"S, M, L, XL, XXL",Pink,Relaxed Fit,Cotton Blend,,Striped,MIRAVUE Women Striped Casual Pink Shirt - Buy MIRAVUE Women Striped Casual Pink Shirt For Only Rs. 1999.0 Online in India. Shop Online For Apparels. Huge Collection of Branded Clothes Only at Flipkart.com,In Stock,MIRAVUE,https://www.flipkart.com/ikoniq-women-striped-formal-pink-shirt/p/itm90c057320c120,2026-06-29T09:51:50.428664+00:00
Flipkart,Roadster Women Solid Casual Beige Shirt,https://rukmini1.flixcart.com/image/1500/1500/xif0q/shirt/q/g/t/-original-imahegzrjja23yq2.jpeg?q=70,Roadster,Women Fashion,Shirts,435,2099,79,3.4,39,"XS, S, M, L, XL, XXL",Beige,Relaxed Fit,Pure Cotton,,Solid,Roadster Women Solid Casual Beige Shirt - Buy Roadster Women Solid Casual Beige Shirt For Only Rs. 2099.0 Online in India. Shop Online For Apparels. Huge Collection of Branded Clothes Only at Flipkart.com,In Stock,SAVADIKAFASHION,https://www.flipkart.com/roadster-women-solid-casual-beige-shirt/p/itm8abd958710677,2026-06-29T09:51:50.428664+00:00
Flipkart,kralz Women Solid Formal White Shirt,https://rukmini1.flixcart.com/image/1500/1500/xif0q/shirt/t/3/y/2xl-walmbn21010-21-kralz-original-imahmd3tep97q683.jpeg?q=70,kralz,Women Fashion,Shirts,344,999,65,,,2XL,White,,Pure Cotton,,Solid,kralz Women Solid Formal White Shirt - Buy kralz Women Solid Formal White Shirt For Only Rs. 999.0 Online in India. Shop Online For Apparels. Huge Collection of Branded Clothes Only at Flipkart.com,In Stock,NarayanicreationsDelhi,https://www.flipkart.com/kralz-women-solid-formal-white-shirt/p/itme75bd460691f2,2026-06-29T09:51:50.428664+00:00
Flipkart,Nksa Fashion Women Striped Casual Purple Shirt,https://rukmini1.flixcart.com/image/1500/1500/xif0q/shirt/x/m/9/xs-nks-116-purple-xs-xxl-nksa-fashion-original-imahe4aff9k9cs8r.jpeg?q=70,Nksa Fashion,Women Fashion,Shirts,389,2199,82,4.1,10917,"XS, S, M, L, XL, 2XL, XXL",Purple,Regular Fit,Polycotton,,Striped,Nksa Fashion Women Striped Casual Purple Shirt - Buy Nksa Fashion Women Striped Casual Purple Shirt For Only Rs. 2199.0 Online in India. Shop Online For Apparels. Huge Collection of Branded Clothes Only at Flipkart.com,In Stock,NKSAFASHION,https://www.flipkart.com/nksa-fashion-women-striped-casual-purple-shirt/p/itm8199eef0dfd6d,2026-06-29T09:51:50.428664+00:00
Flipkart,"Nksa Fashion Women Striped Casual Green, White Shirt",https://rukmini1.flixcart.com/image/1500/1500/xif0q/shirt/s/m/k/l-nksa-shirt-0058-grn-nksa-fashion-original-imah99v76vz8hdgb.jpeg?q=70,Nksa Fashion,Women Fashion,Shirts,389,1499,74,4.1,10917,"XS, S, M, L, XL, 2XL, XXL",Green,Regular Fit,Polycotton,,Striped,"Nksa Fashion Women Striped Casual Green, White Shirt - Buy Nksa Fashion Women Striped Casual Green, White Shirt For Only Rs. 1499.0 Online in India. Shop Online For Apparels. Huge Collection of Branded Clothes Only at Flipkart.com",In Stock,NKSAFASHION,https://www.flipkart.com/nksa-fashion-women-striped-casual-green-white-shirt/p/itm5388a2d18c79a,2026-06-29T09:51:50.428664+00:00
Flipkart,kaarchop Women Solid Formal Pink Shirt,https://rukmini1.flixcart.com/image/1500/1500/xif0q/shirt/h/7/r/-original-imahfxfgzcn7epzm.jpeg?q=70,kaarchop,Women Fashion,Shirts,358,899,60,4,1045,"S, M, L",Baby Pink,Regular Fit,Polyester,,Solid,kaarchop Women Solid Formal Pink Shirt - Buy kaarchop Women Solid Formal Pink Shirt For Only Rs. 899.0 Online in India. Shop Online For Apparels. Huge Collection of Branded Clothes Only at Flipkart.com,In Stock,Kaarchop,https://www.flipkart.com/kaarchop-women-solid-formal-pink-shirt/p/itmfd3dd9215ec48,2026-06-29T09:51:50.428664+00:00
Flipkart,GM SARA Women Solid Casual Multicolor Shirt,https://rukmini1.flixcart.com/image/1500/1500/xif0q/shirt/f/m/8/m-women-shirt-02-combo-brown-purple-new-gm-sara-original-imah5z4mbbpmrgrs.jpeg?q=70,GM SARA,Women Fashion,Shirts,375,999,62,,,"M, L, XL",Multicolor,Regular Fit,Cotton Blend,,Solid,GM SARA Women Solid Casual Multicolor Shirt - Buy GM SARA Women Solid Casual Multicolor Shirt For Only Rs. 999.0 Online in India. Shop Online For Apparels. Huge Collection of Branded Clothes Only at Flipkart.com,In Stock,RAHULTRADERSFASHION,https://www.flipkart.com/rahul-traders-women-solid-casual-purple-brown-shirt/p/itmee8a8a5e50338,2026-06-29T09:51:50.428664+00:00
Flipkart,CURVY STREET Women Solid Casual Multicolor Shirt,https://rukmini1.flixcart.com/image/1500/1500/xif0q/shirt/c/a/k/3xl-shr00007395-curvy-street-original-imahf7fdjbz5bkd3.jpeg?q=70,CURVY STREET,Women Fashion,Shirts,395,2199,82,3.7,23,"XXL, 3XL, 4XL, 5XL, 6XL",Rust,Regular Fit,Polyester,,Solid,CURVY STREET Women Solid Casual Multicolor Shirt - Buy CURVY STREET Women Solid Casual Multicolor Shirt For Only Rs. 2199.0 Online in India. Shop Online For Apparels. Huge Collection of Branded Clothes Only at Flipkart.com,In Stock,STREET9,https://www.flipkart.com/curvy-street-women-solid-casual-multicolor-shirt/p/itme12a6dc4056b2,2026-06-29T09:51:50.428664+00:00
Flipkart,"HappyBestie Women Checkered Casual Yellow, White Shirt",https://rukmini1.flixcart.com/image/1500/1500/xif0q/shirt/n/y/f/m-yellow-striped-crop-shirt-for-women-slim-fit-button-front-original-imahhxzkapyghffb.jpeg?q=70,HappyBestie,Women Fashion,Shirts,416,799,47,4.4,987,"XS, S, M, L, XL","White, Yellow",Regular Fit,Polycotton,,Checkered,"HappyBestie Women Checkered Casual Yellow, White Shirt - Buy HappyBestie Women Checkered Casual Yellow, White Shirt For Only Rs. 799.0 Online in India. Shop Online For Apparels. Huge Collection of Branded Clothes Only at Flipkart.com",In Stock,ZIARO,https://www.flipkart.com/happybestie-women-checkered-casual-yellow-white-shirt/p/itm53ae90b1d4973,2026-06-29T09:51:50.428664+00:00
Flipkart,Roadster Women Solid Casual White Shirt,https://rukmini1.flixcart.com/image/1500/1500/xif0q/shirt/2/k/j/-original-imahfhjspqgkhayx.jpeg?q=70,Roadster,Women Fashion,Shirts,322,999,67,3.9,127,"XS, S, M, L, XL, XXL",White,Regular Fit,Viscose Rayon,,Solid,Roadster Women Solid Casual White Shirt - Buy Roadster Women Solid Casual White Shirt For Only Rs. 999.0 Online in India. Shop Online For Apparels. Huge Collection of Branded Clothes Only at Flipkart.com,In Stock,SAVADIKAFASHION,https://www.flipkart.com/roadster-women-solid-casual-white-shirt/p/itm30864a998b830,2026-06-29T09:51:50.428664+00:00
Flipkart,FUNDAY FASHION Women Solid Casual Light Green Shirt,https://rukmini1.flixcart.com/image/1500/1500/xif0q/shirt/w/y/n/s-plainshirt-funday-fashion-original-imagzf2mduwxgdcf.jpeg?q=70,FUNDAY FASHION,Women Fashion,Shirts,330,1499,77,3.9,43474,"XS, S, M, L, XL, XXL, 3XL",Pista Green,Regular Fit,Viscose Rayon,,Solid,FUNDAY FASHION Women Solid Casual Light Green Shirt - Buy FUNDAY FASHION Women Solid Casual Light Green Shirt For Only Rs. 1499.0 Online in India. Shop Online For Apparels. Huge Collection of Branded Clothes Only at Flipkart.com,In Stock,SYSONLINESTORE,https://www.flipkart.com/funday-fashion-women-solid-casual-light-green-shirt/p/itmdcb7a3e64f043,2026-06-29T09:51:50.428664+00:00
Flipkart,PINACOLADA Women Striped Casual Multicolor Shirt,https://rukmini1.flixcart.com/image/1500/1500/xif0q/shirt/9/v/s/m-ssc24-cswssrt5952-campus-sutra-original-imagyt6rfgu4ygfg.jpeg?q=70,Pina Colada,Women Fashion,Shirts,555,1499,62,3.8,1244,"S, M, L, XL",Multicolor,Regular Fit,Pure Cotton,,Striped,PINACOLADA Women Striped Casual Multicolor Shirt - Buy PINACOLADA Women Striped Casual Multicolor Shirt For Only Rs. 1499.0 Online in India. Shop Online For Apparels. Huge Collection of Branded Clothes Only at Flipkart.com,In Stock,HSAtlastradeFashion,https://www.flipkart.com/pinacolada-women-striped-casual-multicolor-shirt/p/itmf3e153ade9691,2026-06-29T09:51:50.428664+00:00
Flipkart,HouseOfCommon Women Solid Casual Pink Shirt,https://rukmini1.flixcart.com/image/1500/1500/xif0q/shirt/4/p/q/xxl-hoc123-pink-houseofcommon-original-imahbbjypw34fwgh.jpeg?q=70,HouseOfCommon,Women Fashion,Shirts,437,2499,82,3.8,265,"S, M, L, XL, XXL",PINK,Oversized Fit,Cotton Blend,,Solid,HouseOfCommon Women Solid Casual Pink Shirt - Buy HouseOfCommon Women Solid Casual Pink Shirt For Only Rs. 1999.0 Online in India. Shop Online For Apparels. Huge Collection of Branded Clothes Only at Flipkart.com,In Stock,Maasa,https://www.flipkart.com/fab-star-women-solid-casual-pink-shirt/p/itm45a2441100f03,2026-06-29T09:51:50.428664+00:00
Flipkart,CURVY STREET Women Solid Casual Pink Shirt,https://rukmini1.flixcart.com/image/1500/1500/xif0q/shirt/t/l/c/3xl-shr00007376-curvy-street-original-imahf7fbvantwunx.jpeg?q=70,CURVY STREET,Women Fashion,Shirts,566,2099,73,4.3,55,"XXL, 3XL, 4XL, 5XL",Pink,Regular Fit,Polyester,,Solid,CURVY STREET Women Solid Casual Pink Shirt - Buy CURVY STREET Women Solid Casual Pink Shirt For Only Rs. 2099.0 Online in India. Shop Online For Apparels. Huge Collection of Branded Clothes Only at Flipkart.com,In Stock,STREET9,https://www.flipkart.com/curvy-street-women-solid-casual-pink-shirt/p/itm8af277a4a2017,2026-06-29T09:51:50.428664+00:00
Flipkart,YELLOW PINE Women Solid Formal Light Blue Shirt,https://rukmini1.flixcart.com/image/1500/1500/xif0q/shirt/q/y/p/s-101-sh-sky-yellow-pine-original-imah4tth7vr5fm9c.jpeg?q=70,YELLOW PINE,Women Fashion,Shirts,409,1299,68,4.1,1902,"S, M, L, XL, 2XL, 3XL, 4XL, 5XL",Light Blue,Regular Fit,Cotton Blend,,Solid,YELLOW PINE Women Solid Formal Light Blue Shirt - Buy YELLOW PINE Women Solid Formal Light Blue Shirt For Only Rs. 1299.0 Online in India. Shop Online For Apparels. Huge Collection of Branded Clothes Only at Flipkart.com,In Stock,YellowPineIN,https://www.flipkart.com/yellow-pine-women-solid-formal-light-blue-shirt/p/itm50865adbb01cc,2026-06-29T09:51:50.428664+00:00
Flipkart,weaRial Women Embroidered Casual Black Shirt,https://rukmini1.flixcart.com/image/1500/1500/xif0q/shirt/p/l/4/xs-rubi-croptop-wearial-original-imahgyukh3k5urv6.jpeg?q=70,weaRial,Women Fashion,Shirts,252,799,68,4.2,1631,"XS, S, M, L, XL, XXL",Black,Regular Fit,Viscose Rayon,,Embroidered,weaRial Women Embroidered Casual Black Shirt - Buy weaRial Women Embroidered Casual Black Shirt For Only Rs. 799.0 Online in India. Shop Online For Apparels. Huge Collection of Branded Clothes Only at Flipkart.com,In Stock,DREAMCREATIONDESIGNER,https://www.flipkart.com/wearial-women-embroidered-casual-black-shirt/p/itm9713bb47c87c0,2026-06-29T09:51:50.428664+00:00
Flipkart,Tokyo Talkies Women Solid Casual Green Shirt,https://rukmini1.flixcart.com/image/1500/1500/xif0q/shirt/z/v/m/s-ttsh001592-tokyo-talkies-original-imagwdvfxhrfnhg6.jpeg?q=70,Tokyo Talkies,Women Fashion,Shirts,379,1749,78,4,1741,"XS, S, M, L, XL",GREEN,Regular Fit,Pure Cotton,,Solid,Tokyo Talkies Women Solid Casual Green Shirt - Buy Tokyo Talkies Women Solid Casual Green Shirt For Only Rs. 1749.0 Online in India. Shop Online For Apparels. Huge Collection of Branded Clothes Only at Flipkart.com,Out of Stock,HSAtlastradeFashion,https://www.flipkart.com/tokyo-talkies-women-solid-casual-green-shirt/p/itm01013601f7df4,2026-06-29T09:51:50.428664+00:00
Flipkart,micus Women Solid Formal Dark Blue Shirt,https://rukmini1.flixcart.com/image/1500/1500/xif0q/shirt/y/r/h/s-women-frml-shirt-fd-monteiro-original-imahjzdjuahm7rnz.jpeg?q=70,micus,Women Fashion,Shirts,367,999,63,4,5,"S, M, L, XL, XXL",Women-FRML-Shirt-FD-DarkGrey&Maroon,Regular Fit,Cotton Blend,,Solid,micus Women Solid Formal Dark Blue Shirt - Buy micus Women Solid Formal Dark Blue Shirt For Only Rs. 999.0 Online in India. Shop Online For Apparels. Huge Collection of Branded Clothes Only at Flipkart.com,In Stock,shreebalajigarment,https://www.flipkart.com/moreira-women-solid-formal-dark-blue-shirt/p/itm0d610140fbcb5,2026-06-29T09:51:50.428664+00:00
Flipkart,Tokyo Talkies Women Solid Casual Orange Shirt,https://rukmini1.flixcart.com/image/1500/1500/xif0q/shirt/o/q/e/s-ttsh001464-tokyo-talkies-original-imagpybgcgkxummv.jpeg?q=70,Tokyo Talkies,Women Fashion,Shirts,563,1899,70,3.8,158,"XS, S, M, L, XL",ORANGE,Regular Fit,Pure Cotton,,Solid,Tokyo Talkies Women Solid Casual Orange Shirt - Buy Tokyo Talkies Women Solid Casual Orange Shirt For Only Rs. 1899.0 Online in India. Shop Online For Apparels. Huge Collection of Branded Clothes Only at Flipkart.com,In Stock,SandSMarketing,https://www.flipkart.com/tokyo-talkies-women-solid-casual-orange-shirt/p/itm91072ead2f036,2026-06-29T09:51:50.428664+00:00
Flipkart,METRONAUT Women Printed Casual Black Shirt,https://rukmini1.flixcart.com/image/1500/1500/xif0q/shirt/k/s/a/xl-sa2-shirt-68-blk-sarrshe-original-imahn9eu6rjtgbbb.jpeg?q=70,METRONAUT,Women Fashion,Shirts,367,999,63,4.4,56,"S, M, L, XL, XXL, 3XL",Black,Boxy Fit,Pure Cotton,,Printed,METRONAUT Women Printed Casual Black Shirt - Buy METRONAUT Women Printed Casual Black Shirt For Only Rs. 999.0 Online in India. Shop Online For Apparels. Huge Collection of Branded Clothes Only at Flipkart.com,In Stock,SAARSHE,https://www.flipkart.com/metronaut-women-printed-casual-black-shirt/p/itm36fcc950e54eb,2026-06-29T09:51:50.428664+00:00
Flipkart,PP TRENDS Women Solid Casual Blue Shirt,https://rukmini1.flixcart.com/image/1500/1500/xif0q/shirt/2/o/z/3xl-pps-w-denim-shirt-ds01-03-pp-trends-original-imahhzh92uudahrv.jpeg?q=70,PP TRENDS,Women Fashion,Shirts,411,1499,72,4,305,"S, M, L, XL, XXL, 3XL, 4XL, 5XL",Blue,Regular Fit,Denim,,Solid,PP TRENDS Women Solid Casual Blue Shirt - Buy PP TRENDS Women Solid Casual Blue Shirt For Only Rs. 1499.0 Online in India. Shop Online For Apparels. Huge Collection of Branded Clothes Only at Flipkart.com,In Stock,PPTRENDS,https://www.flipkart.com/pp-trends-women-solid-casual-blue-shirt/p/itm4eedd3a86ae30,2026-06-29T09:51:50.428664+00:00
Flipkart,FUNDAY FASHION Women Solid Casual Maroon Shirt,https://rukmini1.flixcart.com/image/1500/1500/xif0q/shirt/u/a/i/-original-imahf5bng4nyhhsp.jpeg?q=70,FUNDAY FASHION,Women Fashion,Shirts,358,1299,72,4,27916,"S, M, L, XL, XXL",Dark Purple,Boxy Fit,Viscose Rayon,,Solid,FUNDAY FASHION Women Solid Casual Maroon Shirt - Buy FUNDAY FASHION Women Solid Casual Maroon Shirt For Only Rs. 1299.0 Online in India. Shop Online For Apparels. Huge Collection of Branded Clothes Only at Flipkart.com,In Stock,SYSONLINESTORE,https://www.flipkart.com/funday-fashion-women-solid-casual-maroon-shirt/p/itm0bd553ae3fae7,2026-06-29T09:51:50.428664+00:00
Flipkart,"sikrifab Women Striped Casual Light Blue, White Shirt",https://rukmini1.flixcart.com/image/1500/1500/xif0q/shirt/n/v/k/s-line-shirt-1-sikrifab-original-imahkamgcquzv8tp.jpeg?q=70,sikrifab,Women Fashion,Shirts,340,2199,84,3.5,74,"S, M, L, XL","Light Blue, White",Relaxed Fit,Cotton Linen,,Striped,"sikrifab Women Striped Casual Light Blue, White Shirt - Buy sikrifab Women Striped Casual Light Blue, White Shirt For Only Rs. 699.0 Online in India. Shop Online For Apparels. Huge Collection of Branded Clothes Only at Flipkart.com",In Stock,Suhailinfotech,https://www.flipkart.com/swaggish-women-striped-casual-blue-shirt/p/itmfaef36767c57b,2026-06-29T09:51:50.428664+00:00
Flipkart,Samani Women Checkered Casual White Shirt,https://rukmini1.flixcart.com/image/1500/1500/xif0q/shopsy-shirt/d/r/j/l-check-kansai-shirt-samani-original-imah2nfzeg2dvktk.jpeg?q=70,Samani,Women Fashion,Shirts,234,796,70,3.9,7232,"S, M",WHITE,Regular Fit,Cotton Blend,,Checkered,Samani Women Checkered Casual White Shirt - Buy Samani Women Checkered Casual White Shirt For Only Rs. 796.0 Online in India. Shop Online For Apparels. Huge Collection of Branded Clothes Only at Flipkart.com,In Stock,ALISACREATION,https://www.flipkart.com/samani-women-checkered-casual-white-shirt/p/itmb59d09b462839,2026-06-29T09:51:50.428664+00:00
Flipkart,FUNDAY FASHION Women Solid Casual Black Shirt,https://rukmini1.flixcart.com/image/1500/1500/xif0q/shirt/s/z/3/m-plainshirt-funday-fashion-original-imahf5ywvgjgzvdg.jpeg?q=70,FUNDAY FASHION,Women Fashion,Shirts,335,1099,69,3.9,43474,"XS, S, M, L, XL, XXL, 3XL",Black,Regular Fit,Viscose Rayon,,Solid,FUNDAY FASHION Women Solid Casual Black Shirt - Buy Black FUNDAY FASHION Women Solid Casual Black Shirt For Only Rs. 1099.0 Online in India. Shop Online For Apparels. Huge Collection of Branded Clothes Only at Flipkart.com,In Stock,SYSONLINESTORE,https://www.flipkart.com/funday-fashion-women-solid-casual-black-shirt/p/itm3ce805ff67fed,2026-06-29T09:51:50.428664+00:00
Flipkart,Selvia Women Solid Casual Purple Shirt,https://rukmini1.flixcart.com/image/1500/1500/xif0q/shirt/0/a/1/l-329tk259-selvia-original-imaghra2p74y7ggc.jpeg?q=70,Selvia,Women Fashion,Shirts,397,1663,76,4,10844,"S, M, L, XL",Lavender,Regular Fit,Cotton Blend,,Solid,Selvia Women Solid Casual Purple Shirt - Buy Selvia Women Solid Casual Purple Shirt For Only Rs. 1663.0 Online in India. Shop Online For Apparels. Huge Collection of Branded Clothes Only at Flipkart.com,Out of Stock,SATRANI,https://www.flipkart.com/selvia-women-solid-casual-purple-shirt/p/itm6252feba4b80e,2026-06-29T09:51:50.428664+00:00
Flipkart,FUNDAY FASHION Women Solid Casual Dark Green Shirt,https://rukmini1.flixcart.com/image/1500/1500/xif0q/shirt/w/i/z/3xl-new-shirt-funday-fashion-original-imahysv4zhajbzgm.jpeg?q=70,FUNDAY FASHION,Women Fashion,Shirts,335,1099,69,3.8,7623,"XS, S, M, L, XL, XXL, 3XL",Green,Regular Fit,Viscose Rayon,,Solid,FUNDAY FASHION Women Solid Casual Dark Green Shirt - Buy FUNDAY FASHION Women Solid Casual Dark Green Shirt For Only Rs. 1099.0 Online in India. Shop Online For Apparels. Huge Collection of Branded Clothes Only at Flipkart.com,In Stock,SYSONLINESTORE,https://www.flipkart.com/funday-fashion-women-solid-casual-dark-green-shirt/p/itm39998a7582fc3,2026-06-29T09:51:50.428664+00:00
Flipkart,FUNDAY FASHION Women Solid Casual Dark Green Shirt,https://rukmini1.flixcart.com/image/1500/1500/kkyc9zk0/shirt/o/m/l/xl-sys-new4005-funday-fashion-original-imagy6kkya4qv6x2.jpeg?q=70,FUNDAY FASHION,Women Fashion,Shirts,337,1099,69,3.8,356,"S, M, L, XL",Dark Green,Regular Fit,Viscose Rayon,,Solid,FUNDAY FASHION Women Solid Casual Dark Green Shirt - Buy FUNDAY FASHION Women Solid Casual Dark Green Shirt For Only Rs. 1099.0 Online in India. Shop Online For Apparels. Huge Collection of Branded Clothes Only at Flipkart.com,In Stock,SYSONLINESTORE,https://www.flipkart.com/funday-fashion-women-solid-casual-dark-green-shirt/p/itm37593c2b9c706,2026-06-29T09:51:50.428664+00:00
Flipkart,FUNDAY FASHION Women Solid Casual Black Shirt,https://rukmini1.flixcart.com/image/1500/1500/xif0q/shirt/b/2/w/xxl-new-shirt-funday-fashion-original-imahysv9bka3vefy.jpeg?q=70,FUNDAY FASHION,Women Fashion,Shirts,374,1099,65,3.8,7623,"XS, S, M, L, XL, XXL, 3XL",Black,Regular Fit,Viscose Rayon,,Solid,FUNDAY FASHION Women Solid Casual Black Shirt - Buy FUNDAY FASHION Women Solid Casual Black Shirt For Only Rs. 1099.0 Online in India. Shop Online For Apparels. Huge Collection of Branded Clothes Only at Flipkart.com,In Stock,SYSONLINESTORE,https://www.flipkart.com/funday-fashion-women-solid-casual-black-shirt/p/itm7327c916f075b,2026-06-29T09:51:50.428664+00:00
Flipkart,swaggish Women Striped Casual Blue Shirt,https://rukmini1.flixcart.com/image/1500/1500/xif0q/shirt/b/n/j/l-oversize2stripe-swaggish-original-imahjrzskq3cc9cz.jpeg?q=70,swaggish,Women Fashion,Shirts,335,2199,84,,,"XS, S, M, L, XL",Blue,Regular Fit,Cotton Blend,,Striped,swaggish Women Striped Casual Blue Shirt - Buy swaggish Women Striped Casual Blue Shirt For Only Rs. 2199.0 Online in India. Shop Online For Apparels. Huge Collection of Branded Clothes Only at Flipkart.com,In Stock,TANISHAENTERPRISES2026,https://www.flipkart.com/swaggish-women-striped-casual-blue-shirt/p/itm7950d953bdb5c,2026-06-29T09:51:50.428664+00:00
Flipkart,FUNDAY FASHION Women Solid Casual Pink Shirt,https://rukmini1.flixcart.com/image/1500/1500/xif0q/shirt/h/p/3/-original-imahfgbpzrpzp8mh.jpeg?q=70,FUNDAY FASHION,Women Fashion,Shirts,317,999,68,3.9,17038,"XS, S, M, L, XL, XXL",Pink,Regular Fit,Crepe,,Solid,FUNDAY FASHION Women Solid Casual Pink Shirt - Buy FUNDAY FASHION Women Solid Casual Pink Shirt For Only Rs. 999.0 Online in India. Shop Online For Apparels. Huge Collection of Branded Clothes Only at Flipkart.com,In Stock,SYSONLINESTORE,https://www.flipkart.com/funday-fashion-women-solid-casual-pink-shirt/p/itme182f5537adc0,2026-06-29T09:51:50.428664+00:00
Flipkart,FUNDAY FASHION Women Solid Casual Grey Shirt,https://rukmini1.flixcart.com/image/1500/1500/xif0q/shirt/j/a/2/m-4868-70-funday-fashion-original-imagm5zcudhc4kjd.jpeg?q=70,FUNDAY FASHION,Women Fashion,Shirts,374,1299,71,4,27916,"S, M, L, XL, XXL",Grey,Boxy Fit,Viscose Rayon,,Solid,FUNDAY FASHION Women Solid Casual Grey Shirt - Buy FUNDAY FASHION Women Solid Casual Grey Shirt For Only Rs. 1299.0 Online in India. Shop Online For Apparels. Huge Collection of Branded Clothes Only at Flipkart.com,In Stock,SYSONLINESTORE,https://www.flipkart.com/funday-fashion-women-solid-casual-grey-shirt/p/itmaa1c002f00512,2026-06-29T09:51:50.428664+00:00
Flipkart,SASSAFRAS Women Striped Casual Red Shirt,https://rukmini1.flixcart.com/image/1500/1500/xif0q/shirt/c/6/t/xxl-sfshrt20207-sassafras-original-imaguffjymurtvf6.jpeg?q=70,SASSAFRAS,Women Fashion,Shirts,590,1699,65,4.1,288,"XS, S, M, L, XL, XXL",Red,Boxy Fit,Viscose Rayon,,Striped,SASSAFRAS Women Striped Casual Red Shirt - Buy SASSAFRAS Women Striped Casual Red Shirt For Only Rs. 1699.0 Online in India. Shop Online For Apparels. Huge Collection of Branded Clothes Only at Flipkart.com,Out of Stock,SASSAFRAS,https://www.flipkart.com/sassafras-women-striped-casual-red-shirt/p/itm31bc4860b1883,2026-06-29T09:51:50.428664+00:00
Flipkart,FUNDAY FASHION Women Solid Casual Green Shirt,https://rukmini1.flixcart.com/image/1500/1500/k7c88sw0/shirt/3/d/y/l-ia-1005-furryflair-original-imafpkzbbnthczuh.jpeg?q=70,FUNDAY FASHION,Women Fashion,Shirts,337,1299,74,3.5,35,"S, M, L, XL",Green,Regular Fit,Viscose Rayon,,Solid,FUNDAY FASHION Women Solid Casual Green Shirt - Buy FUNDAY FASHION Women Solid Casual Green Shirt For Only Rs. 1299.0 Online in India. Shop Online For Apparels. Huge Collection of Branded Clothes Only at Flipkart.com,Out of Stock,SYSONLINESTORE,https://www.flipkart.com/funday-fashion-women-solid-casual-green-shirt/p/itm6c31f547539fb,2026-06-29T09:51:50.428664+00:00
Flipkart,FUNDAY FASHION Women Solid Casual Green Shirt,https://rukmini1.flixcart.com/image/1500/1500/xif0q/shirt/y/r/i/xl-sys-pb4868-pb061-funday-fashion-original-imagzgk3qsqfpywr.jpeg?q=70,FUNDAY FASHION,Women Fashion,Shirts,383,1499,74,3.8,331,"S, M, L, XL, XXL",Army Green,Boxy Fit,Viscose Rayon,,Solid,FUNDAY FASHION Women Solid Casual Green Shirt - Buy FUNDAY FASHION Women Solid Casual Green Shirt For Only Rs. 1499.0 Online in India. Shop Online For Apparels. Huge Collection of Branded Clothes Only at Flipkart.com,In Stock,SYSONLINESTORE,https://www.flipkart.com/funday-fashion-women-solid-casual-green-shirt/p/itm45959a8df7a83,2026-06-29T09:51:50.428664+00:00
Flipkart,HOC Women Solid Casual Black Shirt,https://rukmini1.flixcart.com/image/1500/1500/xif0q/shirt/s/w/t/l-hoc1120-green-x-hoc-original-imahc7nwvffee2cg.jpeg?q=70,HOC,Women Fashion,Shirts,445,1799,75,,,"M, L, XL, XXL",Black,Regular Fit,Viscose Rayon,,Solid,HOC Women Solid Casual Black Shirt - Buy HOC Women Solid Casual Black Shirt For Only Rs. 1799.0 Online in India. Shop Online For Apparels. Huge Collection of Branded Clothes Only at Flipkart.com,In Stock,fabstar,https://www.flipkart.com/hoc-women-solid-casual-black-shirt/p/itm0ec0eec95164c,2026-06-29T09:51:50.428664+00:00
Flipkart,FUNDAY FASHION Women Solid Casual Orange Shirt,https://rukmini1.flixcart.com/image/1500/1500/xif0q/shirt/z/i/s/xl-4868-70-funday-fashion-original-imagz9efzdkkqtuw.jpeg?q=70,FUNDAY FASHION,Women Fashion,Shirts,383,1299,70,4,27916,"S, M, L, XL, XXL",Peach,Boxy Fit,Viscose Rayon,,Solid,FUNDAY FASHION Women Solid Casual Orange Shirt - Buy FUNDAY FASHION Women Solid Casual Orange Shirt For Only Rs. 1299.0 Online in India. Shop Online For Apparels. Huge Collection of Branded Clothes Only at Flipkart.com,In Stock,SYSONLINESTORE,https://www.flipkart.com/funday-fashion-women-solid-casual-orange-shirt/p/itm077170f4a2e7f,2026-06-29T09:51:50.428664+00:00
Flipkart,swaggish Women Striped Casual Green Shirt,https://rukmini1.flixcart.com/image/1500/1500/xif0q/shirt/e/q/u/m-line-shirt-swaggish-original-imah8gcakx77ze8u.jpeg?q=70,swaggish,Women Fashion,Shirts,340,2199,84,3.8,2578,"S, M, L, XL, XXL",PISTA GREEN,Regular Fit,Cotton Blend,,Striped,swaggish Women Striped Casual Green Shirt - Buy swaggish Women Striped Casual Green Shirt For Only Rs. 2199.0 Online in India. Shop Online For Apparels. Huge Collection of Branded Clothes Only at Flipkart.com,In Stock,ARABIACREATION,https://www.flipkart.com/swaggish-women-striped-casual-green-shirt/p/itmd2985c5c388d7,2026-06-29T09:51:50.428664+00:00
Flipkart,FUNDAY FASHION Women Solid Casual Maroon Shirt,https://rukmini1.flixcart.com/image/1500/1500/xif0q/shirt/z/q/9/xxl-duplicate-sys-4899-962-funday-fashion-original-imagvrgtwxfd3fwv.jpeg?q=70,FUNDAY FASHION,Women Fashion,Shirts,340,1499,77,3.9,1009,"XS, S, M, L, XL, XXL",Wine,Regular Fit,Crepe,,Solid,FUNDAY FASHION Women Solid Casual Maroon Shirt - Buy FUNDAY FASHION Women Solid Casual Maroon Shirt For Only Rs. 1499.0 Online in India. Shop Online For Apparels. Huge Collection of Branded Clothes Only at Flipkart.com,In Stock,SYSONLINESTORE,https://www.flipkart.com/funday-fashion-women-solid-casual-maroon-shirt/p/itm09973cb55bd23,2026-06-29T09:51:50.428664+00:00
Flipkart,FUNDAY FASHION Women Solid Casual Blue Shirt,https://rukmini1.flixcart.com/image/1500/1500/xif0q/shirt/u/7/c/-original-imahg2gyzm2wtj8p.jpeg?q=70,FUNDAY FASHION,Women Fashion,Shirts,317,999,68,3.9,17038,"XS, S, M, L, XL, XXL",Petrol Blue,Regular Fit,Crepe,,Solid,FUNDAY FASHION Women Solid Casual Blue Shirt - Buy FUNDAY FASHION Women Solid Casual Blue Shirt For Only Rs. 999.0 Online in India. Shop Online For Apparels. Huge Collection of Branded Clothes Only at Flipkart.com,In Stock,SYSONLINESTORE,https://www.flipkart.com/funday-fashion-women-solid-casual-blue-shirt/p/itmf7736fa29646c,2026-06-29T09:51:50.428664+00:00
Flipkart,RAHUL TRADERS Women Solid Casual Brown Shirt,https://rukmini1.flixcart.com/image/1500/1500/xif0q/shirt/9/9/g/xl-fk-rt-02-women-shirt-brown-xl-rt-21-rahul-traders-original-imahhsr3fmcdt8yd.jpeg?q=70,RAHUL TRADERS,Women Fashion,Shirts,333,2499,86,4.7,7,M,Coffee Brown,Regular Fit,Polycotton,,Solid,RAHUL TRADERS Women Solid Casual Brown Shirt - Buy RAHUL TRADERS Women Solid Casual Brown Shirt For Only Rs. 999.0 Online in India. Shop Online For Apparels. Huge Collection of Branded Clothes Only at Flipkart.com,In Stock,RAHULTRADERSFASHION,https://www.flipkart.com/la-ropa-women-solid-casual-brown-shirt/p/itm0004e70ae960f,2026-06-29T09:51:50.428664+00:00
Flipkart,swaggish Women Striped Casual Orange Shirt,https://rukmini1.flixcart.com/image/1500/1500/xif0q/shirt/x/w/r/s-line-shirt-swaggish-original-imahcc29dzhgfcvh.jpeg?q=70,swaggish,Women Fashion,Shirts,340,2199,84,3.8,2578,"S, M, L, XL, XXL",Orange,Regular Fit,Cotton Blend,,Striped,swaggish Women Striped Casual Orange Shirt - Buy swaggish Women Striped Casual Orange Shirt For Only Rs. 2199.0 Online in India. Shop Online For Apparels. Huge Collection of Branded Clothes Only at Flipkart.com,In Stock,ARABIACREATION,https://www.flipkart.com/swaggish-women-striped-casual-orange-shirt/p/itmd727f5b514f31,2026-06-29T09:51:50.428664+00:00
Flipkart,BNS Women Striped Casual Dark Blue Shirt,https://rukmini1.flixcart.com/image/1500/1500/xif0q/shirt/v/6/p/xl-darkstreak-bns-original-imahgv6yxxeyqyf3.jpeg?q=70,BNS,Women Fashion,Shirts,335,2199,84,3.7,81,"S, M, XL",Dark Blue,Regular Fit,Cotton Blend,,Striped,BNS Women Striped Casual Dark Blue Shirt - Buy BNS Women Striped Casual Dark Blue Shirt For Only Rs. 2199.0 Online in India. Shop Online For Apparels. Huge Collection of Branded Clothes Only at Flipkart.com,In Stock,SAIFIENTERPRISES07,https://www.flipkart.com/swaggish-women-striped-casual-dark-blue-shirt/p/itm88583f7b9cc61,2026-06-29T09:51:50.428664+00:00
Flipkart,FUNDAY FASHION Women Solid Casual Maroon Shirt,https://rukmini1.flixcart.com/image/1500/1500/xif0q/shirt/e/7/n/s-4898-901-funday-fashion-original-imagmqfewsvrxufv.jpeg?q=70,FUNDAY FASHION,Women Fashion,Shirts,340,999,65,3.9,17038,"XS, S, M, L, XL, XXL",Wine,Regular Fit,Crepe,,Solid,FUNDAY FASHION Women Solid Casual Maroon Shirt - Buy FUNDAY FASHION Women Solid Casual Maroon Shirt For Only Rs. 999.0 Online in India. Shop Online For Apparels. Huge Collection of Branded Clothes Only at Flipkart.com,In Stock,SYSONLINESTORE,https://www.flipkart.com/funday-fashion-women-solid-casual-maroon-shirt/p/itm575786b6c70bb,2026-06-29T09:51:50.428664+00:00
Flipkart,FUNDAY FASHION Women Solid Casual White Shirt,https://rukmini1.flixcart.com/image/1500/1500/xif0q/shirt/q/8/u/3xl-new-shirt-funday-fashion-original-imahyvwhfbu3nska.jpeg?q=70,FUNDAY FASHION,Women Fashion,Shirts,395,1099,64,3.8,7623,"XS, S, M, L, XL, XXL, 3XL",White,Regular Fit,Viscose Rayon,,Solid,FUNDAY FASHION Women Solid Casual White Shirt - Buy FUNDAY FASHION Women Solid Casual White Shirt For Only Rs. 1099.0 Online in India. Shop Online For Apparels. Huge Collection of Branded Clothes Only at Flipkart.com,In Stock,SYSONLINESTORE,https://www.flipkart.com/funday-fashion-women-solid-casual-white-shirt/p/itm522c59d097c7d,2026-06-29T09:51:50.428664+00:00
Flipkart,HOC Women Solid Casual Black Shirt,https://rukmini1.flixcart.com/image/1500/1500/xif0q/shirt/s/w/t/l-hoc1120-green-x-hoc-original-imahc7nwvffee2cg.jpeg?q=70,HOC,Women Fashion,Shirts,445,1799,75,,,S,Black,Regular Fit,Viscose Rayon,,Solid,HOC Women Solid Casual Black Shirt - Buy HOC Women Solid Casual Black Shirt For Only Rs. 1799.0 Online in India. Shop Online For Apparels. Huge Collection of Branded Clothes Only at Flipkart.com,In Stock,fabstar,https://www.flipkart.com/hoc-women-solid-casual-black-shirt/p/itm09bb3a2ae6934,2026-06-29T09:51:50.428664+00:00
Flipkart,BNS Women Striped Casual Blue Shirt,https://rukmini1.flixcart.com/image/1500/1500/xif0q/shirt/e/p/y/s-shirt61-bns-original-imahfmzzggqqjcf3.jpeg?q=70,BNS,Women Fashion,Shirts,335,2199,84,4,87,"S, M, L, XL, XXL",BLUE,Regular Fit,Cotton Blend,,Striped,BNS Women Striped Casual Blue Shirt - Buy BNS Women Striped Casual Blue Shirt For Only Rs. 2199.0 Online in India. Shop Online For Apparels. Huge Collection of Branded Clothes Only at Flipkart.com,In Stock,SAIFIENTERPRISES07,https://www.flipkart.com/swaggish-women-striped-casual-blue-shirt/p/itm49422df232227,2026-06-29T09:51:50.428664+00:00
Flipkart,HOC Women Solid Casual Black Shirt,https://rukmini1.flixcart.com/image/1500/1500/xif0q/shirt/i/7/n/xxl-dt581-daevish-k-original-imah2qg9w3gfgmaz.jpeg?q=70,HOC,Women Fashion,Shirts,585,1999,70,,,"S, M, L, XL, XXL, 3XL",BLACK,Regular Fit,Viscose Rayon,,Solid,HOC Women Solid Casual Black Shirt - Buy HOC Women Solid Casual Black Shirt For Only Rs. 1999.0 Online in India. Shop Online For Apparels. Huge Collection of Branded Clothes Only at Flipkart.com,In Stock,DAYAEXPORT,https://www.flipkart.com/hoc-women-solid-casual-black-shirt/p/itmaa21016469d0e,2026-06-29T09:51:50.428664+00:00
Flipkart,Shrivani Women Solid Formal Black Shirt,https://rukmini1.flixcart.com/image/1500/1500/xif0q/shirt/8/a/c/l-1205-gehu-garments-original-imag9ghrbayed8f8.jpeg?q=70,Shrivani,Women Fashion,Shirts,279,1199,76,3.8,2207,"S, M, L, XL, XXL",BLACK,Regular Fit,Viscose Rayon,,Solid,Shrivani Women Solid Formal Black Shirt - Buy Shrivani Women Solid Formal Black Shirt For Only Rs. 1499.0 Online in India. Shop Online For Apparels. Huge Collection of Branded Clothes Only at Flipkart.com,In Stock,KISHNAFAB,https://www.flipkart.com/munga-fashion-women-solid-casual-black-shirt/p/itmd460306be4b3b,2026-06-29T09:51:50.428664+00:00
Flipkart,FUNDAY FASHION Women Solid Casual Black Shirt,https://rukmini1.flixcart.com/image/1500/1500/xif0q/shirt/h/s/s/xxl-4898-901-funday-fashion-original-imagmqferjejs7zz.jpeg?q=70,FUNDAY FASHION,Women Fashion,Shirts,335,999,66,3.8,820,"S, M, L, XL, XXL",Black,Regular Fit,Crepe,,Solid,FUNDAY FASHION Women Solid Casual Black Shirt - Buy FUNDAY FASHION Women Solid Casual Black Shirt For Only Rs. 999.0 Online in India. Shop Online For Apparels. Huge Collection of Branded Clothes Only at Flipkart.com,In Stock,SYSONLINESTORE,https://www.flipkart.com/funday-fashion-women-solid-casual-black-shirt/p/itm6c2269b37388c,2026-06-29T09:51:50.428664+00:00
Flipkart,swaggish Women Striped Casual Blue Shirt,https://rukmini1.flixcart.com/image/1500/1500/xif0q/shirt/5/k/j/m-shirt96-swaggish-original-imahjv3bxfnffzsx.jpeg?q=70,swaggish,Women Fashion,Shirts,335,2199,84,,,"S, M, L, XL, XXL",BLUE,Regular Fit,Cotton Blend,,Striped,swaggish Women Striped Casual Blue Shirt - Buy swaggish Women Striped Casual Blue Shirt For Only Rs. 2199.0 Online in India. Shop Online For Apparels. Huge Collection of Branded Clothes Only at Flipkart.com,In Stock,TANISHAENTERPRISES2026,https://www.flipkart.com/swaggish-women-striped-casual-blue-shirt/p/itmb0d9a9be801a1,2026-06-29T09:51:50.428664+00:00
Flipkart,swaggish Women Striped Casual Blue Shirt,https://rukmini1.flixcart.com/image/1500/1500/xif0q/shirt/b/r/n/m-line-shirt-swaggish-original-imahcdgcetujufbz.jpeg?q=70,swaggish,Women Fashion,Shirts,340,2199,84,3.8,2578,"S, M, L, XL, XXL",Blue,Regular Fit,Cotton Blend,,Striped,swaggish Women Striped Casual Blue Shirt - Buy swaggish Women Striped Casual Blue Shirt For Only Rs. 2199.0 Online in India. Shop Online For Apparels. Huge Collection of Branded Clothes Only at Flipkart.com,In Stock,ARABIACREATION,https://www.flipkart.com/swaggish-women-striped-casual-blue-shirt/p/itm10328a2fdcf0a,2026-06-29T09:51:50.428664+00:00
Flipkart,Tokyo Talkies Women Solid Casual Brown Shirt,https://rukmini1.flixcart.com/image/1500/1500/xif0q/shirt/c/j/x/xs-ttsh001847-tokyo-talkies-original-imah6psxsb7ud7hj.jpeg?q=70,Tokyo Talkies,Women Fashion,Shirts,764,2999,74,3.4,49,"XS, S, M, L, XL",TAUPE,Regular Fit,Cotton Blend,,Solid,Tokyo Talkies Women Solid Casual Brown Shirt - Buy Tokyo Talkies Women Solid Casual Brown Shirt For Only Rs. 2999.0 Online in India. Shop Online For Apparels. Huge Collection of Branded Clothes Only at Flipkart.com,Out of Stock,SandSMarketing,https://www.flipkart.com/tokyo-talkies-women-solid-casual-brown-shirt/p/itmacd0c8495b942,2026-06-29T09:51:50.428664+00:00
Flipkart,swaggish Women Striped Casual Green Shirt,https://rukmini1.flixcart.com/image/1500/1500/xif0q/shirt/f/w/e/s-line-shirt-1-swaggish-original-imahbhagawzjckhm.jpeg?q=70,swaggish,Women Fashion,Shirts,324,2199,85,3.6,165,"S, M, L, XL, XXL",RAMA GREEN,Regular Fit,Cotton Blend,,Striped,swaggish Women Striped Casual Green Shirt - Buy swaggish Women Striped Casual Green Shirt For Only Rs. 2199.0 Online in India. Shop Online For Apparels. Huge Collection of Branded Clothes Only at Flipkart.com,In Stock,ARABIACREATION,https://www.flipkart.com/swaggish-women-striped-casual-green-shirt/p/itm9e2c855cd3575,2026-06-29T09:51:50.428664+00:00
Flipkart,swaggish Women Striped Casual Pink Shirt,https://rukmini1.flixcart.com/image/1500/1500/xif0q/shirt/x/z/q/m-line-shirt-1-swaggish-original-imahbhahrwtqb6vp.jpeg?q=70,swaggish,Women Fashion,Shirts,322,2199,85,3.6,165,"S, M, L, XL, XXL",PINK,Regular Fit,Cotton Blend,,Striped,swaggish Women Striped Casual Pink Shirt - Buy swaggish Women Striped Casual Pink Shirt For Only Rs. 2199.0 Online in India. Shop Online For Apparels. Huge Collection of Branded Clothes Only at Flipkart.com,In Stock,ARABIACREATION,https://www.flipkart.com/swaggish-women-striped-casual-pink-shirt/p/itm20c5ede0c97af,2026-06-29T09:51:50.428664+00:00
Flipkart,FUNDAY FASHION Women Solid Casual Blue Shirt,https://rukmini1.flixcart.com/image/1500/1500/xif0q/shirt/o/e/3/l-4898-901-funday-fashion-original-imagmqfeugff5zgz.jpeg?q=70,FUNDAY FASHION,Women Fashion,Shirts,330,999,66,4,371,"S, M, L, XL, XXL",Blue,Regular Fit,Crepe,,Solid,FUNDAY FASHION Women Solid Casual Blue Shirt - Buy FUNDAY FASHION Women Solid Casual Blue Shirt For Only Rs. 999.0 Online in India. Shop Online For Apparels. Huge Collection of Branded Clothes Only at Flipkart.com,In Stock,SYSONLINESTORE,https://www.flipkart.com/funday-fashion-women-solid-casual-blue-shirt/p/itm3472ac36b0438,2026-06-29T09:51:50.428664+00:00
Flipkart,FUNDAY FASHION Women Solid Casual Pink Shirt,https://rukmini1.flixcart.com/image/1500/1500/xif0q/shirt/q/1/u/l-4898-901-funday-fashion-original-imahhs4p9zhptwqn.jpeg?q=70,FUNDAY FASHION,Women Fashion,Shirts,317,1499,78,3.9,17038,"XS, S, M, L, XL, XXL",Salmon Pink,Regular Fit,Crepe,,Solid,FUNDAY FASHION Women Solid Casual Pink Shirt - Buy FUNDAY FASHION Women Solid Casual Pink Shirt For Only Rs. 1499.0 Online in India. Shop Online For Apparels. Huge Collection of Branded Clothes Only at Flipkart.com,In Stock,SYSONLINESTORE,https://www.flipkart.com/funday-fashion-women-solid-casual-pink-shirt/p/itma09f4a553f49d,2026-06-29T09:51:50.428664+00:00
Flipkart,Aaisha Exim Women Solid Casual Maroon Shirt,https://rukmini1.flixcart.com/image/1500/1500/xif0q/shirt/e/y/r/l-330-jt-j-turritopsis-original-imahchwrjrwsbcdt.jpeg?q=70,Aaisha Exim,Women Fashion,Shirts,270,999,72,,,"S, M, L, XL, XXL",Maroon,Regular Fit,Crepe,,Solid,Aaisha Exim Women Solid Casual Maroon Shirt - Buy Aaisha Exim Women Solid Casual Maroon Shirt For Only Rs. 1999.0 Online in India. Shop Online For Apparels. Huge Collection of Branded Clothes Only at Flipkart.com,Out of Stock,AaishaExim,https://www.flipkart.com/j-turritopsis-women-solid-casual-maroon-shirt/p/itm0669531db7cb4,2026-06-29T09:51:50.428664+00:00
Flipkart,LA ROPA Women Solid Casual Black Shirt,https://rukmini1.flixcart.com/image/1500/1500/xif0q/shirt/v/n/t/m-ttc330-1-shirt-the-trending-company-original-imahffgaumqambyz.jpeg?q=70,LA ROPA,Women Fashion,Shirts,330,1499,77,3.4,23,"XS, S, M, L, XL, XXL",Black,Boxy Fit,Viscose Rayon,,Solid,LA ROPA Women Solid Casual Black Shirt - Buy LA ROPA Women Solid Casual Black Shirt For Only Rs. 1499.0 Online in India. Shop Online For Apparels. Huge Collection of Branded Clothes Only at Flipkart.com,In Stock,SitaCreations,https://www.flipkart.com/la-ropa-women-solid-casual-black-shirt/p/itm33a5402bbb05a,2026-06-29T09:51:50.428664+00:00
Flipkart,FUNDAY FASHION Women Solid Casual Dark Green Shirt,https://rukmini1.flixcart.com/image/1500/1500/xif0q/shirt/w/i/z/3xl-new-shirt-funday-fashion-original-imahysv4zhajbzgm.jpeg?q=70,FUNDAY FASHION,Women Fashion,Shirts,354,1499,76,3.8,7623,"XS, S, M, L, XL, XXL, 3XL",Green,Regular Fit,Viscose Rayon,,Solid,FUNDAY FASHION Women Solid Casual Dark Green Shirt - Buy FUNDAY FASHION Women Solid Casual Dark Green Shirt For Only Rs. 1099.0 Online in India. Shop Online For Apparels. Huge Collection of Branded Clothes Only at Flipkart.com,In Stock,SYSONLINESTORE,https://www.flipkart.com/funday-fashion-women-solid-casual-green-shirt/p/itm39998a7582fc3,2026-06-29T09:51:50.428664+00:00
Flipkart,SYSBELLA FASHION Women Solid Casual Light Blue Shirt,https://rukmini1.flixcart.com/image/1500/1500/xif0q/shirt/z/0/z/m-girlwomensuger-sysbella-fashion-original-imah49yf4cnhmzah.jpeg?q=70,SYSBELLA FASHION,Women Fashion,Shirts,269,1199,77,4,136,"XS, S, M, L, XL, XXL",LIGHT BLUE,Regular Fit,Cotton Blend,,Solid,SYSBELLA FASHION Women Solid Casual Light Blue Shirt - Buy SYSBELLA FASHION Women Solid Casual Light Blue Shirt For Only Rs. 1199.0 Online in India. Shop Online For Apparels. Huge Collection of Branded Clothes Only at Flipkart.com,In Stock,THE YOP ENTERPRISE,https://www.flipkart.com/sysbella-fashion-women-solid-casual-light-blue-shirt/p/itmee9b85b9c632f,2026-06-29T09:51:50.428664+00:00
Flipkart,METRONAUT Women Striped Casual Black Shirt,https://rukmini1.flixcart.com/image/1500/1500/xif0q/shirt/o/x/t/l-line-shirt-swaggish-original-imah893q6jq4d2tz.jpeg?q=70,METRONAUT,Women Fashion,Shirts,327,2199,85,3.8,23,"S, M, L, XL, XXL",Black,Regular Fit,Pure Cotton,,Striped,METRONAUT Women Striped Casual Black Shirt - Buy METRONAUT Women Striped Casual Black Shirt For Only Rs. 2199.0 Online in India. Shop Online For Apparels. Huge Collection of Branded Clothes Only at Flipkart.com,In Stock,TANISHAENTERPRISES2026,https://www.flipkart.com/metronaut-women-striped-casual-black-shirt/p/itm5afa54a6a53a8,2026-06-29T09:51:50.428664+00:00
Flipkart,HOC Women Solid Casual Blue Shirt,https://rukmini1.flixcart.com/image/1500/1500/xif0q/shirt/d/t/z/xl-1hoc-line-shirt-1-houseofcommon-original-imahhpkvhrudrdqs.jpeg?q=70,HOC,Women Fashion,Shirts,335,2199,84,3.6,8,"S, M, L, XL, XXL",BLUE,Regular Fit,Cotton Blend,,Solid,HOC Women Solid Casual Blue Shirt - Buy HOC Women Solid Casual Blue Shirt For Only Rs. 2199.0 Online in India. Shop Online For Apparels. Huge Collection of Branded Clothes Only at Flipkart.com,In Stock,FABRIVE,https://www.flipkart.com/hoc-women-solid-casual-blue-shirt/p/itm4523cdfbc9f4d,2026-06-29T09:51:50.428664+00:00
Flipkart,KASHIAN Women Solid Casual Purple Shirt,https://rukmini1.flixcart.com/image/1500/1500/xif0q/shirt/m/z/s/s-zik-zak-oversize-shirt-purple-kashian-original-imah8rbdhhyaesrz.jpeg?q=70,KASHIAN,Women Fashion,Shirts,430,1999,78,3.7,156,"S, M, L, XL",Purple,Regular Fit,Polycotton,,Solid,KASHIAN Women Solid Casual Purple Shirt - Buy KASHIAN Women Solid Casual Purple Shirt For Only Rs. 1999.0 Online in India. Shop Online For Apparels. Huge Collection of Branded Clothes Only at Flipkart.com,Out of Stock,KIU Apparels,https://www.flipkart.com/kashian-women-solid-casual-purple-shirt/p/itm8fb055ae4782b,2026-06-29T09:51:50.428664+00:00
Flipkart,KITKET FASHION Women Solid Casual White Shirt,https://rukmini1.flixcart.com/image/1500/1500/xif0q/shirt/h/t/k/s-woman-shirt-white-m-kitket-fashion-original-imah5wzbgmrxc82n.jpeg?q=70,KITKET FASHION,Women Fashion,Shirts,242,1499,83,4,558,"S, M, L, XL",White,Comfort Fit,Polycotton,,Solid,KITKET FASHION Women Solid Casual White Shirt - Buy KITKET FASHION Women Solid Casual White Shirt For Only Rs. 1999.0 Online in India. Shop Online For Apparels. Huge Collection of Branded Clothes Only at Flipkart.com,Out of Stock,VJFASHION,https://www.flipkart.com/waridashi-women-solid-casual-white-shirt/p/itmafb5670810259,2026-06-29T09:51:50.428664+00:00
Flipkart,"FUNDAY FASHION Women Solid Casual Black, Maroon Shirt",https://rukmini1.flixcart.com/image/1500/1500/xif0q/shirt/m/g/g/xl-new4901-4898-funday-fashion-original-imagnzgvem7h3yah.jpeg?q=70,FUNDAY FASHION,Women Fashion,Shirts,521,1499,65,4,310,"S, M, L, XL, XXL",Black & Magenta,Regular Fit,Crepe,,Solid,"FUNDAY FASHION Women Solid Casual Black, Maroon Shirt - Buy FUNDAY FASHION Women Solid Casual Black, Maroon Shirt For Only Rs. 1499.0 Online in India. Shop Online For Apparels. Huge Collection of Branded Clothes Only at Flipkart.com",In Stock,SYSONLINESTORE,https://www.flipkart.com/funday-fashion-women-solid-casual-black-maroon-shirt/p/itm33ed05784ec45,2026-06-29T09:51:50.428664+00:00
Flipkart,FUNDAY FASHION Women Solid Casual Maroon Shirt,https://rukmini1.flixcart.com/image/1500/1500/xif0q/shirt/c/o/r/m-sys-ai-4898-961-funday-fashion-original-imahgmk9zczkrben.jpeg?q=70,FUNDAY FASHION,Women Fashion,Shirts,358,1499,76,4,61,"S, M, L, XL, XXL",Wine,Regular Fit,Crepe,,Solid,FUNDAY FASHION Women Solid Casual Maroon Shirt - Buy FUNDAY FASHION Women Solid Casual Maroon Shirt For Only Rs. 1499.0 Online in India. Shop Online For Apparels. Huge Collection of Branded Clothes Only at Flipkart.com,In Stock,SYSONLINESTORE,https://www.flipkart.com/funday-fashion-women-solid-casual-maroon-shirt/p/itmb637195b7b83c,2026-06-29T09:51:50.428664+00:00
Flipkart,FUNDAY FASHION Women Solid Casual Black Shirt,https://rukmini1.flixcart.com/image/1500/1500/xif0q/shirt/h/i/k/s-sys-plus-4001-05-funday-fashion-original-imah4gz59gkhzgwy.jpeg?q=70,FUNDAY FASHION,Women Fashion,Shirts,400,1499,73,3.9,1372,"S, M, L, XL, XXL, 3XL",Black,Regular Fit,Viscose Rayon,,Solid,FUNDAY FASHION Women Solid Casual Black Shirt - Buy FUNDAY FASHION Women Solid Casual Black Shirt For Only Rs. 1499.0 Online in India. Shop Online For Apparels. Huge Collection of Branded Clothes Only at Flipkart.com,In Stock,SYSONLINESTORE,https://www.flipkart.com/funday-fashion-women-solid-casual-black-shirt/p/itm435111f981d33,2026-06-29T09:51:50.428664+00:00
Flipkart,HOC Women Solid Casual Black Shirt,https://rukmini1.flixcart.com/image/1500/1500/xif0q/shirt/z/i/7/xl-hoc1120-black-ff-hoc-original-imahc7nvrxndax4p.jpeg?q=70,HOC,Women Fashion,Shirts,445,1799,75,,,"S, M, L, XL, XXL",Black,Regular Fit,Viscose Rayon,,Solid,HOC Women Solid Casual Black Shirt - Buy HOC Women Solid Casual Black Shirt For Only Rs. 1799.0 Online in India. Shop Online For Apparels. Huge Collection of Branded Clothes Only at Flipkart.com,In Stock,fabstar,https://www.flipkart.com/hoc-women-solid-casual-black-shirt/p/itme4dc69ee61b1a,2026-06-29T09:51:50.428664+00:00
Flipkart,HOC Women Solid Casual Dark Green Shirt,https://rukmini1.flixcart.com/image/1500/1500/xif0q/shirt/t/k/a/s-hoc120-green-z-houseofcommon-original-imahbbjyp6epcfyy.jpeg?q=70,HOC,Women Fashion,Shirts,445,1999,77,,,"S, M, L, XL, XXL",Green,Regular Fit,Cotton Blend,,Solid,HOC Women Solid Casual Dark Green Shirt - Buy HOC Women Solid Casual Dark Green Shirt For Only Rs. 1999.0 Online in India. Shop Online For Apparels. Huge Collection of Branded Clothes Only at Flipkart.com,In Stock,Maasa,https://www.flipkart.com/hoc-women-solid-casual-dark-green-shirt/p/itm44a5440421e4e,2026-06-29T09:51:50.428664+00:00
Flipkart,FUNDAY FASHION Women Solid Casual Maroon Shirt,https://rukmini1.flixcart.com/image/1500/1500/xif0q/shirt/j/b/c/xxl-4898-901-funday-fashion-original-imahbb5dp3bsz4xd.jpeg?q=70,FUNDAY FASHION,Women Fashion,Shirts,317,1499,78,3.9,17038,"XS, S, M, L, XL, XXL",Wine 1,Regular Fit,Crepe,,Solid,FUNDAY FASHION Women Solid Casual Maroon Shirt - Buy FUNDAY FASHION Women Solid Casual Maroon Shirt For Only Rs. 1499.0 Online in India. Shop Online For Apparels. Huge Collection of Branded Clothes Only at Flipkart.com,In Stock,SYSONLINESTORE,https://www.flipkart.com/funday-fashion-women-solid-casual-maroon-shirt/p/itmf44afac3b4514,2026-06-29T09:51:50.428664+00:00
Flipkart,RAHUL TRADERS Women Solid Casual Brown Shirt,https://rukmini1.flixcart.com/image/1500/1500/xif0q/shirt/9/9/g/xl-fk-rt-02-women-shirt-brown-xl-rt-21-rahul-traders-original-imahhsr3fmcdt8yd.jpeg?q=70,RAHUL TRADERS,Women Fashion,Shirts,244,999,75,4.7,7,M,Coffee Brown,Regular Fit,Polycotton,,Solid,RAHUL TRADERS Women Solid Casual Brown Shirt - Buy RAHUL TRADERS Women Solid Casual Brown Shirt For Only Rs. 999.0 Online in India. Shop Online For Apparels. Huge Collection of Branded Clothes Only at Flipkart.com,In Stock,RAHULTRADERSFASHION,https://www.flipkart.com/maghma-women-solid-casual-brown-shirt/p/itm0004e70ae960f,2026-06-29T09:51:50.428664+00:00
Flipkart,HOC Women Solid Casual Black Shirt,https://rukmini1.flixcart.com/image/1500/1500/xif0q/shirt/8/c/s/l-hoc120-black-houseofcommon-original-imahbbjybrzfkvbq.jpeg?q=70,HOC,Women Fashion,Shirts,445,1999,77,,,"M, XL",Black,Regular Fit,Cotton Blend,,Solid,HOC Women Solid Casual Black Shirt - Buy HOC Women Solid Casual Black Shirt For Only Rs. 1999.0 Online in India. Shop Online For Apparels. Huge Collection of Branded Clothes Only at Flipkart.com,In Stock,Maasa,https://www.flipkart.com/hoc-women-solid-casual-black-shirt/p/itm9f8eeba89c089,2026-06-29T09:51:50.428664+00:00
Flipkart,FUNDAY FASHION Women Solid Casual Black Shirt,https://rukmini1.flixcart.com/image/1500/1500/xif0q/shirt/r/m/o/s-sys-new4001-funday-fashion-original-imagy6kk7bkgh5mh-bb.jpeg?q=70,FUNDAY FASHION,Women Fashion,Shirts,335,1099,69,3.8,356,"S, M, L, XL",Black,Regular Fit,Viscose Rayon,,Solid,FUNDAY FASHION Women Solid Casual Black Shirt - Buy FUNDAY FASHION Women Solid Casual Black Shirt For Only Rs. 1099.0 Online in India. Shop Online For Apparels. Huge Collection of Branded Clothes Only at Flipkart.com,In Stock,SYSONLINESTORE,https://www.flipkart.com/funday-fashion-women-solid-casual-black-shirt/p/itm483cc44d36508,2026-06-29T09:51:50.428664+00:00
Flipkart,HOC Women Solid Casual Dark Green Shirt,https://rukmini1.flixcart.com/image/1500/1500/xif0q/shirt/o/s/h/xl-hoc120-green-y-houseofcommon-original-imahbbjykzpynmbd.jpeg?q=70,HOC,Women Fashion,Shirts,437,1999,78,,,"S, M, L, XL, XXL",Green,Regular Fit,Cotton Blend,,Solid,HOC Women Solid Casual Dark Green Shirt - Buy HOC Women Solid Casual Dark Green Shirt For Only Rs. 1999.0 Online in India. Shop Online For Apparels. Huge Collection of Branded Clothes Only at Flipkart.com,In Stock,Maasa,https://www.flipkart.com/hoc-women-solid-casual-dark-green-shirt/p/itmcf299d2d050fd,2026-06-29T09:51:50.428664+00:00
Flipkart,Blue Ronin Women Solid Formal White Shirt,https://rukmini1.flixcart.com/image/1500/1500/krz97rk0/shirt/j/3/w/s-kfwshirt021-kicky-original-imag5nfnkmm3jf29.jpeg?q=70,Blue Ronin,Women Fashion,Shirts,655,1199,45,4,4744,"S, M, L, XL, 2XL, 3XL, 4XL, 5XL",White,Regular Fit,Cotton Blend,,Solid,Blue Ronin Women Solid Formal White Shirt - Buy Blue Ronin Women Solid Formal White Shirt For Only Rs. 1299.0 Online in India. Shop Online For Apparels. Huge Collection of Branded Clothes Only at Flipkart.com,In Stock,EQUITECH,https://www.flipkart.com/blue-ronin-women-solid-casual-white-shirt/p/itm2ae31b7e4cad9,2026-06-29T09:51:50.428664+00:00
Flipkart,FUNDAY FASHION Women Solid Casual Pink Shirt,https://rukmini1.flixcart.com/image/1500/1500/jxuq07k0/shirt/6/u/j/l-sys-4001-60-funday-fashion-original-imafhz2gzk8g4kuu.jpeg?q=70,FUNDAY FASHION,Women Fashion,Shirts,330,1099,69,3.6,943,"S, M, L, XL",Pink,Regular Fit,Viscose Rayon,,Solid,FUNDAY FASHION Women Solid Casual Pink Shirt - Buy FUNDAY FASHION Women Solid Casual Pink Shirt For Only Rs. 1099.0 Online in India. Shop Online For Apparels. Huge Collection of Branded Clothes Only at Flipkart.com,In Stock,SYSONLINESTORE,https://www.flipkart.com/funday-fashion-women-solid-casual-pink-shirt/p/itme2a7d5d4876de,2026-06-29T09:51:50.428664+00:00
Flipkart,HOC Women Solid Casual Black Shirt,https://rukmini1.flixcart.com/image/1500/1500/xif0q/shirt/t/m/i/xxl-hoc120-green-x-houseofcommon-original-imahbbjygt8qsyhx.jpeg?q=70,HOC,Women Fashion,Shirts,445,1999,77,,,"S, M, L, XL, XXL",Black,Regular Fit,Cotton Blend,,Solid,HOC Women Solid Casual Black Shirt - Buy HOC Women Solid Casual Black Shirt For Only Rs. 1999.0 Online in India. Shop Online For Apparels. Huge Collection of Branded Clothes Only at Flipkart.com,In Stock,Maasa,https://www.flipkart.com/hoc-women-solid-casual-black-shirt/p/itm19333ef3e0b91,2026-06-29T09:51:50.428664+00:00
Flipkart,PINACOLADA Women Checkered Casual White Shirt,https://rukmini1.flixcart.com/image/1500/1500/xif0q/shirt/k/i/k/xl-ssnew23shrt-chk7-w-pln-whbl-campus-sutra-original-imagpbaapqfu2yqx.jpeg?q=70,Pina Colada,Women Fashion,Shirts,666,1399,52,3.9,912,"S, M, L, XL",White,Regular Fit,Pure Cotton,,Checkered,PINACOLADA Women Checkered Casual White Shirt - Buy PINACOLADA Women Checkered Casual White Shirt For Only Rs. 1399.0 Online in India. Shop Online For Apparels. Huge Collection of Branded Clothes Only at Flipkart.com,Out of Stock,HSAtlastradeFashion,https://www.flipkart.com/pinacolada-women-checkered-casual-white-shirt/p/itmea5455c7bdba2,2026-06-29T09:51:50.428664+00:00
Flipkart,METRONAUT Women Checkered Casual Brown Shirt,https://rukmini1.flixcart.com/image/1500/1500/xif0q/shirt/8/d/m/xl-mn-checks-spoil-shirts-rahulraj-textile-original-imah5g6vydb8c2z5.jpeg?q=70,METRONAUT,Women Fashion,Shirts,412,1999,79,3.8,1104,"S, M, L, XL, XXL",Brown,Regular Fit,Cotton Blend,,Checkered,METRONAUT Women Checkered Casual Brown Shirt - Buy METRONAUT Women Checkered Casual Brown Shirt For Only Rs. 1499.0 Online in India. Shop Online For Apparels. Huge Collection of Branded Clothes Only at Flipkart.com,Out of Stock,KRISTYNE1,https://www.flipkart.com/metronaut-women-checkered-casual-multicolor-shirt/p/itm1dbd3bd0117ea,2026-06-29T09:51:50.428664+00:00
Flipkart,SYSBELLA FASHION Women Solid Casual Dark Green Shirt,https://rukmini1.flixcart.com/image/1500/1500/xif0q/shirt/8/r/n/xxl-wom-shirt-29-sysbella-fashion-original-imahbyhuzbmh2dkx.jpeg?q=70,SYSBELLA FASHION,Women Fashion,Shirts,359,1299,72,,,"XS, S, M, L, XL, XXL",Airfoce,Regular Fit,Cotton Blend,,Solid,SYSBELLA FASHION Women Solid Casual Dark Green Shirt - Buy SYSBELLA FASHION Women Solid Casual Dark Green Shirt For Only Rs. 1299.0 Online in India. Shop Online For Apparels. Huge Collection of Branded Clothes Only at Flipkart.com,In Stock,THE YOP ENTERPRISE,https://www.flipkart.com/sysbella-fashion-women-solid-casual-dark-green-shirt/p/itm683452b19d2a5,2026-06-29T09:51:50.428664+00:00
Flipkart,Tokyo Talkies Women Solid Casual Black Shirt,https://rukmini1.flixcart.com/image/1500/1500/xif0q/shirt/k/h/o/xs-ttsh001851-tokyo-talkies-original-imah6psxntwvfh7h.jpeg?q=70,Tokyo Talkies,Women Fashion,Shirts,630,2949,78,3.9,50,"XS, S, M, L, XL",BLACK,Regular Fit,Cotton Blend,,Solid,Tokyo Talkies Women Solid Casual Black Shirt - Buy Tokyo Talkies Women Solid Casual Black Shirt For Only Rs. 2949.0 Online in India. Shop Online For Apparels. Huge Collection of Branded Clothes Only at Flipkart.com,Out of Stock,HSAtlastradeFashion,https://www.flipkart.com/tokyo-talkies-women-solid-casual-black-shirt/p/itm7a620f74710b7,2026-06-29T09:51:50.428664+00:00
Flipkart,Instafab Plus Women Printed Casual Cream Shirt,https://rukmini1.flixcart.com/image/1500/1500/xif0q/shirt/9/g/7/3xl-smr23-cswsswt149plus-instafab-plus-original-imaghvvsyknhgfct.jpeg?q=70,Instafab Plus,Women Fashion,Shirts,530,1999,73,3.7,110,"3XL, 4XL, 5XL",Cream,Regular Fit,Polyester,,Printed,Instafab Plus Women Printed Casual Cream Shirt - Buy Instafab Plus Women Printed Casual Cream Shirt For Only Rs. 1999.0 Online in India. Shop Online For Apparels. Huge Collection of Branded Clothes Only at Flipkart.com,In Stock,RetailNet,https://www.flipkart.com/instafab-plus-women-printed-casual-cream-shirt/p/itma81624a0653e4,2026-06-29T09:51:50.428664+00:00
Flipkart,Jollity Women Solid Casual Black Shirt,https://rukmini1.flixcart.com/image/1500/1500/xif0q/shirt/k/q/z/l-j7135brups-jollity-original-imaghjxvd9vpu5sh.jpeg?q=70,Jollity,Women Fashion,Shirts,358,999,64,4.4,65,"S, M, L, XL, XXL",Black,Regular Fit,Viscose Rayon,,Solid,Jollity Women Solid Casual Black Shirt - Buy Jollity Women Solid Casual Black Shirt For Only Rs. 999.0 Online in India. Shop Online For Apparels. Huge Collection of Branded Clothes Only at Flipkart.com,In Stock,MANOMAYFASHION,https://www.flipkart.com/jollity-women-solid-casual-black-shirt/p/itm1d433fc4219b9,2026-06-29T09:51:50.428664+00:00
Flipkart,swaggish Women Striped Casual Green Shirt,https://rukmini1.flixcart.com/image/1500/1500/xif0q/shirt/m/b/g/m-ladies-shirt-swaggish-original-imahca444aadsfnr.jpeg?q=70,swaggish,Women Fashion,Shirts,322,2199,85,3.6,168,"S, M, L, XL, XXL",Rama Green,Regular Fit,Cotton Blend,,Striped,swaggish Women Striped Casual Green Shirt - Buy swaggish Women Striped Casual Green Shirt For Only Rs. 2199.0 Online in India. Shop Online For Apparels. Huge Collection of Branded Clothes Only at Flipkart.com,In Stock,ARABIACREATION,https://www.flipkart.com/swaggish-women-striped-casual-green-shirt/p/itm38f6c458d4389,2026-06-29T09:51:50.428664+00:00
Flipkart,FUNDAY FASHION Women Solid Casual Black Shirt,https://rukmini1.flixcart.com/image/1500/1500/xif0q/shirt/9/i/p/xs-plainshirt-funday-fashion-original-imahj4ztj2sknmqe.jpeg?q=70,FUNDAY FASHION,Women Fashion,Shirts,374,1099,65,3.9,43474,"XS, S, M, L, XL, XXL, 3XL",Black1,Regular Fit,Viscose Rayon,,Solid,FUNDAY FASHION Women Solid Casual Black Shirt - Buy FUNDAY FASHION Women Solid Casual Black Shirt For Only Rs. 1499.0 Online in India. Shop Online For Apparels. Huge Collection of Branded Clothes Only at Flipkart.com,In Stock,SYSONLINESTORE,https://www.flipkart.com/funday-fashion-women-solid-casual-black-shirt/p/itm8256019f2ec94,2026-06-29T09:51:50.428664+00:00
Flipkart,Roadster Women Solid Casual White Shirt,https://rukmini1.flixcart.com/image/1500/1500/xif0q/shirt/9/q/x/m-regular-shirt-why-so-fab-original-imahjdgkguhbxzzw.jpeg?q=70,Roadster,Women Fashion,Shirts,501,1999,74,4,41,"S, M, L, XL, XXL",White2,Regular Fit,Pure Cotton,,Solid,Roadster Women Solid Casual White Shirt - Buy Roadster Women Solid Casual White Shirt For Only Rs. 1999.0 Online in India. Shop Online For Apparels. Huge Collection of Branded Clothes Only at Flipkart.com,In Stock,WHYSOFAB,https://www.flipkart.com/roadster-women-solid-casual-white-shirt/p/itma097c464c241d,2026-06-29T09:51:50.428664+00:00
Flipkart,MIRAVUE Women Solid Formal Blue Shirt,https://rukmini1.flixcart.com/image/1500/1500/xif0q/shirt/3/h/r/xl-sugarcane-blue-miravue-original-imahg2zzzhbrfmuc.jpeg?q=70,MIRAVUE,Women Fashion,Shirts,358,2099,82,3.7,62,"S, M, L, XL",Blue,Relaxed Fit,Polycotton,,Solid,MIRAVUE Women Solid Formal Blue Shirt - Buy MIRAVUE Women Solid Formal Blue Shirt For Only Rs. 2099.0 Online in India. Shop Online For Apparels. Huge Collection of Branded Clothes Only at Flipkart.com,In Stock,MIRAVUE,https://www.flipkart.com/miravue-women-solid-formal-blue-shirt/p/itm4c41eb7a69fd4,2026-06-29T09:51:50.428664+00:00
Flipkart,Berisha Women Solid Formal Light Blue Shirt,https://rukmini1.flixcart.com/image/1500/1500/xif0q/shopsy-shirt/o/n/z/xl-womenshirt-formal-crepe-at-berisha-original-imahn8dh8u68rgqw.jpeg?q=70,Berisha,Women Fashion,Shirts,262,1999,86,3.7,6,"S, M, L, XL, XXL",WomenShirt-Formal-Crepe-TA-SkyBlue,Regular Fit,Crepe,,Solid,Berisha Women Solid Formal Light Blue Shirt - Buy Berisha Women Solid Formal Light Blue Shirt For Only Rs. 1999.0 Online in India. Shop Online For Apparels. Huge Collection of Branded Clothes Only at Flipkart.com,In Stock,BIGBROTHERANDCOMPANY,https://www.flipkart.com/novotny-women-solid-formal-light-blue-shirt/p/itm7a1ab0fc1044a,2026-06-29T09:51:50.428664+00:00
Flipkart,MAYKR Women Solid Casual Brown Shirt,https://rukmini1.flixcart.com/image/1500/1500/xif0q/shirt/r/m/n/xxl-2004-dorishirt-rk03-brown-maykr-original-imahnsdsgaxjnzvz.jpeg?q=70,MAYKR,Women Fashion,Shirts,369,999,63,2.8,6,"S, M, L, XL, XXL",BROWN,Regular Fit,Cotton Blend,,Solid,MAYKR Women Solid Casual Brown Shirt - Buy MAYKR Women Solid Casual Brown Shirt For Only Rs. 999.0 Online in India. Shop Online For Apparels. Huge Collection of Branded Clothes Only at Flipkart.com,In Stock,MAYKR,https://www.flipkart.com/maykr-women-solid-casual-brown-shirt/p/itm0e4d329f8bd65,2026-06-29T09:51:50.428664+00:00
Flipkart,Kinjo Women Solid Casual Purple Shirt,https://rukmini1.flixcart.com/image/1500/1500/xif0q/shirt/7/a/k/m-shirt-kinjo-original-imah7huznmaxmwex.jpeg?q=70,Kinjo,Women Fashion,Shirts,283,799,64,3.8,992,"S, M, L, XL, XXL",Dark Purple,Regular Fit,Crepe,,Solid,Kinjo Women Solid Casual Purple Shirt - Buy Kinjo Women Solid Casual Purple Shirt For Only Rs. 799.0 Online in India. Shop Online For Apparels. Huge Collection of Branded Clothes Only at Flipkart.com,In Stock,KPF123,https://www.flipkart.com/kinjo-women-solid-casual-purple-shirt/p/itm2b8ccf5939faf,2026-06-29T09:51:50.428664+00:00
Flipkart,"Nksa Fashion Women Printed Casual Beige, Black, White Shirt",https://rukmini1.flixcart.com/image/1500/1500/xif0q/shopsy-shirt/6/r/4/m-nksa-shirt-64mlt-nksa-fashion-original-imahbpwbzf8nuaqr.jpeg?q=70,Nksa Fashion,Women Fashion,Shirts,389,1499,74,4.2,289,"XS, S, M, L, XL, XXL",Brown,Regular Fit,Viscose Rayon,,Printed,"Nksa Fashion Women Printed Casual Beige, Black, White Shirt - Buy Nksa Fashion Women Printed Casual Beige, Black, White Shirt For Only Rs. 1499.0 Online in India. Shop Online For Apparels. Huge Collection of Branded Clothes Only at Flipkart.com",In Stock,NKSAFASHION,https://www.flipkart.com/nksa-fashion-women-printed-casual-beige-black-white-shirt/p/itm6657dad6ff739,2026-06-29T09:51:50.428664+00:00
Flipkart,ONAYA FASHION Women Solid Formal Maroon Shirt,https://rukmini1.flixcart.com/image/1500/1500/xif0q/shirt/a/g/m/m-4013-fittedshirt-rkp-maroon-theclassictogs-original-imahh4u8aymahj5g.jpeg?q=70,ONAYA FASHION,Women Fashion,Shirts,358,989,63,3.6,8,"S, M, L, XXL",MAROON,Slim Fit,Cotton Blend,,Solid,ONAYA FASHION Women Solid Formal Maroon Shirt - Buy ONAYA FASHION Women Solid Formal Maroon Shirt For Only Rs. 989.0 Online in India. Shop Online For Apparels. Huge Collection of Branded Clothes Only at Flipkart.com,In Stock,ONAYAFASHION,https://www.flipkart.com/new-18-women-solid-formal-maroon-shirt/p/itmd36d76d650e6e,2026-06-29T09:51:50.428664+00:00
Flipkart,RudraRobes Women Striped Casual Pink Shirt,https://rukmini1.flixcart.com/image/1500/1500/xif0q/shirt/s/c/b/s-rrs-020-rudrarobes-original-imahhffhfgs44g84.jpeg?q=70,RudraRobes,Women Fashion,Shirts,317,999,68,3.4,13,M,pink,Regular Fit,Polycotton,,Striped,RudraRobes Women Striped Casual Pink Shirt - Buy RudraRobes Women Striped Casual Pink Shirt For Only Rs. 999.0 Online in India. Shop Online For Apparels. Huge Collection of Branded Clothes Only at Flipkart.com,Out of Stock,RudraRobes,https://www.flipkart.com/rudrarobes-women-striped-casual-pink-shirt/p/itmaa0e5cc89f84f,2026-06-29T09:51:50.428664+00:00
Flipkart,QIOA Women Striped Casual Brown Shirt,https://rukmini1.flixcart.com/image/1500/1500/xif0q/shirt/0/n/a/xl-3590qi-qioa-original-imahhateharaymfq.jpeg?q=70,QIOA,Women Fashion,Shirts,359,1499,76,3.5,532,"S, M, L, XL",Brown,Oversized Fit,Pure Cotton,,Striped,QIOA Women Striped Casual Brown Shirt - Buy QIOA Women Striped Casual Brown Shirt For Only Rs. 1499.0 Online in India. Shop Online For Apparels. Huge Collection of Branded Clothes Only at Flipkart.com,In Stock,QIOA,https://www.flipkart.com/qioa-women-striped-casual-brown-shirt/p/itmac62b553e6403,2026-06-29T09:51:50.428664+00:00
Flipkart,English Navy Women Striped Formal Blue Shirt,https://rukmini1.flixcart.com/image/1500/1500/xif0q/shirt/n/t/8/xl-33945048-english-navy-original-imahgy8cgrkmmmu4.jpeg?q=70,English Navy,Women Fashion,Shirts,556,1499,62,4.4,27,"S, M, L, XL, XXL",Blue,Regular Fit,Pure Cotton,,Striped,English Navy Women Striped Formal Blue Shirt - Buy English Navy Women Striped Formal Blue Shirt For Only Rs. 1499.0 Online in India. Shop Online For Apparels. Huge Collection of Branded Clothes Only at Flipkart.com,In Stock,RetailNet,https://www.flipkart.com/english-navy-women-striped-formal-blue-shirt/p/itm9993a19a495ce,2026-06-29T09:51:50.428664+00:00
Flipkart,GadgetGroom Women Striped Formal Yellow Shirt,https://rukmini1.flixcart.com/image/1500/1500/xif0q/shirt/r/d/s/s-yellow-shirt-small-gadgetgroom-original-imahk8t5yht9byfz.jpeg?q=70,GadgetGroom,Women Fashion,Shirts,344,899,61,3.9,87,"S, M, L, XL",Yellow,Regular Fit,Cotton Blend,,Striped,GadgetGroom Women Striped Formal Yellow Shirt - Buy GadgetGroom Women Striped Formal Yellow Shirt For Only Rs. 899.0 Online in India. Shop Online For Apparels. Huge Collection of Branded Clothes Only at Flipkart.com,Out of Stock,PuriClothing,https://www.flipkart.com/gadgetgroom-women-striped-formal-yellow-shirt/p/itm3886a2bef6e75,2026-06-29T09:51:50.428664+00:00
Flipkart,PINACOLADA Women Solid Casual Beige Shirt,https://rukmini1.flixcart.com/image/1500/1500/xif0q/shirt/l/l/f/m-ssoct25-pcwssrt3092-pinacolada-original-imahhktb7gzka67c.jpeg?q=70,Pina Colada,Women Fashion,Shirts,511,1499,65,3.8,32,"S, M, L, XL",Beige,Oversized Fit,Cotton Blend,,Solid,PINACOLADA Women Solid Casual Beige Shirt - Buy PINACOLADA Women Solid Casual Beige Shirt For Only Rs. 1499.0 Online in India. Shop Online For Apparels. Huge Collection of Branded Clothes Only at Flipkart.com,In Stock,RetailNet,https://www.flipkart.com/pinacolada-women-solid-casual-beige-shirt/p/itmb56a41d9d7fb3,2026-06-29T09:51:50.428664+00:00
Flipkart,"PINACOLADA Women Striped Casual Black, White Shirt",https://rukmini1.flixcart.com/image/1500/1500/xif0q/shirt/p/8/e/l-smpc24-cswssrt5953-pina-colada-original-imahyww53bwqga8n.jpeg?q=70,Pina Colada,Women Fashion,Shirts,628,1499,58,3.7,1518,"S, M, L, XL",Multicolor,Regular Fit,Pure Cotton,,Striped,"PINACOLADA Women Striped Casual Black, White Shirt - Buy PINACOLADA Women Striped Casual Black, White Shirt For Only Rs. 1499.0 Online in India. Shop Online For Apparels. Huge Collection of Branded Clothes Only at Flipkart.com",In Stock,RetailNet,https://www.flipkart.com/pinacolada-women-striped-casual-black-white-shirt/p/itm6716f27df02ff,2026-06-29T09:51:50.428664+00:00
Flipkart,DL Woman Women Solid Casual Orange Shirt,https://rukmini1.flixcart.com/image/1500/1500/xif0q/shirt/w/u/7/m-dlwshw23011-rs-dl-woman-original-imahfnx49aqshnwu.jpeg?q=70,DL Woman,Women Fashion,Shirts,629,2799,77,4,299,"S, M, L, XL, XXL",Rust,Oversized Fit,Viscose Rayon,,Solid,DL Woman Women Solid Casual Orange Shirt - Buy DL Woman Women Solid Casual Orange Shirt For Only Rs. 2799.0 Online in India. Shop Online For Apparels. Huge Collection of Branded Clothes Only at Flipkart.com,In Stock,MENSABRANDS,https://www.flipkart.com/dl-woman-women-solid-casual-orange-shirt/p/itmfa01700a37d92,2026-06-29T09:51:50.428664+00:00
Flipkart,"VASHENTERPRIS Women Checkered Casual White, Black Shirt",https://rukmini1.flixcart.com/image/1500/1500/xif0q/shirt/e/z/3/l-pink-ckeck-shirt-with-top-vashenterpris-original-imagyghrgn5mw8vz.jpeg?q=70,VASHENTERPRIS,Women Fashion,Shirts,216,1199,81,3.8,1799,"S, M, L, XL",BLACK,Regular Fit,Cotton Blend,,Checkered,"VASHENTERPRIS Women Checkered Casual White, Black Shirt - Buy VASHENTERPRIS Women Checkered Casual White, Black Shirt For Only Rs. 1199.0 Online in India. Shop Online For Apparels. Huge Collection of Branded Clothes Only at Flipkart.com",In Stock,Suhailinfotech,https://www.flipkart.com/vashenterpris-women-checkered-casual-white-black-shirt/p/itm1b06ed1d74f0c,2026-06-29T09:51:50.428664+00:00
Flipkart,GM SARA Women Solid Casual Black Shirt,https://rukmini1.flixcart.com/image/1500/1500/xif0q/shirt/c/3/f/xxl-women-shirt-04-gm-sara-original-imahfbtvwhpatnn5.jpeg?q=70,GM SARA,Women Fashion,Shirts,269,999,73,3.9,100,"S, M, L, XL, XXL",Sky,Regular Fit,Polyester,,Solid,GM SARA Women Solid Casual Black Shirt - Buy GM SARA Women Solid Casual Black Shirt For Only Rs. 999.0 Online in India. Shop Online For Apparels. Huge Collection of Branded Clothes Only at Flipkart.com,Out of Stock,MAHAVEERCREATIONS,https://www.flipkart.com/gm-sara-women-solid-casual-black-shirt/p/itm9397334038f44,2026-06-29T09:51:50.428664+00:00
Flipkart,English Navy Women Solid Casual Blue Shirt,https://rukmini1.flixcart.com/image/1500/1500/xif0q/shirt/x/l/k/s-3016blue-english-navy-original-imags9p2zz9qr7gf.jpeg?q=70,English Navy,Women Fashion,Shirts,629,1599,60,4,383,"XS, S, M, L, XL",Blue,Regular Fit,Poly Viscose,,Solid,English Navy Women Solid Casual Blue Shirt - Buy English Navy Women Solid Casual Blue Shirt For Only Rs. 1599.0 Online in India. Shop Online For Apparels. Huge Collection of Branded Clothes Only at Flipkart.com,Out of Stock,RetailNet,https://www.flipkart.com/english-navy-women-solid-casual-blue-shirt/p/itmb491e9aad4f03,2026-06-29T09:51:50.428664+00:00
Flipkart,"MANOJAVA Women Printed Casual Dark Blue, Light Green, White Shirt",https://rukmini1.flixcart.com/image/1500/1500/xif0q/shirt/2/z/g/xxl-mj-7051-manojava-original-imagw79wtzt67eyk.jpeg?q=70,MANOJAVA,Women Fashion,Shirts,254,1599,84,3.9,2845,"S, M, L, XL, XXL, 3XL",Black,Regular Fit,Cotton Blend,,Printed,"MANOJAVA Women Printed Casual Dark Blue, Light Green, White Shirt - Buy MANOJAVA Women Printed Casual Dark Blue, Light Green, White Shirt For Only Rs. 1599.0 Online in India. Shop Online For Apparels. Huge Collection of Branded Clothes Only at Flipkart.com",Out of Stock,MANOJAVAA,https://www.flipkart.com/manojava-women-printed-casual-dark-blue-light-green-white-shirt/p/itmf8c7d83c3fe87,2026-06-29T09:51:50.428664+00:00
Flipkart,THAWAR JI Women Printed Casual Black Shirt,https://rukmini1.flixcart.com/image/1500/1500/xif0q/shirt/u/a/9/s-shirt-thawar-ji-original-imahddzvrzx9hfn6.jpeg?q=70,THAWAR JI,Women Fashion,Shirts,324,999,67,4.1,204,"S, M, L, XL",BLACK,Regular Fit,Viscose Rayon,,Printed,THAWAR JI Women Printed Casual Black Shirt - Buy THAWAR JI Women Printed Casual Black Shirt For Only Rs. 999.0 Online in India. Shop Online For Apparels. Huge Collection of Branded Clothes Only at Flipkart.com,In Stock,DAILYSHIPWORKS,https://www.flipkart.com/bayaar-women-printed-casual-black-shirt/p/itmbec24dd806cf4,2026-06-29T09:51:50.428664+00:00
Flipkart,QIOA Women Striped Casual Pink Shirt,https://rukmini1.flixcart.com/image/1500/1500/xif0q/shopsy-shirt/j/s/j/s-shopsy-3639qi-qioa-original-imahkrzzwuygwqzh.jpeg?q=70,QIOA,Women Fashion,Shirts,386,1499,74,4.2,110,"S, M, L, XL",Pink,Regular Fit,Pure Cotton,,Striped,QIOA Women Striped Casual Pink Shirt - Buy QIOA Women Striped Casual Pink Shirt For Only Rs. 1499.0 Online in India. Shop Online For Apparels. Huge Collection of Branded Clothes Only at Flipkart.com,In Stock,QIOA,https://www.flipkart.com/qioa-women-striped-casual-pink-shirt/p/itm6cf968213a18e,2026-06-29T09:51:50.428664+00:00
Flipkart,SASSAFRAS Women Solid Casual Blue Shirt,https://rukmini1.flixcart.com/image/1500/1500/xif0q/shirt/6/q/e/xxl-sfshrt20602-sassafras-original-imahay2jvkmmyazp.jpeg?q=70,SASSAFRAS,Women Fashion,Shirts,549,1699,67,4.6,10,"S, M, L, XL, XXL",Blue,Oversized Fit,Satin,,Solid,SASSAFRAS Women Solid Casual Blue Shirt - Buy SASSAFRAS Women Solid Casual Blue Shirt For Only Rs. 1699.0 Online in India. Shop Online For Apparels. Huge Collection of Branded Clothes Only at Flipkart.com,In Stock,SASSAFRAS,https://www.flipkart.com/sassafras-women-solid-casual-blue-shirt/p/itm872667ff951da,2026-06-29T09:51:50.428664+00:00
Flipkart,FUNDAY FASHION Women Striped Casual Yellow Shirt,https://rukmini1.flixcart.com/image/1500/1500/xif0q/shirt/t/w/8/m-sys-a0225-28-funday-fashion-original-imahcffmdam8a4fb.jpeg?q=70,FUNDAY FASHION,Women Fashion,Shirts,392,1499,73,3.3,52,"S, M, L, XL, XXL",Yellow,Relaxed Fit,Viscose Rayon,,Striped,FUNDAY FASHION Women Striped Casual Yellow Shirt - Buy FUNDAY FASHION Women Striped Casual Yellow Shirt For Only Rs. 1499.0 Online in India. Shop Online For Apparels. Huge Collection of Branded Clothes Only at Flipkart.com,In Stock,SYSONLINESTORE,https://www.flipkart.com/funday-fashion-women-striped-casual-yellow-shirt/p/itmd8f8c2146ec67,2026-06-29T09:51:50.428664+00:00
Flipkart,TIGERSNAKE Women Striped Casual Orange Shirt,https://rukmini1.flixcart.com/image/1500/1500/xif0q/shirt/g/5/1/m-orange-shirt-m-eversoft-flow-original-imahaemvg2yvzjjc.jpeg?q=70,TIGERSNAKE,Women Fashion,Shirts,330,2499,86,3.8,1854,"S, M, L, XL, XXL",ORANGE,Relaxed Fit,Pure Cotton,,Striped,TIGERSNAKE Women Striped Casual Orange Shirt - Buy TIGERSNAKE Women Striped Casual Orange Shirt For Only Rs. 2499.0 Online in India. Shop Online For Apparels. Huge Collection of Branded Clothes Only at Flipkart.com,In Stock,EVERSOFTINDUSTRIES,https://www.flipkart.com/tigersnake-women-striped-casual-orange-shirt/p/itmaaeb9e359e4b3,2026-06-29T09:51:50.428664+00:00
Flipkart,Fab Star Women Solid Casual White Shirt,https://rukmini1.flixcart.com/image/1500/1500/xif0q/shirt/q/h/v/xl-aj123-white-fab-star-original-imah2fhzb8gqu67q.jpeg?q=70,Fab Star,Women Fashion,Shirts,437,2499,82,3.7,1122,"S, M, L, XL, XXL",WHITE,Boxy Fit,Pure Cotton,,Solid,Fab Star Women Solid Casual White Shirt - Buy Fab Star Women Solid Casual White Shirt For Only Rs. 2499.0 Online in India. Shop Online For Apparels. Huge Collection of Branded Clothes Only at Flipkart.com,In Stock,Maasa,https://www.flipkart.com/fab-star-women-solid-casual-white-shirt/p/itm97421a06cc071,2026-06-29T09:51:50.428664+00:00
Flipkart,"FUBACK Women Striped Casual Black, White Shirt",https://rukmini1.flixcart.com/image/1500/1500/xif0q/shirt/9/x/r/s-w-line04-fuback-original-imahhu4hdvxvahkg.jpeg?q=70,FUBACK,Women Fashion,Shirts,392,1999,80,4.2,167,"S, M, L, XL, XXL","Black, White",Regular Fit,Cotton Blend,,Striped,"FUBACK Women Striped Casual Black, White Shirt - Buy FUBACK Women Striped Casual Black, White Shirt For Only Rs. 1999.0 Online in India. Shop Online For Apparels. Huge Collection of Branded Clothes Only at Flipkart.com",In Stock,FUBACK,https://www.flipkart.com/fuback-women-striped-casual-black-white-shirt/p/itm7fc390682fd50,2026-06-29T09:51:50.428664+00:00
Flipkart,Rangkathaa Women Solid Formal Pink Shirt,https://rukmini1.flixcart.com/image/1500/1500/xif0q/shirt/l/t/3/l-formal-shirt-rangkathaa-original-imahgs5smvhsszwh.jpeg?q=70,Rangkathaa,Women Fashion,Shirts,383,999,61,4.2,33,"XS, S, M, L, XL",Pink,Slim Fit,Cotton Blend,,Solid,Rangkathaa Women Solid Formal Pink Shirt - Buy Rangkathaa Women Solid Formal Pink Shirt For Only Rs. 999.0 Online in India. Shop Online For Apparels. Huge Collection of Branded Clothes Only at Flipkart.com,In Stock,Rangkathaa,https://www.flipkart.com/rangkathaa-women-solid-formal-pink-shirt/p/itmc11a1488ef184,2026-06-29T09:51:50.428664+00:00
Flipkart,zogra Women Solid Casual Green Shirt,https://rukmini1.flixcart.com/image/1500/1500/jo7i07k0/shirt/p/t/n/m-zg003-zogra-original-imafapsyju6rcfcz.jpeg?q=70,zogra,Women Fashion,Shirts,305,1199,74,4.7,3,"S, M, L, XL",Green,Regular Fit,Cotton Blend,,Solid,zogra Women Solid Casual Green Shirt - Buy zogra Women Solid Casual Green Shirt For Only Rs. 1090.0 Online in India. Shop Online For Apparels. Huge Collection of Branded Clothes Only at Flipkart.com,Out of Stock,zogra,https://www.flipkart.com/c-cozami-women-solid-casual-dark-green-shirt/p/itmb571f3e214c85,2026-06-29T09:51:50.428664+00:00
Flipkart,Organic Cleanse Women Solid Formal Pink Shirt,https://rukmini1.flixcart.com/image/1500/1500/xif0q/shirt/p/h/x/4xl-shirt-n-pink-organic-cleanse-original-imahbznnkydugha3.jpeg?q=70,Organic Cleanse,Women Fashion,Shirts,441,1199,63,3.7,13,"XS, S, M, L, XL, XXL, 3XL, 4XL",Pink,Slim Fit,Cotton Blend,,Solid,Organic Cleanse Women Solid Formal Pink Shirt - Buy Organic Cleanse Women Solid Formal Pink Shirt For Only Rs. 1499.0 Online in India. Shop Online For Apparels. Huge Collection of Branded Clothes Only at Flipkart.com,In Stock,Vedant Fashion House,https://www.flipkart.com/blue-ronin-women-solid-formal-pink-shirt/p/itm007cf795d7bbb,2026-06-29T09:51:50.428664+00:00
Flipkart,Munga Fashion Women Solid Casual Black Shirt,https://rukmini1.flixcart.com/image/1500/1500/xif0q/shirt/8/a/c/l-1205-gehu-garments-original-imag9ghrbayed8f8.jpeg?q=70,Munga Fashion,Women Fashion,Shirts,279,1199,76,4,384,"S, M, L, XL, XXL, 3XL",BLACK,Regular Fit,Viscose Rayon,,Solid,Munga Fashion Women Solid Casual Black Shirt - Buy Munga Fashion Women Solid Casual Black Shirt For Only Rs. 1199.0 Online in India. Shop Online For Apparels. Huge Collection of Branded Clothes Only at Flipkart.com,In Stock,DAYAEXPORT,https://www.flipkart.com/munga-fashion-women-solid-casual-black-shirt/p/itm38debfe7b6333,2026-06-29T09:51:50.428664+00:00
Flipkart,kaarchop Women Solid Formal Purple Shirt,https://rukmini1.flixcart.com/image/1500/1500/xif0q/shirt/w/x/j/m-kc-sht-blk-001-kaarchop-original-imahgfzgfns3mng2.jpeg?q=70,kaarchop,Women Fashion,Shirts,360,899,59,4,1045,"S, M, L",Wine,Regular Fit,Polyester,,Solid,kaarchop Women Solid Formal Purple Shirt - Buy kaarchop Women Solid Formal Purple Shirt For Only Rs. 899.0 Online in India. Shop Online For Apparels. Huge Collection of Branded Clothes Only at Flipkart.com,In Stock,Kaarchop,https://www.flipkart.com/kaarchop-women-solid-formal-purple-shirt/p/itmcf4675dc4b1c6,2026-06-29T09:51:50.428664+00:00
Flipkart,Roadster Women Solid Casual Black Shirt,https://rukmini1.flixcart.com/image/1500/1500/xif0q/shirt/5/g/b/l-regular-shirt-coesica-original-imahk46knrrmfwcg.jpeg?q=70,Roadster,Women Fashion,Shirts,501,1999,74,4.2,48,"S, M, L, XL, XXL",Black4,Regular Fit,Pure Cotton,,Solid,Roadster Women Solid Casual Black Shirt - Buy Roadster Women Solid Casual Black Shirt For Only Rs. 1999.0 Online in India. Shop Online For Apparels. Huge Collection of Branded Clothes Only at Flipkart.com,In Stock,WHYSOFAB,https://www.flipkart.com/roadster-women-solid-casual-black-shirt/p/itmf9f02291a5f14,2026-06-29T09:51:50.428664+00:00
Flipkart,Tokyo Talkies Women Solid Casual Blue Shirt,https://rukmini1.flixcart.com/image/1500/1500/xif0q/shirt/c/q/y/m-ttsh002159-tokyo-talkies-original-imah63txbdq4vspx.jpeg?q=70,Tokyo Talkies,Women Fashion,Shirts,371,1799,79,3.6,32,"S, M, L, XL",BLUE,Regular Fit,Cotton Blend,,Solid,Tokyo Talkies Women Solid Casual Blue Shirt - Buy Tokyo Talkies Women Solid Casual Blue Shirt For Only Rs. 1799.0 Online in India. Shop Online For Apparels. Huge Collection of Branded Clothes Only at Flipkart.com,Out of Stock,HSAtlastradeFashion,https://www.flipkart.com/tokyo-talkies-women-solid-casual-blue-shirt/p/itm3ce8ad12184e3,2026-06-29T09:51:50.428664+00:00
Flipkart,"GM SARA Women Solid Casual Red, Grey Shirt",https://rukmini1.flixcart.com/image/1500/1500/xif0q/shirt/y/x/q/xxl-women-shirt-02-marron-grey-gm-sara-original-imahers2wpgc3m5g.jpeg?q=70,GM SARA,Women Fashion,Shirts,362,1499,75,3.8,915,"M, L, XL, XXL",MARRON GREY,Regular Fit,Polyester,,Solid,"GM SARA Women Solid Casual Red, Grey Shirt - Buy GM SARA Women Solid Casual Red, Grey Shirt For Only Rs. 1499.0 Online in India. Shop Online For Apparels. Huge Collection of Branded Clothes Only at Flipkart.com",In Stock,MAHAVEERCREATIONS,https://www.flipkart.com/gm-sara-women-solid-casual-red-grey-shirt/p/itm02fac0bbcafaf,2026-06-29T09:51:50.428664+00:00
Flipkart,"MAGHMA Women Solid Casual Dark Blue, Pink Shirt",https://rukmini1.flixcart.com/image/1500/1500/xif0q/shirt/o/l/r/l-rt02combo-maghma-original-imahf4z5hqyuhn4q.jpeg?q=70,MAGHMA,Women Fashion,Shirts,377,3499,89,3.8,1242,"M, L, XL, XXL","Blue, Lavender",Regular Fit,Polyester,,Solid,"MAGHMA Women Solid Casual Dark Blue, Pink Shirt - Buy MAGHMA Women Solid Casual Dark Blue, Pink Shirt For Only Rs. 3499.0 Online in India. Shop Online For Apparels. Huge Collection of Branded Clothes Only at Flipkart.com",In Stock,RAHULTRADERSFASHION,https://www.flipkart.com/maghma-women-solid-casual-dark-blue-pink-shirt/p/itmfdd8bba94e3fd,2026-06-29T09:51:50.428664+00:00
Flipkart,"Hancock Women Striped Formal White, Blue Shirt",https://rukmini1.flixcart.com/image/1500/1500/xif0q/shirt/m/q/z/l-13098blue-white-hancock-original-imagghab9nu6qha9.jpeg?q=70,Hancock,Women Fashion,Shirts,613,1999,69,4.4,44,"S, M, L, XL",Blue-White,Slim Fit,Pure Cotton,,Striped,"Hancock Women Striped Formal White, Blue Shirt - Buy Hancock Women Striped Formal White, Blue Shirt For Only Rs. 1999.0 Online in India. Shop Online For Apparels. Huge Collection of Branded Clothes Only at Flipkart.com",In Stock,RetailNet,https://www.flipkart.com/hancock-women-striped-formal-white-blue-shirt/p/itmc5e40712cafbf,2026-06-29T09:51:50.428664+00:00
Flipkart,ALL WAYS YOU Women Solid Casual Orange Shirt,https://rukmini1.flixcart.com/image/1500/1500/xif0q/shirt/r/1/u/xxl-a2107stru619-all-ways-you-original-imahk3y675ax58fv.jpeg?q=70,ALL WAYS YOU,Women Fashion,Shirts,397,1475,73,4.1,3537,"XS, S, M, L, XL, 2XL, XXL",Rust,Regular Fit,Crepe,,Solid,ALL WAYS YOU Women Solid Casual Orange Shirt - Buy ALL WAYS YOU Women Solid Casual Orange Shirt For Only Rs. 1475.0 Online in India. Shop Online For Apparels. Huge Collection of Branded Clothes Only at Flipkart.com,In Stock,ALLWAYSYOUPvtLtd,https://www.flipkart.com/all-ways-you-women-solid-casual-orange-shirt/p/itmd113ddf891b93,2026-06-29T09:51:50.428664+00:00
Flipkart,FUNDAY FASHION Women Solid Casual White Shirt,https://rukmini1.flixcart.com/image/1500/1500/xif0q/shirt/f/f/v/s-sys-4884-88-funday-fashion-original-imagnhsmbexmbgh5.jpeg?q=70,FUNDAY FASHION,Women Fashion,Shirts,367,1329,72,3.8,17653,"XS, S, M, L, XL, XXL",White,Regular Fit,Satin,,Solid,FUNDAY FASHION Women Solid Casual White Shirt - Buy FUNDAY FASHION Women Solid Casual White Shirt For Only Rs. 1329.0 Online in India. Shop Online For Apparels. Huge Collection of Branded Clothes Only at Flipkart.com,In Stock,SYSONLINESTORE,https://www.flipkart.com/funday-fashion-women-solid-casual-white-shirt/p/itm360a5398e17b5,2026-06-29T09:51:50.428664+00:00
Flipkart,RAHUL TRADERS Women Solid Casual Maroon Shirt,https://rukmini1.flixcart.com/image/1500/1500/xif0q/shirt/s/q/e/xl-n-women-shirt-02-rahultraders-original-imahdmrrkmf6ys9j.jpeg?q=70,RAHUL TRADERS,Women Fashion,Shirts,243,699,65,4.3,51,"M, L, XL, 2XL",Maroon,Regular Fit,Polyester,,Solid,RAHUL TRADERS Women Solid Casual Maroon Shirt - Buy RAHUL TRADERS Women Solid Casual Maroon Shirt For Only Rs. 699.0 Online in India. Shop Online For Apparels. Huge Collection of Branded Clothes Only at Flipkart.com,In Stock,RAHULTRADERSFASHION,https://www.flipkart.com/rahul-traders-women-solid-casual-maroon-shirt/p/itmf52d22fa40055,2026-06-29T09:51:50.428664+00:00
Flipkart,NEWURBUNFASHION Women Striped Casual Pink Shirt,https://rukmini1.flixcart.com/image/1500/1500/xif0q/shirt/y/p/i/l-striped-style-shirt-newurbunfashion-original-imahzyfckrhmrv7t.jpeg?q=70,NEWURBUNFASHION,Women Fashion,Shirts,315,999,68,1.7,3,"S, M",Pink,,Pure Cotton,,Striped,NEWURBUNFASHION Women Striped Casual Pink Shirt - Buy NEWURBUNFASHION Women Striped Casual Pink Shirt For Only Rs. 999.0 Online in India. Shop Online For Apparels. Huge Collection of Branded Clothes Only at Flipkart.com,In Stock,NEWURBUNFASHION,https://www.flipkart.com/newurbunfashion-women-striped-casual-pink-shirt/p/itm8462c92e10739,2026-06-29T09:51:50.428664+00:00
Flipkart,Freehand by The Indian Garage Co. Women Solid Casual Orange Shirt,https://rukmini1.flixcart.com/image/1500/1500/xif0q/shirt/t/o/a/-original-imahg2gfbhknzbgn.jpeg?q=70,Freehand,Women Fashion,Shirts,460,2049,77,3.7,101,"XS, S, M, L, XL",Orange,,Pure Cotton,,Solid,Freehand by The Indian Garage Co. Women Solid Casual Orange Shirt - Buy Freehand by The Indian Garage Co. Women Solid Casual Orange Shirt For Only Rs. 2049.0 Online in India. Shop Online For Apparels. Huge Collection of Branded Clothes Only at Flipkart.com,Out of Stock,TheIndianGarageCo,https://www.flipkart.com/freehand-indian-garage-co-women-solid-casual-orange-shirt/p/itmfba20f8409f48,2026-06-29T09:51:50.428664+00:00
Flipkart,Cinders Women Solid Casual Light Blue Shirt,https://rukmini1.flixcart.com/image/1500/1500/xif0q/shirt/t/h/d/4xl-202306-003-cinders-original-imagtrftbg9jdhwh.jpeg?q=70,Cinders,Women Fashion,Shirts,369,1499,75,4.2,154,"S, M, L, XL, 2XL, 3XL, 5XL",Sky Blue,Regular Fit,Pure Cotton,,Solid,Cinders Women Solid Casual Light Blue Shirt - Buy Cinders Women Solid Casual Light Blue Shirt For Only Rs. 1499.0 Online in India. Shop Online For Apparels. Huge Collection of Branded Clothes Only at Flipkart.com,In Stock,indiaonline1,https://www.flipkart.com/cinders-women-solid-casual-light-blue-shirt/p/itm8438d74c10d76,2026-06-29T09:51:50.428664+00:00
Flipkart,SASSAFRAS Women Solid Casual Red Shirt,https://rukmini1.flixcart.com/image/1500/1500/xif0q/shirt/e/n/h/xs-sfshrt20140-sassafras-original-imagrhdd8bzx9y6g.jpeg?q=70,SASSAFRAS,Women Fashion,Shirts,614,1799,65,3.7,233,"XS, S, M, L, XL, XXL",Red,Boxy Fit,Pure Cotton,,Solid,SASSAFRAS Women Solid Casual Red Shirt - Buy SASSAFRAS Women Solid Casual Red Shirt For Only Rs. 1799.0 Online in India. Shop Online For Apparels. Huge Collection of Branded Clothes Only at Flipkart.com,In Stock,SASSAFRAS,https://www.flipkart.com/sassafras-women-solid-casual-red-shirt/p/itm8fc93b3334784,2026-06-29T09:51:50.428664+00:00
Flipkart,FUNDAY FASHION Women Solid Casual Light Green Shirt,https://rukmini1.flixcart.com/image/1500/1500/xif0q/shirt/m/t/f/m-4868-70-funday-fashion-original-imagy5f4mhw2j9cx.jpeg?q=70,FUNDAY FASHION,Women Fashion,Shirts,383,1499,74,4,27916,"S, M, L, XL, XXL",Pista Green,Boxy Fit,Viscose Rayon,,Solid,FUNDAY FASHION Women Solid Casual Light Green Shirt - Buy FUNDAY FASHION Women Solid Casual Light Green Shirt For Only Rs. 1499.0 Online in India. Shop Online For Apparels. Huge Collection of Branded Clothes Only at Flipkart.com,In Stock,SYSONLINESTORE,https://www.flipkart.com/funday-fashion-women-solid-casual-light-green-shirt/p/itm2333cbfd4df13,2026-06-29T09:51:50.428664+00:00
Flipkart,PINACOLADA Women Striped Casual Multicolor Shirt,https://rukmini1.flixcart.com/image/1500/1500/xif0q/shirt/o/1/u/l-ssw24-cswssrt7585-campus-sutra-original-imah5r8g6pyy9d2h.jpeg?q=70,Pina Colada,Women Fashion,Shirts,698,1499,53,3.8,204,"S, M, L, XL",Multicolor,Oversized Fit,Polycotton,,Striped,PINACOLADA Women Striped Casual Multicolor Shirt - Buy PINACOLADA Women Striped Casual Multicolor Shirt For Only Rs. 1499.0 Online in India. Shop Online For Apparels. Huge Collection of Branded Clothes Only at Flipkart.com,Out of Stock,HSAtlastradeFashion,https://www.flipkart.com/pinacolada-women-striped-casual-multicolor-shirt/p/itmb4f296e477c52,2026-06-29T09:51:50.428664+00:00
Flipkart,MOONXS Women Solid Casual Black Shirt,https://rukmini1.flixcart.com/image/1500/1500/xif0q/shirt/u/b/1/l-nr-080426-5801-women-04-moonxs-original-imahmb3yvgenyzvu.jpeg?q=70,MOONXS,Women Fashion,Shirts,344,1049,67,4,9,"S, M, L, XL, 2XL, 3XL, 4XL, 5XL",Black,Regular Fit,Cotton Blend,,Solid,MOONXS Women Solid Casual Black Shirt - Buy MOONXS Women Solid Casual Black Shirt For Only Rs. 1049.0 Online in India. Shop Online For Apparels. Huge Collection of Branded Clothes Only at Flipkart.com,In Stock,NIGAMENTERPRIS,https://www.flipkart.com/moonxs-women-solid-casual-black-shirt/p/itm8545332e87b25,2026-06-29T09:51:50.428664+00:00
Flipkart,RARE CAMEL Women Solid Casual Yellow Shirt,https://rukmini1.flixcart.com/image/1500/1500/xif0q/shirt/n/c/l/m-2025-rare-camel-original-imahahtczfsvgfru.jpeg?q=70,RARE CAMEL,Women Fashion,Shirts,389,1599,75,3.9,647,"S, M, L, XL, XXL",Lemon,Regular Fit,Polycotton,,Solid,RARE CAMEL Women Solid Casual Yellow Shirt - Buy RARE CAMEL Women Solid Casual Yellow Shirt For Only Rs. 1599.0 Online in India. Shop Online For Apparels. Huge Collection of Branded Clothes Only at Flipkart.com,Out of Stock,MSAAYRAFASHION,https://www.flipkart.com/rare-camel-women-solid-casual-yellow-shirt/p/itmb8bbec0bb1b17,2026-06-29T09:51:50.428664+00:00
Flipkart,Blue Ronin Women Solid Casual Dark Blue Shirt,https://rukmini1.flixcart.com/image/1500/1500/xif0q/shirt/q/g/s/xl-207-tf-nb-blue-ronin-original-imagff3gzgygabzb-bb.jpeg?q=70,Blue Ronin,Women Fashion,Shirts,270,1499,81,4,11329,"S, M, L, XL, 2XL, 3XL, 4XL, 5XL",Dark Blue,Regular Fit,Cotton Blend,,Solid,Blue Ronin Women Solid Casual Dark Blue Shirt - Buy Blue Ronin Women Solid Casual Dark Blue Shirt For Only Rs. 1199.0 Online in India. Shop Online For Apparels. Huge Collection of Branded Clothes Only at Flipkart.com,In Stock,EQUITECH,https://www.flipkart.com/navbond-women-solid-casual-blue-shirt/p/itm428f53f9e8e5f,2026-06-29T09:51:50.428664+00:00
Flipkart,FUNDAY FASHION Women Solid Casual Green Shirt,https://rukmini1.flixcart.com/image/1500/1500/xif0q/shirt/y/f/b/3xl-sys-ai-4001-190-funday-fashion-original-imaheqx5zcrvzdgy.jpeg?q=70,FUNDAY FASHION,Women Fashion,Shirts,352,1499,76,3.8,417,"S, M, L, XL, 2XL, 3XL",Army Green,Regular Fit,Viscose Rayon,,Solid,FUNDAY FASHION Women Solid Casual Green Shirt - Buy FUNDAY FASHION Women Solid Casual Green Shirt For Only Rs. 1499.0 Online in India. Shop Online For Apparels. Huge Collection of Branded Clothes Only at Flipkart.com,In Stock,SYSONLINESTORE,https://www.flipkart.com/funday-fashion-women-solid-casual-green-shirt/p/itm42e552eaa93a0,2026-06-29T09:51:50.428664+00:00
Flipkart,Tokyo Talkies Women Solid Casual Green Shirt,https://rukmini1.flixcart.com/image/1500/1500/xif0q/shirt/d/w/y/-original-imahegzrzexq6wey.jpeg?q=70,Tokyo Talkies,Women Fashion,Shirts,284,949,70,4.1,231,"XS, S, M, L, XL",GREEN,Regular Fit,Cotton Blend,,Solid,Tokyo Talkies Women Solid Casual Green Shirt - Buy Tokyo Talkies Women Solid Casual Green Shirt For Only Rs. 949.0 Online in India. Shop Online For Apparels. Huge Collection of Branded Clothes Only at Flipkart.com,In Stock,HSAtlastradeFashion,https://www.flipkart.com/tokyo-talkies-women-solid-casual-green-shirt/p/itm67922512870eb,2026-06-29T09:51:50.428664+00:00
Flipkart,SAAV Women Solid Casual Dark Blue Shirt,https://rukmini1.flixcart.com/image/1500/1500/xif0q/shirt/f/z/m/s-ss-women-nblue-pastel-shirt-saav-original-imah5uh25umtmrhb.jpeg?q=70,SAAV,Women Fashion,Shirts,412,1999,79,4.1,18,"S, M, L, XL, XXL",Navy Blue,Regular Fit,Cotton Blend,,Solid,SAAV Women Solid Casual Dark Blue Shirt - Buy SAAV Women Solid Casual Dark Blue Shirt For Only Rs. 1999.0 Online in India. Shop Online For Apparels. Huge Collection of Branded Clothes Only at Flipkart.com,In Stock,SSCompusoft,https://www.flipkart.com/saav-women-solid-casual-dark-blue-shirt/p/itm373a7e030a24c,2026-06-29T09:51:50.428664+00:00
Flipkart,Morte Paple Women Solid Casual Grey Shirt,https://rukmini1.flixcart.com/image/1500/1500/xif0q/shirt/v/z/m/s-greyplainshirt-bulldozerbaba-original-imaggc5cwxqzcdzw.jpeg?q=70,Morte Paple,Women Fashion,Shirts,260,999,73,3.3,130,"S, M, L, XL, XXL",Grey,Regular Fit,Crepe,,Solid,Morte Paple Women Solid Casual Grey Shirt - Buy Morte Paple Women Solid Casual Grey Shirt For Only Rs. 599.0 Online in India. Shop Online For Apparels. Huge Collection of Branded Clothes Only at Flipkart.com,Out of Stock,MrProfessor,https://www.flipkart.com/briem-women-solid-casual-khaki-shirt/p/itm2e85011a6eeb4,2026-06-29T09:51:50.428664+00:00
Flipkart,MOREIRA Women Solid Formal Pink Shirt,https://rukmini1.flixcart.com/image/1500/1500/xif0q/shirt/x/p/t/s-women-ab-shirt-micus-original-imahmazydzvuwcfz.jpeg?q=70,MOREIRA,Women Fashion,Shirts,237,1599,85,3,4,"S, M, L, XL, XXL",Women-AB-Shirt-LightPink,Regular Fit,Crepe,,Solid,MOREIRA Women Solid Formal Pink Shirt - Buy MOREIRA Women Solid Formal Pink Shirt For Only Rs. 1599.0 Online in India. Shop Online For Apparels. Huge Collection of Branded Clothes Only at Flipkart.com,In Stock,HANUMANTENTERPRISESINDIA,https://www.flipkart.com/moreira-women-solid-formal-pink-shirt/p/itm56a9c6dc4a9a3,2026-06-29T09:51:50.428664+00:00
Flipkart,Ghosi Women Striped Casual Pink Shirt,https://rukmini1.flixcart.com/image/1500/1500/xif0q/shirt/c/w/y/xl-mc-sty-024-xl-ghosi-original-imahhf9pdsyby9bz.jpeg?q=70,Ghosi,Women Fashion,Shirts,281,1999,85,3.8,25,"S, M, L, XL",Pink,Regular Fit,Viscose Rayon,,Striped,Ghosi Women Striped Casual Pink Shirt - Buy Ghosi Women Striped Casual Pink Shirt For Only Rs. 1999.0 Online in India. Shop Online For Apparels. Huge Collection of Branded Clothes Only at Flipkart.com,In Stock,MeethuCreations,https://www.flipkart.com/ghosi-women-striped-casual-pink-shirt/p/itmbc1c9661cfa3e,2026-06-29T09:51:50.428664+00:00
Flipkart,Kinjo Women Solid Casual Black Shirt,https://rukmini1.flixcart.com/image/1500/1500/kkmwr680/shirt/m/x/j/xl-shirt-kinjo-original-imafzxya22ugeefs.jpeg?q=70,Kinjo,Women Fashion,Shirts,288,799,63,3.8,992,"S, M, L, XL, XXL",Black,Regular Fit,Crepe,,Solid,Kinjo Women Solid Casual Black Shirt - Buy Kinjo Women Solid Casual Black Shirt For Only Rs. 799.0 Online in India. Shop Online For Apparels. Huge Collection of Branded Clothes Only at Flipkart.com,In Stock,KPF123,https://www.flipkart.com/kinjo-women-solid-casual-black-shirt/p/itm682ba5b98cfdc,2026-06-29T09:51:50.428664+00:00
Flipkart,"Glitter Fashion Women Printed Casual Black, Beige, White Shirt",https://rukmini1.flixcart.com/image/1500/1500/xif0q/shirt/a/0/p/xl-women-printed-crop-shirt-glitter-fashion-original-imahh4hnuzf5xhzv.jpeg?q=70,Glitter Fashion,Women Fashion,Shirts,262,999,73,4,989,"S, M, L, XL, XXL",Brown_Black,Boxy Fit,Polyester,,Printed,"Glitter Fashion Women Printed Casual Black, Beige, White Shirt - Buy Glitter Fashion Women Printed Casual Black, Beige, White Shirt For Only Rs. 999.0 Online in India. Shop Online For Apparels. Huge Collection of Branded Clothes Only at Flipkart.com",In Stock,Glittersfashion,https://www.flipkart.com/glitter-fashion-women-printed-casual-black-beige-white-shirt/p/itm0957acd8532bf,2026-06-29T09:51:50.428664+00:00
Flipkart,micus Women Solid Formal Multicolor Shirt,https://rukmini1.flixcart.com/image/1500/1500/xif0q/shirt/u/z/i/xl-women-frml-shirt-fd-monteiro-original-imahjzegwj3dnzhb.jpeg?q=70,micus,Women Fashion,Shirts,358,999,64,4,5,"S, M, L, XL, XXL",Women-FRML-Shirt-FD-NavyBlue&DarkGrey,Regular Fit,Cotton Blend,,Solid,micus Women Solid Formal Multicolor Shirt - Buy micus Women Solid Formal Multicolor Shirt For Only Rs. 999.0 Online in India. Shop Online For Apparels. Huge Collection of Branded Clothes Only at Flipkart.com,In Stock,shreebalajigarment,https://www.flipkart.com/moreira-women-solid-formal-dark-blue-shirt/p/itm25b97b3452940,2026-06-29T09:51:50.428664+00:00
Flipkart,Kinjo Women Solid Formal Black Shirt,https://rukmini1.flixcart.com/image/1500/1500/xif0q/shirt/z/i/c/xxl-blazer-kinjo-original-imahfscn95bkxv8f.jpeg?q=70,Kinjo,Women Fashion,Shirts,395,999,60,4.6,39,"S, M, L, XL, XXL",Black,Regular Fit,Viscose Rayon,,Solid,Kinjo Women Solid Formal Black Shirt - Buy Kinjo Women Solid Formal Black Shirt For Only Rs. 999.0 Online in India. Shop Online For Apparels. Huge Collection of Branded Clothes Only at Flipkart.com,In Stock,kinjofashion,https://www.flipkart.com/kinjo-women-solid-formal-black-shirt/p/itma1a7e4ca787f2,2026-06-29T09:51:50.428664+00:00
Flipkart,"Honky Tonky Women Printed Casual Red, White Shirt",https://rukmini1.flixcart.com/image/1500/1500/xif0q/shirt/p/t/j/s-15134-sheetal-associates-original-imahjw9dpayh4vpp.jpeg?q=70,Honky Tonky,Women Fashion,Shirts,335,999,66,,,"S, M, L, XL, XXL",Red,Regular Fit,Pure Cotton,,Printed,"Honky Tonky Women Printed Casual Red, White Shirt - Buy Honky Tonky Women Printed Casual Red, White Shirt For Only Rs. 999.0 Online in India. Shop Online For Apparels. Huge Collection of Branded Clothes Only at Flipkart.com",In Stock,ShivayStyle,https://www.flipkart.com/honky-tonky-women-printed-casual-red-white-shirt/p/itmb4d8542219e1d,2026-06-29T09:51:50.428664+00:00
Flipkart,FUNDAY FASHION Women Solid Casual White Shirt,https://rukmini1.flixcart.com/image/1500/1500/l4yi7bk0/shirt/u/p/n/xl-4716-19-funday-fashion-original-imagfqs3q4btw2hx.jpeg?q=70,FUNDAY FASHION,Women Fashion,Shirts,362,1099,67,4,7580,"XS, S, M, L, XL, 2XL, 3XL",White,Regular Fit,Viscose Rayon,,Solid,FUNDAY FASHION Women Solid Casual White Shirt - Buy FUNDAY FASHION Women Solid Casual White Shirt For Only Rs. 1099.0 Online in India. Shop Online For Apparels. Huge Collection of Branded Clothes Only at Flipkart.com,In Stock,SYSONLINESTORE,https://www.flipkart.com/funday-fashion-women-solid-casual-white-shirt/p/itma7c067e498002,2026-06-29T09:51:50.428664+00:00
Flipkart,FUNDAY FASHION Women Solid Casual Brown Shirt,https://rukmini1.flixcart.com/image/1500/1500/xif0q/shirt/n/3/o/m-4905-07-funday-fashion-original-imagms68rzpqvgyq.jpeg?q=70,FUNDAY FASHION,Women Fashion,Shirts,350,1199,70,4,9736,"S, M, L, XL",Brown,Regular Fit,Georgette,,Solid,FUNDAY FASHION Women Solid Casual Brown Shirt - Buy FUNDAY FASHION Women Solid Casual Brown Shirt For Only Rs. 1199.0 Online in India. Shop Online For Apparels. Huge Collection of Branded Clothes Only at Flipkart.com,In Stock,SYSONLINESTORE,https://www.flipkart.com/funday-fashion-women-solid-casual-brown-shirt/p/itm61b8739011202,2026-06-29T09:51:50.428664+00:00
Flipkart,GadgetGroom Women Striped Formal Blue Shirt,https://rukmini1.flixcart.com/image/1500/1500/xif0q/shirt/4/h/e/s-blue-shirt-s-gadgetgroom-original-imahk8t9epyfrkec.jpeg?q=70,GadgetGroom,Women Fashion,Shirts,279,899,68,3.7,102,"S, M, L, XL",BLUE,Regular Fit,Cotton Blend,,Striped,GadgetGroom Women Striped Formal Blue Shirt - Buy GadgetGroom Women Striped Formal Blue Shirt For Only Rs. 999.0 Online in India. Shop Online For Apparels. Huge Collection of Branded Clothes Only at Flipkart.com,In Stock,LAXMIARTIENTERPRISES,https://www.flipkart.com/gadgetgroom-women-striped-formal-blue-shirt/p/itmc183fc640f89d,2026-06-29T09:51:50.428664+00:00
Flipkart,STREET9 Women Solid Casual Brown Shirt,https://rukmini1.flixcart.com/image/1500/1500/xif0q/shirt/3/1/f/s-shr000o5388-street9-original-imahff69gzzfhu2d.jpeg?q=70,STREET9,Women Fashion,Shirts,287,1599,82,,,"S, L",Brown,Regular Fit,Pure Cotton,,Solid,STREET9 Women Solid Casual Brown Shirt - Buy STREET9 Women Solid Casual Brown Shirt For Only Rs. 1799.0 Online in India. Shop Online For Apparels. Huge Collection of Branded Clothes Only at Flipkart.com,Out of Stock,STREET9,https://www.flipkart.com/street9-women-solid-casual-brown-shirt/p/itmf8b07d46ac4bd,2026-06-29T09:51:50.428664+00:00
Flipkart,Trendeeva Women Striped Casual Multicolor Shirt,https://rukmini1.flixcart.com/image/1500/1500/xif0q/shirt/u/m/p/m-118-trendeeva-original-imahnbhu5cq6pebu.jpeg?q=70,Trendeeva,Women Fashion,Shirts,310,999,68,3.9,45,M,"Brown, Cream",Relaxed Fit,Cotton Blend,,Striped,Trendeeva Women Striped Casual Multicolor Shirt - Buy Trendeeva Women Striped Casual Multicolor Shirt For Only Rs. 999.0 Online in India. Shop Online For Apparels. Huge Collection of Branded Clothes Only at Flipkart.com,In Stock,TrenDeeva,https://www.flipkart.com/trendeeva-women-striped-casual-cream-brown-shirt/p/itme8d8835c602cb,2026-06-29T09:51:50.428664+00:00
Flipkart,WHY SO FAB Women Solid Casual Black Shirt,https://rukmini1.flixcart.com/image/1500/1500/xif0q/shirt/x/t/v/xl-123-black-aa-why-so-fab-original-imah7e8zdetrvujj.jpeg?q=70,WHY SO FAB,Women Fashion,Shirts,437,2349,81,3.7,886,"S, M, L, XL, XXL",BLACK,Oversized Fit,Pure Cotton,,Solid,WHY SO FAB Women Solid Casual Black Shirt - Buy WHY SO FAB Women Solid Casual Black Shirt For Only Rs. 1999.0 Online in India. Shop Online For Apparels. Huge Collection of Branded Clothes Only at Flipkart.com,In Stock,WHYSOFAB,https://www.flipkart.com/fab-star-women-solid-casual-black-shirt/p/itm2cb10fa6aa59c,2026-06-29T09:51:50.428664+00:00
Flipkart,DNEXT Women Checkered Casual Red Shirt,https://rukmini1.flixcart.com/image/1500/1500/xif0q/shirt/b/s/5/s-checkeredshirtred-dnext-original-imagcg9tm38rdft7-bb.jpeg?q=70,DNEXT,Women Fashion,Shirts,225,999,77,3.6,1033,"S, M, L, XL",Red,Regular Fit,Cotton Blend,,Checkered,DNEXT Women Checkered Casual Red Shirt - Buy DNEXT Women Checkered Casual Red Shirt For Only Rs. 999.0 Online in India. Shop Online For Apparels. Huge Collection of Branded Clothes Only at Flipkart.com,In Stock,VASHENTERPRIS,https://www.flipkart.com/dnext-women-checkered-casual-red-shirt/p/itm00c63d1651ae3,2026-06-29T09:51:50.428664+00:00
Flipkart,Roadster Women Solid Casual Black Shirt,https://rukmini1.flixcart.com/image/1500/1500/xif0q/shirt/h/b/s/-original-imahh2wra4vzzvje.jpeg?q=70,Roadster,Women Fashion,Shirts,448,1499,70,4,2231,"S, M, L, XL, XXL",Black,Oversized Fit,Pure Cotton,,Solid,Roadster Women Solid Casual Black Shirt - Buy Roadster Women Solid Casual Black Shirt For Only Rs. 1499.0 Online in India. Shop Online For Apparels. Huge Collection of Branded Clothes Only at Flipkart.com,Out of Stock,FRACTALINDUSTRIES,https://www.flipkart.com/roadster-women-solid-casual-black-shirt/p/itm29b1fb2147c42,2026-06-29T09:51:50.428664+00:00
Flipkart,Waridashi Women Solid Casual Purple Shirt,https://rukmini1.flixcart.com/image/1500/1500/xif0q/shirt/b/n/o/l-topaah-indicare-original-imahfes8t3qheapv.jpeg?q=70,Waridashi,Women Fashion,Shirts,200,1499,86,3.9,1159,"S, M, L, XL",PURPAL,Regular Fit,Polycotton,,Solid,Waridashi Women Solid Casual Purple Shirt - Buy Waridashi Women Solid Casual Purple Shirt For Only Rs. 1499.0 Online in India. Shop Online For Apparels. Huge Collection of Branded Clothes Only at Flipkart.com,In Stock,jackbella,https://www.flipkart.com/waridashi-women-solid-casual-purple-shirt/p/itmfc9584e19f511,2026-06-29T09:51:50.428664+00:00
Flipkart,FUNDAY FASHION Women Solid Casual Maroon Shirt,https://rukmini1.flixcart.com/image/1500/1500/xif0q/shirt/h/w/k/m-sys-4884-88-funday-fashion-original-imagmhwfzy9p8mzs.jpeg?q=70,FUNDAY FASHION,Women Fashion,Shirts,340,1090,68,3.8,17653,"XS, S, M, L, XL, XXL",Maroon,Regular Fit,Satin,,Solid,FUNDAY FASHION Women Solid Casual Maroon Shirt - Buy FUNDAY FASHION Women Solid Casual Maroon Shirt For Only Rs. 1329.0 Online in India. Shop Online For Apparels. Huge Collection of Branded Clothes Only at Flipkart.com,In Stock,SYSONLINESTORE,https://www.flipkart.com/funday-fashion-women-solid-casual-maroon-shirt/p/itmc4896edd1ecb4,2026-06-29T09:51:50.428664+00:00
Flipkart,vairagee Women Printed Party Multicolor Shirt,https://rukmini1.flixcart.com/image/1500/1500/xif0q/shirt/y/i/w/xxl-1730-dressberry-original-imahautftza4gs5r.jpeg?q=70,vairagee,Women Fashion,Shirts,296,730,59,4,545,"XS, S, M, L, XL, XXL",Multicolor,Comfort Fit,Cotton Blend,,Printed,vairagee Women Printed Party Multicolor Shirt - Buy vairagee Women Printed Party Multicolor Shirt For Only Rs. 730.0 Online in India. Shop Online For Apparels. Huge Collection of Branded Clothes Only at Flipkart.com,In Stock,ViveraInternational,https://www.flipkart.com/vairagee-women-printed-party-multicolor-shirt/p/itmfffb18006338e,2026-06-29T09:51:50.428664+00:00
Flipkart,EVERSOFT FLOW Women Striped Casual Pink Shirt,https://rukmini1.flixcart.com/image/1500/1500/xif0q/shirt/u/w/z/s-1111-eversoft-flow-original-imahh2grnygaw4qw.jpeg?q=70,EVERSOFT FLOW,Women Fashion,Shirts,347,2499,86,3.7,158,"S, M, L, XL, 2XL",PINK,Comfort Fit,Cotton Blend,,Striped,EVERSOFT FLOW Women Striped Casual Pink Shirt - Buy EVERSOFT FLOW Women Striped Casual Pink Shirt For Only Rs. 2499.0 Online in India. Shop Online For Apparels. Huge Collection of Branded Clothes Only at Flipkart.com,In Stock,EVERSOFTINDUSTRIES,https://www.flipkart.com/eversoft-flow-women-striped-casual-pink-shirt/p/itmb2bbcf3a57618,2026-06-29T09:51:50.428664+00:00
Flipkart,English Navy Women Striped Formal White Shirt,https://rukmini1.flixcart.com/image/1500/1500/xif0q/shirt/u/a/k/xl-3059white-black-english-navy-original-imah4ygbxzkarzy2.jpeg?q=70,English Navy,Women Fashion,Shirts,647,1599,59,4.2,54,"S, M, L, XL, XXL",White & Black,Regular Fit,Pure Cotton,,Striped,English Navy Women Striped Formal White Shirt - Buy English Navy Women Striped Formal White Shirt For Only Rs. 1599.0 Online in India. Shop Online For Apparels. Huge Collection of Branded Clothes Only at Flipkart.com,Out of Stock,RetailNet,https://www.flipkart.com/english-navy-women-striped-formal-white-shirt/p/itm12e5f6e5691ef,2026-06-29T09:51:50.428664+00:00
Flipkart,ADW Women Striped Casual Blue Shirt,https://rukmini1.flixcart.com/image/1500/1500/xif0q/shopsy-shirt/t/u/t/m-blue-line-simplesio-attire-original-imahc4bthky3zhmm.jpeg?q=70,ADW,Women Fashion,Shirts,223,599,62,4.3,20,"S, M, L, XL",blue,Regular Fit,Cotton Blend,,Striped,ADW Women Striped Casual Blue Shirt - Buy ADW Women Striped Casual Blue Shirt For Only Rs. 599.0 Online in India. Shop Online For Apparels. Huge Collection of Branded Clothes Only at Flipkart.com,In Stock,Suhailinfotech,https://www.flipkart.com/adw-women-striped-casual-blue-shirt/p/itmcd2a228f81c34,2026-06-29T09:51:50.428664+00:00
Flipkart,KAP ENT Men Printed Casual Blue Shirt,https://rukmini1.flixcart.com/image/1500/1500/xif0q/shopsy-fabric/n/y/8/2-25-m-unstitched-blue-lu-v-4ever-na-shirt-fabric-aviras-trend-original-imahmhyrzze5ywcn.jpeg?q=70,KAP ENT,Women Fashion,Shirts,269,799,66,,,M,Blue,Comfort Fit,Polycotton,,Printed,KAP ENT Men Printed Casual Blue Shirt - Buy KAP ENT Men Printed Casual Blue Shirt For Only Rs. 999.0 Online in India. Shop Online For Apparels. Huge Collection of Branded Clothes Only at Flipkart.com,In Stock,KAPURIYAFAB9737,https://www.flipkart.com/herin-enterprise-women-printed-casual-yellow-blue-shirt/p/itm6a90b70887529,2026-06-29T09:51:50.428664+00:00
Flipkart,MIRAVUE Women Striped Casual Blue Shirt,https://rukmini1.flixcart.com/image/1500/1500/xif0q/shirt/t/s/l/xxl-stripe-shirt-01-miravue-original-imahfhbanzurjthq.jpeg?q=70,MIRAVUE,Women Fashion,Shirts,355,1999,82,3.8,248,"S, M, L, XL, XXL",Blue,Relaxed Fit,Cotton Blend,,Striped,MIRAVUE Women Striped Casual Blue Shirt - Buy MIRAVUE Women Striped Casual Blue Shirt For Only Rs. 1999.0 Online in India. Shop Online For Apparels. Huge Collection of Branded Clothes Only at Flipkart.com,In Stock,MIRAVUE,https://www.flipkart.com/miravue-women-striped-casual-blue-shirt/p/itm1908fc7b05058,2026-06-29T09:51:50.428664+00:00
Flipkart,THECLASSICTOGS Women Striped Casual Blue Shirt,https://rukmini1.flixcart.com/image/1500/1500/xif0q/shirt/u/l/p/4xl-7211-liningshirt-rk05-blue-maykr-original-imahe8ysefhfvune.jpeg?q=70,THECLASSICTOGS,Women Fashion,Shirts,402,699,42,3.8,27,"S, M, L, XL, XXL, 3XL, 4XL, 5XL",Blue,Regular Fit,Cotton Blend,,Striped,THECLASSICTOGS Women Striped Casual Blue Shirt - Buy THECLASSICTOGS Women Striped Casual Blue Shirt For Only Rs. 699.0 Online in India. Shop Online For Apparels. Huge Collection of Branded Clothes Only at Flipkart.com,Out of Stock,THECLASSICTOGS,https://www.flipkart.com/perfect-productions-women-striped-casual-light-blue-white-shirt/p/itm32395e8631bf5,2026-06-29T09:51:50.428664+00:00
Flipkart,Prieto Women Solid Formal Brown Shirt,https://rukmini1.flixcart.com/image/1500/1500/xif0q/shirt/e/q/p/s-shirt-qw-frml-prieto-original-imahhnc7axz6wksa.jpeg?q=70,Prieto,Women Fashion,Shirts,273,999,72,3.7,1032,"XS, S, M, L, XL, XXL",SHIRT-QW-FRML-BROWN,Regular Fit,Cotton Blend,,Solid,Prieto Women Solid Formal Brown Shirt - Buy Prieto Women Solid Formal Brown Shirt For Only Rs. 999.0 Online in India. Shop Online For Apparels. Huge Collection of Branded Clothes Only at Flipkart.com,In Stock,BKKANDSONS,https://www.flipkart.com/prieto-women-solid-formal-brown-shirt/p/itmebfa4d8545467,2026-06-29T09:51:50.428664+00:00
Flipkart,Roadster Women Striped Casual Black Shirt,https://rukmini1.flixcart.com/image/1500/1500/xif0q/shirt/3/q/m/-original-imahegzrnddhbnqu.jpeg?q=70,Roadster,Women Fashion,Shirts,394,1999,80,3.5,20,"XS, S, M, L, XL, XXL",Black,Regular Fit,Pure Cotton,,Striped,Roadster Women Striped Casual Black Shirt - Buy Roadster Women Striped Casual Black Shirt For Only Rs. 1999.0 Online in India. Shop Online For Apparels. Huge Collection of Branded Clothes Only at Flipkart.com,Out of Stock,SAVADIKAFASHION,https://www.flipkart.com/roadster-women-striped-casual-black-shirt/p/itm7a920d898477a,2026-06-29T09:51:50.428664+00:00
Flipkart,SADBHAVNAFABRIC Women Solid Formal Beige Shirt,https://rukmini1.flixcart.com/image/1500/1500/xif0q/shirt/w/z/v/xs-sd-ladies-satin-sadbhavnafabric-original-imahdbk5hhuxfhwc.jpeg?q=70,SADBHAVNAFABRIC,Women Fashion,Shirts,351,1199,70,3.7,55,"XS, S, M, L",Beige,Regular Fit,Satin,,Solid,SADBHAVNAFABRIC Women Solid Formal Beige Shirt - Buy SADBHAVNAFABRIC Women Solid Formal Beige Shirt For Only Rs. 1199.0 Online in India. Shop Online For Apparels. Huge Collection of Branded Clothes Only at Flipkart.com,In Stock,UGAMCREATIONS,https://www.flipkart.com/sadbhavnafabric-women-solid-formal-beige-shirt/p/itm5be8fb067c372,2026-06-29T09:51:50.428664+00:00
Flipkart,"POPWINGS Women Printed Casual Black, White Shirt",https://rukmini1.flixcart.com/image/1500/1500/xif0q/shirt/o/4/r/xl-p-popt01171-popwings-original-imah4vzszfnrmagt.jpeg?q=70,POPWINGS,Women Fashion,Shirts,310,1999,84,4,817,"S, M, L, XL, XXL",Black & White,Regular Fit,Polyester,,Printed,"POPWINGS Women Printed Casual Black, White Shirt - Buy POPWINGS Women Printed Casual Black, White Shirt For Only Rs. 1999.0 Online in India. Shop Online For Apparels. Huge Collection of Branded Clothes Only at Flipkart.com",In Stock,Popwings,https://www.flipkart.com/popwings-women-printed-casual-black-white-shirt/p/itmce0d612086d0c,2026-06-29T09:51:50.428664+00:00
Flipkart,Chimpaaanzee Women Checkered Casual Pink Shirt,https://rukmini1.flixcart.com/image/1500/1500/xif0q/shirt/y/u/t/m-wsr0314-chimpaaanzee-original-imahj26xfxdvzfwz.jpeg?q=70,Chimpaaanzee,Women Fashion,Shirts,548,999,45,4.2,1041,"S, M, L",Pink & Light Brown,Regular Fit,Viscose Rayon,,Checkered,Chimpaaanzee Women Checkered Casual Pink Shirt - Buy Chimpaaanzee Women Checkered Casual Pink Shirt For Only Rs. 999.0 Online in India. Shop Online For Apparels. Huge Collection of Branded Clothes Only at Flipkart.com,In Stock,CHIMPAAANZEE,https://www.flipkart.com/chimpaaanzee-women-checkered-casual-pink-shirt/p/itmbe005e4481279,2026-06-29T09:51:50.428664+00:00
Flipkart,J TURRITOPSIS Women Embroidered Casual Beige Shirt,https://rukmini1.flixcart.com/image/1500/1500/xif0q/shirt/x/m/y/xxl-335-jt-j-turritopsis-original-imahjgs94hqgf2wf.jpeg?q=70,J TURRITOPSIS,Women Fashion,Shirts,437,1199,63,4.2,1586,"S, M, L, XL, XXL",Beige,Boxy Fit,Cotton Blend,,Embroidered,J TURRITOPSIS Women Embroidered Casual Beige Shirt - Buy J TURRITOPSIS Women Embroidered Casual Beige Shirt For Only Rs. 1199.0 Online in India. Shop Online For Apparels. Huge Collection of Branded Clothes Only at Flipkart.com,In Stock,Orlin International,https://www.flipkart.com/j-turritopsis-women-embroidered-casual-beige-shirt/p/itmd59be8f3a0c3e,2026-06-29T09:51:50.428664+00:00
Flipkart,Boninos Women Striped Formal Grey Shirt,https://rukmini1.flixcart.com/image/1500/1500/xif0q/shirt/l/v/o/s-4005-fittedshirt-rkp-grey-perfect-productions-original-imahkz6chszsujkg.jpeg?q=70,Boninos,Women Fashion,Shirts,375,989,62,,,"S, M, L, XL, XXL",GREY,Slim Fit,Cotton Blend,,Striped,Boninos Women Striped Formal Grey Shirt - Buy Boninos Women Striped Formal Grey Shirt For Only Rs. 989.0 Online in India. Shop Online For Apparels. Huge Collection of Branded Clothes Only at Flipkart.com,In Stock,BONINOS,https://www.flipkart.com/onaya-fashion-women-striped-casual-grey-shirt/p/itm4fc23e48d3163,2026-06-29T09:51:50.428664+00:00
Flipkart,RARE CAMEL Women Solid Casual Khaki Shirt,https://rukmini1.flixcart.com/image/1500/1500/xif0q/shirt/8/c/2/m-2025-rare-camel-original-imahahtazzgkbkbd.jpeg?q=70,RARE CAMEL,Women Fashion,Shirts,387,1599,75,3.9,647,"S, M, L, XL, XXL",Khaki,Regular Fit,Polycotton,,Solid,RARE CAMEL Women Solid Casual Khaki Shirt - Buy RARE CAMEL Women Solid Casual Khaki Shirt For Only Rs. 1599.0 Online in India. Shop Online For Apparels. Huge Collection of Branded Clothes Only at Flipkart.com,In Stock,MSAAYRAFASHION,https://www.flipkart.com/rare-camel-women-solid-casual-khaki-shirt/p/itm411d12b50c78e,2026-06-29T09:51:50.428664+00:00
Flipkart,GRESIA Women Solid Casual Pink Shirt,https://rukmini1.flixcart.com/image/1500/1500/xif0q/shirt/x/t/o/m-shirt-gresia-original-imahjzfy4hxsh9u4.jpeg?q=70,GRESIA,Women Fashion,Shirts,259,999,74,4.1,131,"XS, S, M, L, XL",PLAIN PINK,Regular Fit,Viscose Rayon,,Solid,GRESIA Women Solid Casual Pink Shirt - Buy GRESIA Women Solid Casual Pink Shirt For Only Rs. 799.0 Online in India. Shop Online For Apparels. Huge Collection of Branded Clothes Only at Flipkart.com,In Stock,GRESIAA,https://www.flipkart.com/bayaar-women-printed-casual-pink-shirt/p/itm5d171c8700a60,2026-06-29T09:51:50.428664+00:00
Flipkart,MAX Women Solid Casual Brown Shirt,https://rukmini1.flixcart.com/image/1500/1500/xif0q/shirt/y/z/m/m-wvn3706-max-original-imahczn4upphqjdh.jpeg?q=70,max,Women Fashion,Shirts,719,999,28,4.1,49,"S, M, L, XL",BROWN,Regular Fit,Pure Cotton,,Solid,MAX Women Solid Casual Brown Shirt - Buy MAX Women Solid Casual Brown Shirt For Only Rs. 999.0 Online in India. Shop Online For Apparels. Huge Collection of Branded Clothes Only at Flipkart.com,In Stock,Max Stores,https://www.flipkart.com/max-women-solid-casual-brown-shirt/p/itm78895cd9d62a2,2026-06-29T09:51:50.428664+00:00
Flipkart,NEWURBUNFASHION Women Striped Casual Multicolor Shirt,https://rukmini1.flixcart.com/image/1500/1500/xif0q/shirt/x/d/6/l-striped-style-shirt-newurbunfashion-original-imahzyfctzf2yahj.jpeg?q=70,NEWURBUNFASHION,Women Fashion,Shirts,285,999,71,,,"S, M, L, XL",Pink,Slim Fit,Pure Cotton,,Striped,NEWURBUNFASHION Women Striped Casual Multicolor Shirt - Buy NEWURBUNFASHION Women Striped Casual Multicolor Shirt For Only Rs. 999.0 Online in India. Shop Online For Apparels. Huge Collection of Branded Clothes Only at Flipkart.com,In Stock,NEWURBUNFASHION,https://www.flipkart.com/newurbunfashion-women-striped-casual-pink-shirt/p/itm25ef8ee9e75d4,2026-06-29T09:51:50.428664+00:00
Flipkart,DuBois Women Striped Casual Multicolor Shirt,https://rukmini1.flixcart.com/image/1500/1500/xif0q/shopsy-shirt/l/d/9/xl-shirtnj-bluelinepinkline-dubois-original-imahzcehzrnqcsnz.jpeg?q=70,DuBois,Women Fashion,Shirts,405,999,59,,,"S, M, L, XL",BlueLinePinkLine,Slim Fit,Cotton Blend,,Striped,DuBois Women Striped Casual Multicolor Shirt - Buy DuBois Women Striped Casual Multicolor Shirt For Only Rs. 999.0 Online in India. Shop Online For Apparels. Huge Collection of Branded Clothes Only at Flipkart.com,In Stock,JNFUSIONAPPARELS,https://www.flipkart.com/dubois-women-striped-casual-multicolor-shirt/p/itmfdbc51df9b39f,2026-06-29T09:51:50.428664+00:00
Flipkart,GM SARA Women Solid Casual Black Shirt,https://rukmini1.flixcart.com/image/1500/1500/xif0q/shirt/k/m/7/xl-women-shirt-04-gm-sara-original-imahfgayuwxfyxnq.jpeg?q=70,GM SARA,Women Fashion,Shirts,359,999,64,3.9,100,"S, M, L, XL, XXL",Black,Regular Fit,Polyester,,Solid,GM SARA Women Solid Casual Black Shirt - Buy GM SARA Women Solid Casual Black Shirt For Only Rs. 999.0 Online in India. Shop Online For Apparels. Huge Collection of Branded Clothes Only at Flipkart.com,In Stock,MAHAVEERCREATIONS,https://www.flipkart.com/gm-sara-women-solid-casual-black-shirt/p/itmf10176c96ff11,2026-06-29T09:51:50.428664+00:00
Flipkart,PINACOLADA Women Checkered Casual Blue Shirt,https://rukmini1.flixcart.com/image/1500/1500/xif0q/shirt/8/z/k/s-sum24-cswssrt7552-campus-sutra-original-imah64hgjkffzknb.jpeg?q=70,Pina Colada,Women Fashion,Shirts,471,1499,68,3.8,51,"S, M, L, XL",Blue,Regular Fit,Polycotton,,Checkered,PINACOLADA Women Checkered Casual Blue Shirt - Buy PINACOLADA Women Checkered Casual Blue Shirt For Only Rs. 1499.0 Online in India. Shop Online For Apparels. Huge Collection of Branded Clothes Only at Flipkart.com,In Stock,HSAtlastradeFashion,https://www.flipkart.com/pinacolada-women-checkered-casual-blue-shirt/p/itmf1ff508b752aa,2026-06-29T09:51:50.428664+00:00
Flipkart,Nksa Fashion Women Printed Casual Multicolor Shirt,https://rukmini1.flixcart.com/image/1500/1500/xif0q/shirt/g/y/g/s-nksa-shirt-63mlt-nksa-fashion-original-imagxuym5zzcyb74.jpeg?q=70,Nksa Fashion,Women Fashion,Shirts,389,1499,74,4.2,289,"XS, S, M, L, XL, XXL",Multicolor,Regular Fit,Viscose Rayon,,Printed,Nksa Fashion Women Printed Casual Multicolor Shirt - Buy Nksa Fashion Women Printed Casual Multicolor Shirt For Only Rs. 1499.0 Online in India. Shop Online For Apparels. Huge Collection of Branded Clothes Only at Flipkart.com,In Stock,NKSAFASHION,https://www.flipkart.com/nksa-fashion-women-printed-casual-multicolor-shirt/p/itmbf9377ada5d71,2026-06-29T09:51:50.428664+00:00
Flipkart,TRUE FADES Women Solid Casual Dark Blue Shirt,https://rukmini1.flixcart.com/image/1500/1500/xif0q/shirt/k/u/t/l-silkhirt-navy-1004-true-fades-original-imahm3yg6gd4mkfz.jpeg?q=70,TRUE FADES,Women Fashion,Shirts,350,999,64,3.7,3,"M, L, XL",Dark Blue,Regular Fit,Satin,,Solid,TRUE FADES Women Solid Casual Dark Blue Shirt - Buy TRUE FADES Women Solid Casual Dark Blue Shirt For Only Rs. 999.0 Online in India. Shop Online For Apparels. Huge Collection of Branded Clothes Only at Flipkart.com,In Stock,TRUEFADES,https://www.flipkart.com/true-fades-women-solid-formal-dark-blue-shirt/p/itm26d4e778518f5,2026-06-29T09:51:50.428664+00:00
Flipkart,Femibazaar Women Striped Casual Yellow Shirt,https://rukmini1.flixcart.com/image/1500/1500/xif0q/shirt/7/g/a/s-bandyellow-femibazaar-original-imahbvpg2tmaycgx.jpeg?q=70,Femibazaar,Women Fashion,Shirts,405,1599,74,3.8,1420,"S, M, L, XL",yellow,Oversized Fit,Pure Cotton,,Striped,Femibazaar Women Striped Casual Yellow Shirt - Buy Femibazaar Women Striped Casual Yellow Shirt For Only Rs. 1599.0 Online in India. Shop Online For Apparels. Huge Collection of Branded Clothes Only at Flipkart.com,In Stock,The Golden Sew,https://www.flipkart.com/femibazaar-women-striped-casual-yellow-shirt/p/itme5a920eec7edf,2026-06-29T09:51:50.428664+00:00
Flipkart,"GM SARA Women Solid Formal Dark Blue, Red Shirt",https://rukmini1.flixcart.com/image/1500/1500/xif0q/shirt/s/v/j/xl-women-shirt-02-combo-blue-wine-gm-sara-original-imahf63fr9kktvhz.jpeg?q=70,GM SARA,Women Fashion,Shirts,355,1499,76,3.9,1676,"M, L, XL, XXL",Maroon,Regular Fit,Polyester,,Solid,"GM SARA Women Solid Formal Dark Blue, Red Shirt - Buy GM SARA Women Solid Formal Dark Blue, Red Shirt For Only Rs. 1499.0 Online in India. Shop Online For Apparels. Huge Collection of Branded Clothes Only at Flipkart.com",In Stock,MAHAVEERCREATIONS,https://www.flipkart.com/gm-sara-women-solid-formal-dark-blue-red-shirt/p/itm2afa8cdc439bc,2026-06-29T09:51:50.428664+00:00
Flipkart,RAJENDERANI Women Striped Formal Grey Shirt,https://rukmini1.flixcart.com/image/1500/1500/xif0q/shirt/9/a/y/l-4001-fittedshirt-rkp-grey-perfect-productions-original-imahkz6cbgfhua2p.jpeg?q=70,RAJENDERANI,Women Fashion,Shirts,342,989,65,,,"S, M, L, XL, XXL",GREY,Slim Fit,Cotton Blend,,Striped,RAJENDERANI Women Striped Formal Grey Shirt - Buy RAJENDERANI Women Striped Formal Grey Shirt For Only Rs. 989.0 Online in India. Shop Online For Apparels. Huge Collection of Branded Clothes Only at Flipkart.com,In Stock,RAJENDERANICREATION,https://www.flipkart.com/tinz-women-striped-formal-grey-shirt/p/itm4eadafd934172,2026-06-29T09:51:50.428664+00:00
Flipkart,Roadster Women Checkered Formal Cream Shirt,https://rukmini1.flixcart.com/image/1500/1500/xif0q/shirt/p/m/o/xxl-rs27140-roadster-original-imahgj9cayr3sczp.jpeg?q=70,Roadster,Women Fashion,Shirts,668,2199,69,4.3,77,"S, M, L, XL, XXL",Cream,Regular Fit,,,Checkered,Roadster Women Checkered Formal Cream Shirt - Buy Roadster Women Checkered Formal Cream Shirt For Only Rs. 2199.0 Online in India. Shop Online For Apparels. Huge Collection of Branded Clothes Only at Flipkart.com,In Stock,OEQUAL,https://www.flipkart.com/roadster-women-checkered-formal-cream-shirt/p/itm403b254f07f16,2026-06-29T09:51:50.428664+00:00
Flipkart,Hancock Women Solid Casual Dark Blue Shirt,https://rukmini1.flixcart.com/image/1500/1500/xif0q/shirt/i/x/f/m-16230navym-hancock-original-imahhtf4rhyuxa4c.jpeg?q=70,Hancock,Women Fashion,Shirts,386,2499,84,,,XL,Navy Blue,Relaxed Fit,Pure Cotton,,Solid,Hancock Women Solid Casual Dark Blue Shirt - Buy Hancock Women Solid Casual Dark Blue Shirt For Only Rs. 2499.0 Online in India. Shop Online For Apparels. Huge Collection of Branded Clothes Only at Flipkart.com,In Stock,HANCOCK,https://www.flipkart.com/hancock-women-solid-casual-dark-blue-shirt/p/itmb5f235c9fb14d,2026-06-29T09:51:50.428664+00:00
Flipkart,Hancock Women Striped Formal Blue Shirt,https://rukmini1.flixcart.com/image/1500/1500/xif0q/shirt/o/q/a/s-13060navy-hancock-original-imahhsxr5qfuud5p.jpeg?q=70,Hancock,Women Fashion,Shirts,717,1899,62,4.2,263,"S, M, L, XL",Navy,Slim Fit,Pure Cotton,,Striped,Hancock Women Striped Formal Blue Shirt - Buy Hancock Women Striped Formal Blue Shirt For Only Rs. 1899.0 Online in India. Shop Online For Apparels. Huge Collection of Branded Clothes Only at Flipkart.com,In Stock,HANCOCK,https://www.flipkart.com/hancock-women-striped-formal-blue-shirt/p/itmd36ebd0233c81,2026-06-29T09:51:50.428664+00:00
Flipkart,PINACOLADA Women Solid Casual Brown Shirt,https://rukmini1.flixcart.com/image/1500/1500/xif0q/shirt/i/e/e/xl-sum24-pcwssrt7717-pinacolada-original-imah64pf3edf9uqg.jpeg?q=70,Pina Colada,Women Fashion,Shirts,525,1499,64,3.9,103,"S, M, L, XL",Brown,Oversized Fit,Polyester,,Solid,PINACOLADA Women Solid Casual Brown Shirt - Buy PINACOLADA Women Solid Casual Brown Shirt For Only Rs. 1499.0 Online in India. Shop Online For Apparels. Huge Collection of Branded Clothes Only at Flipkart.com,Out of Stock,CampusSutra,https://www.flipkart.com/pinacolada-women-solid-casual-brown-shirt/p/itm12d0bbae070b6,2026-06-29T09:51:50.428664+00:00
Flipkart,FUNDAY FASHION Women Solid Casual Purple Shirt,https://rukmini1.flixcart.com/image/1500/1500/xif0q/shirt/w/w/e/-original-imahegzphkkqzzv3.jpeg?q=70,FUNDAY FASHION,Women Fashion,Shirts,340,1090,68,3.8,17653,"XS, S, M, L, XL, XXL",Purple,Regular Fit,Satin,,Solid,FUNDAY FASHION Women Solid Casual Purple Shirt - Buy FUNDAY FASHION Women Solid Casual Purple Shirt For Only Rs. 1090.0 Online in India. Shop Online For Apparels. Huge Collection of Branded Clothes Only at Flipkart.com,In Stock,SYSONLINESTORE,https://www.flipkart.com/funday-fashion-women-solid-casual-purple-shirt/p/itm0c044e4c50436,2026-06-29T09:51:50.428664+00:00
Flipkart,Prieto Women Solid Formal Pink Shirt,https://rukmini1.flixcart.com/image/1500/1500/xif0q/shopsy-shirt/q/i/j/s-womenshirt-formal-crepe-at-berisha-original-imahn8dhy5kmzjgh.jpeg?q=70,Prieto,Women Fashion,Shirts,262,1999,86,4,10,"S, M, L, XL, XXL",WomenShirt-Formal-Crepe-TA-LightPink,Regular Fit,Crepe,,Solid,Prieto Women Solid Formal Pink Shirt - Buy Prieto Women Solid Formal Pink Shirt For Only Rs. 1999.0 Online in India. Shop Online For Apparels. Huge Collection of Branded Clothes Only at Flipkart.com,In Stock,BKKANDSONS,https://www.flipkart.com/prieto-women-solid-formal-pink-shirt/p/itm6b836a95cd7f1,2026-06-29T09:51:50.428664+00:00
Flipkart,Aavita Women Printed Casual White Shirt,https://rukmini1.flixcart.com/image/1500/1500/xif0q/shirt/d/b/s/l-002-white-aavita-original-imahnjgxbjyqjbfh.jpeg?q=70,Aavita,Women Fashion,Shirts,280,1399,79,,,"XS, S, M, L, XL, XXL",White,Regular Fit,Viscose Rayon,,Printed,Aavita Women Printed Casual White Shirt - Buy Aavita Women Printed Casual White Shirt For Only Rs. 1399.0 Online in India. Shop Online For Apparels. Huge Collection of Branded Clothes Only at Flipkart.com,In Stock,AnnuFashion63,https://www.flipkart.com/aavita-women-printed-casual-white-shirt/p/itmc3038e3e152a7,2026-06-29T09:51:50.428664+00:00
Flipkart,FabRange Women Printed Casual Multicolor Shirt,https://rukmini1.flixcart.com/image/1500/1500/xif0q/shirt/w/c/i/s-satin-p1-fabrange-original-imagzwm7qftfxmqm.jpeg?q=70,FabRange,Women Fashion,Shirts,360,999,63,3.9,332,"S, M, L, XL",Multicolor,Relaxed Fit,Satin,,Printed,FabRange Women Printed Casual Multicolor Shirt - Buy FabRange Women Printed Casual Multicolor Shirt For Only Rs. 999.0 Online in India. Shop Online For Apparels. Huge Collection of Branded Clothes Only at Flipkart.com,In Stock,Fabrange,https://www.flipkart.com/fabrange-women-printed-casual-multicolor-shirt/p/itme12deabd6676b,2026-06-29T09:51:50.428664+00:00
Flipkart,TIGERSNAKE Women Striped Casual Blue Shirt,https://rukmini1.flixcart.com/image/1500/1500/xif0q/shirt/h/u/l/m-1102-eversoft-flow-original-imahh2gngtur7muk.jpeg?q=70,TIGERSNAKE,Women Fashion,Shirts,293,2499,88,3.8,1854,"S, M, L, XL, XXL",BLUE,Relaxed Fit,Pure Cotton,,Striped,TIGERSNAKE Women Striped Casual Blue Shirt - Buy TIGERSNAKE Women Striped Casual Blue Shirt For Only Rs. 2499.0 Online in India. Shop Online For Apparels. Huge Collection of Branded Clothes Only at Flipkart.com,In Stock,IKONIQTRADERS,https://www.flipkart.com/tigersnake-women-striped-casual-blue-shirt/p/itmd7b37c1075948,2026-06-29T09:51:50.428664+00:00
Flipkart,indietoga Women Solid Casual Black Shirt,https://rukmini1.flixcart.com/image/1500/1500/xif0q/shirt/y/x/1/6xl-p10001373-indietoga-original-imahgpf7wjfkyzkw.jpeg?q=70,indietoga,Women Fashion,Shirts,805,2984,73,4.3,1389,"2XL, 3XL, 4XL, 5XL",Black,Regular Fit,Viscose Rayon,,Solid,indietoga Women Solid Casual Black Shirt - Buy indietoga Women Solid Casual Black Shirt For Only Rs. 2984.0 Online in India. Shop Online For Apparels. Huge Collection of Branded Clothes Only at Flipkart.com,In Stock,Indietoga,https://www.flipkart.com/indietoga-women-solid-casual-black-shirt/p/itm7aa0d96f0fd57,2026-06-29T09:51:50.428664+00:00
Flipkart,Freehand by The Indian Garage Co. Women Solid Casual Beige Shirt,https://rukmini1.flixcart.com/image/1500/1500/xif0q/shirt/x/d/r/-original-imagttc3jchgyfyt.jpeg?q=70,Freehand,Women Fashion,Shirts,471,2099,77,4,301,"XS, S, M, L, XL",Beige,Regular Fit,Lycra Blend,,Solid,Freehand by The Indian Garage Co. Women Solid Casual Beige Shirt - Buy Freehand by The Indian Garage Co. Women Solid Casual Beige Shirt For Only Rs. 2099.0 Online in India. Shop Online For Apparels. Huge Collection of Branded Clothes Only at Flipkart.com,In Stock,TheIndianGarageCo,https://www.flipkart.com/freehand-indian-garage-co-women-solid-casual-beige-shirt/p/itmd76b4406d0595,2026-06-29T09:51:50.428664+00:00
Flipkart,Prieto Women Solid Formal Dark Blue Shirt,https://rukmini1.flixcart.com/image/1500/1500/xif0q/shirt/j/3/c/s-viscose-women-shirt-ja-prieto-original-imahm3arucgkev4p.jpeg?q=70,Prieto,Women Fashion,Shirts,321,1999,83,3.5,4,"S, M, L, XL, XXL",VISCOSE-WOMEN-SHIRT-JA-NAVYBLUE,Regular Fit,,,Solid,Prieto Women Solid Formal Dark Blue Shirt - Buy Prieto Women Solid Formal Dark Blue Shirt For Only Rs. 1999.0 Online in India. Shop Online For Apparels. Huge Collection of Branded Clothes Only at Flipkart.com,In Stock,BKKANDSONS,https://www.flipkart.com/prieto-women-solid-formal-dark-blue-shirt/p/itm4474d2b1c5b66,2026-06-29T09:51:50.428664+00:00
Flipkart,Roadster Women Solid Casual Green Shirt,https://rukmini1.flixcart.com/image/1500/1500/xif0q/shirt/m/f/b/-original-imahyvv4gp4ynecf.jpeg?q=70,Roadster,Women Fashion,Shirts,558,2199,74,3.6,28,"XS, S, M, L, XL, XXL",Green,Regular Fit,Cotton Blend,,Solid,Roadster Women Solid Casual Green Shirt - Buy Roadster Women Solid Casual Green Shirt For Only Rs. 2199.0 Online in India. Shop Online For Apparels. Huge Collection of Branded Clothes Only at Flipkart.com,In Stock,SAVADIKAFASHION,https://www.flipkart.com/roadster-women-solid-casual-green-shirt/p/itm2efe0a9f9e110,2026-06-29T09:51:50.428664+00:00
Flipkart,English Navy Women Solid Formal Purple Shirt,https://rukmini1.flixcart.com/image/1500/1500/xif0q/shirt/n/5/e/xs-3015lilac-english-navy-original-imahjnau5rqgzfmz.jpeg?q=70,English Navy,Women Fashion,Shirts,583,1199,51,3.9,83,"XS, S, M, L, XL",Lilac,Regular Fit,Polyester,,Solid,English Navy Women Solid Formal Purple Shirt - Buy English Navy Women Solid Formal Purple Shirt For Only Rs. 1199.0 Online in India. Shop Online For Apparels. Huge Collection of Branded Clothes Only at Flipkart.com,In Stock,RetailNet,https://www.flipkart.com/english-navy-women-solid-formal-purple-shirt/p/itm8362c5a580dd2,2026-06-29T09:51:50.428664+00:00
Flipkart,STREET9 Women Solid Casual Brown Shirt,https://rukmini1.flixcart.com/image/1500/1500/xif0q/shirt/u/q/v/xl-shr000010579-street9-original-imahha3rf8jsxhgk.jpeg?q=70,STREET9,Women Fashion,Shirts,458,1699,73,4.3,9,"S, M, L, XL, XXL",Brown,Slim Fit,Pure Cotton,,Solid,STREET9 Women Solid Casual Brown Shirt - Buy STREET9 Women Solid Casual Brown Shirt For Only Rs. 1699.0 Online in India. Shop Online For Apparels. Huge Collection of Branded Clothes Only at Flipkart.com,In Stock,STREET9,https://www.flipkart.com/street9-women-solid-casual-brown-shirt/p/itma0ff9668c21bd,2026-06-29T09:51:50.428664+00:00
Flipkart,Femibazaar Women Striped Casual Blue Shirt,https://rukmini1.flixcart.com/image/1500/1500/xif0q/shirt/z/g/c/s-oversize2stripe-femibazaar-original-imahdxgvrpqjdpff.jpeg?q=70,Femibazaar,Women Fashion,Shirts,369,1599,76,3.8,1515,"XS, S, M, L, XL",Blue,Oversized Fit,Polycotton,,Striped,Femibazaar Women Striped Casual Blue Shirt - Buy Femibazaar Women Striped Casual Blue Shirt For Only Rs. 1599.0 Online in India. Shop Online For Apparels. Huge Collection of Branded Clothes Only at Flipkart.com,In Stock,The Golden Sew,https://www.flipkart.com/femibazaar-women-striped-casual-blue-shirt/p/itmf827f8112fc7a,2026-06-29T09:51:50.428664+00:00
Flipkart,Styloketh Women Solid Casual Blue Shirt,https://rukmini1.flixcart.com/image/1500/1500/xif0q/shirt/f/t/m/xl-female-shirt-styloketh-original-imahgcrs8uryng4t.jpeg?q=70,Styloketh,Women Fashion,Shirts,533,1499,64,3.9,234,"S, M, L, XL, 2XL, 3XL, 4XL, 5XL",Blue,Regular Fit,Denim,,Solid,Styloketh Women Solid Casual Blue Shirt - Buy Styloketh Women Solid Casual Blue Shirt For Only Rs. 1499.0 Online in India. Shop Online For Apparels. Huge Collection of Branded Clothes Only at Flipkart.com,In Stock,Rolvik,https://www.flipkart.com/fdn-women-washed-casual-blue-shirt/p/itmb4cc24e82a189,2026-06-29T09:51:50.428664+00:00
Flipkart,EKASYA Women Floral Print Casual White Shirt,https://rukmini1.flixcart.com/image/1500/1500/xif0q/shirt/z/r/r/s-ai1744-1-ekasya-original-imaheyhyqgmt5gyf.jpeg?q=70,EKASYA,Women Fashion,Shirts,296,1199,75,4,430,"XS, S, M, L, XL, XXL",White,Boxy Fit,Cotton Blend,,Floral Print,EKASYA Women Floral Print Casual White Shirt - Buy EKASYA Women Floral Print Casual White Shirt For Only Rs. 1199.0 Online in India. Shop Online For Apparels. Huge Collection of Branded Clothes Only at Flipkart.com,In Stock,EKASYA,https://www.flipkart.com/ekasya-women-floral-print-casual-white-shirt/p/itmc963a869f8ed8,2026-06-29T09:51:50.428664+00:00
Flipkart,linza Women Self Design Casual Purple Shirt,https://rukmini1.flixcart.com/image/1500/1500/xif0q/shirt/w/s/g/xs-women-s-long-shirt-linza-original-imahbcj5fggcgspv.jpeg?q=70,linza,Women Fashion,Shirts,369,799,53,3.7,23,"XS, S, M, L, XL",Lavender,Regular Fit,Crepe,,Self Design,linza Women Self Design Casual Purple Shirt - Buy linza Women Self Design Casual Purple Shirt For Only Rs. 799.0 Online in India. Shop Online For Apparels. Huge Collection of Branded Clothes Only at Flipkart.com,In Stock,Linzafab,https://www.flipkart.com/linza-women-self-design-casual-purple-shirt/p/itmd55bba8014861,2026-06-29T09:51:50.428664+00:00
Flipkart,FUBACK Women Striped Casual Light Green Shirt,https://rukmini1.flixcart.com/image/1500/1500/xif0q/shirt/n/2/3/xl-line921-fuback-original-imahffy9ygrwe8y4.jpeg?q=70,FUBACK,Women Fashion,Shirts,392,1999,80,4,580,"S, M, L, XL, XXL",PISTA,Regular Fit,Cotton Blend,,Striped,FUBACK Women Striped Casual Light Green Shirt - Buy FUBACK Women Striped Casual Light Green Shirt For Only Rs. 1999.0 Online in India. Shop Online For Apparels. Huge Collection of Branded Clothes Only at Flipkart.com,In Stock,FUBACK,https://www.flipkart.com/fuback-women-striped-casual-light-green-shirt/p/itm79d823401cf28,2026-06-29T09:51:50.428664+00:00
Flipkart,"DL Woman Women Striped Casual Pink, White Shirt",https://rukmini1.flixcart.com/image/1500/1500/xif0q/shirt/m/e/g/xl-dlwshw23001-rd-dl-woman-original-imah4uyajgxdjzpu.jpeg?q=70,DL Woman,Women Fashion,Shirts,295,1999,85,4,108,"S, M, L, XL, XXL",Red,Relaxed Fit,Pure Cotton,,Striped,"DL Woman Women Striped Casual Pink, White Shirt - Buy DL Woman Women Striped Casual Pink, White Shirt For Only Rs. 2799.0 Online in India. Shop Online For Apparels. Huge Collection of Branded Clothes Only at Flipkart.com",In Stock,MENSABRANDS,https://www.flipkart.com/dl-woman-women-striped-casual-pink-white-shirt/p/itm156472f83f8a1,2026-06-29T09:51:50.428664+00:00
Flipkart,Orbom Women Solid Formal Black Shirt,https://rukmini1.flixcart.com/image/1500/1500/xif0q/shirt/e/s/h/xl-ty-viscoserayon-shirt-prieto-original-imahg4yb9ngmasfa.jpeg?q=70,Orbom,Women Fashion,Shirts,312,999,68,,,"S, M, L, XL, XXL",SH-ViscoseRayon-SHIRT-BLACK,Regular Fit,Viscose Rayon,,Solid,Orbom Women Solid Formal Black Shirt - Buy Orbom Women Solid Formal Black Shirt For Only Rs. 1199.0 Online in India. Shop Online For Apparels. Huge Collection of Branded Clothes Only at Flipkart.com,In Stock,BKKANDSONS,https://www.flipkart.com/briem-women-solid-formal-black-shirt/p/itm595b59df75fad,2026-06-29T09:51:50.428664+00:00
Flipkart,Orbom Women Solid Formal White Shirt,https://rukmini1.flixcart.com/image/1500/1500/xif0q/shirt/o/y/i/m-shirt-women-yu-prieto-original-imahjk2jqfdnsetj.jpeg?q=70,Orbom,Women Fashion,Shirts,260,1199,78,3.4,22,"S, M, L, XL, XXL",SHIRT-WOMEN-YU-WHITE,Regular Fit,Crepe,,Solid,Orbom Women Solid Formal White Shirt - Buy Orbom Women Solid Formal White Shirt For Only Rs. 1199.0 Online in India. Shop Online For Apparels. Huge Collection of Branded Clothes Only at Flipkart.com,In Stock,BKKANDSONS,https://www.flipkart.com/orbom-women-solid-formal-white-shirt/p/itmbe1015c264b7d,2026-06-29T09:51:50.428664+00:00
Flipkart,SZN Women Solid Casual White Shirt,https://rukmini1.flixcart.com/image/1500/1500/xif0q/shirt/o/n/a/xl-s2107stwh549-szn-original-imahjyh4u8wkdhrc.jpeg?q=70,szn,Women Fashion,Shirts,434,1475,70,,,"XS, S, M, L, XL, XXL",White,Regular Fit,Crepe,,Solid,SZN Women Solid Casual White Shirt - Buy SZN Women Solid Casual White Shirt For Only Rs. 1475.0 Online in India. Shop Online For Apparels. Huge Collection of Branded Clothes Only at Flipkart.com,In Stock,OTIRA,https://www.flipkart.com/szn-women-solid-casual-white-shirt/p/itm820738248180a,2026-06-29T09:51:50.428664+00:00
Flipkart,GM SARA Women Solid Casual Khaki Shirt,https://rukmini1.flixcart.com/image/1500/1500/xif0q/shirt/f/2/r/xl-women-shirt-02-grey-new-gm-sara-original-imah5z4nx9qwdqnt.jpeg?q=70,GM SARA,Women Fashion,Shirts,240,999,75,,,"M, L, XL, XXL",Grey,Regular Fit,Cotton Blend,,Solid,GM SARA Women Solid Casual Khaki Shirt - Buy GM SARA Women Solid Casual Khaki Shirt For Only Rs. 999.0 Online in India. Shop Online For Apparels. Huge Collection of Branded Clothes Only at Flipkart.com,In Stock,RAHULTRADERSFASHION,https://www.flipkart.com/rahul-traders-women-solid-casual-grey-shirt/p/itmee6da2b85b0b7,2026-06-29T09:51:50.428664+00:00
Flipkart,TIGERSNAKE Women Striped Casual Pink Shirt,https://rukmini1.flixcart.com/image/1500/1500/xif0q/shopsy-shirt/y/j/e/xxl-1102-eversoft-flow-original-imahgzsmave2zexs.jpeg?q=70,TIGERSNAKE,Women Fashion,Shirts,349,2499,86,3.8,1854,"S, M, L, XL, XXL",PINK,Relaxed Fit,Pure Cotton,,Striped,TIGERSNAKE Women Striped Casual Pink Shirt - Buy TIGERSNAKE Women Striped Casual Pink Shirt For Only Rs. 2499.0 Online in India. Shop Online For Apparels. Huge Collection of Branded Clothes Only at Flipkart.com,In Stock,EVERSOFTINDUSTRIES,https://www.flipkart.com/tigersnake-women-striped-casual-pink-shirt/p/itmfed3be5ebf47d,2026-06-29T09:51:50.428664+00:00
Flipkart,FUNDAY FASHION Women Solid Casual Blue Shirt,https://rukmini1.flixcart.com/image/1500/1500/xif0q/shirt/b/t/n/m-sys-sp-0260-61-funday-fashion-original-imahhyafs73qhhkv.jpeg?q=70,FUNDAY FASHION,Women Fashion,Shirts,662,1499,55,3.9,180,"S, M, L, XL, XXL",Denim Blue,Oversized Fit,Denim,,Solid,FUNDAY FASHION Women Solid Casual Blue Shirt - Buy FUNDAY FASHION Women Solid Casual Blue Shirt For Only Rs. 1499.0 Online in India. Shop Online For Apparels. Huge Collection of Branded Clothes Only at Flipkart.com,In Stock,SYSONLINESTORE,https://www.flipkart.com/funday-fashion-women-solid-casual-blue-shirt/p/itmde4affeb34917,2026-06-29T09:51:50.428664+00:00
Flipkart,HERE&NOW Women Solid Casual Blue Shirt,https://rukmini1.flixcart.com/image/1500/1500/xif0q/shirt/e/i/m/m-36189600-here-now-original-imahfumpgjwr3e5c.jpeg?q=70,HERE&NOW,Women Fashion,Shirts,780,2299,66,3.7,106,"S, M, L, XL, 2XL",Blue,Oversized Fit,Pure Cotton,,Solid,HERE&NOW Women Solid Casual Blue Shirt - Buy HERE&NOW Women Solid Casual Blue Shirt For Only Rs. 2299.0 Online in India. Shop Online For Apparels. Huge Collection of Branded Clothes Only at Flipkart.com,In Stock,6thSense,https://www.flipkart.com/here-now-women-solid-casual-blue-shirt/p/itm99b9fde121354,2026-06-29T09:51:50.428664+00:00
Flipkart,TINZ Women Solid Casual Brown Shirt,https://rukmini1.flixcart.com/image/1500/1500/xif0q/shirt/y/0/u/m-2004-dorishirt-fz02-brown-tinz-original-imahngyqdunx9f6n.jpeg?q=70,TINZ,Women Fashion,Shirts,396,999,60,,,"S, M, L, XL, XXL",Brown,Relaxed Fit,Cotton Blend,,Solid,TINZ Women Solid Casual Brown Shirt - Buy TINZ Women Solid Casual Brown Shirt For Only Rs. 999.0 Online in India. Shop Online For Apparels. Huge Collection of Branded Clothes Only at Flipkart.com,In Stock,naryantraders,https://www.flipkart.com/tinz-women-solid-casual-brown-shirt/p/itm8152a5ae7e874,2026-06-29T09:51:50.428664+00:00
Flipkart,Styloketh Women Regular Fit Solid Slim Collar Casual Shirt,https://static-assets-web.flixcart.com/batman-returns/batman-returns/p/images/fk-mp-c815b6.svg,FDN,Women Fashion,Shirts,524,1499,65,,,,Black,Regular Fit,Denim,,Solid,,,,https://www.flipkart.com/fdn-women-washed-casual-black-shirt/p/itm5fef0025d6a6e,2026-06-29T09:51:50.428664+00:00
Flipkart,fab & funky Women Solid Casual Black Shirt,https://rukmini1.flixcart.com/image/1500/1500/xif0q/shirt/9/n/f/xl-rect-sh-03-fab-funky-original-imahz2nmst9ugjmy.jpeg?q=70,fab & funky,Women Fashion,Shirts,307,1499,79,3.7,10,"S, M, L, XL",Black,Regular Fit,Crepe,,Solid,fab & funky Women Solid Casual Black Shirt - Buy fab & funky Women Solid Casual Black Shirt For Only Rs. 1499.0 Online in India. Shop Online For Apparels. Huge Collection of Branded Clothes Only at Flipkart.com,In Stock,MMCREATIONS02,https://www.flipkart.com/fab-funky-women-solid-casual-black-shirt/p/itmbef63194084bf,2026-06-29T09:51:50.428664+00:00
Flipkart,Fab Star Women Solid Casual Black Shirt,https://rukmini1.flixcart.com/image/1500/1500/xif0q/shirt/4/r/c/xl-aa123-black-fab-star-original-imah2fhzkpnx8hkh.jpeg?q=70,Fab Star,Women Fashion,Shirts,437,2199,80,3.7,1929,"S, M, L, XL, XXL",BLACK,Oversized Fit,Pure Cotton,,Solid,Fab Star Women Solid Casual Black Shirt - Buy Fab Star Women Solid Casual Black Shirt For Only Rs. 2199.0 Online in India. Shop Online For Apparels. Huge Collection of Branded Clothes Only at Flipkart.com,In Stock,WHYSOFAB,https://www.flipkart.com/fab-star-women-solid-casual-black-shirt/p/itm7f97bfd074ced,2026-06-29T09:51:50.428664+00:00
Flipkart,NYPA Women Printed Casual Pink Shirt,https://rukmini1.flixcart.com/image/1500/1500/xif0q/shirt/k/o/z/3xl-nf00208pinkshirt-nypa-original-imahhsp3bf9hcspw.jpeg?q=70,NYPA,Women Fashion,Shirts,417,1999,79,4.1,39,"XS, S, M, L, XL, 2XL, 3XL",Pink,Oversized Fit,Viscose Rayon,,Printed,NYPA Women Printed Casual Pink Shirt - Buy NYPA Women Printed Casual Pink Shirt For Only Rs. 1999.0 Online in India. Shop Online For Apparels. Huge Collection of Branded Clothes Only at Flipkart.com,In Stock,NEEL FAB AND FASHION,https://www.flipkart.com/charmant-women-printed-casual-pink-shirt/p/itm2509fd2922b32,2026-06-29T09:51:50.428664+00:00
Flipkart,Urbano Fashion Women Solid Casual Dark Blue Shirt,https://rukmini1.flixcart.com/image/1500/1500/xif0q/shirt/b/j/z/m-womshirtsolovsslb-04-navy-urbano-fashion-original-imahhxjst567urkk.jpeg?q=70,Urbano Fashion,Women Fashion,Shirts,809,2199,63,4.3,19,"XS, S, M, L, XL",Navy,Oversized Fit,Linen Blend,,Solid,Urbano Fashion Women Solid Casual Dark Blue Shirt - Buy Urbano Fashion Women Solid Casual Dark Blue Shirt For Only Rs. 2199.0 Online in India. Shop Online For Apparels. Huge Collection of Branded Clothes Only at Flipkart.com,Out of Stock,ImperialClothing,https://www.flipkart.com/urbano-fashion-women-solid-casual-dark-blue-shirt/p/itma62b0dfdac742,2026-06-29T09:51:50.428664+00:00
Flipkart,TINZ Women Solid Casual Pink Shirt,https://rukmini1.flixcart.com/image/1500/1500/xif0q/shirt/z/7/u/5xl-women-pink-shirt-009-tinz-original-imahhf7cq6zks8tz.jpeg?q=70,TINZ,Women Fashion,Shirts,397,1099,63,3.8,79,"S, M, L, XL, 2XL, 3XL, 4XL, 5XL",Pink,Regular Fit,Cotton Blend,,Solid,TINZ Women Solid Casual Pink Shirt - Buy TINZ Women Solid Casual Pink Shirt For Only Rs. 1099.0 Online in India. Shop Online For Apparels. Huge Collection of Branded Clothes Only at Flipkart.com,In Stock,naryantraders,https://www.flipkart.com/tinz-women-solid-casual-pink-shirt/p/itm59adb808cb30a,2026-06-29T09:51:50.428664+00:00
Flipkart,RIJHARI Women Solid Casual Light Green Shirt,https://rukmini1.flixcart.com/image/1500/1500/xif0q/shirt/x/g/d/s-sleevelessshirt-rijhari-original-imagrffruh254zy9.jpeg?q=70,RIJHARI,Women Fashion,Shirts,212,1099,80,3.8,1360,"XS, S, M, L, XL, XXL, 3XL",Olive Green,Regular Fit,Viscose Rayon,,Solid,RIJHARI Women Solid Casual Light Green Shirt - Buy RIJHARI Women Solid Casual Light Green Shirt For Only Rs. 1099.0 Online in India. Shop Online For Apparels. Huge Collection of Branded Clothes Only at Flipkart.com,Out of Stock,Rijhari,https://www.flipkart.com/rijhari-women-solid-casual-light-green-shirt/p/itm6b6b69260eb5a,2026-06-29T09:51:50.428664+00:00
Flipkart,GM SARA Women Solid Casual Black Shirt,https://rukmini1.flixcart.com/image/1500/1500/xif0q/shirt/2/h/r/l-women-shirt-02-combo-black-blue-gm-sara-original-imaheppybghwf645.jpeg?q=70,GM SARA,Women Fashion,Shirts,245,999,75,,,"S, M, L, XL, XXL",Black,Regular Fit,Polyester,,Solid,GM SARA Women Solid Casual Black Shirt - Buy GM SARA Women Solid Casual Black Shirt For Only Rs. 1299.0 Online in India. Shop Online For Apparels. Huge Collection of Branded Clothes Only at Flipkart.com,In Stock,MAHAVEERCREATIONS,https://www.flipkart.com/maghma-women-solid-formal-black-shirt/p/itm11a4f184df021,2026-06-29T09:51:50.428664+00:00
Flipkart,RAHUL TRADERS Women Solid Casual Blue Shirt,https://rukmini1.flixcart.com/image/1500/1500/xif0q/shirt/k/u/k/m-fk-rt-02-women-shirt-t-green-m-rt-225-rahul-traders-original-imahhsr32jbey4fh.jpeg?q=70,RAHUL TRADERS,Women Fashion,Shirts,234,2999,92,,,M,Turquoise,Regular Fit,Cotton Blend,,Solid,RAHUL TRADERS Women Solid Casual Blue Shirt - Buy RAHUL TRADERS Women Solid Casual Blue Shirt For Only Rs. 999.0 Online in India. Shop Online For Apparels. Huge Collection of Branded Clothes Only at Flipkart.com,In Stock,RAHULTRADERSFASHION,https://www.flipkart.com/maghma-women-solid-casual-blue-shirt/p/itme078d92612d62,2026-06-29T09:51:50.428664+00:00
Flipkart,Leriya Fashion Women Solid Casual Brown Shirt,https://rukmini1.flixcart.com/image/1500/1500/xif0q/shirt/f/4/k/l-w2405-leriya-fashion-original-imahgns6g4z9fmfr.jpeg?q=70,Leriya Fashion,Women Fashion,Shirts,425,1999,78,3.7,106,"S, M, L, XL, XXL, 3XL",Dark Brown,Regular Fit,Polycotton,,Solid,Leriya Fashion Women Solid Casual Brown Shirt - Buy Leriya Fashion Women Solid Casual Brown Shirt For Only Rs. 1999.0 Online in India. Shop Online For Apparels. Huge Collection of Branded Clothes Only at Flipkart.com,In Stock,LeriyaFashion,https://www.flipkart.com/leriya-fashion-women-solid-casual-brown-shirt/p/itm00c2dca09d5a2,2026-06-29T09:51:50.428664+00:00
Flipkart,JUHIFAB Men Solid Casual Blue Shirt,https://rukmini1.flixcart.com/image/1500/1500/xif0q/shirt/h/9/v/m-plain-shlok-original-imaheynghnh37fbg.jpeg?q=70,JUHIFAB,Women Fashion,Shirts,295,999,70,3.8,5,"M, L, XL, XXL",Blue,Regular Fit,Cotton Linen,,Solid,JUHIFAB Men Solid Casual Blue Shirt - Buy JUHIFAB Men Solid Casual Blue Shirt For Only Rs. 999.0 Online in India. Shop Online For Apparels. Huge Collection of Branded Clothes Only at Flipkart.com,Out of Stock,JUHIFAB,https://www.flipkart.com/dmj-women-solid-casual-light-blue-shirt/p/itm6829de7d86a3c,2026-06-29T09:51:50.428664+00:00
Flipkart,FUBACK Women Printed Casual Multicolor Shirt,https://rukmini1.flixcart.com/image/1500/1500/xif0q/shirt/r/j/l/s-ct51-fuback-original-imahj3dj2zrzefax.jpeg?q=70,FUBACK,Women Fashion,Shirts,243,1999,87,4,7488,"S, M, L, XL, XXL",BLUE,Regular Fit,Cotton Blend,,Printed,FUBACK Women Printed Casual Multicolor Shirt - Buy FUBACK Women Printed Casual Multicolor Shirt For Only Rs. 1999.0 Online in India. Shop Online For Apparels. Huge Collection of Branded Clothes Only at Flipkart.com,Out of Stock,FUBACK,https://www.flipkart.com/fuback-women-printed-casual-multicolor-shirt/p/itm9917265a35e64,2026-06-29T09:51:50.428664+00:00
Flipkart,QIOA Women Striped Casual Yellow Shirt,https://rukmini1.flixcart.com/image/1500/1500/xif0q/shopsy-shirt/h/h/z/xl-shopsy-3642qi-qioa-original-imahkrzzdbegqv6f.jpeg?q=70,QIOA,Women Fashion,Shirts,386,1499,74,4.2,110,"S, M, L, XL",Yellow,Regular Fit,Pure Cotton,,Striped,QIOA Women Striped Casual Yellow Shirt - Buy QIOA Women Striped Casual Yellow Shirt For Only Rs. 1499.0 Online in India. Shop Online For Apparels. Huge Collection of Branded Clothes Only at Flipkart.com,In Stock,QIOA,https://www.flipkart.com/qioa-women-striped-casual-yellow-shirt/p/itmd3975efe7a3b9,2026-06-29T09:51:50.428664+00:00
Flipkart,Femibazaar Women Striped Casual Yellow Shirt,https://rukmini1.flixcart.com/image/1500/1500/xif0q/shirt/r/a/z/s-oversizestripeyellow-femibazaar-original-imahkh2yg59gusfp.jpeg?q=70,Femibazaar,Women Fashion,Shirts,405,1599,74,3.7,10088,"XS, S, M, L, XL",Yellow,Oversized Fit,,,Striped,Femibazaar Women Striped Casual Yellow Shirt - Buy Femibazaar Women Striped Casual Yellow Shirt For Only Rs. 1599.0 Online in India. Shop Online For Apparels. Huge Collection of Branded Clothes Only at Flipkart.com,In Stock,The Golden Sew,https://www.flipkart.com/femibazaar-women-striped-casual-yellow-shirt/p/itm7cc8144c7fa3e,2026-06-29T09:51:50.428664+00:00
Flipkart,Rudraaksha Women Solid Casual Maroon Shirt,https://rukmini1.flixcart.com/image/1500/1500/xif0q/shirt/m/m/z/m-delta-shirt-09-maroon-rudraaksha-original-imagy4xufeavchbk.jpeg?q=70,Rudraaksha,Women Fashion,Shirts,283,1999,85,3.6,147,"S, M, L, XL, XXL",Maroon,Regular Fit,Cotton Blend,,Solid,Rudraaksha Women Solid Casual Maroon Shirt - Buy Rudraaksha Women Solid Casual Maroon Shirt For Only Rs. 1999.0 Online in India. Shop Online For Apparels. Huge Collection of Branded Clothes Only at Flipkart.com,In Stock,RUDRAAKSHA,https://www.flipkart.com/rudraaksha-women-solid-casual-maroon-shirt/p/itm4e61fed46ed43,2026-06-29T09:51:50.428664+00:00
Flipkart,"HappyBestie Women Checkered Casual Red, White Shirt",https://rukmini1.flixcart.com/image/1500/1500/xif0q/shirt/a/q/s/xs-casual-red-check-print-button-front-shirt-for-women-original-imahmd5gsgxgt23r.jpeg?q=70,HappyBestie,Women Fashion,Shirts,397,999,60,4.4,86,"XS, S, M, L, XL","Red, White",Regular Fit,Polycotton,,Checkered,"HappyBestie Women Checkered Casual Red, White Shirt - Buy HappyBestie Women Checkered Casual Red, White Shirt For Only Rs. 999.0 Online in India. Shop Online For Apparels. Huge Collection of Branded Clothes Only at Flipkart.com",In Stock,ZIARO,https://www.flipkart.com/happybestie-women-checkered-casual-pink-shirt/p/itm145e09baf973f,2026-06-29T09:51:50.428664+00:00
Flipkart,TRENDY WEB SHOP Women Checkered Casual Multicolor Shirt,https://rukmini1.flixcart.com/image/1500/1500/xif0q/shirt/f/h/5/s-shirt-check-2-trendy-web-shop-original-imafh6jyujfhz8va-bb.jpeg?q=70,TRENDY WEB SHOP,Women Fashion,Shirts,315,999,68,3.8,1024,"S, M, L, XL",MULTICOLOR,Regular Fit,Viscose Rayon,,Checkered,TRENDY WEB SHOP Women Checkered Casual Multicolor Shirt - Buy TRENDY WEB SHOP Women Checkered Casual Multicolor Shirt For Only Rs. 1299.0 Online in India. Shop Online For Apparels. Huge Collection of Branded Clothes Only at Flipkart.com,In Stock,VASHENTERPRIS,https://www.flipkart.com/rida-creation-women-checkered-casual-black-shirt/p/itme330b0736b948,2026-06-29T09:51:50.428664+00:00
Flipkart,RudraRobes Women Solid Casual Blue Shirt,https://rukmini1.flixcart.com/image/1500/1500/xif0q/shirt/q/g/o/s-rrs-1-rudrarobes-original-imahjuy9ecy84rg8.jpeg?q=70,RudraRobes,Women Fashion,Shirts,324,999,67,3.8,45,M,BLUE,Regular Fit,Pure Cotton,,Solid,RudraRobes Women Solid Casual Blue Shirt - Buy RudraRobes Women Solid Casual Blue Shirt For Only Rs. 999.0 Online in India. Shop Online For Apparels. Huge Collection of Branded Clothes Only at Flipkart.com,In Stock,RudraRobes,https://www.flipkart.com/rudrarobes-women-solid-casual-blue-shirt/p/itm76db8c52880d8,2026-06-29T09:51:50.428664+00:00
Flipkart,Femibazaar Women Striped Casual Pink Shirt,https://rukmini1.flixcart.com/image/1500/1500/xif0q/shirt/z/a/a/m-oversizestripepink-femibazaar-original-imahz4ryr7smuq2u.jpeg?q=70,Femibazaar,Women Fashion,Shirts,430,1599,73,3.7,10088,"XS, S, M, L, XL",Pink,Oversized Fit,Cotton Blend,,Striped,Femibazaar Women Striped Casual Pink Shirt - Buy Femibazaar Women Striped Casual Pink Shirt For Only Rs. 1599.0 Online in India. Shop Online For Apparels. Huge Collection of Branded Clothes Only at Flipkart.com,In Stock,The Golden Sew,https://www.flipkart.com/femibazaar-women-striped-casual-pink-shirt/p/itm53dec606db23c,2026-06-29T09:51:50.428664+00:00
Flipkart,Fab Star Women Solid Casual Pink Shirt,https://rukmini1.flixcart.com/image/1500/1500/xif0q/shirt/v/u/w/m-ca124-pink-fab-star-original-imah8rcfgqurprrh.jpeg?q=70,Fab Star,Women Fashion,Shirts,437,1749,75,3.2,119,"S, M, L, XL, XXL",Pink,Boxy Fit,Pure Cotton,,Solid,Fab Star Women Solid Casual Pink Shirt - Buy Fab Star Women Solid Casual Pink Shirt For Only Rs. 1749.0 Online in India. Shop Online For Apparels. Huge Collection of Branded Clothes Only at Flipkart.com,In Stock,fabstar,https://www.flipkart.com/fab-star-women-solid-casual-pink-shirt/p/itm60e7cc7677bc0,2026-06-29T09:51:50.428664+00:00
Flipkart,"Nksa Fashion Women Striped Casual Pink, White Shirt",https://rukmini1.flixcart.com/image/1500/1500/xif0q/shirt/v/l/e/xs-nksa-shirt-0058-pk-nksa-fashion-original-imahe4adnkb7fzw4.jpeg?q=70,Nksa Fashion,Women Fashion,Shirts,389,1499,74,4.1,10917,"XS, S, M, L, XL, 2XL, XXL",Pink,Regular Fit,Polycotton,,Striped,"Nksa Fashion Women Striped Casual Pink, White Shirt - Buy Nksa Fashion Women Striped Casual Pink, White Shirt For Only Rs. 1499.0 Online in India. Shop Online For Apparels. Huge Collection of Branded Clothes Only at Flipkart.com",In Stock,NKSAFASHION,https://www.flipkart.com/nksa-fashion-women-striped-casual-pink-white-shirt/p/itmee03295fa955a,2026-06-29T09:51:50.428664+00:00
Flipkart,ULTRAVOGUE Women Solid Party Pink Shirt,https://rukmini1.flixcart.com/image/1500/1500/xif0q/shirt/4/a/g/xl-womens-solid-partywear-shirts-pink-ultravogue-original-imahhcebewyut85h.jpeg?q=70,ULTRAVOGUE,Women Fashion,Shirts,359,1875,80,4.2,46,"S, M, L, XL",Pink,Relaxed Fit,Silk Blend,,Solid,ULTRAVOGUE Women Solid Party Pink Shirt - Buy ULTRAVOGUE Women Solid Party Pink Shirt For Only Rs. 1875.0 Online in India. Shop Online For Apparels. Huge Collection of Branded Clothes Only at Flipkart.com,In Stock,ULTRAVOGUE,https://www.flipkart.com/ultravogue-women-solid-party-pink-shirt/p/itm07c275d2c811c,2026-06-29T09:51:50.428664+00:00
Flipkart,PINACOLADA Women Solid Casual Pink Shirt,https://rukmini1.flixcart.com/image/1500/1500/xif0q/shirt/s/g/l/s-ssp24-pcwssrt7224-pinacolada-original-imahczc5xfdqupch.jpeg?q=70,Pina Colada,Women Fashion,Shirts,578,1499,61,3.9,183,"S, M, L, XL",Pink,Regular Fit,Crepe,,Solid,PINACOLADA Women Solid Casual Pink Shirt - Buy PINACOLADA Women Solid Casual Pink Shirt For Only Rs. 1499.0 Online in India. Shop Online For Apparels. Huge Collection of Branded Clothes Only at Flipkart.com,Out of Stock,RetailNet,https://www.flipkart.com/pinacolada-women-solid-casual-pink-shirt/p/itma1b9f980fe660,2026-06-29T09:51:50.428664+00:00
Flipkart,"FUNDAY FASHION Women Solid Casual Light Green, Orange Shirt",https://rukmini1.flixcart.com/image/1500/1500/xif0q/shirt/p/x/u/m-sys4868-061-funday-fashion-original-imagygzzsgkrkkff.jpeg?q=70,FUNDAY FASHION,Women Fashion,Shirts,568,1999,71,4,3337,"S, M, L, XL, XXL","Peach, Pista Green",Oversized Fit,Viscose Rayon,,Solid,"FUNDAY FASHION Women Solid Casual Light Green, Orange Shirt - Buy FUNDAY FASHION Women Solid Casual Light Green, Orange Shirt For Only Rs. 1999.0 Online in India. Shop Online For Apparels. Huge Collection of Branded Clothes Only at Flipkart.com",In Stock,SYSONLINESTORE,https://www.flipkart.com/funday-fashion-women-solid-casual-light-green-orange-shirt/p/itmc06b1ccfc5ef7,2026-06-29T09:51:50.428664+00:00
Flipkart,ALL WAYS YOU Women Solid Casual Dark Green Shirt,https://rukmini1.flixcart.com/image/1500/1500/xif0q/shirt/i/e/2/xl-a2107stol680-all-ways-you-original-imahk6a9qtzztcqg.jpeg?q=70,ALL WAYS YOU,Women Fashion,Shirts,397,1475,73,4.1,3537,"XS, S, M, L, XL, 2XL, XXL",Olive Green,Regular Fit,,,Solid,ALL WAYS YOU Women Solid Casual Dark Green Shirt - Buy ALL WAYS YOU Women Solid Casual Dark Green Shirt For Only Rs. 1475.0 Online in India. Shop Online For Apparels. Huge Collection of Branded Clothes Only at Flipkart.com,In Stock,ALLWAYSYOUPvtLtd,https://www.flipkart.com/all-ways-you-women-solid-casual-dark-green-shirt/p/itm2ea7b178c11a6,2026-06-29T09:51:50.428664+00:00
Flipkart,FUNDAY FASHION Women Solid Casual Black Shirt,https://rukmini1.flixcart.com/image/1500/1500/l4yi7bk0/shirt/v/j/l/m-4716-19-funday-fashion-original-imagfqs3gffzpf5a.jpeg?q=70,FUNDAY FASHION,Women Fashion,Shirts,362,1499,75,4,7580,"XS, S, M, L, XL, 2XL, 3XL",Black,Regular Fit,Viscose Rayon,,Solid,FUNDAY FASHION Women Solid Casual Black Shirt - Buy FUNDAY FASHION Women Solid Casual Black Shirt For Only Rs. 1099.0 Online in India. Shop Online For Apparels. Huge Collection of Branded Clothes Only at Flipkart.com,In Stock,SYSONLINESTORE,https://www.flipkart.com/funday-fashion-women-solid-casual-black-shirt/p/itmad0384fef9910,2026-06-29T09:51:50.428664+00:00
Flipkart,RARE CAMEL Women Solid Formal White Shirt,https://rukmini1.flixcart.com/image/1500/1500/xif0q/shirt/k/3/1/l-7003-rare-camel-original-imahc48mhg3nsrej.jpeg?q=70,RARE CAMEL,Women Fashion,Shirts,425,1699,74,3.9,52,"S, M, L, XL, XXL",White,Slim Fit,Cotton Silk,,Solid,RARE CAMEL Women Solid Formal White Shirt - Buy RARE CAMEL Women Solid Formal White Shirt For Only Rs. 1699.0 Online in India. Shop Online For Apparels. Huge Collection of Branded Clothes Only at Flipkart.com,In Stock,MSAAYRAFASHION,https://www.flipkart.com/rare-camel-women-solid-formal-white-shirt/p/itm75e5069789ad3,2026-06-29T09:51:50.428664+00:00
Flipkart,Femibazaar Women Striped Casual Light Blue Shirt,https://rukmini1.flixcart.com/image/1500/1500/xif0q/shirt/q/d/g/xl-broadskystripe-femibazaar-original-imahhcsgs8cmpkyb.jpeg?q=70,Femibazaar,Women Fashion,Shirts,400,1599,74,4,730,"S, M, L, XL",Light Blue,Oversized Fit,Pure Cotton,,Striped,Femibazaar Women Striped Casual Light Blue Shirt - Buy Femibazaar Women Striped Casual Light Blue Shirt For Only Rs. 1599.0 Online in India. Shop Online For Apparels. Huge Collection of Branded Clothes Only at Flipkart.com,In Stock,The Golden Sew,https://www.flipkart.com/femibazaar-women-striped-casual-light-blue-shirt/p/itm7a76252bb8281,2026-06-29T09:51:50.428664+00:00
Flipkart,Designally Women Striped Formal Green Shirt,https://rukmini1.flixcart.com/image/1500/1500/xif0q/shirt/s/7/z/l-4003-fittedshirt-rkp-tealgreen-onaya-fashion-original-imahksdfvqfgebuc.jpeg?q=70,Designally,Women Fashion,Shirts,378,999,62,,,"S, M, L, XL, XXL",TEAL GREEN,Slim Fit,Cotton Blend,,Striped,Designally Women Striped Formal Green Shirt - Buy Designally Women Striped Formal Green Shirt For Only Rs. 999.0 Online in India. Shop Online For Apparels. Huge Collection of Branded Clothes Only at Flipkart.com,In Stock,DESIGNALLY,https://www.flipkart.com/onaya-fashion-women-striped-formal-green-shirt/p/itm56f3e677839d4,2026-06-29T09:51:50.428664+00:00
Flipkart,English Navy Women Solid Formal Blue Shirt,https://rukmini1.flixcart.com/image/1500/1500/xif0q/shirt/f/z/f/xs-3015cyan-english-navy-original-imahjnaufzdqwf7r.jpeg?q=70,English Navy,Women Fashion,Shirts,583,1199,51,4.2,104,"XS, S, XL",Cyan,Regular Fit,Polyester,,Solid,English Navy Women Solid Formal Blue Shirt - Buy English Navy Women Solid Formal Blue Shirt For Only Rs. 1199.0 Online in India. Shop Online For Apparels. Huge Collection of Branded Clothes Only at Flipkart.com,Out of Stock,RetailNet,https://www.flipkart.com/english-navy-women-solid-formal-blue-shirt/p/itm19f4e1151e0b5,2026-06-29T09:51:50.428664+00:00
Flipkart,MAGHMA Women Solid Casual Dark Blue Shirt,https://rukmini1.flixcart.com/image/1500/1500/xif0q/shirt/z/1/7/xl-shirt-02-navyblue-maghma-original-imahf8gvpfjgcpfk.jpeg?q=70,MAGHMA,Women Fashion,Shirts,232,999,76,3.9,1577,"M, L, XL, XXL",Dark Blue,Regular Fit,Polyester,,Solid,MAGHMA Women Solid Casual Dark Blue Shirt - Buy MAGHMA Women Solid Casual Dark Blue Shirt For Only Rs. 499.0 Online in India. Shop Online For Apparels. Huge Collection of Branded Clothes Only at Flipkart.com,In Stock,RAHULTRADERSFASHION,https://www.flipkart.com/rahul-traders-women-solid-casual-blue-shirt/p/itm9a236bf6ca05f,2026-06-29T09:51:50.428664+00:00
Flipkart,A.A. GARMENTS Women Solid Casual Blue Shirt,https://rukmini1.flixcart.com/image/1500/1500/l3dcl8w0/shirt/5/q/c/s-women-denim-long-shirt-amazingcollection-original-imagehzevdghzgqd.jpeg?q=70,A.A. GARMENTS,Women Fashion,Shirts,347,1499,76,4.2,431,"S, M, L, XL, 2XL, 3XL, 4XL, 5XL",Dark Blue,Regular Fit,Denim,,Solid,A.A. GARMENTS Women Solid Casual Blue Shirt - Buy A.A. GARMENTS Women Solid Casual Blue Shirt For Only Rs. 1499.0 Online in India. Shop Online For Apparels. Huge Collection of Branded Clothes Only at Flipkart.com,In Stock,AAGARMENTS01,https://www.flipkart.com/a-a-garments-women-solid-casual-blue-shirt/p/itmc1b9292202aed,2026-06-29T09:51:50.428664+00:00
Flipkart,AYZEN COLLECTION Women Solid Casual White Shirt,https://rukmini1.flixcart.com/image/1500/1500/xif0q/shirt/p/y/0/42-whait-shirt-12-ayzen-collection-original-imahnypkqqgrsquh.jpeg?q=70,AYZEN COLLECTION,Women Fashion,Shirts,307,699,56,,,"M, 42",WHAIT,Oversized Fit,Pure Cotton,,Solid,AYZEN COLLECTION Women Solid Casual White Shirt - Buy AYZEN COLLECTION Women Solid Casual White Shirt For Only Rs. 699.0 Online in India. Shop Online For Apparels. Huge Collection of Branded Clothes Only at Flipkart.com,In Stock,AYZENCOLLECTION,https://www.flipkart.com/ayzen-collection-women-solid-casual-white-shirt/p/itm5bcd135b47a63,2026-06-29T09:51:50.428664+00:00
Flipkart,Kinjo Women Solid Formal Orange Shirt,https://rukmini1.flixcart.com/image/1500/1500/xif0q/shirt/p/r/r/xl-blazer-kinjo-original-imahfscczgnh8zy2.jpeg?q=70,Kinjo,Women Fashion,Shirts,371,999,62,4.6,39,"S, M, L, XL, XXL",Rust,Regular Fit,Viscose Rayon,,Solid,Kinjo Women Solid Formal Orange Shirt - Buy Kinjo Women Solid Formal Orange Shirt For Only Rs. 999.0 Online in India. Shop Online For Apparels. Huge Collection of Branded Clothes Only at Flipkart.com,In Stock,kinjofashion,https://www.flipkart.com/kinjo-women-solid-formal-orange-shirt/p/itm00c744382e4f5,2026-06-29T09:51:50.428664+00:00
