website_name,product_name,product_image,brand,category,subcategory,price,original_price,discount_percent,rating,review_count,size_options,color,fit_type,fabric,sleeve_type,pattern,description,availability,seller,product_url,scrape_date
Myntra,Style Quotient Women White Formal Shirt,"https://assets.myntassets.com/h_720,q_70,w_540/v1/assets/images/19761198/2022/9/2/e05a447d-e6c7-4a5a-91ce-7b7972646f491662107951495StyleQuotientWomenWhiteClassicFormalShirt1.jpg",Style Quotient,Apparel,Shirts,599,1499,60,4.3,25053,"XS, S, M, L, XL",White,Regular Fit,Cotton,Long Sleeves,Solid,"White solid opaque foraml shirt ,has a spread collar, button placket, long regular sleeves, curved hem Fit: Regular Fit The model (height 5'8) is wearing a size S Cotton Hand wash Wash care: Hand Wash",InStock,Savadika Retail Private Limited,https://www.myntra.com/Shirts/Style+Quotient/Style-Quotient-Women-White-Formal-Shirt/19761198/buy,2026-06-26T05:32:19.624356+00:00
Myntra,glitchez Women Striped Casual Shirt,"https://assets.myntassets.com/h_720,q_70,w_540/v1/assets/images/2026/MARCH/13/hMJ3RytA_51bbd8a97e6c426e9815d9dbf47b8147.jpg",glitchez,Apparel,Shirts,596,1999,70,2.9,51,"XS, S, M, L",White,Regular Fit,Polyester,Long Sleeves,Striped,"White Solid Striped Opaque Casual shirts ,has a Spread Collar, , Long Regular Sleeves, Straight hem Brand Fit: Fit: Regular Fit The model (height 5'8) is wearing a size S Wash care: Machine Wash",InStock,AAHWAN ENTERPRISE,https://www.myntra.com/Shirts/glitchez/glitchez-Women-Striped-Casual-Shirt/40650946/buy,2026-06-26T05:32:19.624356+00:00
Myntra,HERE&NOW Women Oversized Fit Solid Spread Collar Cotton Casual Shirt,"https://assets.myntassets.com/h_720,q_70,w_540/v1/assets/images/2025/AUGUST/18/6zT0pBpM_3fc2daa8c6e042a390768ea6628735d4.jpg",HERE&NOW,Apparel,Shirts,794,2299,65,4.2,2520,"S, M, L, XL, XXL",Blue,Oversized,Cotton,Long Sleeves,Solid,Blue opaque casual shirt for women Spread collar Button placket Curved hemline Solid Regular length Long sleeves Oversized The model (height 5.8') is wearing a size S Cotton Machine Wash Wash care: Machine Wash,InStock,Sixth Sense,https://www.myntra.com/Shirts/HERE%26NOW/HERENOW-Women-Oversized-Fit-Solid-Spread-Collar-Cotton-Casual-Shirt/36189600/buy,2026-06-26T05:32:19.624356+00:00
Myntra,glitchez Women Striped Casual Shirt,"https://assets.myntassets.com/h_720,q_70,w_540/v1/assets/images/2026/MARCH/13/pJ8GoJ5i_551e5258807044948495b97670096a13.jpg",glitchez,Apparel,Shirts,596,1999,70,3.1,171,"XS, S, M, L",White,Slim Fit,Polyester,Short Sleeves,Striped,"White Vertical Stripes Striped Casual shirts ,has a Spread Collar, , Short Regular Sleeves, Straight hem Brand Fit: Slim Fit Fit: Slim Fit The model (height 5'8) is wearing a size S Wash care: Machine Wash",InStock,AAHWAN ENTERPRISE,https://www.myntra.com/Shirts/glitchez/glitchez-Women-Striped-Casual-Shirt/40650957/buy,2026-06-26T05:32:19.624356+00:00
Myntra,The Roadster Lifestyle Co. Solid Regular Fit Shirt,"https://assets.myntassets.com/h_720,q_70,w_540/v1/assets/images/33439616/2025/5/6/403adf0c-6203-44e0-91a8-7a098af178961746531570755-The-Life-Co-Pure-Cotton-Wrap-Style-Casual-Shirt-159174653156-1.jpg",Roadster,Apparel,Shirts,894,1899,53,4.4,9788,"XS, S, M, L, XL, XXL",Maroon,Regular Fit,Cotton,Long Sleeves,Solid,"Maroon solid opaque Casual shirt ,has a spread collar, button placket, 1 pocket, long regular sleeves, straight hem Brand Fit: Classic Fit: Regular Fit The model (height 5'8) is wearing a size S 100% Cotton MACHINE WASH Wash care: Machine Wash",InStock,STREAMLINE APPARELS PRIVATE LIMITED,https://www.myntra.com/Shirts/Roadster/The-Roadster-Lifestyle-Co-Solid-Regular-Fit-Shirt/33439616/buy,2026-06-26T05:32:19.624356+00:00
Myntra,The Roadster Life Co. Oversized Striped Seersucker Pure Cotton Shirt,"https://assets.myntassets.com/h_720,q_70,w_540/v1/assets/images/33563181/2025/5/14/c174bcf2-7a41-4f2f-9810-ffee2d85c2981747205142388-Womens-Oversize-Long-Sleeve-Yarn-Dyed-Stripe-Shirt-927174720-1.jpg",Roadster,Apparel,Shirts,599,1799,67,4.4,19139,"XS, S, M, L, XL",White,Oversized,Cotton,Long Sleeves,Striped,"Pink and white seersucker vertical stripes opaque casual shirt, has a spread collar, button placket, long regular sleeves, curved hem Fit: Oversized The model (height 5'8) is wearing a size S 100% Cotton&nbsp; Machine Wash Wash care: Machine Wash",InStock,FRACTAL INDUSTRIES LIMITED,https://www.myntra.com/Shirts/Roadster/The-Roadster-Life-Co-Oversized-Striped-Seersucker-Pure-Cotton-Shirt/33563181/buy,2026-06-26T05:32:19.624356+00:00
Myntra,High Star Solid Long Sleeves Oversized Casual Shirt,"https://assets.myntassets.com/h_720,q_70,w_540/v1/assets/images/24393396/2023/8/8/19ee012f-d1bc-4a95-a46d-bdbcb84b01e91691438760543HighStarWomenGreenClassicOpaqueCasualShirt1.jpg",High Star,Apparel,Shirts,950,2299,59,4.3,17346,"S, M, L, XL, XXL",Green,Oversized,Cotton,Long Sleeves,Solid,"Green solid opaque Casual shirt ,has a spread collar, button placket, 1 pocket, long regular sleeves, curved hemHigh Star - Product by BRND.ME Brand Fit: Classic Fit: Oversized The model (height 5'8) is wearing a size S 100% Cotton Machine Wash Wash care: Machine Wash",InStock,Mensa Brand Technologies Private Limited,https://www.myntra.com/Shirts/High+Star/High-Star-Solid-Long-Sleeves-Oversized-Casual-Shirt/24393396/buy,2026-06-26T05:32:19.624356+00:00
Myntra,The Roadster Life Co. Printed Pure Cotton Relaxed Fit Shirt,"https://assets.myntassets.com/h_720,q_70,w_540/v1/assets/images/2025/NOVEMBER/19/22UtRrDj_367808526f604fe98a52741c11ff1e69.jpg",Roadster,Apparel,Shirts,902,2199,59,4.2,2328,"M, L, XL, XXL",Red,Relaxed Fit,Cotton,Long Sleeves,Printed,"Red conversational printed opaque Casual shirt ,has a spread collar, button placket, long regular sleeves, curved hem The model (height 5'8) is wearing a size S 100% cotton Machine wash Wash care: Machine Wash",InStock,STREAMLINE APPARELS PRIVATE LIMITED,https://www.myntra.com/Shirts/Roadster/The-Roadster-Life-Co-Printed-Pure-Cotton-Relaxed-Fit-Shirt/37851504/buy,2026-06-26T05:32:19.624356+00:00
Myntra,The Roadster Life Co. Pure Cotton Striped Relaxed Fit Casual Shirt,"https://assets.myntassets.com/h_720,q_70,w_540/v1/assets/images/2025/NOVEMBER/12/q0nzv3hd_a879d261c73740c081750e94acd1a298.jpg",Roadster,Apparel,Shirts,589,1599,63,4.1,1338,"XS, S, M, L, XL",Maroon,Relaxed Fit,Cotton,Long Sleeves,Striped,"Maroon and white vertical striped opaque casual shirt, has a spread collar, button placket, 1 patch pocket, long drop-shoulder sleeves, curved hem Fit: Relaxed Fit The model (height 5'8) is wearing a size S 100% Cotton Machine wash Wash care: Machine Wash",InStock,FRACTAL INDUSTRIES LIMITED,https://www.myntra.com/Shirts/Roadster/The-Roadster-Life-Co-Pure-Cotton-Striped-Relaxed-Fit-Casual-Shirt/36740836/buy,2026-06-26T05:32:19.624356+00:00
Myntra,The Roadster Lifestyle Co. Striped High-Low Casual Shirt,"https://assets.myntassets.com/h_720,q_70,w_540/v1/assets/images/27068766/2024/5/6/60bf9417-a5a5-41ef-9eff-40d7177a0edc1714998341069-Roadster-Women-Shirts-4291714998340540-1.jpg",Roadster,Apparel,Shirts,395,1099,64,4.1,6401,"XS, S, M, L, XL, XXL",Pink,Regular Fit,Viscose Rayon,Long Sleeves,Striped,"Dusty pink and white vertical stripes casual shirt ,has a mandarin collar, button placket, long regular sleeves, high-low hem Brand Fit: Regular Fit Size worn by the model: S Chest: 34"" Height: 5'8"" 100% viscose rayon Machine wash Wash care: Machine Wash",InStock,Savadika Retail Private Limited,https://www.myntra.com/Shirts/Roadster/The-Roadster-Lifestyle-Co-Striped-High-Low-Casual-Shirt/27068766/buy,2026-06-26T05:32:19.624356+00:00
Myntra,Zyla Women Relaxed Semi Sheer Casual Shirt,"https://assets.myntassets.com/h_720,q_70,w_540/v1/assets/images/2026/APRIL/27/MlzjyTnz_16590fc9801e4040bd33f5624daafb5d.jpg",Zyla,Apparel,Shirts,414,2199,81,4,312,"S/M, M/L, L/XL",Pink,Regular Fit,Cotton,Long Sleeves,Self Design,"Pink Solid Self Design Semi Sheer Casual shirts ,has a Spread Collar, Button Placket, 1 Patch pocket, Long Regular Sleeves, Curved hem Brand Fit: Relaxed Fit: Regular Fit The model (height 5'8) is wearing a size S cotton Machine Wash Wash care: Machine Wash",InStock,SHAGUN CREATIONS,https://www.myntra.com/Shirts/Zyla/Zyla-Women-Relaxed-Semi-Sheer-Casual-Shirt/41669824/buy,2026-06-26T05:32:19.624356+00:00
Myntra,Femibazaar Women Relaxed Striped Casual Shirt,"https://assets.myntassets.com/h_720,q_70,w_540/v1/assets/images/2025/NOVEMBER/4/892QeUot_5210845d7b4f404895e5fea5b6cd515b.jpg",Femibazaar,Apparel,Shirts,449,1599,72,4.1,379,"S, M, L, XL",Pink,Oversized,Polycotton,Long Sleeves,Striped,"Pink vertical stripes striped opaque Casual shirt ,has a spread collar, button placket, long roll-up sleeves, curved hem Brand Fit: Relaxed Fit: Oversized The model (height 5'8) is wearing a size S Gentle Machine Wash Wash care: Machine Wash",InStock,THE GOLDEN SEW,https://www.myntra.com/Shirts/Femibazaar/Femibazaar-Women-Relaxed-Striped-Casual-Shirt/37763340/buy,2026-06-26T05:32:19.624356+00:00
Myntra,The Roadster Lifestyle Co. Women Spread Collar Textured Casual Shirt,"https://assets.myntassets.com/h_720,q_70,w_540/v1/assets/images/2024/DECEMBER/3/nkS7B1gV_a5f44d5f250a4cb08fbc61385dd76dc9.jpg",Roadster,Apparel,Shirts,638,2099,70,4.2,7009,"XS, S, M, L, XL, XXL",Pink,Regular Fit,Polyester,Long Sleeves,Self Design,1 Pink opaque casual shirt Spread collar Button placket Long sleeves Straight hemline Regular Fit The model (height 5.8') is wearing a size S Polyester Machine Wash Wash care: Machine Wash,InStock,Savadika Retail Private Limited,https://www.myntra.com/Shirts/Roadster/The-Roadster-Lifestyle-Co-Women-Spread-Collar-Textured-Casual-Shirt/31820702/buy,2026-06-26T05:32:19.624356+00:00
Myntra,Funday Fashion Women Casual Shirt,"https://assets.myntassets.com/h_720,q_70,w_540/v1/assets/images/2026/FEBRUARY/24/RMFnWB2Q_c1668c0195254e969c27f82200f97b0c.jpg",Funday Fashion,Apparel,Shirts,726,1499,52,3.9,678,"S, M, L, XL",Blue,Oversized,Denim,Long Sleeves,Solid,"Blue Solid Opaque Casual shirts ,has a Spread Collar, Button Placket, Long Roll-Up Sleeves, Curved hem Brand Fit: Fit: Oversized The model (height 5'8) is wearing a size S Hand Wash Only Wash care: Machine Wash",InStock,SYS ONLINE STORE,https://www.myntra.com/Shirts/Funday+Fashion/Funday-Fashion-Women-Casual-Shirt/40288341/buy,2026-06-26T05:32:19.624356+00:00
Myntra,The Roadster Life Co. Washed Effect Pleated Detail Pure Cotton Wrap-Style Denim Shirt,"https://assets.myntassets.com/h_720,q_70,w_540/v1/assets/images/2025/OCTOBER/1/V6iqlbv2_3936e14cb93440b5baf0a7b6e1e15189.jpg",Roadster,Apparel,Shirts,894,1999,55,4.4,9788,"XS, S, M, L, XL, XXL",Blue,Regular Fit,Cotton,Long Sleeves,Solid,"Blue washed effect opaque wrap-style casual shirt with pleated detail, has a spread collar, button placket, long regular sleeves, straight hem Fit: Regular Fit The model (height 5'8) is wearing a size S 100% Cotton Machine wash Wash care: Machine Wash",InStock,STREAMLINE APPARELS PRIVATE LIMITED,https://www.myntra.com/Shirts/Roadster/The-Roadster-Life-Co-Washed-Effect-Pleated-Detail-Pure-Cotton-Wrap-Style-Denim-Shirt/37167891/buy,2026-06-26T05:32:19.624356+00:00
Myntra,The Roadster Life Co. Striped Seersucker Casual Shirt,"https://assets.myntassets.com/h_720,q_70,w_540/v1/assets/images/2025/SEPTEMBER/1/94a90NOU_d9ade7ec0ce6404c9cc03471aff644fc.jpg",Roadster,Apparel,Shirts,924,2199,58,4.3,2822,"XS, S, M, L, XL, XXL",Blue,Regular Fit,Cotton,Long Sleeves,Striped,"Blue vertical stripes striped opaque Casual shirt ,has a spread collar, button placket, long regular sleeves, straight hem Brand Fit: Classic Fit: Regular Fit The model (height 5'8) is wearing a size S 100% Cotton Machine-wash Wash care: Machine Wash",InStock,STREAMLINE APPARELS PRIVATE LIMITED,https://www.myntra.com/Shirts/Roadster/The-Roadster-Life-Co-Striped-Seersucker-Casual-Shirt/36569471/buy,2026-06-26T05:32:19.624356+00:00
Myntra,Lahaba Women Casual Shirt,"https://assets.myntassets.com/h_720,q_70,w_540/v1/assets/images/2026/JUNE/2/JRQo57Do_a7485343796249069112044d4b555244.jpg",Lahaba,Apparel,Shirts,388,999,61,3.3,19,"S, M, L, XL, XXL",Black,Regular Fit,Cotton,Long Sleeves,Textured,"Black Textured Opaque Casual shirts ,has a Spread Collar, Button Placket, Long Regular Sleeves, Curved hem Brand Fit: Fit: Regular Fit The model (height 5'8) is wearing a size S Style this classic black shirt with blue denim jeans and minimal gold accessories for a timeless casual look. You can also tuck it into tailored trousers or a skirt for a smart semi-formal outfit perfect for brunches, meetings, or casual evenings. Machine Wash Wash care: Machine Wash",InStock,A K GARMENTS,https://www.myntra.com/Shirts/Lahaba/Lahaba-Women-Casual-Shirt/42759942/buy,2026-06-26T05:32:19.624356+00:00
Myntra,Anouk Spread Collar Casual Shirt,"https://assets.myntassets.com/h_720,q_70,w_540/v1/assets/images/31419306/2025/5/20/9e48d41f-2672-444e-a579-efcd59ae9f231747735031611-Anouk-Women-Shirt-Collar-Full-Sleeve-Shirt-931747735031256-1.jpg",Anouk,Apparel,Shirts,784,2199,64,4,772,"XS, S, M, L, XL, XXL",Yellow,Regular Fit,"Polyester, Cotton",Long Sleeves,Solid,"Yellow solid opaque casual shirt ,has a spread collar, button placket, three-quarter regular sleeves, curved hem The model (height 5'8) is wearing a size S Polyester Machine Wash Wash care: Machine Wash",InStock,Mokksha Designs,https://www.myntra.com/Shirts/Anouk/Anouk-Spread-Collar-Casual-Shirt-/31419306/buy,2026-06-26T05:32:19.624356+00:00
Myntra,Roadster Women Rust Red Boxy Solid Pure Cotton High-Low Casual Shirt,"https://assets.myntassets.com/h_720,q_70,w_540/v1/assets/images/13398704/2021/3/16/cfdf4374-1be7-4b9a-b0fe-a70d5ac8d9461615886242820-Roadster-Women-Shirts-8531615886241863-1.jpg",Roadster,Apparel,Shirts,527,1199,56,4.1,1152,"XS, S, M, L, XL, XXL",Rust,Boxy,Cotton,Long Sleeves,Solid,"Rust red solid casual shirt, has a mandarin collar, long sleeves, button placket, and high-low hem The model (height 5'8"") is wearing a size S This shirt from Roadster has a traditional design. Style yours with dark denims and leather-trimmed accessories for a chic party look. Material: Cotton Machine Wash Wash care: Machine Wash",InStock,Savadika Retail Private Limited,https://www.myntra.com/Shirts/Roadster/Roadster-Women-Rust-Red-Boxy-Solid-Pure-Cotton-High-Low-Casual-Shirt/13398704/buy,2026-06-26T05:32:19.624356+00:00
Myntra,Zyla Women Relaxed Semi Sheer Casual Shirt,"https://assets.myntassets.com/h_720,q_70,w_540/v1/assets/images/2026/APRIL/27/j7wIn4fk_8cca0b91778141988b7f213ef2851474.jpg",Zyla,Apparel,Shirts,414,2199,81,4,312,"S/M, M/L, L/XL",Black,Relaxed Fit,Cotton,Long Sleeves,Solid,"Black Solid Semi Sheer Casual shirts ,has a Spread Collar, Button Placket, 1 Patch pocket, Long Regular Sleeves, Curved hem Brand Fit: Relaxed Fit: Relaxed Fit The model (height 5'8) is wearing a size S white oversized cotton shirt for women Regular Machine Wash Wash care: Machine Wash",InStock,SHAGUN CREATIONS,https://www.myntra.com/Shirts/Zyla/Zyla-Women-Relaxed-Semi-Sheer-Casual-Shirt/41669823/buy,2026-06-26T05:32:19.624356+00:00
Myntra,Femibazaar Women Relaxed Striped Casual Shirt,"https://assets.myntassets.com/h_720,q_70,w_540/v1/assets/images/2025/JULY/27/zmoE3v1g_aff883499ea54188baa379437e373d39.jpg",Femibazaar,Apparel,Shirts,449,1599,72,4,2594,"S, M, L, XL",Pink,Oversized,Polycotton,Long Sleeves,Striped,"Color &amp; Pattern: The shirt is predominantly pink with thin white vertical stripes, creating a classic striped pattern. Style: It appears to be an oversized or relaxed-fit button-down shirt, commonly referred to as a ""poplin shirt"" in similar styles.&nbsp; Collar: The shirt features a traditional shirt collar Sleeves: It has long sleeves with buttoned cuffs, typical of a classic button-down shirt.&nbsp; Closure: The front closure is a full button-up design Brand Fit: Relaxed Fit: Oversized The model (height 5'8) is wearing a size S Gentle Machine Wash Wash care: Machine Wash",InStock,THE GOLDEN SEW,https://www.myntra.com/Shirts/Femibazaar/Femibazaar-Women-Relaxed-Striped-Casual-Shirt/36037624/buy,2026-06-26T05:32:19.624356+00:00
Myntra,Roadster The Life Co. Notched Lapel Collar Shirt,"https://assets.myntassets.com/h_720,q_70,w_540/v1/assets/images/27068784/2024/5/6/1f06faeb-cf92-4643-895d-31c3e74870e21714996840557-Roadster-Women-Shirts-3591714996840054-1.jpg",Roadster,Apparel,Shirts,369,999,63,4.1,1914,"XS, S, M, L, XL, XXL",Green,Regular Fit,Viscose Rayon,Long Sleeves,Solid,"Green solid casual shirt, has a notched lapel collar, button placket, long cuffed sleeves, and a curved hem Fit: Regular Fit The model (height 58) is wearing a size S 100% Viscose Machine wash Wash care: Machine Wash",InStock,Savadika Retail Private Limited,https://www.myntra.com/Shirts/Roadster/Roadster-The-Life-Co-Notched-Lapel-Collar-Shirt/27068784/buy,2026-06-26T05:32:19.624356+00:00
Myntra,Zyla Women Solid Oversized Shirt,"https://assets.myntassets.com/h_720,q_70,w_540/v1/assets/images/2026/APRIL/27/kOhy1XBS_036a8cd5bd254061803651c7ff4f3870.jpg",Zyla,Apparel,Shirts,459,2199,79,4,312,"S/M, M/L, L/XL",Green,Oversized,Cotton,Long Sleeves,Solid,"Green Solid Semi Sheer Casual shirts ,has a Spread Collar, Button Placket, 1 Patch pocket, Long Regular Sleeves, Curved hem Brand Fit: Relaxed Fit: Oversized The model (height 5'8) is wearing a size S white oversized cotton shirt for women Regular Machine Wash Wash care: Machine Wash",InStock,SHAGUN CREATIONS,https://www.myntra.com/Shirts/Zyla/Zyla-Women-Solid-Oversized-Shirt/41669821/buy,2026-06-26T05:32:19.624356+00:00
Myntra,Roadster Striped Oversized Casual Shirt,"https://assets.myntassets.com/h_720,q_70,w_540/v1/assets/images/30256918/2024/10/4/e25c6849-e3e3-4942-855c-bf5c47cc722e1728018954402-Womens-Oversize-Long-Sleeve-Seersucker-Stripe-Shirt-57517280-1.jpg",Roadster,Apparel,Shirts,599,1799,67,4.4,19139,"XS, S, M, L, XL",White,Oversized,Cotton,Long Sleeves,Striped,"White vertical stripes striped opaque Casual shirt ,has a spread collar, snap button placket, 1 patch pocket, long regular sleeves, curved hem Fit: Oversized The model (height 5'8) is wearing a size S 100% COTTON Machine Wash Wash care: Machine Wash",InStock,FRACTAL INDUSTRIES LIMITED,https://www.myntra.com/Shirts/Roadster/Roadster-Striped-Oversized-Casual-Shirt/30256918/buy,2026-06-26T05:32:19.624356+00:00
Myntra,U.S. Polo Assn. Women Spread Collar Cotton Shirt,"https://assets.myntassets.com/h_720,q_70,w_540/v1/assets/images/2025/AUGUST/11/ai0X39Sg_7f433b6b66374b2993beba1a641aade2.jpg",U.S. Polo Assn. Women,Apparel,Shirts,1319,1999,34,4.5,307,"S, M, L, XL",Black,Regular Fit,Cotton,Long Sleeves,Solid,"Black solid opaque Casual shirt ,has a spread collar, button placket, long regular sleeves, curved hem Fit: Regular Fit The model (height 5'8) is wearing a size S 100% Cotton Machine wash Wash care: Machine Wash",InStock,ARVIND LIFESTYLE BRANDS LIMITED - SJIT,https://www.myntra.com/Shirts/U.S.+Polo+Assn.+Women/US-Polo-Assn-Women-Spread-Collar-Cotton-Shirt/36337369/buy,2026-06-26T05:32:19.624356+00:00
Myntra,J Turritopsis Women Cotton Embroidered Button Down Shirt,"https://assets.myntassets.com/h_720,q_70,w_540/v1/assets/images/2026/APRIL/29/y12qgE1a_313fd94d7d444886a4024b262c8e18ba.jpg",J Turritopsis,Apparel,Shirts,566,1399,60,4.5,106,"S, M, L, XL, XXL",Coffee Brown,Regular Fit,Cotton,Sleeveless,Solid,"Coffee Brown Solid Opaque Casual shirts ,has a Spread Collar, Button Placket, Sleeveless No Sleeves, Straight hem Brand Fit: Comfort Fit: Regular Fit The model (height 5'8) is wearing a size S Cotton|Hand Wash Wash care: Hand Wash",InStock,J TURRITOPSIS,https://www.myntra.com/Shirts/J+Turritopsis/J-Turritopsis-Women-Cotton-Embroidered-Button-Down-Shirt/40358664/buy,2026-06-26T05:32:19.624356+00:00
Myntra,Style Quotient Women Smart Mandarin Collar Solid Cotton Formal Shirt,"https://assets.myntassets.com/h_720,q_70,w_540/v1/assets/images/2025/JANUARY/2/J7SHy4lq_bec62b20cbc74ce998e8e59194069246.jpg",Style Quotient,Apparel,Shirts,611,1199,49,4.3,4355,"S, M, L, XL",Beige,Regular Fit,Cotton,Short Sleeves,Solid,"Beige opaque formal shirt for women Mandarin collar Button placket Short, Puff sleeves Curved hemline Smart Regular Fit The model (height 5.8') is wearing a size S Cotton Machine Wash Wash care: Machine Wash",InStock,Savadika Retail Private Limited,https://www.myntra.com/Shirts/Style+Quotient/Style-Quotient-Women-Smart-Mandarin-Collar-Solid-Cotton-Formal-Shirt/32179900/buy,2026-06-26T05:32:19.624356+00:00
Myntra,Roadster Striped Oversized Casual Shirt,"https://assets.myntassets.com/h_720,q_70,w_540/v1/assets/images/30256916/2024/9/18/25a3199a-83d7-460f-bde7-5c159e6eb4c81726637433682-Womens-Oversize-Long-Sleeve-Seersucker-Stripe-Shirt-23017266-1.jpg",Roadster,Apparel,Shirts,599,1799,67,4.4,19139,"XS, S, M, L, XL",White,Oversized,Cotton,Long Sleeves,Striped,"White vertical stripes striped opaque Casual shirt ,has a jewel collar, button placket, long drop-shoulder sleeves, curved hem Brand Fit: Fit: Oversized The model (height 5'8) is wearing a size S 100% Cotton Machine Wash Wash care: Machine Wash",InStock,FRACTAL INDUSTRIES LIMITED,https://www.myntra.com/Shirts/Roadster/Roadster-Striped-Oversized-Casual-Shirt/30256916/buy,2026-06-26T05:32:19.624356+00:00
Myntra,Roadster Women White Cotton Solid Casual Shirt,"https://assets.myntassets.com/h_720,q_70,w_540/v1/assets/images/14615110/2021/9/10/c4351ed5-9b83-41da-b81e-05faae0a13051631265003631-Roadster-Women-Shirts-6201631265003003-1.jpg",Roadster,Apparel,Shirts,743,1899,61,4.2,6708,"XS, S, M, L, XL, XXL",White,Regular Fit,Cotton,Long Sleeves,Solid,"White solid casual shirt, has a spread collar, button placket, long regular sleeves, curved hem Brand Fit: Fit: Regular Fit The model (height 5'8) is wearing a size S Cotton Machine wash Wash care: Machine Wash",InStock,STREAMLINE APPARELS PRIVATE LIMITED,https://www.myntra.com/Shirts/Roadster/Roadster-Women-White--Cotton-Solid-Casual-Shirt/14615110/buy,2026-06-26T05:32:19.624356+00:00
Myntra,Lahaba Women Casual Shirt,"https://assets.myntassets.com/h_720,q_70,w_540/v1/assets/images/2026/JUNE/2/J5s8y0jo_33a098b69a7643108cb24c4a4f0554f4.jpg",Lahaba,Apparel,Shirts,388,999,61,1.9,26,"XS, S, M, L, XL, XXL",White,Regular Fit,Cotton,Long Sleeves,Textured,"White Textured Opaque Casual shirts ,has a Spread Collar, Button Placket, Long Regular Sleeves, Curved hem Brand Fit: Fit: Regular Fit The model (height 5'8) is wearing a size S Style this classic White shirt with blue denim jeans and minimal gold accessories for a timeless casual look. You can also tuck it into tailored trousers or a skirt for a smart semi-formal outfit perfect for brunches, meetings, or casual evenings. Machine Wash Wash care: Machine Wash",InStock,A K GARMENTS,https://www.myntra.com/Shirts/Lahaba/Lahaba-Women-Casual-Shirt/42759940/buy,2026-06-26T05:32:19.624356+00:00
Myntra,all about you Floral Embroidered Casual Shirt,"https://assets.myntassets.com/h_720,q_70,w_540/v1/assets/images/2025/FEBRUARY/6/qePL2LJl_6ecc76278cd742c591421ec88d6de514.jpg",all about you,Apparel,Shirts,894,2199,59,4.4,4080,"XS, S, M, L, XL, XXL, 3XL, 4XL, 5XL, 6XL",White,Regular Fit,Cotton,Long Sleeves,Self Design,"White floral self design opaque Casual shirt ,has a cuban collar, button placket, long regular sleeves, straight hem Brand Fit: Fit: Regular Fit The model (height 5'8) is wearing a size S 100% Cotton Machine wash Wash care: Machine Wash",InStock,Konde Products & Services Private Limited,https://www.myntra.com/Shirts/all+about+you/all-about-you-Floral-Embroidered-Casual-Shirt/31570151/buy,2026-06-26T05:32:19.624356+00:00
Myntra,Chemistry Women Relaxed Opaque Striped Formal Shirt,"https://assets.myntassets.com/h_720,q_70,w_540/v1/assets/images/23960220/2023/7/21/a79ac666-2e40-4a00-a727-37b77b6523941689921225671-Chemistry-Women-Shirts-4181689921225283-1.jpg",Chemistry,Apparel,Shirts,566,1699,67,4.4,5733,"XS, S, M, L, XL",White,Regular Fit,Polyester,Short Sleeves,Striped,"White vertical stripes striped opaque Formal shirt ,has a spread collar, button placket, 1 pocket, short roll-up sleeves, curved hem Brand Fit: Relaxed Regular Fit Size worn by the model: S Chest: 33'' Height: 5'7"" 100% POLYESTER, Machine Wash Wash care: Machine Wash",InStock,POISE FASHION,https://www.myntra.com/Shirts/Chemistry/Chemistry-Women-Relaxed-Opaque-Striped-Formal-Shirt/23960220/buy,2026-06-26T05:32:19.624356+00:00
Myntra,Style Quotient Women Formal Shirt,"https://assets.myntassets.com/h_720,q_70,w_540/v1/assets/images/19761202/2022/9/15/6b924cc5-241d-4931-ba6f-1307e357d6001663220252210StyleQuotientWomenBlackFormalShirt1.jpg",Style Quotient,Apparel,Shirts,599,1499,60,4.3,25053,"XS, S, M, L, XL",Black,Regular Fit,Cotton,Long Sleeves,Solid,"Black solid opaque Formal shirt ,has a spread collar, button placket, long regular sleeves, curved hem Fit: Regular Fit The model (height 5'8) is wearing a size S Cotton Hand wash Wash care: Hand Wash",InStock,KRISLON SYNTHETICS PVT LTD,https://www.myntra.com/Shirts/Style+Quotient/Style-Quotient-Women-Formal-Shirt/19761202/buy,2026-06-26T05:32:19.624356+00:00
Myntra,Tzelynn Women Floral Casual Shirt,"https://assets.myntassets.com/h_720,q_70,w_540/v1/assets/images/2026/MAY/5/EddRh3n2_faab46d8333a4817a93dcb58e3b070ac.jpg",Tzelynn,Apparel,Shirts,588,1599,63,4.2,476,"S, M, L, XL",Blue,Relaxed Fit,Cotton,Long Sleeves,Solid,"Blue Floral Solid Opaque Casual shirts ,has a Spread Collar, Button Placket, Long Regular Sleeves, Curved hem Brand Fit: Fit: Relaxed Fit The model (height 5'8) is wearing a size S Wash care: Hand Wash",InStock,VIVIDH IMPEX,https://www.myntra.com/Shirts/Tzelynn/Tzelynn-Women-Floral-Casual-Shirt/41838254/buy,2026-06-26T05:32:19.624356+00:00
Myntra,glitchez Women Striped Casual Shirt,"https://assets.myntassets.com/h_720,q_70,w_540/v1/assets/images/2026/MARCH/13/HgK3rWB9_013fe7b258144c4eb19f64058de5c922.jpg",glitchez,Apparel,Shirts,596,1999,70,3.1,171,"XS, S, M, L",Black,Regular Fit,Polyester,Short Sleeves,Striped,"Black Vertical Stripes Striped Casual shirts ,has a Spread Collar, , Short Regular Sleeves, Straight hem Brand Fit: Fit: Regular Fit The model (height 5'8) is wearing a size S Wash care: Machine Wash",InStock,AAHWAN ENTERPRISE,https://www.myntra.com/Shirts/glitchez/glitchez-Women-Striped-Casual-Shirt/40650941/buy,2026-06-26T05:32:19.624356+00:00
Myntra,The Roadster Life Co. Pure Cotton Denim Casual Shirt,"https://assets.myntassets.com/h_720,q_70,w_540/v1/assets/images/2025/AUGUST/18/AgfkOHp0_9109a2d99aab4e03825523b74c3cd482.jpg",Roadster,Apparel,Shirts,693,1799,61,4.3,4533,"XS, S, M, L, XL",Blue,Regular Fit,Cotton,Long Sleeves,Solid,"Blue solid opaque denim casual shirt, has a spread collar, button placket, long regular sleeves, high-low hem Fit: Regular Fit The model (height 5'8) is wearing a size S 100% Cotton Machine Wash Wash care: Machine Wash",InStock,FRACTAL INDUSTRIES LIMITED,https://www.myntra.com/Shirts/Roadster/The-Roadster-Life-Co-Pure-Cotton-Denim-Casual-Shirt/35084548/buy,2026-06-26T05:32:19.624356+00:00
Myntra,Tzelynn Embroidered Spread Collar Casual Shirt,"https://assets.myntassets.com/h_720,q_70,w_540/v1/assets/images/2025/DECEMBER/23/009fSi3j_a9f90cfbd0a54b6b8efebfdc9e50b42e.jpg",Tzelynn,Apparel,Shirts,589,1699,65,4.3,1093,"S, M, L, XL",Maroon,Regular Fit,Viscose Rayon,Three-Quarter Sleeves,Self Design,"White &amp; maroon embroidered regular-fit casual shirt ,has a spread collar, button placket, long sleeves and straight hem The model (height 5'8"") is wearing a S Viscose Rayon Hand Wash Wash care: Hand Wash",InStock,VIVIDH IMPEX,https://www.myntra.com/Shirts/Tzelynn/Tzelynn-Embroidered-Spread-Collar-Casual-Shirt/38872380/buy,2026-06-26T05:32:19.624356+00:00
Myntra,The Roadster Lifestyle Co. Women Spread Collar Textured Casual Shirt,"https://assets.myntassets.com/h_720,q_70,w_540/v1/assets/images/2024/DECEMBER/3/iPAYfcNQ_8dda3604ae51438bbc48626f7f1f9708.jpg",Roadster,Apparel,Shirts,643,1999,68,4.2,7009,"XS, S, M, L, XL, XXL",Mauve,Regular Fit,Polyester,Long Sleeves,Self Design,1 Mauve opaque casual shirt Spread collar Button placket Long sleeves Curved hemline Regular Fit The model (height 5.8') is wearing a size S Polyester Machine Wash Wash care: Machine Wash,InStock,SUNSHINE LIFESTYLE,https://www.myntra.com/Shirts/Roadster/The-Roadster-Lifestyle-Co-Women-Spread-Collar-Textured-Casual-Shirt/31820758/buy,2026-06-26T05:32:19.624356+00:00
Myntra,LILY BUDS Women Gingham Checks Checked Casual Shirt,"https://assets.myntassets.com/h_720,q_70,w_540/v1/assets/images/2026/JUNE/22/FO06MJsR_2556269f59784bcd8d2503893690b34b.jpg",LILY BUDS,Apparel,Shirts,446,899,50,4.2,601,"M, L, XXL",Red,Oversized,Cotton,Long Sleeves,Checked,"Red Gingham Checks Checked Opaque Casual shirts ,has a Spread Collar, Button Placket, Long Regular Sleeves, Curved hem Brand Fit: Fit: Oversized The model (height 5'8) is wearing a size S MASHINE WASH Wash care: Machine Wash",InStock,LILY BUDS,https://www.myntra.com/Shirts/LILY+BUDS/LILY-BUDS-Women-Gingham-Checks-Checked-Casual-Shirt/39872215/buy,2026-06-26T05:32:19.624356+00:00
Myntra,Roadster Women Navy Blue & Off-White Relaxed Regular Fit Checked Casual Shirt,"https://assets.myntassets.com/h_720,q_70,w_540/v1/assets/images/2028080/2017/8/28/11503910347180-Roadster-Women-Navy-Blue--Off-White-Regular-Fit-Checked-Casual-Shirt-4281503910346954-1.jpg",Roadster,Apparel,Shirts,894,2099,57,4.4,15368,"XS, S, M, L, XL, XXL",Navy Blue,Regular Fit,,Long Sleeves,Checked,"Navy blue and off-white checked casual shirt, has a spread collar, button placket, 1 pocket, long sleeves, curved hem Relaxed fit The model (height 5'8"") is wearing a size S The Roadster shirt works hard to keep you toasty. This shirt makes a great match for slim jeans and leather boots when you're heading to a party with your friends. 100% viscose Machine-wash Wash care: Machine Wash",InStock,STREAMLINE APPARELS PRIVATE LIMITED,https://www.myntra.com/Shirts/Roadster/Roadster-Women-Navy-Blue--Off-White-Relaxed-Regular-Fit-Checked-Casual-Shirt/2028080/buy,2026-06-26T05:32:19.624356+00:00
Myntra,Zyla Women Relaxed Casual Shirt,"https://assets.myntassets.com/h_720,q_70,w_540/v1/assets/images/2026/APRIL/27/Jj1n5dBh_42639ab661d84a81abc9185ad91c0385.jpg",Zyla,Apparel,Shirts,414,2199,81,4,312,"S/M, M/L, L/XL",White,Relaxed Fit,Cotton,Long Sleeves,Solid,"White Solid Opaque Casual shirts ,has a Spread Collar, Button Placket, 1 Patch pocket, Long Regular Sleeves, Curved hem Brand Fit: Relaxed Fit: Relaxed Fit The model (height 5'8) is wearing a size S white oversized cotton shirt for women Regular Machine Wash Wash care: Machine Wash",InStock,SHAGUN CREATIONS,https://www.myntra.com/Shirts/Zyla/Zyla-Women-Relaxed-Casual-Shirt/41669822/buy,2026-06-26T05:32:19.624356+00:00
Myntra,FUBACK Women Standard Floral Printed Casual Shirt,"https://assets.myntassets.com/h_720,q_70,w_540/v1/assets/images/2026/MAY/19/Qhyib30d_ec246e6785f345bb8b90d9c25ceb8293.jpg",FUBACK,Apparel,Shirts,385,1999,81,4,27,"S, M, L, XL, XXL",Blue,Regular Fit,Cotton,Short Sleeves,Printed,"Blue Floral Printed Opaque Casual shirts ,has a Spread Collar, Button Placket, Short Regular Sleeves, Straight hem Brand Fit: Standard Fit: Regular Fit The model (height 5'8) is wearing a size S Pair this stylish floral printed shirt with denim jeans, shorts or skirts for a trendy casual look. Designed with a relaxed fit and soft fabric, this shirt adds effortless charm to your everyday wardrobe. Perfect for vacations, brunch outings, shopping trips and summer styling. Machine Wash Wash care: Machine Wash",InStock,Flamingo International,https://www.myntra.com/Shirts/FUBACK/FUBACK-Women-Standard-Floral-Printed-Casual-Shirt/42294604/buy,2026-06-26T05:32:19.624356+00:00
Myntra,StyleCast x Revolte Women Polka Dot Printed Casual Shirt,"https://assets.myntassets.com/h_720,q_70,w_540/v1/assets/images/2026/MARCH/23/9lh9uysd_39fc3b2effb44a348d0886c41f6d37c9.jpg",StyleCast x Revolte,Apparel,Shirts,1350,2649,49,3.5,73,"S, M, L",Black,Regular Fit,"Polyester, Elastane",Long Sleeves,Printed,"Black Polka Dot Printed Opaque Casual shirts ,has a Collarless, Snap Button Placket, Long Regular Sleeves, Straight hem Brand Fit: Fit: Regular Fit The model (height 5'8) is wearing a size S 95% Polyester 5% Elastane,Machine Wash Wash care: Machine Wash",InStock,Shreyash Retail Private Limited,https://www.myntra.com/Shirts/StyleCast+x+Revolte/StyleCast-x-Revolte-Women-Polka-Dot-Printed-Casual-Shirt/40839360/buy,2026-06-26T05:32:19.624356+00:00
Myntra,Outzidr Women Boxy Fit Casual Shirt,"https://assets.myntassets.com/h_720,q_70,w_540/v1/assets/images/35704430/2025/8/2/5bfbc929-7769-4afc-8ecb-7d103fb9ab0d1754110650650-Outzidr-Women-Regular-Fit-Casual-Shirt-2421754110650276-1.jpg",Outzidr,Apparel,Shirts,745,749,.,4.3,593,"M, L, XL",Pink,Boxy,Cotton,Short Sleeves,Solid,"Pink vertical stripes solid opaque Casual shirt ,has a spread collar, button placket, na pocket, short regular sleeves, curved hem Brand Fit: Fit: Boxy&nbsp;Fit The model (height 5'8) is wearing a size S Machine wash Wash care: Machine Wash",InStock,INATI LIFESTYLE PRIVATE LIMITED,https://www.myntra.com/Shirts/Outzidr/Outzidr-Women-Boxy-Fit-Casual-Shirt/35704430/buy,2026-06-26T05:32:19.624356+00:00
Myntra,The Roadster Life Co. Oversized Striped Pure Cotton Shirt,"https://assets.myntassets.com/h_720,q_70,w_540/v1/assets/images/33178032/2025/5/14/faeb7e28-a3c3-4500-90af-7a545850f8001747205155860-Womens-Oversize-Long-Sleeve-Dobby-Stripe-Shirt-7317472051551-1.jpg",Roadster,Apparel,Shirts,684,1599,57,4.2,3156,"XS, S, M, L, XL",Red,Oversized,Cotton,Long Sleeves,Striped,"Red and blue vertical stripes opaque casual shirt, has a spread collar, button placket, long regular sleeves, curved hem. Fit: Oversized The model (height 5'8) is wearing a size S 100% Cotton&nbsp; Machine Wash Wash care: Machine Wash",InStock,FRACTAL INDUSTRIES LIMITED,https://www.myntra.com/Shirts/Roadster/The-Roadster-Life-Co-Oversized-Striped-Pure-Cotton-Shirt/33178032/buy,2026-06-26T05:32:19.624356+00:00
Myntra,High Star Classic Spread Collar Long Sleeves Cotton Casual Shirt,"https://assets.myntassets.com/h_720,q_70,w_540/v1/assets/images/25901974/2023/11/16/b189e87a-a243-4fbe-9cc3-e0c9f55fed941700128034340HighStarWomenBrownClassicOpaqueCasualShirt1.jpg",High Star,Apparel,Shirts,956,2299,58,4.3,17346,"S, M, L, XL, XXL",Brown,Regular Fit,Cotton,Long Sleeves,Solid,"Brown solid opaque casual shirt ,has a spread collar, button placket, 1 pocket, long regular sleeves, curved hemHigh Star - Product by BRND.ME Brand Fit: Classic Fit: Regular The model (height 5'8) is wearing a size S 100% Cotton Machine Wash Wash care: Machine Wash",InStock,Mensa Brand Technologies Private Limited,https://www.myntra.com/Shirts/High+Star/High-Star-Classic-Spread-Collar-Long-Sleeves-Cotton-Casual-Shirt/25901974/buy,2026-06-26T05:32:19.624356+00:00
Myntra,Style Quotient Women Smart Formal Shirt,"https://assets.myntassets.com/h_720,q_70,w_540/v1/assets/images/21498968/2023/1/31/64081862-2ae3-4c59-bdd1-bf438cb1ad7c1675153393649StyleQuotientWomenSmartFormalShirt1.jpg",Style Quotient,Apparel,Shirts,599,1499,60,4.3,25053,"XS, S, M, L, XL",Camel Brown,Regular Fit,Polycotton,Long Sleeves,Solid,"solid opaque Formal shirt ,has a spread collar, button placket, long regular sleeves, curved hem Brand Fit: Smart Fit: Regular Fit The model (height 5'8) is wearing a size S Poly Cotton&nbsp; Hand Wash Wash care: Hand Wash",InStock,Savadika Retail Private Limited,https://www.myntra.com/Shirts/Style+Quotient/Style-Quotient-Women-Smart-Formal-Shirt/21498968/buy,2026-06-26T05:32:19.624356+00:00
Myntra,Tzelynn Floral Printed Pure Cotton Casual Shirt,"https://assets.myntassets.com/h_720,q_70,w_540/v1/assets/images/2026/MAY/5/AsMAZWCY_dc961f0311bc44e3817198ef4b2dfc13.jpg",Tzelynn,Apparel,Shirts,589,1599,63,4.2,476,"S, M, L, XL",Maroon,Relaxed Fit,Cotton,Long Sleeves,Printed,"Maroon Floral Printed Opaque Casual shirts ,has a Spread Collar, Button Placket, Long Regular Sleeves, Curved hem Fit: Relaxed Fit The model (height 5'8) is wearing a size S Pure Cotton Hand Wash Wash care: Hand Wash",InStock,VIVIDH IMPEX,https://www.myntra.com/Shirts/Tzelynn/Tzelynn-Floral-Printed-Pure-Cotton-Casual-Shirt/41838374/buy,2026-06-26T05:32:19.624356+00:00
Myntra,Chemistry Women Dusty Pink Cotton Solid Formal Shirt,"https://assets.myntassets.com/h_720,q_70,w_540/v1/assets/images/17046128/2022/4/11/0ba5d78f-36a0-4c05-8cf2-be8a004c38661649657119048-Chemistry-Women-Shirts-8431649657118418-1.jpg",Chemistry,Apparel,Shirts,429,999,57,4.1,9198,"XS, S, M, L, XL",Pink,Regular Fit,Cotton,Three-Quarter Sleeves,Solid,"Dusty pink solid formal shirt ,has a band collar, button placket, three-quarter regular sleeves, straight hem Brand Fit: Fit: Regular Fit Size worn by the model: S Chest: 31.5'' Height: 5'7"" Cotton Machine wash Wash care: Machine Wash",InStock,Tech Connect Retail Pvt Ltd,https://www.myntra.com/Shirts/Chemistry/Chemistry-Women-Dusty-Pink--Cotton-Solid-Formal-Shirt/17046128/buy,2026-06-26T05:32:19.624356+00:00
Myntra,J Turritopsis Women Comfort Fit Floral Printed Cuban Collar Cotton Casual Shirt,"https://assets.myntassets.com/h_720,q_70,w_540/v1/assets/images/2025/MAY/21/EZMZRU9X_3ddea79fd5a8441b9ff65858a391f0cf.jpg",J Turritopsis,Apparel,Shirts,697,1199,42,4.5,2103,"S, M, L, XL, XXL",Orange,Regular Fit,Cotton,Three-Quarter Sleeves,Printed,"Orange &amp; White opaque casual shirt for women Cuban collar Button placket Straight hemline Floral Printed Regular length Three-quarter, Puff sleeves Regular Fit The model (height 5.8') is wearing a size S Cotton&nbsp; Hand Wash Wash care: Hand Wash",InStock,J TURRITOPSIS,https://www.myntra.com/Shirts/J+Turritopsis/J-Turritopsis-Women-Comfort-Fit-Floral-Printed-Cuban-Collar-Cotton-Casual-Shirt/34316757/buy,2026-06-26T05:32:19.624356+00:00
Myntra,Roadster Striped Pure Cotton Cuffed Sleeves Shirt,"https://assets.myntassets.com/h_720,q_70,w_540/v1/assets/images/2026/MARCH/6/cq1pprjF_b827d9db451b448a8fd6918fd841bc99.jpg",Roadster,Apparel,Shirts,894,2199,59,4.3,2822,"XS, S, M, L, XL, XXL",Black,Regular Fit,Cotton,Long Sleeves,Striped,"Black and&nbsp;white&nbsp;regular shirt Striped Spread Collar Long, Cuffed Sleeves Pleated detail Woven Cotton Button closure The model (height 5'8) is wearing a size S 100% Cotton Machine wash Wash care: Machine Wash",InStock,STREAMLINE APPARELS PRIVATE LIMITED,https://www.myntra.com/Shirts/Roadster/Roadster-Striped-Pure-Cotton-Cuffed-Sleeves-Shirt/39910870/buy,2026-06-26T05:32:19.624356+00:00
Myntra,all about you Women Comfort Slim Fit Casual Shirt,"https://assets.myntassets.com/h_720,q_70,w_540/v1/assets/images/2025/NOVEMBER/18/FaLp04pN_4ea78c9d48414144a018d7b6f971eb35.jpg",all about you,Apparel,Shirts,648,1899,66,3.9,1028,"S, M, L, XL",Yellow,Slim Fit,Cotton,Long Sleeves,Solid,"Yellow solid opaque Casual shirt ,has a spread collar, button placket, na pocket, long regular sleeves, curved hem Brand Fit: Comfort Fit: Slim Fit The model (height 5'8) is wearing a size S Machine Wash Wash care: Machine Wash",InStock,LORD SHIVA ENTERPRISES,https://www.myntra.com/Shirts/all+about+you/all-about-you-Women-Comfort-Slim-Fit-Casual-Shirt/38060384/buy,2026-06-26T05:32:19.624356+00:00
Myntra,U.S. Polo Assn. Women Brand Logo Embroidered Spread Collar Pure Cotton Casual Shirt,"https://assets.myntassets.com/h_720,q_70,w_540/v1/assets/images/2025/JULY/30/WqE5ezyH_a984842fba5349279ef9adcca7c42c2c.jpg",U.S. Polo Assn. Women,Apparel,Shirts,1319,1999,34,4.5,307,"S, M, L, XL",Pink,Regular Fit,Cotton,Long Sleeves,Solid,"Pink, purple brand logo embroidered opaque casual shirt ,has a spread collar, button placket, long regular sleeves, curved hem Fit: Regular Fit The model (height 5'8) is wearing a size S 100% Cotton&nbsp; Machine Wash Wash care: Machine Wash",InStock,ARVIND LIFESTYLE BRANDS LIMITED,https://www.myntra.com/Shirts/U.S.+Polo+Assn.+Women/US-Polo-Assn-Women-Brand-Logo-Embroidered-Spread-Collar-Pure-Cotton-Casual-Shirt/35842482/buy,2026-06-26T05:32:19.624356+00:00
Myntra,Style Quotient Women Solid Formal Shirt,"https://assets.myntassets.com/h_720,q_70,w_540/v1/assets/images/21498986/2023/1/31/9e1d2107-5c97-40f8-8887-1e7159555cf11675153443937StyleQuotientWomenSmartFormalShirt1.jpg",Style Quotient,Apparel,Shirts,599,1499,60,4.3,25053,"XS, S, M, L, XL",Pink,Regular Fit,Polycotton,Long Sleeves,Solid,"Pink solid opaque Formal shirt ,has a spread collar, button placket, long regular sleeves, curved hem Brand Fit: Smart Fit: Regular Fit The model (height 5'8) is wearing a size S Poly Cotton Hand Wash Wash care: Hand Wash",InStock,Savadika Retail Private Limited,https://www.myntra.com/Shirts/Style+Quotient/Style-Quotient-Women-Solid-Formal-Shirt/21498986/buy,2026-06-26T05:32:19.624356+00:00
Myntra,J Turritopsis Women Comfort Fit Solid Spread Collar Casual Shirt,"https://assets.myntassets.com/h_720,q_70,w_540/v1/assets/images/2025/MAY/21/vPnUVSob_f62896f288654e45804695eafc1d75e7.jpg",J Turritopsis,Apparel,Shirts,499,1199,58,4.4,926,"S, L, XL, XXL",Brown,Regular Fit,Polycotton,Short Sleeves,Solid,Brown opaque casual shirt for women Spread collar Button placket Straight hemline Solid Regular length Short sleeves Regular Fit The model (height 5.8') is wearing a size S Polycotton&nbsp; Hand Wash Wash care: Hand Wash,InStock,J TURRITOPSIS,https://www.myntra.com/Shirts/J+Turritopsis/J-Turritopsis-Women-Comfort-Fit-Solid-Spread-Collar-Casual-Shirt/34316745/buy,2026-06-26T05:32:19.624356+00:00
Myntra,all about you Women Comfort Striped Casual Shirt,"https://assets.myntassets.com/h_720,q_70,w_540/v1/assets/images/2026/JANUARY/11/SnHdjeB4_7ba7d74bbff64436b4505fdee51e2f76.jpg",all about you,Apparel,Shirts,696,1899,63,4.1,464,"S, M, L, XL",Pink,Regular Fit,Cotton,Long Sleeves,Striped,"Pink vertical stripes striped opaque Casual shirt ,has a spread collar, button placket, na pocket, long regular sleeves, curved hem Brand Fit: Comfort Fit: Regular Fit The model (height 5'8) is wearing a size S Machine Wash Wash care: Machine Wash",InStock,LORD SHIVA ENTERPRISES,https://www.myntra.com/Shirts/all+about+you/all-about-you-Women-Comfort-Striped-Casual-Shirt/39318391/buy,2026-06-26T05:32:19.624356+00:00
Myntra,CORSICA Women Solid Spread Collar Denim Casual Shirt,"https://assets.myntassets.com/h_720,q_70,w_540/v1/assets/images/2026/APRIL/16/bIhA1GVR_11c6f1f76cc24f9794c2acfcf4146881.jpg",CORSICA,Apparel,Shirts,699,1499,53,4.2,370,"S, M, L, XL, XXL, 3XL",Navy Blue,Regular Fit,Denim,Short Sleeves,Solid,"Navy Blue Solid Opaque Casual shirts ,has a Spread Collar, Button Placket, 2 Patch pocket, Short Regular Sleeves, Curved hem Brand Fit: Fit: Regular Fit The model (height 5'8) is wearing a size S Denim&nbsp; Machine wash Wash care: Machine Wash",InStock,SPENSE CLOTHING,https://www.myntra.com/Shirts/CORSICA/CORSICA-Women-Solid-Spread-Collar-Denim--Casual-Shirt/41433680/buy,2026-06-26T05:32:19.624356+00:00
Myntra,The Roadster Life Co. Pure Cotton Striped Relaxed Fit Casual Shirt,"https://assets.myntassets.com/h_720,q_70,w_540/v1/assets/images/2025/OCTOBER/6/zAtX3iMv_4420c693bfa4447b8f2a89d556ea3535.jpg",Roadster,Apparel,Shirts,689,1699,59,4.3,357,"XS, S, M, L, XL",Pink,Relaxed Fit,Cotton,Long Sleeves,Striped,"Pink vertical striped opaque casual shirt, has a spread collar, button placket, 1 patch pocket, long drop-shoulder sleeves, curved hem Fit: Relaxed Fit The model (height 5'8) is wearing a size S 100% Cotton Machine wash Wash care: Machine Wash",InStock,FRACTAL INDUSTRIES LIMITED,https://www.myntra.com/Shirts/Roadster/The-Roadster-Life-Co-Pure-Cotton-Striped-Relaxed-Fit-Casual-Shirt/33178142/buy,2026-06-26T05:32:19.624356+00:00
Myntra,CORSICA Women Relaxed Casual Shirt,"https://assets.myntassets.com/h_720,q_70,w_540/v1/assets/images/2025/JULY/7/dVnXehT2_fb4b1a56045b47bebf807ad5dbf6efa2.jpg",CORSICA,Apparel,Shirts,699,2497,72,4.1,218,"S, M, L, XL, XXL, 3XL",Orange,Regular Fit,Viscose Rayon,Long Sleeves,Dyed,"Orange tie and dye dyed opaque Casual shirt ,has a spread collar, button placket, na pocket, long regular sleeves, curved hem Brand Fit: Relaxed Fit: Regular Fit The model (height 5'8) is wearing a size S Wash care: Hand Wash",InStock,PINK DECEMBER FASHION PRIVATE LIMITED,https://www.myntra.com/Shirts/CORSICA/CORSICA-Women-Relaxed-Casual-Shirt/34784840/buy,2026-06-26T05:32:19.624356+00:00
Myntra,GM SARA Spread Collar Formal Shirt,"https://assets.myntassets.com/h_720,q_70,w_540/v1/assets/images/2025/AUGUST/8/2x4BN36X_306ee8cd4ad64e96a62551897400961a.jpg",GM SARA,Apparel,Shirts,457,999,54,4.2,79,"M, L, XL, XXL",Brown,Regular Fit,Polyester,Three-Quarter Sleeves,Solid,"Brown solid opaque Formal shirt ,has a spread collar, button placket, three-quarter regular sleeves, curved hem Fit: Regular Fit The model (height 5'8) is wearing a size S Polyester Hand Wash Wash care: Hand Wash",InStock,RAHUL TRADERS,https://www.myntra.com/Shirts/GM+SARA/GM-SARA-Spread-Collar-Formal-Shirt/36291171/buy,2026-06-26T05:32:19.624356+00:00
Myntra,Style Quotient Women Formal Shirt,"https://assets.myntassets.com/h_720,q_70,w_540/v1/assets/images/19761204/2022/9/2/31ca5838-9920-4d98-95ac-0d81ba733b6a1662107983460StyleQuotientWomenNavyBlueClassicFormalShirt1.jpg",Style Quotient,Apparel,Shirts,599,1499,60,4.3,25053,"XS, S, M, L, XL",Navy Blue,Regular Fit,Cotton,Long Sleeves,Solid,"Navy blue solid opaque Formal shirt ,has a spread collar, button placket, long regular sleeves, curved hem Fit: Regular Fit The model (height 5'8) is wearing a size S Cotton Hand wash Wash care: Hand Wash",InStock,Savadika Retail Private Limited,https://www.myntra.com/Shirts/Style+Quotient/Style-Quotient-Women-Formal-Shirt/19761204/buy,2026-06-26T05:32:19.624356+00:00
Myntra,The Roadster Lifestyle Co. Floral Printed Spread Collar Relaxed Fit Cotton Shirt,"https://assets.myntassets.com/h_720,q_70,w_540/v1/assets/images/2026/APRIL/30/Os3yDL4O_a442929fc5714802a2264b18390eb6f7.jpg",Roadster,Apparel,Shirts,740,1999,63,3.9,272,"S, M, L, XL, XXL",Beige,Relaxed Fit,Cotton,Long Sleeves,Printed,"Beige, pink and green floral printed relaxed fit casual shirts ,has a spread collar, button placket placket, short sleeves and straight hem Relaxed Fit The model (height 5'8"") is wearing size S Fabric: Cotton Jutt Machine Wash Wash care: Machine Wash",InStock,OEQUAL FASHION,https://www.myntra.com/Shirts/Roadster/The-Roadster-Lifestyle-Co-Floral-Printed-Spread-Collar-Relaxed-Fit-Cotton-Shirt/41741696/buy,2026-06-26T05:32:19.624356+00:00
Myntra,CORSICA Women Comfort Slim Fit Casual Shirt,"https://assets.myntassets.com/h_720,q_70,w_540/v1/assets/images/2025/DECEMBER/11/qEL1nSDk_d70b1d68d60043de9301fc3bcf01d726.jpg",CORSICA,Apparel,Shirts,585,1699,66,4.1,5368,"S, M, L, XL",Pink,Slim Fit,Cotton,Long Sleeves,Solid,"Pink solid opaque Casual shirt ,has a spread collar, button placket, na pocket, long regular sleeves, curved hem Brand Fit: Comfort Fit: Slim Fit The model (height 5'8) is wearing a size S Machine Wash Wash care: Machine Wash",InStock,LORD SHIVA ENTERPRISES,https://www.myntra.com/Shirts/CORSICA/CORSICA-Women-Comfort-Slim-Fit-Casual-Shirt/38555044/buy,2026-06-26T05:32:19.624356+00:00
Myntra,Funday Fashion Women Casual Shirt,"https://assets.myntassets.com/h_720,q_70,w_540/v1/assets/images/2026/FEBRUARY/19/69cacYL6_e90dede73e434cd9be225a1bfd215cd5.jpg",Funday Fashion,Apparel,Shirts,715,1499,52,3.9,678,"S, M, L, XL",Blue,Relaxed Fit,Denim,Long Sleeves,Solid,"Blue Solid Casual shirts ,has a Spread Collar, , Long Regular Sleeves, Straight hem Brand Fit: Fit: Relaxed Fit The model (height 5'8) is wearing a size S Trendy and appealing, this Shirt from FUNDAY FASHION exclusive collection will surely impress fashionable women. This Shirt will surely add unique charm to your casual as well as party look. Made from soft fabric, this Shirt will help you stay relaxed all day long. 100% Satisfaction is guaranteed. We Also manufacture Top, t-shirts,tops for women Western, Casual, Formal, Stylish, latest tops for Women. Wash care: Machine Wash",InStock,SYS ONLINE STORE,https://www.myntra.com/Shirts/Funday+Fashion/Funday-Fashion-Women-Casual-Shirt/40167018/buy,2026-06-26T05:32:19.624356+00:00
Myntra,The Roadster Lifestyle Co. Tartan Checked Regular Fit Shirt,"https://assets.myntassets.com/h_720,q_70,w_540/v1/assets/images/33465870/2025/5/6/5042871e-9b73-4a02-8afe-c4dce33728d61746532783465-The-Life-Co-Checked--Wrap-Style-Casual-Shirt-801746532782658-1.jpg",Roadster,Apparel,Shirts,924,1999,54,4.4,3870,"XS, S, M, L, XL, XXL",Blue,Regular Fit,Cotton,Long Sleeves,Checked,"Blue tartan checks checked opaque Casual shirt ,has a spread collar, button placket, 1 pocket, long regular sleeves, straight hem Brand Fit: Classic Fit: Regular Fit The model (height 5'8) is wearing a size S 100% Cotton MACHINE WASH Wash care: Machine Wash",InStock,STREAMLINE APPARELS PRIVATE LIMITED,https://www.myntra.com/Shirts/Roadster/The-Roadster-Lifestyle-Co-Tartan-Checked-Regular-Fit-Shirt/33465870/buy,2026-06-26T05:32:19.624356+00:00
Myntra,CORSICA Women Comfort Slim Fit Solid Spread Collar Tie-Ups Details Casual Shirt,"https://assets.myntassets.com/h_720,q_70,w_540/v1/assets/images/2025/OCTOBER/7/t2MDIH27_d48673ab62f24f83aea1c485544b4447.jpg",CORSICA,Apparel,Shirts,590,1299,55,4.1,5368,"S, M, L, XL",Black,Slim Fit,Polyester,Long Sleeves,Solid,"Black solid opaque Casual shirt ,has a spread collar, button placke, long regular sleeves, curved hem with tie-ups details Brand Fit: Comfort Fit: Regular Fit The model (height 5'8) is wearing a size S Polyester Machine Wash Wash care: Machine Wash",InStock,LORD SHIVA ENTERPRISES,https://www.myntra.com/Shirts/CORSICA/CORSICA-Women-Comfort-Slim-Fit-Solid-Spread-Collar-Tie-Ups-Details-Casual-Shirt/37360843/buy,2026-06-26T05:32:19.624356+00:00
Myntra,Funday Fashion Women Casual Shirt,"https://assets.myntassets.com/h_720,q_70,w_540/v1/assets/images/2026/FEBRUARY/19/meikLavj_da5de2e7f940405ba359a6b0e1f7569f.jpg",Funday Fashion,Apparel,Shirts,715,1499,52,3.9,678,"S, M, L, XL",Blue,Relaxed Fit,Denim,Long Sleeves,Solid,"Blue Solid Opaque Casual shirts ,has a Spread Collar, Button Placket, Long Roll-Up Sleeves, Curved hem Brand Fit: Fit: Relaxed Fit The model (height 5'8) is wearing a size S Trendy and appealing, this Shirt from FUNDAY FASHION exclusive collection will surely impress fashionable women. This Shirt will surely add unique charm to your casual as well as party look. Made from soft fabric, this Shirt will help you stay relaxed all day long. 100% Satisfaction is guaranteed. We Also manufacture Top, t-shirts,tops for women Western, Casual, Formal, Stylish, latest tops for Women. Wash care: Machine Wash",InStock,SYS ONLINE STORE,https://www.myntra.com/Shirts/Funday+Fashion/Funday-Fashion-Women-Casual-Shirt/40167019/buy,2026-06-26T05:32:19.624356+00:00
Myntra,FUBACK Women Standard Floral Printed Casual Shirt,"https://assets.myntassets.com/h_720,q_70,w_540/v1/assets/images/2026/MAY/19/vChmgIGm_d90100b5cdc2413fadf68456dd224b05.jpg",FUBACK,Apparel,Shirts,385,1999,81,4,27,"S, M, L, XL, XXL",Navy Blue,Regular Fit,Cotton,Short Sleeves,Printed,"Navy Blue Floral Printed Opaque Casual shirts ,has a Spread Collar, Button Placket, Short Regular Sleeves, Straight hem Brand Fit: Standard Fit: Regular Fit The model (height 5'8) is wearing a size S Pair this stylish floral printed shirt with denim jeans, shorts or skirts for a trendy casual look. Designed with a relaxed fit and soft fabric, this shirt adds effortless charm to your everyday wardrobe. Perfect for vacations, brunch outings, shopping trips and summer styling. Machine Wash Wash care: Machine Wash",InStock,Flamingo International,https://www.myntra.com/Shirts/FUBACK/FUBACK-Women-Standard-Floral-Printed-Casual-Shirt/42294600/buy,2026-06-26T05:32:19.624356+00:00
Myntra,classy fashion Women Comfort Slim Fit Formal Shirt,"https://assets.myntassets.com/h_720,q_70,w_540/v1/assets/images/2026/JANUARY/4/OimmN04M_b800a8e1f83d4445a386dc5ad942d987.jpg",classy fashion,Apparel,Shirts,612,1999,69,4,333,"S, M, L, XL",White,Slim Fit,Polyester,Long Sleeves,Solid,"White solid opaque Formal shirt ,has a spread collar, button placket, na pocket, long regular sleeves, curved hem Brand Fit: Comfort Fit: Slim Fit The model (height 5'8) is wearing a size S Step out in effortless sophistication with this sleek slim-fit formal shirt. Pair it with tailored trousers or a pencil skirt for a polished boardroom-ready look. Add block heels, a structured handbag, and minimal jewellery to enhance its refined charm. Fabric: Lightweight Polyster Synthetic Blend Wash care: Hand Wash",InStock,CLASSY FASHION,https://www.myntra.com/Shirts/classy+fashion/classy-fashion-Women-Comfort-Slim-Fit-Formal-Shirt/39166458/buy,2026-06-26T05:32:19.624356+00:00
Myntra,CORSICA Women Comfort Fit Solid Spread Collar Casual Shirt,"https://assets.myntassets.com/h_720,q_70,w_540/v1/assets/images/2025/OCTOBER/7/Tmm019aK_37efc12dbe8d48bc8746292550f2d233.jpg",CORSICA,Apparel,Shirts,585,1299,55,4.1,5368,"S, M, L, XL",White,Regular Fit,Polyester,Long Sleeves,Solid,White opaque casual shirt for women Spread collar Curved hemline Solid Regular length Long sleeves Comfort Regular Fit The model (height 5.8') is wearing a size S Polyester Machine Wash Wash care: Machine Wash,InStock,LORD SHIVA ENTERPRISES,https://www.myntra.com/Shirts/CORSICA/CORSICA-Women-Comfort-Fit-Solid-Spread-Collar-Casual-Shirt/37360844/buy,2026-06-26T05:32:19.624356+00:00
Myntra,VOLTEDGE Women Oversized Opaque Striped Shirt,"https://assets.myntassets.com/h_720,q_70,w_540/v1/assets/images/2025/FEBRUARY/21/wcufGgIe_8d9da93e8fb3443cb4f370b777fdf47a.jpg",VOLTEDGE,Apparel,Shirts,1161,1999,42,4.3,1804,"XS, S, M, L, XL",Pink,Oversized,Cotton,Long Sleeves,Solid,"Pink solid opaque Casual shirt ,has a spread collar, button placket, 1 pocket, long regular sleeves, curved hem Brand Fit: Oversized Fit: Oversized Fit The model (height 5'8) is wearing a size S Crafted with premium materials for long-lasting quality and easy care. 100 % Cotton , Machine Wash As Per Tag Wash care: Machine Wash",InStock,RISING BLUE FASHIONS PRIVATE LIMITED,https://www.myntra.com/Shirts/VOLTEDGE/VOLTEDGE-Women-Oversized-Opaque-Striped-Shirt/32894799/buy,2026-06-26T05:32:19.624356+00:00
Myntra,The Roadster Lifestyle Co. Tartan Checked Regular Fit Shirt,"https://assets.myntassets.com/h_720,q_70,w_540/v1/assets/images/33465872/2025/5/6/7328ec4b-6ddb-47da-92e3-6b393bd5cc941746531530595-The-Life-Co-Checked--Wrap-Style-Casual-Shirt-612174653152997-1.jpg",Roadster,Apparel,Shirts,894,1999,55,4.4,3870,"XS, S, M, L, XL, XXL",Black,Regular Fit,Cotton,Long Sleeves,Checked,"Black tartan checks checked opaque Casual shirt ,has a spread collar, button placket, 1 pocket, long regular sleeves, straight hem Brand Fit: Classic Fit: Regular Fit The model (height 5'8) is wearing a size S 100% Cotton MACHINE WASH Wash care: Machine Wash",InStock,STREAMLINE APPARELS PRIVATE LIMITED,https://www.myntra.com/Shirts/Roadster/The-Roadster-Lifestyle-Co-Tartan-Checked-Regular-Fit-Shirt/33465872/buy,2026-06-26T05:32:19.624356+00:00
Myntra,Anouk Women Relaxed Opaque Casual Shirt,"https://assets.myntassets.com/h_720,q_70,w_540/v1/assets/images/2025/JANUARY/23/FCdm2STw_90303c3d2b3446c6abd81d6b90d36309.jpg",Anouk,Apparel,Shirts,792,2299,66,4.2,444,"XS, S, M, L, XL, XXL",Black,Relaxed Fit,Viscose Rayon,Long Sleeves,Solid,"Black solid opaque Casual shirt ,has a spread collar, concealed button placket, na pocket, long roll-up sleeves, curved hem Brand Fit: Relaxed Fit: Relaxed Fit The model (height 5'8) is wearing a size S Viscose Rayon Machine Wash Wash care: Machine Wash",InStock,Mokksha Designs,https://www.myntra.com/Shirts/Anouk/Anouk-Women-Relaxed-Opaque-Casual-Shirt/32445587/buy,2026-06-26T05:32:19.624356+00:00
Myntra,HERE&NOW Women Oversized Fit Spread Collar Textured Cotton Casual Shirt,"https://assets.myntassets.com/h_720,q_70,w_540/v1/assets/images/32063772/2024/12/24/0d272e0d-5da1-4d16-9e80-af14d14752391735030582527HERENOWWomenSlimFitOpaqueCasualShirt1.jpg",HERE&NOW,Apparel,Shirts,743,2299,68,4.1,3922,"S, M, L, XL, XXL",Black,Oversized,Cotton,Long Sleeves,Self Design,"Black opaque casual shirt Spread collar Concealed button placket Long, Raglan sleeves Curved hemline Oversized fit The model (height 5.8') is wearing a size S Cotton Machine Wash Wash care: Machine Wash",InStock,Sixth Sense,https://www.myntra.com/Shirts/HERE%26NOW/HERENOW-Women-Oversized-Fit-Spread-Collar-Textured-Cotton-Casual-Shirt/32063772/buy,2026-06-26T05:32:19.624356+00:00
Myntra,The Roadster Life Co. Pure Cotton Relaxed Fit Casual Shirt,"https://assets.myntassets.com/h_720,q_70,w_540/v1/assets/images/2025/AUGUST/18/B6YSM9ih_488ab68b7f6e461c8d3e3bcb2f59e275.jpg",Roadster,Apparel,Shirts,598,1499,60,4.3,6665,"XS, S, M, L, XL",Grey,Relaxed Fit,Cotton,Long Sleeves,Solid,"Grey solid opaque casual shirt ,has a spread collar, button placket, long drop-shoulder sleeves, curved hem Fit: Relaxed Fit The model (height 5'8) is wearing a size S 100% Cotton Machine Wash Wash care: Machine Wash",InStock,FRACTAL INDUSTRIES LIMITED,https://www.myntra.com/Shirts/Roadster/The-Roadster-Life-Co-Pure-Cotton-Relaxed-Fit-Casual-Shirt/34113187/buy,2026-06-26T05:32:19.624356+00:00
Myntra,MULVARI Women Slim Fit Striped Casual Shirt,"https://assets.myntassets.com/h_720,q_70,w_540/v1/assets/images/2026/MARCH/3/weLe8Rrf_7c09242010994934855cf316029e74cd.jpg",MULVARI,Apparel,Shirts,600,1999,70,3.7,1776,"XS, S, L, XL",Brown,Slim Fit,Polyester,Long Sleeves,Striped,"Brown Solid Striped Opaque Casual shirts ,has a Button-Down Collar, , Long Regular Sleeves, Curved hem Brand Fit: Fit: Slim Fit The model (height 5'8) is wearing a size S Wash care: Machine Wash",InStock,AAHWAN ENTERPRISE,https://www.myntra.com/Shirts/MULVARI/MULVARI-Women-Slim-Fit-Striped-Casual-Shirt/39827802/buy,2026-06-26T05:32:19.624356+00:00
Myntra,The Roadster Lifestyle Co. Regular Fit Full Sleeves Casual Shirt,"https://assets.myntassets.com/h_720,q_70,w_540/v1/assets/images/27068794/2024/5/6/aef82f2d-003f-495b-83da-601064a826341714997054643-Roadster-Women-Shirts-5761714997054191-1.jpg",Roadster,Apparel,Shirts,369,999,63,3.8,1062,"XS, S, M, L, XL",White,Regular Fit,Viscose Rayon,Long Sleeves,Solid,"White solid opaque casual shirt ,has a spread collar, button placket, long regular sleeves, and curved hem The model (height 5'8) is wearing a size S 100% Viscose rayon&nbsp; Machine wash Wash care: Machine Wash",InStock,Savadika Retail Private Limited,https://www.myntra.com/Shirts/Roadster/The-Roadster-Lifestyle-Co-Regular-Fit-Full-Sleeves-Casual-Shirt/27068794/buy,2026-06-26T05:32:19.624356+00:00
Myntra,Style Quotient Satin Finish Spread Collar Formal Shirt,"https://assets.myntassets.com/h_720,q_70,w_540/v1/assets/images/22748180/2023/4/13/dae1f206-950d-49ae-a719-c037e25d52c11681333211414StyleQuotientsWomenSolidBlackSatinFormalShirt1.jpg",Style Quotient,Apparel,Shirts,649,1299,50,4.3,2928,"S, M, L, XL",Black,Regular Fit,Satin,Long Sleeves,Solid,"Black solid opaque Formal shirt ,has a spread collar, button placket, na pocket, long regular sleeves, curved hem Brand Fit: Smart Fit: Regular Fit The model (height 5'8) is wearing a size S SATIN Hand Wash Wash care: Hand Wash",InStock,Savadika Retail Private Limited,https://www.myntra.com/Shirts/Style+Quotient/Style-Quotient-Satin-Finish-Spread-Collar-Formal-Shirt/22748180/buy,2026-06-26T05:32:19.624356+00:00
Myntra,Style Quotient Women Smart Fit Vertical Striped Spread Collar Formal Shirt,"https://assets.myntassets.com/h_720,q_70,w_540/v1/assets/images/2025/AUGUST/7/kdGNmueW_e7f836304f5f46a09e24de5cb00424d2.jpg",Style Quotient,Apparel,Shirts,671,1399,52,4.6,469,"S, M, L, XL",Beige,Regular Fit,Polycotton,Three-Quarter Sleeves,Striped,Beige &amp; White opaque formal shirt for women Spread collar Button placket Curved hemline Vertical stripes Striped Regular length Three-quarter sleeves Smart Regular Fit The model (height 5.8') is wearing a size S Polycotton Machine Wash Wash care: Machine Wash,InStock,Savadika Retail Private Limited,https://www.myntra.com/Shirts/Style+Quotient/Style-Quotient-Women-Smart-Fit-Vertical-Striped-Spread-Collar-Formal-Shirt/36263784/buy,2026-06-26T05:32:19.624356+00:00
Myntra,The Roadster Life Co. Striped Pure Cotton Relaxed Fit Shirt,"https://assets.myntassets.com/h_720,q_70,w_540/v1/assets/images/2025/NOVEMBER/19/ZGf5tIeU_7010d94a28954d58a8b99e803656015f.jpg",Roadster,Apparel,Shirts,869,2199,60,4.2,2328,"S, M, L, XL, XXL",Pink,Relaxed Fit,Cotton,Long Sleeves,Striped,"Pink vertical stripes striped opaque Casual shirt ,has a spread collar, button placket, long regular sleeves, curved hem The model (height 5'8) is wearing a size S 100% cotton Machine wash Wash care: Machine Wash",InStock,STREAMLINE APPARELS PRIVATE LIMITED,https://www.myntra.com/Shirts/Roadster/The-Roadster-Life-Co-Striped-Pure-Cotton-Relaxed-Fit-Shirt/37834114/buy,2026-06-26T05:32:19.624356+00:00
Myntra,The Roadster Life Co. Cotton Wrap Style Casual Shirt,"https://assets.myntassets.com/h_720,q_70,w_540/v1/assets/images/23491434/2023/6/26/10fe2005-924c-4123-bcbf-11357b3fcd0e1687777613188-Roadster-Women-Shirts-6721687777612735-1.jpg",Roadster,Apparel,Shirts,869,1899,54,4.4,9788,"XS, S, M, L, XL, XXL",Black,Regular Fit,Cotton,Long Sleeves,Solid,"Black solid opaque wrap style Casual shirt Has a spread collar Button placket Long regular sleeves Straight hem Regular Fit Size worn by the model: S Chest: 33"" Height: 5'6"" Cotton Machine-wash Wash care: Machine Wash",InStock,M/S STREAMLINE APPARELS PRIVATE LIMITED - SJIT,https://www.myntra.com/Shirts/Roadster/The-Roadster-Life-Co--Cotton-Wrap-Style-Casual-Shirt/23491434/buy,2026-06-26T05:32:19.624356+00:00
Myntra,RARE CAMEL Women New Slim Fit Spread Collar Formal Cotton Shirt,"https://assets.myntassets.com/h_720,q_70,w_540/v1/assets/images/2025/MAY/20/tDqyf7m4_08e1d4855227465f968c48a1a6caca44.jpg",RARE CAMEL,Apparel,Shirts,491,1699,71,4.7,45,"M, L, XL, XXL",White,Slim Fit,Cotton,Long Sleeves,Solid,"White solid opaque Formal shirt ,has a spread collar, button placket, na pocket, long regular sleeves, curved hem Brand Fit: New Fit: Slim Fit The model (height 5'8) is wearing a size S Cotton Machine Wash Wash care: Machine Wash",InStock,M/S AAYRA FASHION,https://www.myntra.com/Shirts/RARE+CAMEL/RARE-CAMEL-Women-New-Slim-Fit-Spread-Collar-Formal-Cotton-Shirt/34301805/buy,2026-06-26T05:32:19.624356+00:00
Myntra,Stylecast X Slyck Striped Pattern Spread Collar Extended Sleeves Shirt,"https://assets.myntassets.com/h_720,q_70,w_540/v1/assets/images/2025/MARCH/5/RePTLlKq_b553bb35997f4ec8933134b255a831df.jpg",Stylecast X Slyck,Apparel,Shirts,455,1199,62,4.1,5013,"XS, S, M, L, XL",Navy Blue,Regular Fit,Polyester,Three-Quarter Sleeves,Striped,"Navy blue vertical stripes striped opaque Casual shirt ,has a spread collar, button placket, na pocket, three-quarter extended sleeves, straight hem Brand Fit: Comfort Fit: Regular Fit The model (height 5'8) is wearing a size S 100 % POLYESTER, Hand Wash Wash care: Hand Wash",InStock,Shreyash Retail Private Limited,https://www.myntra.com/Shirts/Stylecast+X+Slyck/Stylecast-X-Slyck--Striped-Pattern-Spread-Collar-Extended-Sleeves-Shirt/33060146/buy,2026-06-26T05:32:19.624356+00:00
Myntra,CORSICA Women Comfort Slim Fit Casual Shirt,"https://assets.myntassets.com/h_720,q_70,w_540/v1/assets/images/2025/OCTOBER/30/PF9iDiJj_df98ecb31bc74ac6aeb3fe532ea1ae3d.jpg",CORSICA,Apparel,Shirts,648,1899,66,4.1,5368,"S, M, L, XL",Yellow,Slim Fit,Cotton,Long Sleeves,Solid,"Yellow solid opaque Casual shirt ,has a spread collar, button placket, na pocket, long regular sleeves, curved hem Brand Fit: Comfort Fit: Slim Fit The model (height 5'8) is wearing a size S Machine Wash Wash care: Machine Wash",InStock,LORD SHIVA ENTERPRISES,https://www.myntra.com/Shirts/CORSICA/CORSICA-Women-Comfort-Slim-Fit-Casual-Shirt/37675305/buy,2026-06-26T05:32:19.624356+00:00
Myntra,Tzelynn Floral Printed Pure Cotton Casual Shirt,"https://assets.myntassets.com/h_720,q_70,w_540/v1/assets/images/2026/MAY/5/W42o4D6P_c7fb15cbdd8b4490b8695eda1e89fffc.jpg",Tzelynn,Apparel,Shirts,585,1599,63,4.2,476,"S, M, L, XL",Maroon,Relaxed Fit,Cotton,Long Sleeves,Printed,"Maroon Floral Printed Opaque Casual shirts ,has a Spread Collar, Button Placket, Long Regular Sleeves, Curved hem Fit: Relaxed Fit The model (height 5'8) is wearing a size S Pure Cotton Hand Wash Wash care: Hand Wash",InStock,VIVIDH IMPEX,https://www.myntra.com/Shirts/Tzelynn/Tzelynn-Floral-Printed-Pure-Cotton-Casual-Shirt/41838255/buy,2026-06-26T05:32:19.624356+00:00
Myntra,Blue Ronin Women Spread Collar Standard Formal Shirt,"https://assets.myntassets.com/h_720,q_70,w_540/v1/assets/images/2026/MAY/26/yyfG0tr2_4d8233c02bc14fecbf1baf1260d2bd4d.jpg",Blue Ronin,Apparel,Shirts,535,1199,55,4.2,938,"S, M, L, XL",White,Regular Fit,Cotton,Long Sleeves,Solid,"White solid opaque Formal shirt ,has a spread collar, button placket,long regular sleeves, curved hem Brand Fit: Standard Fit: Regular Fit The model (height 5'8) is wearing a size S Cotton Hand Wash Wash care: Hand Wash",InStock,EQUITECH TRADING PRIVATE LIMITED,https://www.myntra.com/Shirts/Blue+Ronin/Blue-Ronin-Women-Spread-Collar-Standard-Formal-Shirt/33551305/buy,2026-06-26T05:32:19.624356+00:00
Myntra,Roadster Oversized Striped Casual Shirt,"https://assets.myntassets.com/h_720,q_70,w_540/v1/assets/images/30256920/2024/9/18/4ff6e127-31a6-4fde-850e-17bcd0117f961726637443667-Womens-Oversize-Long-Sleeve-Seersucker-Stripe-Shirt-85917266-1.jpg",Roadster,Apparel,Shirts,599,1799,67,4.4,19139,"XS, S, M, L, XL",White,Oversized,Cotton,Long Sleeves,Striped,"White vertical stripes striped opaque Casual shirt ,has a jewel collar, button placket, long drop-shoulder sleeves, curved hem Brand Fit: Fit: Oversized The model (height 5'8) is wearing a size S 100% Cotton Machine Wash Wash care: Machine Wash",InStock,FRACTAL INDUSTRIES LIMITED,https://www.myntra.com/Shirts/Roadster/Roadster-Oversized-Striped-Casual-Shirt/30256920/buy,2026-06-26T05:32:19.624356+00:00
Myntra,STREET 9 Classic Slim Fit Corset Cotton Casual Shirt,"https://assets.myntassets.com/h_720,q_70,w_540/v1/assets/images/2025/JUNE/2/O3q3HCPk_f492080563f341289a02cb938dccbbb7.jpg",STREET 9,Apparel,Shirts,577,1699,66,4.3,2944,"S, M, L, XL, XXL",Fuchsia,Slim Fit,Cotton,Short Sleeves,Solid,"Fuchsia solid opaque Casual shirt ,has a spread collar, button placket, short regular sleeves, curved hem Brand Fit: Classic Fit: Slim Fit The model (height 5'8) is wearing a size S Cotton Machine Wash Wash care: Machine Wash",InStock,STREET NINE FASHIONS PVT LTD,https://www.myntra.com/Shirts/STREET+9/STREET-9-Classic-Slim-Fit-Corset-Cotton-Casual-Shirt/34649104/buy,2026-06-26T05:32:19.624356+00:00
Myntra,Femibazaar Women Yellow Relaxed Polycotton Striped Casual Shirt,"https://assets.myntassets.com/h_720,q_70,w_540/v1/assets/images/2025/AUGUST/23/F2PTM6cv_1e8d1a320fcb4234b42317fed293a52e.jpg",Femibazaar,Apparel,Shirts,449,1599,72,4,1145,"S, M, L, XL",Yellow,Oversized,Polycotton,Three-Quarter Sleeves,Striped,"Yellow vertical stripes striped Casual shirt ,has a spread collar, button placket, three-quarter regular sleeves, straight hem Brand Fit: Relaxed Fit: Oversized The model (height 5'8) is wearing a size S Gentle Machine Wash Wash care: Machine Wash",InStock,THE GOLDEN SEW,https://www.myntra.com/Shirts/Femibazaar/Femibazaar-Women-Yellow-Relaxed-Polycotton-Striped-Casual-Shirt/36566995/buy,2026-06-26T05:32:19.624356+00:00
Myntra,PURYS Women Smart Floral Printed Casual Satin Shirt,"https://assets.myntassets.com/h_720,q_70,w_540/v1/assets/images/2026/MARCH/20/cDzt2i9o_5e0617d6f7c7485cba5ce60d8345cbaf.jpg",PURYS,Apparel,Shirts,799,1999,60,4.4,184,"S, M, L, XL, XXL",Green,Regular Fit,Satin,Short Sleeves,Printed,"Green Floral Printed Opaque Casual shirts ,has a Cuban Collar, Button Placket, Short Kimono Sleeves, Curved hem Brand Fit: Smart Fit: Regular Fit The model (height 5'8) is wearing a size S Refresh your wardrobe with this womens satin shirt designed with a relaxed Cuban collar and airy kimono sleeves. The lustrous satin fabric adds a touch of sophistication, while the vibrant floral print makes it a standout piece for both casual and festive occasions. Its breezy silhouette ensures comfort without compromising on style. Satin Machine Wash Wash care: Machine Wash",InStock,PURYS ENTERPRISES PRIVATE LIMITED,https://www.myntra.com/Shirts/PURYS/PURYS-Women-Smart-Floral-Printed-Casual-Satin-Shirt/40802898/buy,2026-06-26T05:32:19.624356+00:00
Myntra,Roadster Women Blue & Black Slim Fit Checked Casual Shirt,"https://assets.myntassets.com/h_720,q_70,w_540/v1/assets/images/2032106/2017/9/4/11504502813192-Roadster-Women-Blue--Black-Regular-Fit-Checked-Casual-Shirt-4551504502813013-1.jpg",Roadster,Apparel,Shirts,894,2099,57,4.2,38552,"XS, S, M, L, XL, XXL",Blue,Slim Fit,Cotton,Long Sleeves,Checked,"Blue and black checked casual shirt, has a spread collar, button placket, 2 pockets, long sleeves, curved hem Slim fit The model (height 5'8"") is wearing a size S This cotton tee from Roadster has a traditional design. Pair it with dark wash jeans and canvas shoes for a night out at the movies with your friends. Cotton Machine-wash Wash care: Machine Wash",InStock,M/S STREAMLINE APPARELS PRIVATE LIMITED - SJIT,https://www.myntra.com/Shirts/Roadster/Roadster-Women-Blue--Black-Slim-Fit-Checked-Casual-Shirt/2032106/buy,2026-06-26T05:32:19.624356+00:00
Myntra,KALAMIR Women Comfort Opaque Printed Casual Shirt,"https://assets.myntassets.com/h_720,q_70,w_540/v1/assets/images/32925772/2025/3/29/8bc2ae6e-2e19-4b08-aa52-888b68ea05791743244475776-Zenava-by-Myntra-Women-Comfort-Opaque-Printed-Casual-Shirt-1-1.jpg",KALAMIR,Apparel,Shirts,837,2999,72,4.4,469,"S, M, L, XL",Purple,Regular Fit,Cotton,Long Sleeves,Printed,"Purple conversational printed opaque Casual shirt ,has a spread collar, button placket, na pocket, long regular sleeves, curved hem Brand Fit: Comfort Fit: Regular Fit The model (height 5'8) is wearing a size S Machine wash separately in cold water with mild detergent.Do not soak.Dry in shade.Do not bleack.Ironing temperature normal. Wash care: Dry Clean",InStock,SEW SIMPLE,https://www.myntra.com/Shirts/KALAMIR/KALAMIR-Women-Comfort-Opaque-Printed-Casual-Shirt/32925772/buy,2026-06-26T05:32:19.624356+00:00
Myntra,Style Quotient Regular Fit Formal Shirt,"https://assets.myntassets.com/h_720,q_70,w_540/v1/assets/images/21759602/2023/1/30/d4a675bf-c001-4662-b24d-0c24f2ed20f01675078371343Shirts1.jpg",Style Quotient,Apparel,Shirts,599,1499,60,4.3,25053,"XS, S, M, L, XL",Blue,Regular Fit,Polycotton,Long Sleeves,Solid,"Blue solid opaque formal shirt ,has a spread collar, button placket,&nbsp; long regular sleeves, curved hem Fit: Regular Fit The model (height 5'8) is wearing a size S Polycotton Hand Wash Wash care: Hand Wash",InStock,Savadika Retail Private Limited,https://www.myntra.com/Shirts/Style+Quotient/Style-Quotient-Regular-Fit-Formal-Shirt/21759602/buy,2026-06-26T05:32:19.624356+00:00
Myntra,Chemistry Women Purple Satin Striped Shirt,"https://assets.myntassets.com/h_720,q_70,w_540/v1/assets/images/17011296/2022/6/8/f1b32517-d74c-4d3e-ac35-ec1a072421fd1654686335489-Chemistry-Women-Purple-Multi-Stripes-Semi-Sheer-Striped-Casu-1.jpg",Chemistry,Apparel,Shirts,509,1699,70,4.1,2354,"XS, S, M, L, XL",Purple,Regular Fit,Polyester,Long Sleeves,Striped,"Purple satin striped semi sheer shirt ,has a spread collar, concealed button placket, long regular sleeves, curved hem, an attached lining Regular Fit Size worn by the model: S Chest: 32"" Height: 5'5"" 100% Polyester&nbsp; Machine wash Wash care: Machine Wash",InStock,Tech Connect Retail Pvt Ltd,https://www.myntra.com/Shirts/Chemistry/Chemistry-Women-Purple-Satin-Striped-Shirt/17011296/buy,2026-06-26T05:32:19.624356+00:00
Myntra,The Roadster Life Co. Spread Collar Pure Cotton Relaxed Fit Casual Shirt,"https://assets.myntassets.com/h_720,q_70,w_540/v1/assets/images/2026/APRIL/27/Bbg8rkMn_320d935eedda4db9a074a3716f22a804.jpg",Roadster,Apparel,Shirts,458,1499,69,4.3,116,"XS, S, M, L, XL",Yellow,Relaxed Fit,Cotton,Long Sleeves,Solid,"Yellow Solid Opaque Casual shirt, has a Spread Collar, Button Placket, Long Drop-Shoulder Sleeves, Curved hem Disclaimer: The model is AI generated Fit: Relaxed Fit The model (height 5'8) is wearing a size S 100% Cotton Machine Wash Wash care: Machine Wash",InStock,FRACTAL INDUSTRIES LIMITED,https://www.myntra.com/Shirts/Roadster/The-Roadster-Life-Co-Spread-Collar-Pure-Cotton-Relaxed-Fit-Casual-Shirt/39633707/buy,2026-06-26T05:32:19.624356+00:00
Myntra,Femibazaar Women Relaxed Striped Casual Shirt,"https://assets.myntassets.com/h_720,q_70,w_540/v1/assets/images/2025/JULY/27/CAskf2Ad_125cf3c16d7448bfb30be7647028dfe8.jpg",Femibazaar,Apparel,Shirts,433,1599,73,4,2594,"XS, S, M, L, XL",Blue,Oversized,Polycotton,Long Sleeves,Striped,"Blue vertical stripes striped opaque Casual shirt ,has a spread collar, button placket, long regular sleeves, curved hem Brand Fit: Relaxed Fit: Oversized The model (height 5'8) is wearing a size S Gentle Machine Wash Wash care: Machine Wash",InStock,THE GOLDEN SEW,https://www.myntra.com/Shirts/Femibazaar/Femibazaar-Women-Relaxed-Striped-Casual-Shirt/36037625/buy,2026-06-26T05:32:19.624356+00:00
Myntra,The Roadster Lifestyle Co. Plus Size Checked Casual Longline Shirt,"https://assets.myntassets.com/h_720,q_70,w_540/v1/assets/images/30010375/2024/9/18/248e52da-3bf4-4e42-b9a2-941b7afef0a81726667129972-Roadster-Women-Shirts-3061726667129422-1.jpg",Roadster,Apparel,Shirts,984,2499,61,4.1,381,"XXL, 3XL, 4XL, 5XL, 6XL",Navy Blue,Regular Fit,Viscose Rayon,Long Sleeves,Checked,"Navy blue tartan checks checked opaque Casual shirt ,has a spread collar, button placket, long roll-up sleeves, curved hem Brand Fit: Regular Fit Size worn by the model: XXL Chest: 44.5'' Height: 5'7"" 100% Viscose rayon , Machine wash Wash care: Machine Wash",InStock,STREAMLINE APPARELS PRIVATE LIMITED,https://www.myntra.com/Shirts/Roadster/The-Roadster-Lifestyle-Co-Plus-Size-Checked-Casual-Longline-Shirt/30010375/buy,2026-06-26T05:32:19.624356+00:00
Myntra,Style Quotient Women Solid Formal Shirt,"https://assets.myntassets.com/h_720,q_70,w_540/v1/assets/images/21498972/2023/1/31/37125642-3f79-4e48-a1fa-250000af68721675153480910StyleQuotientWomenSmartFormalShirt1.jpg",Style Quotient,Apparel,Shirts,599,1499,60,4.3,25053,"XS, S, M, L, XL",Olive,Regular Fit,Polycotton,Long Sleeves,Solid,"Solid opaque Formal shirt ,has a spread collar, button placket, long regular sleeves, curved hem Brand Fit: Smart Fit: Regular Fit The model (height 5'8) is wearing a size S Poly Cotton Machine Wash Wash care: Hand Wash",InStock,Savadika Retail Private Limited,https://www.myntra.com/Shirts/Style+Quotient/Style-Quotient-Women-Solid-Formal-Shirt/21498972/buy,2026-06-26T05:32:19.624356+00:00
Myntra,Mystere Paris Women Classic Striped Casual Shirt,"https://assets.myntassets.com/h_720,q_70,w_540/v1/assets/images/2026/APRIL/24/aoUBpOOO_b27ebb24bb84493fafcbc3615452bb3e.jpg",Mystere Paris,Apparel,Shirts,949,1899,50,4.1,38,"XS, M, L, XL",White,Oversized,Cotton,Long Sleeves,Striped,"White Vertical Stripes Striped Opaque Casual shirts ,has a Spread Collar, Button Placket, Long Regular Sleeves, Curved hem Brand Fit: Classic Fit: Oversized The model (height 5'8) is wearing a size S Machine Wash Wash care: Machine Wash",InStock,CREATIVE GARMENTS PRIVATE LIMITED,https://www.myntra.com/Shirts/Mystere+Paris/Mystere-Paris-Women-Classic-Striped-Casual-Shirt/41590797/buy,2026-06-26T05:32:19.624356+00:00
Myntra,HERE&NOW Women Vertical Striped Spread Collar Cotton Casual Shirt,"https://assets.myntassets.com/h_720,q_70,w_540/v1/assets/images/2025/JUNE/24/QiYcPEo6_bebae6a6b6734582a47a3f51f8b034d1.jpg",HERE&NOW,Apparel,Shirts,794,2299,65,4.1,1715,"S, M, L, XL, XXL",Beige,Regular Fit,Cotton,Long Sleeves,Striped,Beige &amp; Brown opaque casual shirt for women Spread collar Button placket Straight hemline Vertical stripes Striped Regular length Long sleeves Regular Fit The model (height 5.8') is wearing a size S Cotton Machine Wash Wash care: Machine Wash,InStock,Sixth Sense,https://www.myntra.com/Shirts/HERE%26NOW/HERENOW-Women-Vertical-Striped-Spread-Collar-Cotton-Casual-Shirt/35147237/buy,2026-06-26T05:32:19.624356+00:00
Myntra,MULVARI Women Slim Fit Striped Casual Shirt,"https://assets.myntassets.com/h_720,q_70,w_540/v1/assets/images/2026/MARCH/6/2BfYKPWs_943ae2b9f502457dbcd95f7cd2f8f515.jpg",MULVARI,Apparel,Shirts,600,1999,70,3.7,1781,"XS, S, M, L, XL",Brown,Slim Fit,Polyester,Long Sleeves,Striped,"Brown Vertical Stripes Striped Opaque Casual shirts ,has a Spread Collar, Button Placket, Long Regular Sleeves, Curved hem Brand Fit: Fit: Slim Fit The model (height 5'8) is wearing a size S Wash care: Machine Wash",InStock,AAHWAN ENTERPRISE,https://www.myntra.com/Shirts/MULVARI/MULVARI-Women-Slim-Fit-Striped-Casual-Shirt/40503959/buy,2026-06-26T05:32:19.624356+00:00
Myntra,The Roadster Lifestyle Co. Women Striped Oversized Pure Cotton Casual Shirt,"https://assets.myntassets.com/h_720,q_70,w_540/v1/assets/images/34299320/2025/7/23/ba224acc-cd9c-463f-8ee9-db08f446057e1753249418730-Womens-Oversize-Long-Sleeve-Cotton-Shirt-7461753249418150-1.jpg",Roadster,Apparel,Shirts,589,1599,63,4.1,1338,"XS, S, M, L, XL",Blue,Oversized,Cotton,Long Sleeves,Striped,"Blue vertical stripes striped opaque Casual shirt ,has a spread collar, button placket, long regular sleeves, curved hem Brand Fit: Fit: Oversized The model (height 5'8) is wearing a size S 100% Cotton Machine Wash Wash care: Machine Wash",InStock,FRACTAL INDUSTRIES LIMITED,https://www.myntra.com/Shirts/Roadster/The-Roadster-Lifestyle-Co-Women-Striped-Oversized-Pure-Cotton-Casual-Shirt/34299320/buy,2026-06-26T05:32:19.624356+00:00
Myntra,HERE&NOW Women Casual Shirt,"https://assets.myntassets.com/h_720,q_70,w_540/v1/assets/images/2025/NOVEMBER/27/BvJPQqYM_d0623a59e5294dae8e2bc77f8c91336d.jpg",HERE&NOW,Apparel,Shirts,749,2299,67,4.2,2520,"S, M, L, XXL",Black,Oversized,Cotton,Three-Quarter Sleeves,Textured,"Black textured opaque Casual shirt ,has a spread collar, button placket, three-quarter roll-up sleeves, straight hem Brand Fit: Fit: Oversized The model (height 5'8) is wearing a size S Machine wash Wash care: Machine Wash",InStock,SIXTH SENSE,https://www.myntra.com/Shirts/HERE%26NOW/HERENOW-Women-Casual-Shirt/38189248/buy,2026-06-26T05:32:19.624356+00:00
Myntra,Style Quotient Black Smart Spread Collar Formal Shirt,"https://assets.myntassets.com/h_720,q_70,w_540/v1/assets/images/23306044/2023/5/21/8dc5a108-ebbb-4803-a3cd-da42f3099a611684614671045StyleQuotientWomenBlackSmartOpaqueFormalShirt1.jpg",Style Quotient,Apparel,Shirts,601,1399,57,4.2,1562,"S, M, L, XL",Black,Regular Fit,Cotton,Long Sleeves,Solid,"Black solid opaque Formal shirt ,has a spread collar, concealed button placket, long regular sleeves, curved hem Brand Fit: Smart Fit: Regular Fit The model (height 5'8) is wearing a size S Cotton Hand Wash Wash care: Hand Wash",InStock,Savadika Retail Private Limited,https://www.myntra.com/Shirts/Style+Quotient/Style-Quotient-Black-Smart-Spread-Collar-Formal-Shirt/23306044/buy,2026-06-26T05:32:19.624356+00:00
Myntra,BAESD Standard Opaque Formal Shirt,"https://assets.myntassets.com/h_720,q_70,w_540/v1/assets/images/24087054/2023/7/18/ff3eaee0-9c48-48fc-8664-917b70f0eff11689693089717BAESDWomenWhiteStandardOpaqueFormalShirt1.jpg",BAESD,Apparel,Shirts,443,1475,70,4.3,1416,"XS, S, M, L, XL, XXL",White,Regular Fit,Crepe,Long Sleeves,Solid,"White solid opaque formal shirt ,has a spread collar, concealed button placket, long regular sleeves, curved hem Brand Fit: Standard Fit: Regular Fit The model (height 5'8) is wearing a size S Crepe&nbsp; Machine wash Wash care: Machine Wash",InStock,ALL WAYS YOU PRIVATE LIMITED,https://www.myntra.com/Shirts/BAESD/BAESD-Standard-Opaque-Formal-Shirt/24087054/buy,2026-06-26T05:32:19.624356+00:00
Myntra,Outzidr Women Casual Shirt,"https://assets.myntassets.com/h_720,q_70,w_540/v1/assets/images/2025/JULY/16/rCTPTWT7_ed4701e49e244f4fb633d63b27b3fcc8.jpg",Outzidr,Apparel,Shirts,799,799,,4.5,175,"XS, S, M, L",White,Regular Fit,Cotton,Long Sleeves,Solid,"White solid opaque Casual shirt ,has a spread collar, button placket, na pocket, long regular sleeves, straight hem Brand Fit: Regular Fit The model (height 5'8) is wearing a size S Machine wash Wash care: Machine Wash",InStock,INATI LIFESTYLE PRIVATE LIMITED,https://www.myntra.com/Shirts/Outzidr/Outzidr-Women-Casual-Shirt/35704424/buy,2026-06-26T05:32:19.624356+00:00
Myntra,Chemistry Striped Cotton Mandarin Collar Casual Shirt,"https://assets.myntassets.com/h_720,q_70,w_540/v1/assets/images/2025/JUNE/7/I5i0ZmYp_8f30b28860bf4e33be2fab37b7366d1a.jpg",Chemistry,Apparel,Shirts,624,1699,63,4.1,4535,"XS, S, M, L, XL",Blue,Regular Fit,Cotton,Long Sleeves,Striped,"Blue &amp; White striped opaque Casual shirt ,has a mandarin collar, button placket, no pocket, long roll-up sleeves, curved hem Fit: Regular Fit The model (height 5'8) is wearing a size S 100% Cotton Machine Wash Wash care: Machine Wash",InStock,POISE FASHION,https://www.myntra.com/Shirts/Chemistry/Chemistry-Striped-Cotton-Mandarin-Collar-Casual-Shirt/34806120/buy,2026-06-26T05:32:19.624356+00:00
Myntra,Style Quotient Women Grey Solid Classic Formal Shirt,"https://assets.myntassets.com/h_720,q_70,w_540/v1/assets/images/19761194/2022/9/2/91a9f092-52bb-4053-83cf-df6bf236071b1662106881163StyleQuotientWomenGreyClassicFormalShirt1.jpg",Style Quotient,Apparel,Shirts,599,1499,60,4.3,25053,"XS, S, M, L, XL",Grey,Regular Fit,Cotton,Long Sleeves,Solid,"Grey solid opaque Formal shirt ,has a spread collar, button placket, na pocket, long regular sleeves, straight hem Brand Fit: Classic Fit: Regular Fit The model (height 5'8) is wearing a size S COTTON HAND WASH Wash care: Hand Wash",InStock,Savadika Retail Private Limited,https://www.myntra.com/Shirts/Style+Quotient/Style-Quotient-Women-Grey-Solid-Classic-Formal-Shirt/19761194/buy,2026-06-26T05:32:19.624356+00:00
Myntra,The Roadster Life Co. Schiffli Pleated Pure Cotton Casual Shirt,"https://assets.myntassets.com/h_720,q_70,w_540/v1/assets/images/2026/JUNE/8/dEsuVK7O_6a3100bb845340f6851f1c58d4ec5107.jpg",Roadster,Apparel,Shirts,956,2499,62,4.4,9788,"XS, S, M, L, XL, XXL",White,Regular Fit,Cotton,Long Sleeves,Self Design,"White self design textured schiffli opaque casual shirt, has a spread collar, button placket, long cuffed sleeves and curved hem&nbsp; Disclaimer: This model is AI generated Fit: Regular Fit The model (height 5'8) is wearing a size S 100% Cotton&nbsp; Machine wash Wash care: Machine Wash",InStock,STREAMLINE APPARELS PRIVATE LIMITED,https://www.myntra.com/Shirts/Roadster/The-Roadster-Life-Co-Schiffli-Pleated-Pure-Cotton-Casual-Shirt/42434159/buy,2026-06-26T05:32:19.624356+00:00
Myntra,Style Quotient Women Blue Smart Striped Casual Shirt,"https://assets.myntassets.com/h_720,q_70,w_540/v1/assets/images/20676814/2022/11/24/fb308213-de25-4736-a522-f6729ca0bf111669292510091-Style-Quotient-Women-Blue-Smart-Striped-Casual-Shirt-5171669-1.jpg",Style Quotient,Apparel,Shirts,674,1499,55,4.2,1902,"S, M, L, XL",Blue,Regular Fit,Polycotton,Long Sleeves,Striped,"Blue vertical stripes opaque Casual shirt ,has a spread collar, button placket, three-quarter roll-up sleeves, curved hem Brand Fit: Smart Fit: Regular Fit The model (height 5'8) is wearing a size S Poly cotton Machine Wash Wash care: Machine Wash",InStock,Savadika Retail Private Limited,https://www.myntra.com/Shirts/Style+Quotient/Style-Quotient-Women-Blue-Smart-Striped-Casual-Shirt/20676814/buy,2026-06-26T05:32:19.624356+00:00
Myntra,encore by INVICTUS Floral Printed Sleeveless Opaque Casual Shirt,"https://assets.myntassets.com/h_720,q_70,w_540/v1/assets/images/26829982/2024/5/16/5ae102e6-8689-4cf5-b268-349930c8d7bb1715834572191ShirtsencorebyINVICTUSWomenShirtsencorebyINVICTUSWomenShirts1.jpg",encore by INVICTUS,Apparel,Shirts,351,1098,68,4.2,424,"S, M, L, XL",Navy Blue,Regular Fit,Polyester,Sleeveless,Printed,"Navy blue floral printed opaque casual shirt, has a spread collar, button placket, sleeveless no sleeves, curved hem Fit: Regular Fit The model (height 5'8) is wearing a size S 100% Polyester Machine Wash Wash care: Machine Wash",InStock,Shreyash Retail Private Limited,https://www.myntra.com/Shirts/encore+by+INVICTUS/encore-by-INVICTUS-Floral-Printed-Sleeveless-Opaque-Casual-Shirt/26829982/buy,2026-06-26T05:32:19.624356+00:00
Myntra,all about you Women Blue Regular Fit Solid Casual Shirt,"https://assets.myntassets.com/h_720,q_70,w_540/v1/assets/images/12482222/2020/11/24/06ab7e03-e7ac-4d97-ba00-2baffe6ba3711606201626687-all-about-you-Women-Shirts-1071606201625209-1.jpg",all about you,Apparel,Shirts,1089,1899,43,4.3,1588,"XS, S, L, XL, XXL",Blue,Regular Fit,Cotton,Long Sleeves,Solid,"Blue solid casual shirt, has a cutaway collar, long sleeves, button placket, and straight hem The model (height 5'8"") is wearing a size S With this cotton shirt from all about you, you can beat the cold in a jiffy. Try yours with slim jeans and Chelsea boots for your next girl's night out. Material: Cotton Machine Wash Wash care: Machine Wash",InStock,Casual Classics,https://www.myntra.com/Shirts/all+about+you/all-about-you-Women-Blue-Regular-Fit-Solid-Casual-Shirt/12482222/buy,2026-06-26T05:32:19.624356+00:00
Myntra,The Roadster Lifestyle Co. Women Spread Collar Textured Casual Shirt,"https://assets.myntassets.com/h_720,q_70,w_540/v1/assets/images/2024/DECEMBER/3/TzvLHnqo_30e2ac5192324456b1f0cfa11e78571e.jpg",Roadster,Apparel,Shirts,642,1999,68,4.2,7009,"XS, S, M, L, XL, XXL",Yellow,Regular Fit,Polyester,Long Sleeves,Self Design,1 Yellow opaque casual shirt Spread collar Button placket Long sleeves Curved hemline Regular Fit The model (height 5.8') is wearing a size S Polyester Machine Wash Wash care: Machine Wash,InStock,Savadika Retail Private Limited,https://www.myntra.com/Shirts/Roadster/The-Roadster-Lifestyle-Co-Women-Spread-Collar-Textured-Casual-Shirt/31820704/buy,2026-06-26T05:32:19.624356+00:00
Myntra,STREET 9 Classic Slim Fit Corset Cotton Casual Shirt,"https://assets.myntassets.com/h_720,q_70,w_540/v1/assets/images/34649099/2025/7/4/5166f745-6656-4f6d-8ac0-ea733f4d766b1751640390662-STREET-9-Classic-Slim-Fit-Corset-Cotton-Casual-Shirt-7441751-1.jpg",STREET 9,Apparel,Shirts,628,1699,63,4.3,2944,"S, M, L, XL, XXL",White,Slim Fit,Cotton,Short Sleeves,Solid,"White solid opaque Casual shirt ,has a spread collar, button placket, short regular sleeves, curved hem Brand Fit: Classic Fit: Slim Fit The model (height 5'8) is wearing a size S Cotton Machine Wash Wash care: Machine Wash",InStock,STREET NINE FASHIONS PVT LTD,https://www.myntra.com/Shirts/STREET+9/STREET-9-Classic-Slim-Fit-Corset-Cotton-Casual-Shirt/34649099/buy,2026-06-26T05:32:19.624356+00:00
Myntra,all about you Pure Cotton Opaque Casual Shirt,"https://assets.myntassets.com/h_720,q_70,w_540/v1/assets/images/20557978/2023/3/13/0ae28f08-2287-437c-8b31-f2a63fc4b7a41678702089401-all-about-you-Women-Shirts-8331678702088951-5.jpg",all about you,Apparel,Shirts,379,999,62,4.2,5352,"XS, S, M, L, XL",Brown,Regular Fit,Cotton,Three-Quarter Sleeves,Solid,"Brown solid opaque Casual shirt ,has a mandarin collar, button placket, three-quarter puff sleeves, curved hem Regular Fit Size worn by the model: s Chest: 32"" Height: 5'7"" Cotton Machine wash Wash care: Machine Wash",InStock,Konde Products & Services Private Limited,https://www.myntra.com/Shirts/all+about+you/all-about-you-Pure-Cotton-Opaque-Casual-Shirt/20557978/buy,2026-06-26T05:32:19.624356+00:00
Myntra,Outzidr Women Boxy Striped Casual Shirt,"https://assets.myntassets.com/h_720,q_70,w_540/v1/assets/images/2026/JUNE/3/CxkeXXDT_2a9d633d0f73455f83e323a8c99b219a.jpg",Outzidr,Apparel,Shirts,749,749,,0,0,"XS, S, L, XL",Blue,Boxy,Cotton,Short Sleeves,Striped,"Blue Vertical Stripes Striped Casual shirts ,has a Spread Collar, Button Placket, 1 Patch pocket, Short Regular Sleeves, Straight hem Brand Fit: Fit: Boxy The model (height 5'8) is wearing a size S Embrace modern tailoring with this dark blue boxy shirt. Featuring a unique side ruching detail that adds unexpected texture and structure, this contemporary blouse elevates everyday street style. It transitions seamlessly from a creative workspace to casual dinners when styled with sleek leather trousers or distressed skinny jeans and pointed-toe flats. Machine Wash Wash care: Machine Wash",InStock,INATI LIFESTYLE PRIVATE LIMITED,https://www.myntra.com/Shirts/Outzidr/Outzidr-Women-Boxy-Striped-Casual-Shirt/42787775/buy,2026-06-26T05:32:19.624356+00:00
Myntra,AAHWAN Women Solid Spread Collar Casual Shirt,"https://assets.myntassets.com/h_720,q_70,w_540/v1/assets/images/2025/OCTOBER/8/iSy1ranI_886ad994e0954427951542e2e656bb6f.jpg",AAHWAN,Apparel,Shirts,589,1999,71,4.2,5102,"XS, S, M, L, XL",Yellow,Slim Fit,Polyester,Long Sleeves,Solid,Yellow opaque casual shirt for women Spread collar Button placket Curved hemline Solid Regular length Long sleeves Slim Fit The model (height 5.8') is wearing a size S Polyester Machine Wash Wash care: Machine Wash,InStock,AAHWAN CREATION,https://www.myntra.com/Shirts/AAHWAN/AAHWAN-Women-Solid-Spread-Collar-Casual-Shirt/37389708/buy,2026-06-26T05:32:19.624356+00:00
Myntra,The Roadster Life Co. Spread Collar Textured Casual Shirt,"https://assets.myntassets.com/h_720,q_70,w_540/v1/assets/images/2026/MAY/25/KHGJcFpd_2d7ea9f9bdff429b838942a6f1cd53fa.jpg",Roadster,Apparel,Shirts,479,1499,68,4.4,40,"XS, S, M, L, XL",Red,Regular Fit,Viscose Rayon,Long Sleeves,Textured,"Textured Opaque Casual shirt has a Spread Collar, Button Placket, 1 Patch Pocket, Long Regular Sleeves, and Curved hem Disclaimer: This image is AI generated Fit: Regular Fit The model (height 5'8) is wearing a size S 100% Viscose Machine Wash Wash care: Machine Wash",InStock,Savadika Retail Private Limited,https://www.myntra.com/Shirts/Roadster/The-Roadster-Life-Co-Spread-Collar-Textured-Casual-Shirt/40243803/buy,2026-06-26T05:32:19.624356+00:00
Myntra,Styli Women Beige Spread Collar Long Sleeves Casual Shirt,"https://assets.myntassets.com/h_720,q_70,w_540/v1/assets/images/24061950/2023/7/17/95d37c49-aef1-429f-aed3-8db4292191f31689599114879StyliWomenBeigeOpaqueStripedCasualShirt1.jpg",Styli,Apparel,Shirts,765,849,10,3.8,809,"XS, S, M, L, XL, XXL",Beige,Regular Fit,Polyester,Long Sleeves,Solid,"Beige solid opaque casual shirt, has a spread collar, button placket, 1 patch pocket, long kimono sleeves, curved hem Fit: Regular Fit The model (height 5'8) is wearing a size S Polyester Machine Wash Wash care: Machine Wash",InStock,PREMIERE RETAIL TRADING PRIVATE LIMITED,https://www.myntra.com/Shirts/Styli/Styli-Women-Beige-Spread-Collar-Long-Sleeves-Casual-Shirt/24061950/buy,2026-06-26T05:32:19.624356+00:00
Myntra,Bitterlime Women Standard Striped Casual Shirt,"https://assets.myntassets.com/h_720,q_70,w_540/v1/assets/images/2026/MARCH/7/zPU289G3_e0835f21846340feb6f544ddc95b6b23.jpg",Bitterlime,Apparel,Shirts,749,2499,70,3.9,44,"S, M, L, XL, XXL",Brown,Regular Fit,Cotton,Three-Quarter Sleeves,Striped,"Brown Vertical Stripes Striped Opaque Casual shirts ,has a Band Collar, Button Placket, Three-Quarter Puff Sleeves, Curved hem Brand Fit: Standard Fit: Regular Fit The model (height 5'8) is wearing a size S Pair this fresh brown shirt with white trousers and nude heels for a crisp daytime look, or style it with blue denim and minimal accessories for effortless everyday charm. Add a sling bag for a polished finish. Do not Bleach, Do not Soak, Dry in Shade, Iron on reverse side. Machine Wash Wash care: Hand Wash",InStock,SANIL CREATIONS PRIVATE LIMITED,https://www.myntra.com/Shirts/Bitterlime/Bitterlime-Women-Standard-Striped-Casual-Shirt/40519577/buy,2026-06-26T05:32:19.624356+00:00
Myntra,max Women Floral Casual Shirt,"https://assets.myntassets.com/h_720,q_70,w_540/v1/assets/images/2026/MAY/26/1dF8Es42_13c779db4f734f6a89b057d843d58473.jpg",max,Apparel,Shirts,699,699,,0,0,"XS, S, M, L, XL",Brown,Regular Fit,Cotton,Three-Quarter Sleeves,Self Design,"Brown Floral Self Design Opaque Casual shirts ,has a Spread Collar, Button Placket, Three-Quarter Regular Sleeves, Curved hem Brand Fit: Fit: Regular Fit The model (height 5'8) is wearing a size S 100% COTTON Wash care: Machine Wash",InStock,LANDMARK ONLINE INDIA PRIVATE LIMITED,https://www.myntra.com/Shirts/max/max-Women-Floral-Casual-Shirt/42567816/buy,2026-06-26T05:32:19.624356+00:00
Myntra,Blue Ronin Women Standard Formal Shirt,"https://assets.myntassets.com/h_720,q_70,w_540/v1/assets/images/2026/JUNE/11/KamcGn7X_0899205ee0714e699e15599092242038.jpg",Blue Ronin,Apparel,Shirts,535,1199,55,4.2,2164,"S, M, L, XL",Pink,Regular Fit,Cotton,Three-Quarter Sleeves,Solid,"Pink solid opaque formal shirt ,has a spread collar, button placket, na pocket, three-quarter regular sleeves, curved hem Brand Fit: Standard Fit: Regular Fit The model (height 5'8) is wearing a size S Cotton Hand Wash Wash care: Hand Wash",InStock,EQUITECH TRADING PRIVATE LIMITED,https://www.myntra.com/Shirts/Blue+Ronin/Blue-Ronin-Women-Standard-Formal-Shirt/33551297/buy,2026-06-26T05:32:19.624356+00:00
Myntra,HERE&NOW Women Relaxed Casual Shirt,"https://assets.myntassets.com/h_720,q_70,w_540/v1/assets/images/2026/JANUARY/18/2KtkRpvV_bcc7f9432c3d45c1a3b7ccbbc00e3e35.jpg",HERE&NOW,Apparel,Shirts,681,1499,55,3.9,22,"XS, S, L, XL, XXL",Beige,Relaxed Fit,Cotton Linen,Long Sleeves,Solid,"Beige Solid Opaque Casual shirts ,has a Spread Collar, Button Placket, Long Regular Sleeves, Straight hem Brand Fit: Relaxed Fit: Relaxed Fit The model (height 5'8) is wearing a size S Pair this with high-rise distressed denim and chunky loafers for a ""Quiet Luxury"" street-style look, or tuck it into tailored trousers for a sleek office ensemble. Fabric: Breathable cotton-blend (Non-sheer) Wash care: Machine Wash",InStock,Myriaad Trendz,https://www.myntra.com/Shirts/HERE%26NOW/HERENOW-Women-Relaxed-Casual-Shirt/39446996/buy,2026-06-26T05:32:19.624356+00:00
Myntra,Mast & Harbour Relaxed Fit Pure Cotton Casual Shirt,"https://assets.myntassets.com/h_720,q_70,w_540/v1/assets/images/2026/JUNE/24/NZNeSUAO_d88541f6f9ac4bf0bd0919e27bdfe2e7.jpg",Mast & Harbour,Apparel,Shirts,659,1999,67,3.8,8,"S, M, L, XL",White,Regular Fit,Cotton,Long Sleeves,Solid,"Off-white solid opaque casual shirt, has a spread collar, button placket, long drop-shoulder sleeves and curved hem&nbsp; Disclaimer: This model is AI generated Fit: Relaxed Fit The model (height 5'8) is wearing a size S 100% Cotton&nbsp; Machine Wash Wash care: Machine Wash",InStock,Sane Retails Private Limited,https://www.myntra.com/Shirts/Mast+%26+Harbour/Mast--Harbour-Relaxed-Fit-Pure-Cotton-Casual-Shirt/40243376/buy,2026-06-26T05:32:19.624356+00:00
Myntra,Style Quotient Plus Size Striped Smart Formal Shirt,"https://assets.myntassets.com/h_720,q_70,w_540/v1/assets/images/23654826/2023/6/16/bdddaff4-27ad-4d77-a1a4-dd0992afa8811686916804971StyleQuotientWomenBlueSmartOpaqueStripedFormalShirt1.jpg",Style Quotient,Apparel,Shirts,749,1499,50,4.3,1507,"XXL, 3XL, 4XL, 5XL",Blue,Regular Fit,Polycotton,Long Sleeves,Striped,"Blue vertical stripes striped opaque Formal shirt ,has a spread collar, button placket, long roll-up sleeves, high-low hem Brand Fit: Smart Fit: Regular Fit The model (height 5'8) is wearing a size S Plus Size Poly Cotton Machine Wash Wash care: Machine Wash",InStock,Savadika Retail Private Limited,https://www.myntra.com/Shirts/Style+Quotient/Style-Quotient-Plus-Size-Striped-Smart-Formal-Shirt/23654826/buy,2026-06-26T05:32:19.624356+00:00
Myntra,Style Quotient Smart Long Sleeves Opaque Formal Shirt,"https://assets.myntassets.com/h_720,q_70,w_540/v1/assets/images/27353678/2024/2/5/d80bdaf4-eae4-4425-b624-f5d20a0b2aca1707107663345StyleQuotientWomenSmartOpaqueFormalShirt1.jpg",Style Quotient,Apparel,Shirts,584,1499,61,4.6,353,"S, M, L, XL",Navy Blue,Regular Fit,Polycotton,Long Sleeves,Solid,"Navy blue solid opaque Formal shirt ,has a spread collar, button placket, na pocket, long regular sleeves, curved hem Brand Fit: Smart Fit: Regular Fit The model (height 5'8) is wearing a size S Polycotton Machine Wash Wash care: Machine Wash",InStock,Savadika Retail Private Limited,https://www.myntra.com/Shirts/Style+Quotient/Style-Quotient-Smart-Long-Sleeves-Opaque-Formal-Shirt/27353678/buy,2026-06-26T05:32:19.624356+00:00
Myntra,The Roadster Lifestyle Co. Striped Oversized Shirt,"https://assets.myntassets.com/h_720,q_70,w_540/v1/assets/images/34138022/2025/7/2/5c5cd3b0-7c90-4e87-acfb-78880b030b111751440690236-Womens-Oversize-Long-Sleeve-Striped-Shirt-9361751440689571-1.jpg",Roadster,Apparel,Shirts,599,1799,67,4.4,19139,"S, M, L, XL",White,Oversized,Cotton,Long Sleeves,Striped,"White vertical stripes striped opaque Casual shirt ,has a spread collar, button placket, long regular sleeves, curved hem Brand Fit: Fit: Relaxed Fit The model (height 5'8) is wearing a size S 100% COTTON Machine Wash Wash care: Machine Wash",InStock,FRACTAL INDUSTRIES LIMITED,https://www.myntra.com/Shirts/Roadster/The-Roadster-Lifestyle-Co-Striped-Oversized-Shirt/34138022/buy,2026-06-26T05:32:19.624356+00:00
Myntra,The Roadster Lifestyle Co. Solid Regular Fit Shirt,"https://assets.myntassets.com/h_720,q_70,w_540/v1/assets/images/33439613/2025/5/6/2749dbf1-ad24-4e60-b1d5-e3d6cc01ee6d1746531724583-The-Life-Co-Pure-Cotton-Wrap-Style-Casual-Shirt-357174653172-1.jpg",Roadster,Apparel,Shirts,869,1899,54,4.4,9788,"XS, S, M, L, XL, XXL",Brown,Regular Fit,Cotton,Long Sleeves,Solid,"Brown solid opaque Casual shirt ,has a spread collar, button placket, 1 pocket, long regular sleeves, straight hem Brand Fit: Classic Fit: Regular Fit The model (height 5'8) is wearing a size S 100% Cotton MACHINE WASH Wash care: Machine Wash",InStock,STREAMLINE APPARELS PRIVATE LIMITED,https://www.myntra.com/Shirts/Roadster/The-Roadster-Lifestyle-Co-Solid-Regular-Fit-Shirt/33439613/buy,2026-06-26T05:32:19.624356+00:00
Myntra,Style Quotient Smart Regular Fit Opaque Formal Shirt,"https://assets.myntassets.com/h_720,q_70,w_540/v1/assets/images/25770032/2023/11/4/9f71ed5b-7d19-4d30-8da5-5a081d3f88aa1699106381218StyleQuotientWomenBeigeSmartOpaqueFormalShirt1.jpg",Style Quotient,Apparel,Shirts,659,1499,56,4.4,2525,"S, M, L, XL",Beige,Regular Fit,Polyester,Long Sleeves,Solid,"Beige solid opaque Formal shirt ,has a spread collar, button placket, long regular sleeves, curved hem Brand Fit: Smart Fit: Regular Fit The model (height 5'8) is wearing a size S Polyester Machine Wash Wash care: Machine Wash",InStock,Savadika Retail Private Limited,https://www.myntra.com/Shirts/Style+Quotient/Style-Quotient-Smart-Regular-Fit-Opaque-Formal-Shirt/25770032/buy,2026-06-26T05:32:19.624356+00:00
Myntra,HERE&NOW Women Relaxed Fit Solid Spread Collar Cotton Casual Shirt,"https://assets.myntassets.com/h_720,q_70,w_540/v1/assets/images/2025/JULY/23/cfn6PRlA_4e55facd8fe1404680270d0b0970936c.jpg",HERE&NOW,Apparel,Shirts,749,2299,67,4.1,429,"S, M, L, XL, XXL",Navy Blue,Relaxed Fit,Cotton,Long Sleeves,Solid,Navy blue opaque casual shirt for women Spread collar Button placket Straight hemline Solid Longline length Long sleeves Relaxed Fit The model (height 5.8') is wearing a size S Cotton Machine Wash Wash care: Machine Wash,InStock,Sixth Sense,https://www.myntra.com/Shirts/HERE%26NOW/HERENOW-Women-Relaxed-Fit-Solid-Spread-Collar-Cotton-Casual-Shirt/35918055/buy,2026-06-26T05:32:19.624356+00:00
Myntra,Anouk Women Floral Printed Casual Shirt,"https://assets.myntassets.com/h_720,q_70,w_540/v1/assets/images/2026/APRIL/11/gYxQpCL7_1e989247f5514cce97ea3e044d35350a.jpg",Anouk,Apparel,Shirts,775,2299,66,4.4,33,"XS, S, M, XL, XXL",Black,Relaxed Fit,Viscose Rayon,Long Sleeves,Printed,"Black Floral Printed Casual shirts ,has a Spread Collar, Button and Loop, Long Regular Sleeves, Curved hem Brand Fit: Fit: Relaxed Fit The model (height 5'8) is wearing a size S Viscose Rayon Machine Wash Wash care: Machine Wash",InStock,Mokksha Designs,https://www.myntra.com/Shirts/Anouk/Anouk-Women-Floral-Printed-Casual-Shirt/41321555/buy,2026-06-26T05:32:19.624356+00:00
Myntra,Roadster Women Blue Regular Fit Faded Antiviral Protective Finish Casual Shirt,"https://assets.myntassets.com/h_720,q_70,w_540/v1/assets/images/12525054/2020/10/14/bacb446d-b1c0-42d4-a315-3abe6a1317a31602656765200-Roadster-Women-Shirts-7321602656762448-1.jpg",Roadster,Apparel,Shirts,720,1999,64,4.3,2401,"XS, S, M, L, XL",Blue,Regular Fit,Cotton,Long Sleeves,Faded,"Blue faded casual denim shirt, has a spread collar, long sleeves, zip, curved hem, and 2 flap pockets Features: This HEIQ viroblock treated jeans helps to reduce the risk of viral and bacterial persistence on contacted surfaces and objects thereby lowering the potential of transmission. This antiviral finish effectiveness has been tested as active against most of the viruses, including SARS-CoV-2 (COVID 19). The model (height 5'8"") is wearing a size S This cotton tee from Roadster will add an extra layer of warmth to your outfit. This shirt makes a great match for slim jeans and leather boots when you're heading to a party with your friends. Material: 100% Cotton Machine Wash Wash care: Machine Wash",InStock,Savadika Retail Private Limited,https://www.myntra.com/Shirts/Roadster/Roadster-Women-Blue-Regular-Fit-Faded-Antiviral-Protective-Finish-Casual-Shirt/12525054/buy,2026-06-26T05:32:19.624356+00:00
Myntra,Style Quotient Women Smart Spread Collar Solid Cotton Formal Shirt,"https://assets.myntassets.com/h_720,q_70,w_540/v1/assets/images/2024/JULY/30/bCR6id3g_0fa18dc8df37461986d10a6fcc174209.jpg",Style Quotient,Apparel,Shirts,629,1399,55,4.3,720,"S, M, L, XL",White,Regular Fit,Cotton,Long Sleeves,Solid,White opaque formal shirt Spread collar Concealed button placket Long sleeves Curved hemline Regular Fit The model (height 5.8') is wearing a size S Cotton Hand Wash Wash care: Hand Wash,InStock,Savadika Retail Private Limited,https://www.myntra.com/Shirts/Style+Quotient/Style-Quotient-Women-Smart-Spread-Collar-Solid-Cotton-Formal-Shirt/30407974/buy,2026-06-26T05:32:19.624356+00:00
Myntra,CORSICA Women Casual Shirt,"https://assets.myntassets.com/h_720,q_70,w_540/v1/assets/images/2026/APRIL/16/n2smLRbV_9a6b0361ad4b4591adf44ab6feb7e631.jpg",CORSICA,Apparel,Shirts,699,1499,53,3.6,78,"S, M, L, XL, XXL, 3XL",Blue,Regular Fit,Denim,Short Sleeves,Solid,"Blue Solid Opaque Casual shirts ,has a Spread Collar, Button Placket, 2 Patch pocket, Short Regular Sleeves, Curved hem Brand Fit: Fit: Regular Fit The model (height 5'8) is wearing a size S 100% denim and machine wash only Wash care: Machine Wash",InStock,SPENSE CLOTHING,https://www.myntra.com/Shirts/CORSICA/CORSICA-Women-Casual-Shirt/41433679/buy,2026-06-26T05:32:19.624356+00:00
Myntra,SASSAFRAS Women Slim Fit Casual Shirt,"https://assets.myntassets.com/h_720,q_70,w_540/v1/assets/images/2026/FEBRUARY/2/X7v0p7py_55c27967b5e84d27a7ac95f11c321bb0.jpg",SASSAFRAS,Apparel,Shirts,989,1799,45,4.4,158,"S, M, L, XL, XXL",Blue,Slim Fit,Denim,Long Sleeves,Solid,"Blue Solid Opaque Casual shirts ,has a Spread Collar, Button Placket, NA pocket, Long Regular Sleeves, Curved hem Brand Fit: Fit: Slim Fit The model (height 5'8) is wearing a size S Denim, 100% Cotton Wash care: Machine Wash",InStock,Sane Retails Private Limited,https://www.myntra.com/Shirts/SASSAFRAS/SASSAFRAS-Women-Slim-Fit-Casual-Shirt/39656545/buy,2026-06-26T05:32:19.624356+00:00
Myntra,The Roadster Life Co. Double-Breasted Pure Cotton Embroidered Shirt,"https://assets.myntassets.com/h_720,q_70,w_540/v1/assets/images/2025/DECEMBER/5/elKdorqq_59e3625b03b146a8a3f8e3dab8e45d1d.jpg",Roadster,Apparel,Shirts,948,2499,62,4.4,9788,"XS, S, M, L, XL, XXL",White,Regular Fit,Cotton,Long Sleeves,Self Design,"White conversational self design opaque Casual shirt ,has a spread collar, button placket, long regular sleeves, curved hem Brand Fit: Fit: Regular Fit The model (height 5'8) is wearing a size S 100% Cotton Machine wash Wash care: Machine Wash",InStock,STREAMLINE APPARELS PRIVATE LIMITED,https://www.myntra.com/Shirts/Roadster/The-Roadster-Life-Co-Double-Breasted-Pure-Cotton-Embroidered-Shirt/38361453/buy,2026-06-26T05:32:19.624356+00:00
Myntra,Stylecast X Slyck Striped Pattern Cutaway Collar Extended Sleeves Shirt,"https://assets.myntassets.com/h_720,q_70,w_540/v1/assets/images/2025/JULY/23/hu38zAfv_c19825a3bfd3443db4fe5a9c0c7f18b9.jpg",Stylecast X Slyck,Apparel,Shirts,443,1199,63,4.1,5013,"XS, S, M, L, XL",White,Regular Fit,Polyester,Short Sleeves,Striped,White &amp; Black opaque casual shirt for women Spread collar Button placket Curved hemline Vertical striped Regular length Short sleeves Comfort Regular Fit The model (height 5.8') is wearing a size S Polyester Hand Wash Wash care: Hand Wash,InStock,Shreyash Retail Private Limited,https://www.myntra.com/Shirts/Stylecast+X+Slyck/Stylecast-X-Slyck-Striped-Pattern-Cutaway-Collar-Extended-Sleeves-Shirt/35925273/buy,2026-06-26T05:32:19.624356+00:00
Myntra,The Roadster Life Co. Oversized Fit Self Design Textured Pure Cotton Casual Shirt,"https://assets.myntassets.com/h_720,q_70,w_540/v1/assets/images/2025/SEPTEMBER/5/OIDCzhLl_8bb439890ae146f18a7af4911be854a0.jpg",Roadster,Apparel,Shirts,684,1699,60,4.3,392,"XS, S, M, L, XL",Grey,Oversized,Cotton,Long Sleeves,Self Design,"Grey textured self design opaque casual shirt, has a spread collar, button placket, 1 patch pocket, long regular sleeves, curved hem Fit: Oversized The model (height 5'8) is wearing a size S 100% Cotton&nbsp; Machine Wash Wash care: Machine Wash",InStock,FRACTAL INDUSTRIES LIMITED,https://www.myntra.com/Shirts/Roadster/The-Roadster-Life-Co-Oversized-Fit-Self-Design-Textured-Pure-Cotton-Casual-Shirt/35735028/buy,2026-06-26T05:32:19.624356+00:00
Myntra,HERE&NOW Women White Regular Fit Solid Formal Shirt,"https://assets.myntassets.com/h_720,q_70,w_540/v1/assets/images/7430908/2019/11/28/100f4a19-6998-4fbd-9df2-325ef45bb1c21574923655953-HERENOW-Women-White-Regular-Fit-Solid-Casual-Shirt-108157492-1.jpg",HERE&NOW,Apparel,Shirts,611,1699,64,4,1815,"XS, S, M, L, XL, XXL",White,Regular Fit,Cotton,Long Sleeves,Solid,"White solid casual shirt, has a spread collar, long sleeves, straight hem, The model (height 5'8"") is wearing a size S The cotton shirt from HERE&amp;NOW will keep you warm and stylish in cooler weather. Style yours with dark denims and leather-trimmed accessories for a chic party look. 100% Cotton Machine-wash Wash care: Machine Wash",InStock,Consulting Rooms Pvt Ltd,https://www.myntra.com/Shirts/HERE%26NOW/HERENOW-Women-White-Regular-Fit-Solid-Formal-Shirt/7430908/buy,2026-06-26T05:32:19.624356+00:00
Myntra,Slenor Women Classic Relaxed Fit Solid Cuban Collar Casual Shirt,"https://assets.myntassets.com/h_720,q_70,w_540/v1/assets/images/2025/MARCH/27/El3V6nSy_a83014f815794e90be41e14adb85ea96.jpg",Slenor,Apparel,Shirts,375,1999,81,4.1,714,"XS, M, L, XL",Brown,Relaxed Fit,Polycotton,Long Sleeves,Solid,Brown opaque casual shirt for women Cuban collar Button placket Curved hemline Solid Regular length Long sleeves Relaxed Fit&nbsp; The model (height 5.8') is wearing a size S Polycotton Machine Wash Wash care: Machine Wash,InStock,Slenor Apparels,https://www.myntra.com/Shirts/Slenor/Slenor-Women-Classic-Relaxed-Fit-Solid-Cuban-Collar-Casual-Shirt/33360435/buy,2026-06-26T05:32:19.624356+00:00
Myntra,Tzelynn Embroidered Spread Collar Casual Shirt,"https://assets.myntassets.com/h_720,q_70,w_540/v1/assets/images/2025/DECEMBER/23/MLyYNkws_e71fc9d4cbce4f45809dc83fd5e17bde.jpg",Tzelynn,Apparel,Shirts,589,1699,65,4.3,1818,"S, M, L, XL",Blue,Regular Fit,Viscose Rayon,Long Sleeves,Self Design,"White &amp; blue embroidered regular-fit casual shirt ,has a spread collar, button placket, long sleeves and straight hem The model (height 5'8"") is wearing a S Viscose Rayon Hand Wash Wash care: Hand Wash",InStock,VIVIDH IMPEX,https://www.myntra.com/Shirts/Tzelynn/Tzelynn-Embroidered-Spread-Collar-Casual-Shirt/38872378/buy,2026-06-26T05:32:19.624356+00:00
Myntra,THE FASHION HUB Women Slim Fit Striped Casual Shirt,"https://assets.myntassets.com/h_720,q_70,w_540/v1/assets/images/2026/FEBRUARY/22/UDFb1jxj_b886152a1ee44c4cbdbc31d141de54a3.jpg",THE FASHION HUB,Apparel,Shirts,497,989,50,3.8,179,"S, M, L, XL, XXL, 3XL, 4XL, 5XL",Maroon,Slim Fit,Cotton,Long Sleeves,Striped,"Maroon Vertical Stripes Striped Opaque Casual shirts ,has a Spread Collar, Button Placket, Long Regular Sleeves, Curved hem Brand Fit: Fit: Slim Fit The model (height 5'8) is wearing a size S Gentle Machine Wash Wash care: Machine Wash",InStock,P.P. ENTERPRISES,https://www.myntra.com/Shirts/THE+FASHION+HUB/THE-FASHION-HUB-Women-Slim-Fit-Striped-Casual-Shirt/40236158/buy,2026-06-26T05:32:19.624356+00:00
Myntra,Roadster Women Oversized Casual Shirt,"https://assets.myntassets.com/h_720,q_70,w_540/v1/assets/images/30257319/2024/10/7/a7219db4-330b-49aa-baa6-69e5f2d0c5961728301989658-Womens-Oversize-Long-Sleeve-Johny-Collar-Pue-Cotton-Shirt-57-1.jpg",Roadster,Apparel,Shirts,598,1499,60,4.3,6665,"S, M, L, XL",White,Oversized,Cotton,Long Sleeves,Solid,"White solid opaque Casual shirt ,has a spread collar, button placket, long drop-shoulder sleeves, curved hem Fit: Oversized The model (height 5'8) is wearing a size S 100% Cotton Machine Wash Wash care: Machine Wash",InStock,FRACTAL INDUSTRIES LIMITED,https://www.myntra.com/Shirts/Roadster/Roadster-Women-Oversized-Casual-Shirt/30257319/buy,2026-06-26T05:32:19.624356+00:00
Myntra,The Roadster Life Co. Pure Cotton Classic Casual Shirt,"https://assets.myntassets.com/h_720,q_70,w_540/v1/assets/images/2025/DECEMBER/11/K9qnA8vs_77548cf4639145b2b265714e460dc9c6.jpg",Roadster,Apparel,Shirts,880,2199,60,4.3,2822,"XS, S, M, L, XL, XXL",White,Regular Fit,Cotton,Long Sleeves,Self Design,"White vertical stripes self design opaque Casual shirt, has a spread collar, button placket, long regular sleeves, straight hem Brand Fit: Classic Fit: Regular Fit The model (height 5'8) is wearing a size S 100% Cotton Machine wash Wash care: Machine Wash",InStock,STREAMLINE APPARELS PRIVATE LIMITED,https://www.myntra.com/Shirts/Roadster/The-Roadster-Life-Co-Pure-Cotton-Classic-Casual-Shirt/38248661/buy,2026-06-26T05:32:19.624356+00:00
Myntra,Roadster Women Navy Blue & Maroon Regular Fit Checked Casual Shirt,"https://assets.myntassets.com/h_720,q_70,w_540/v1/assets/images/11987164/2020/7/7/3252c353-32e3-4ccc-9a2d-9101957b4fcb1594113095777-Roadster-Women-Navy-Blue--Pink-Regular-Fit-Checked-Casual-Sh-1.jpg",Roadster,Apparel,Shirts,894,1599,44,4.4,15368,"XS, S, M, L, XL, XXL",Navy Blue,Regular Fit,Viscose Rayon,Long Sleeves,Checked,"Navy Blue and maroon checked casual shirt, has a spread collar, long sleeves, button placket, curved hem, and 1 patch pocket The model (height 5'8"") is wearing a size S This Roadster tee is both flexible and trendy. Pair it with your favourite slim jeans and minimalistic silver jewellery for a cute date outfit. Material: 100% Viscose Rayon Machine Wash Wash care: Machine Wash",InStock,Savadika Retail Private Limited,https://www.myntra.com/Shirts/Roadster/Roadster-Women-Navy-Blue--Maroon-Regular-Fit-Checked-Casual-Shirt/11987164/buy,2026-06-26T05:32:19.624356+00:00
Myntra,The Roadster Lifestyle Co. Women Striped Oversized Pure Cotton Casual Shirt,"https://assets.myntassets.com/h_720,q_70,w_540/v1/assets/images/35141941/2025/7/23/ea1fc634-fc5b-41a1-8ca8-07ea336c1aeb1753249466539-Womens-Oversize-Long-Sleeve-Shirt-6331753249465882-1.jpg",Roadster,Apparel,Shirts,732,1799,59,4.3,1298,"XS, S, M, L, XL",Navy Blue,Oversized,Cotton,Long Sleeves,Striped,"Navy blue vertical stripes striped opaque Casual shirt ,has a spread collar, button placket, long regular sleeves, curved hem Brand Fit: Fit: Oversized The model (height 5'8) is wearing a size S 100% Cotton Machine Wash Wash care: Machine Wash",InStock,FRACTAL INDUSTRIES LIMITED,https://www.myntra.com/Shirts/Roadster/The-Roadster-Lifestyle-Co-Women-Striped-Oversized-Pure-Cotton-Casual-Shirt/35141941/buy,2026-06-26T05:32:19.624356+00:00
Myntra,glitchez Oversized Drop-Shoulder Sleeves Striped Casual Shirt,"https://assets.myntassets.com/h_720,q_70,w_540/v1/assets/images/2026/FEBRUARY/20/vhlfvYcJ_6298fe1ae621422fab0480d403953f3d.jpg",glitchez,Apparel,Shirts,628,1699,63,4.1,187,"XS, S, M, L, XL",Blue,Oversized,"Polyester, Elastane",Long Sleeves,Striped,"Think of this as your sartorial reset button. It's the shirt that says you're busy, but never rushed. By taking the timeless stripes and blowing it up into an oversized, drop-shoulder silhouette, we've traded ""corporate stiffness"" for ""coastal cool."" Color: Blue Neckline: Spread collar Sleeve Styling: Long, drop-shoulder&nbsp; Closure: Button Surface Styling: Tie-up cuff Disclaimer: The model is AI generated. Fit: Oversized The model (height 5'8) is wearing a size S 99% Polyester , 1% Elastane Machine wash Wash care: Machine Wash",InStock,Shreyash Retail Private Limited,https://www.myntra.com/Shirts/glitchez/glitchez-Oversized-Drop-Shoulder-Sleeves-Striped-Casual-Shirt/38889377/buy,2026-06-26T05:32:19.624356+00:00
Myntra,Roadster Women Relaxed Multi Stripes Printed Casual Shirt,"https://assets.myntassets.com/h_720,q_70,w_540/v1/assets/images/2026/MAY/25/lpgLTNi8_47f2d7014eee46c6b45ad8c9db48838e.jpg",Roadster,Apparel,Shirts,738,1999,63,3.9,272,"S, M, L, XL, XXL",Multi,Relaxed Fit,Cotton,Short Sleeves,Printed,"Multicoloured Multi Stripes Printed Opaque Casual shirts ,has a Spread Collar, Button Placket, Short Regular Sleeves, Straight hem Brand Fit: Relaxed Fit: Relaxed Fit The model (height 5'8) is wearing a size S Fabric : Cotton Blend , Machinewash Wash care: Machine Wash",InStock,OEQUAL FASHION,https://www.myntra.com/Shirts/Roadster/Roadster-Women-Relaxed-Multi-Stripes-Printed-Casual-Shirt/42538084/buy,2026-06-26T05:32:19.624356+00:00
Myntra,her by invictus Pleats Detail Flutter Sleeves Casual Shirt,"https://assets.myntassets.com/h_720,q_70,w_540/v1/assets/images/25465610/2024/4/26/8bc4776b-cbf0-46c9-b3ff-34a62e29dff01714129335331-her-by-invictus-Women-Shirts-5171714129332634-1.jpg",her by invictus,Apparel,Shirts,854,1598,47,4.6,372,"S, M, L, XL, XXL",Rust,Regular Fit,Polyester,Short Sleeves,Solid,"Rust solid opaque casual shirt ,has a spread collar, pleated detail, concealed button placket, short flutter sleeves and curved hem The model (height 5'8) is wearing a size S 100% Polyester&nbsp; Machine wash Wash care: Machine Wash",InStock,STREAMLINE APPARELS PRIVATE LIMITED,https://www.myntra.com/Shirts/her+by+invictus/her-by-invictus-Pleats-Detail-Flutter-Sleeves-Casual-Shirt/25465610/buy,2026-06-26T05:32:19.624356+00:00
Myntra,Stylecast X Slyck Vertical Striped Cutaway Collar Regular Shirt,"https://assets.myntassets.com/h_720,q_70,w_540/v1/assets/images/2024/DECEMBER/5/mnUOnnhy_6e31a6f1e75c4b7da25cc0a7a1d47d0f.jpg",Stylecast X Slyck,Apparel,Shirts,455,1199,62,4.1,5013,"XS, S, M, L, XL",Rust,Regular Fit,Polyester,Three-Quarter Sleeves,Printed,"Rust vertical stripes printed opaque Casual shirt ,has a cutaway collar, button placket, na pocket, three-quarter regular sleeves, straight hem Brand Fit: Comfort Fit: Regular Fit The model (height 5'8) is wearing a size S 100 % POLYESTER, Hand Wash Wash care: Hand Wash",InStock,Shreyash Retail Private Limited,https://www.myntra.com/Shirts/Stylecast+X+Slyck/Stylecast-X-Slyck-Vertical-Striped-Cutaway-Collar-Regular-Shirt/31850650/buy,2026-06-26T05:32:19.624356+00:00
Myntra,The Roadster Life Co. Classic Tartan Checked Double-Breasted Twill Weave Casual Shirt,"https://assets.myntassets.com/h_720,q_70,w_540/v1/assets/images/2025/OCTOBER/7/enbC5Ozy_ea469b89d8c148b4a2e7d13098a9b0a4.jpg",Roadster,Apparel,Shirts,894,2199,59,4.4,3870,"XS, S, M, L, XL, XXL",Mauve,Regular Fit,Cotton,Long Sleeves,Checked,"Mauve tartan checks opaque Casual shirt ,has a spread collar, button placket, long regular sleeves, straight hem Brand Fit: Classic Fit: Regular Fit The model (height 5'8) is wearing a size S 100% Cotton Machine wash Wash care: Machine Wash",InStock,STREAMLINE APPARELS PRIVATE LIMITED,https://www.myntra.com/Shirts/Roadster/The-Roadster-Life-Co-Classic-Tartan-Checked-Double-Breasted-Twill-Weave-Casual-Shirt/37157605/buy,2026-06-26T05:32:19.624356+00:00
Myntra,LA'CORE Women Striped Casual Shirt,"https://assets.myntassets.com/h_720,q_70,w_540/v1/assets/images/2025/DECEMBER/29/tyDDe62H_bf269a5ba0ef4dc6aa76b5f0a6499c04.jpg",LA'CORE,Apparel,Shirts,460,1999,77,2.8,211,"S, M, L, XL, XXL",Red,Regular Fit,Viscose Rayon,Long Sleeves,Striped,"Red vertical stripes striped opaque Casual shirt ,has a spread collar, button placket, na pocket, long regular sleeves, curved hem Brand Fit: Fit: Regular Fit The model (height 5'8) is wearing a size S Fabric- Rayon, Machine Wash Wash care: Machine Wash",InStock,MANSI FAB,https://www.myntra.com/Shirts/LA%27CORE/LACORE-Women-Striped-Casual-Shirt/39031850/buy,2026-06-26T05:32:19.624356+00:00
Myntra,The Roadster Lifestyle Co. Women Spread Collar Textured Satin Casual Shirt,"https://assets.myntassets.com/h_720,q_70,w_540/v1/assets/images/31298488/2024/11/28/501d6c60-259d-46ee-b897-b75418531d101732811041900-The-Roadster-Lifestyle-Co-Women-Spread-Collar-Textured-Satin-6.jpg",Roadster,Apparel,Shirts,579,1999,71,4,4358,"XS, S, M, L, XL",Maroon,Regular Fit,Satin,Long Sleeves,Self Design,Maroon opaque casual shirt Spread collar Button placket Long sleeves Curved hemline Regular Fit The model (height 5.8') is wearing a size S Satin Machine Wash Wash care: Machine Wash,InStock,SUNSHINE LIFESTYLE,https://www.myntra.com/Shirts/Roadster/The-Roadster-Lifestyle-Co-Women-Spread-Collar-Textured-Satin-Casual-Shirt/31298488/buy,2026-06-26T05:32:19.624356+00:00
Myntra,Oxolloxo Plus Size Abstract Printed Extended Sleeves High-Low Casual Shirt,"https://assets.myntassets.com/h_720,q_70,w_540/v1/assets/images/23634056/2023/6/14/be91c2e4-a3f3-46dc-86db-64a7e80a09971686750443907Tunics1.jpg",Oxolloxo,Apparel,Shirts,977,1699,42,4.4,491,"XXL, 3XL, 4XL, 5XL, 6XL, 7XL, 8XL, 9XL",Black,Regular Fit,Polyester,Short Sleeves,Printed,"Black and white printed shirt Spread collar Short,extended sleeves High-low hem Button closure The model (height 5'8) is wearing a size 2XL Polyester Machine Wash Wash care: Machine Wash",InStock,KPA APPARELS PRIVATE LIMITED,https://www.myntra.com/Shirts/Oxolloxo/Oxolloxo-Plus-Size-Abstract-Printed-Extended-Sleeves-High-Low-Casual-Shirt/23634056/buy,2026-06-26T05:32:19.624356+00:00
Myntra,Roadster Women Slim Fit Opaque Cotton Casual Shirt,"https://assets.myntassets.com/h_720,q_70,w_540/v1/assets/images/28007494/2024/3/12/92b91fea-1547-4e4c-8698-53367578b2901710245082450-The-Life-Co-Pure-Cotton-Wrap-Style-Casual-Shirt-976171024508-1.jpg",Roadster,Apparel,Shirts,869,1899,54,4.4,9788,"XS, S, M, L, XL, XXL",White,Slim Fit,Cotton,Long Sleeves,Solid,"White solid opaque Casual shirt ,has a spread collar, button placket, long puff sleeves, straight hem Size worn by the model: s Chest: 32"" Height: 5'7"" 100% Cotton Machine Wash Wash care: Machine Wash",InStock,STREAMLINE APPARELS PRIVATE LIMITED,https://www.myntra.com/Shirts/Roadster/Roadster-Women-Slim-Fit-Opaque-Cotton-Casual-Shirt/28007494/buy,2026-06-26T05:32:19.624356+00:00
Myntra,Styli Women Off White Solid Spread Collar Extended Sleeves Cotton Casual Shirt,"https://assets.myntassets.com/h_720,q_70,w_540/v1/assets/images/24207130/2023/7/26/25395a00-fe10-4fa9-8939-4fafdb569d411690365771003CottonRegularFitExtendedShoulderShirt1.jpg",Styli,Apparel,Shirts,799,849,6,4.3,430,"XS, S, M, L, XL, XXL",Off White,Regular Fit,Cotton,Short Sleeves,Solid,"Off white solid opaque casual shirt ,has a spread collar, button placket, 1 patch pocket, short extended sleeves, curved hem Fit: Regular Fit The model (height 5'8) is wearing a size S Cotton&nbsp; Machine Wash Wash care: Machine Wash",InStock,PREMIERE RETAIL TRADING PRIVATE LIMITED,https://www.myntra.com/Shirts/Styli/Styli-Women-Off-White-Solid-Spread-Collar-Extended-Sleeves-Cotton-Casual-Shirt/24207130/buy,2026-06-26T05:32:19.624356+00:00
Myntra,Roadster Women Olive Green Regular Fit Camouflage Printed Casual Shirt,"https://assets.myntassets.com/h_720,q_70,w_540/v1/assets/images/11987118/2020/7/8/cd797c68-a52c-47c7-a428-4a42fce3ec0e1594179134096-Roadster-Women-Olive-Green--Taupe-Regular-Fit-Printed-Casual-1.jpg",Roadster,Apparel,Shirts,743,1699,56,4.4,15368,"XS, S, M, L, XL, XXL",Olive,Regular Fit,Cotton,Long Sleeves,Printed,"Olive Green camouflage printed casual shirt, has a spread collar, long sleeves, button placket, curved hem, and 1 patch pocket The model (height 5'8"") is wearing a size S Look trendy and stay warm all year long with this cotton shirt from Roadster. Pair it with dark wash jeans and canvas shoes for a night out at the movies with your friends. Material: 100% Cotton Machine Wash Wash care: Machine Wash",InStock,STREAMLINE APPARELS PRIVATE LIMITED,https://www.myntra.com/Shirts/Roadster/Roadster-Women-Olive-Green-Regular-Fit-Camouflage-Printed-Casual-Shirt/11987118/buy,2026-06-26T05:32:19.624356+00:00
Myntra,Chemistry Women Opaque Casual Shirt,"https://assets.myntassets.com/h_720,q_70,w_540/v1/assets/images/24310240/2023/8/10/2a00ea36-dc73-42a9-a1ac-dcef3bf9f37d1691644835308-Chemistry-Women-Opaque-Casual-Shirt-9981691644834783-1.jpg",Chemistry,Apparel,Shirts,448,1249,64,4.2,4869,"S, M, L, XL, XXL",Pink,Regular Fit,Polyester,Long Sleeves,Solid,"Pink solid opaque Casual shirt ,has a spread collar, button placket, long regular sleeves, straight hem Brand Fit: New Regular Fit Size worn by the model: S Chest: 31"" Height: 5'6"" Hand Wash As Per tag, 100% Polyester Wash care: Hand Wash",InStock,GG APPARELS,https://www.myntra.com/Shirts/Chemistry/Chemistry-Women-Opaque-Casual-Shirt/24310240/buy,2026-06-26T05:32:19.624356+00:00
Myntra,Maaesa Blue Tie and Dye Shirt,"https://assets.myntassets.com/h_720,q_70,w_540/v1/assets/images/16408298/2021/12/24/7376e900-a3cf-41f0-9d16-079743d84de41640345277523-Maaesa-Women-Tops-871640345277012-1.jpg",Maaesa,Apparel,Shirts,558,1995,72,4.2,8766,"S, M, L, XL, XXL, 3XL",Blue,Relaxed Fit,Viscose Rayon,Long Sleeves,Dyed,"Blue regular shirt&nbsp; Tie and dye dyed Shirt collar, long, cuffed sleeves Knitted Button closure The model (height 5'8) is wearing a size S Viscose Rayon Hand Wash Wash care: Machine Wash",InStock,PINK DECEMBER FASHION PRIVATE LIMITED - SJIT,https://www.myntra.com/Shirts/Maaesa/Maaesa-Blue-Tie-and-Dye-Shirt-/16408298/buy,2026-06-26T05:32:19.624356+00:00
Myntra,Roadster Women Pure Cotton Wrap Style Casual Shirt,"https://assets.myntassets.com/h_720,q_70,w_540/v1/assets/images/29990285/2024/7/5/092009e7-9d94-42cb-bdb3-437b4b0671581720157323417-The-Life-Co-Pure-Cotton-Wrap-Style-Casual-Shirt-306172015732-4.jpg",Roadster,Apparel,Shirts,869,1899,54,4.4,9788,"XS, S, M, L, XL, XXL",Navy Blue,Regular Fit,Cotton,Long Sleeves,Solid,"Navy blue solid opaque wrap style casual shirt, has a spread collar, button placket, long,&nbsp;regular sleeves, straight hem Brand Fit: Classic Regular Fit Size worn by the model: S Chest: 31'' Height: 5'8"" 100% Cotton Machine Wash Wash care: Machine Wash",InStock,STREAMLINE APPARELS PRIVATE LIMITED,https://www.myntra.com/Shirts/Roadster/Roadster-Women-Pure-Cotton-Wrap-Style-Casual-Shirt/29990285/buy,2026-06-26T05:32:19.624356+00:00
Myntra,Tzelynn Women Sheer Printed Casual Shirt,"https://assets.myntassets.com/h_720,q_70,w_540/v1/assets/images/2026/MAY/27/itCId2qF_4603922a4aca4d9ea5bacc07d472d2a6.jpg",Tzelynn,Apparel,Shirts,654,1599,59,4.2,476,"S, M, L, XL",Multi,Relaxed Fit,"Cotton, Viscose Rayon",Long Sleeves,Printed,"Multicoloured Other Checks Printed Sheer Casual shirts ,has a Spread Collar, Button Placket, Long Regular Sleeves, Curved hem Brand Fit: Fit: Relaxed Fit The model (height 5'8) is wearing a size S Wash care: Hand Wash",InStock,VIVIDH IMPEX,https://www.myntra.com/Shirts/Tzelynn/Tzelynn-Women-Sheer-Printed-Casual-Shirt/42641574/buy,2026-06-26T05:32:19.624356+00:00
Myntra,The Roadster Life Co. Cotton Linen Casual Shirt,"https://assets.myntassets.com/h_720,q_70,w_540/v1/assets/images/2026/APRIL/22/l90L19Ih_969dd2e2ed07467c98722235a03f37ce.jpg",Roadster,Apparel,Shirts,479,1499,68,4.2,170,"XS, S, M, L, XL, XXL",Red,Regular Fit,"Linen, Cotton",Long Sleeves,Solid,"Red solid opaque casual shirt, has a spread collar, button placket, long regular sleeves, curved hem Disclaimer: The model is AI generated Fit: Regular Fit The model (height 5'8) is wearing a size S 88% Cotton &amp; 12% Linen Machine wash Wash care: Machine Wash",InStock,Savadika Retail Private Limited,https://www.myntra.com/Shirts/Roadster/The-Roadster-Life-Co-Cotton-Linen-Casual-Shirt/40243795/buy,2026-06-26T05:32:19.624356+00:00
Myntra,Style Quotient Smart Opaque Striped Semi Formal Shirt,"https://assets.myntassets.com/h_720,q_70,w_540/v1/assets/images/22391494/2023/3/17/e4080fa7-4f92-4c4d-84e5-57f72e648ae81679027706423StyleQuotientWomenBlackSmartOpaqueStripedFormalShirt1.jpg",Style Quotient,Apparel,Shirts,584,1499,61,4.3,4201,"S, M, L",Black,Regular Fit,Polyester,Long Sleeves,Striped,"Black vertical striped opaque Formal shirt ,has a spread collar, button placket, long regular sleeves, curved hem Brand Fit: Smart Fit: Regular Fit The model (height 5'8) is wearing a size S Polyester Hand Wash Wash care: Hand Wash",InStock,Savadika Retail Private Limited,https://www.myntra.com/Shirts/Style+Quotient/Style-Quotient-Smart-Opaque-Striped-Semi-Formal-Shirt/22391494/buy,2026-06-26T05:32:19.624356+00:00
Myntra,CORSICA Women Comfort Printed Casual Shirt,"https://assets.myntassets.com/h_720,q_70,w_540/v1/assets/images/2026/MAY/17/hr26mTor_67f36fced5f94156ab39fa9bb27a9689.jpg",CORSICA,Apparel,Shirts,699,2199,68,2.8,9,"S, M, L, XL, XXL",Red,Regular Fit,Satin,Short Sleeves,Printed,"Red Ethnic Motifs Printed Opaque Casual shirts ,has a Spread Collar, Button Placket, Short Regular Sleeves, Curved hem Brand Fit: Comfort Fit: Regular Fit The model (height 5'8) is wearing a size S Machin Wash / Hand Wash Wash care: Hand Wash",InStock,D Brother's,https://www.myntra.com/Shirts/CORSICA/CORSICA-Women-Comfort-Printed-Casual-Shirt/42241312/buy,2026-06-26T05:32:19.624356+00:00
Myntra,STREET 9 Women Pink Sheer Printed Casual Shirt,"https://assets.myntassets.com/h_720,q_70,w_540/v1/assets/images/2026/JUNE/10/Z5kat88J_386cef59061a42908ac56c2270f07094.jpg",STREET 9,Apparel,Shirts,319,1599,80,4.1,6784,"XS, S, M, L, XL",Pink,Regular Fit,Polyester,Three-Quarter Sleeves,Printed,"Pink abstract printed sheer Casual shirt ,has a mandarin collar, button placket, na pocket, three-quarter regular sleeves, curved hem Brand Fit: Fit: Regular Fit The model (height 5'8) is wearing a size S 100% Polyester Machine Wash Wash care: Machine Wash",InStock,STREET NINE FASHIONS PVT LTD,https://www.myntra.com/Shirts/STREET+9/STREET-9-Women-Pink-Sheer-Printed-Casual-Shirt/19475118/buy,2026-06-26T05:32:19.624356+00:00
Myntra,FITHUB Smart Puff Sleeves Formal Shirt,"https://assets.myntassets.com/h_720,q_70,w_540/v1/assets/images/25971284/2023/11/21/95b3119c-c7f8-4291-8e6e-651628ba0da91700575415000FITHUBWomenWhiteSmartOpaqueFormalShirt1.jpg",FITHUB,Apparel,Shirts,790,1699,54,4.4,7737,"S, M, L, XL, XXL, 3XL, 4XL",White,Regular Fit,Cotton,Long Sleeves,Solid,"White solid self design opaque formal shirt, has a mandarin collar, button placket, long regular sleeves, curved hem Brand Fit: Smart Fit: Regular Fit The model (height 5'8) is wearing a size S Cotton Machine Wash Wash care: Machine Wash",InStock,Ambaji Tex Fab,https://www.myntra.com/Shirts/FITHUB/FITHUB-Smart-Puff-Sleeves-Formal-Shirt/25971284/buy,2026-06-26T05:32:19.624356+00:00
Myntra,Tzelynn Floral Printed Pure Cotton Casual Shirt,"https://assets.myntassets.com/h_720,q_70,w_540/v1/assets/images/2026/MAY/9/6pkLWPVY_80de43f9596048119835612361d31382.jpg",Tzelynn,Apparel,Shirts,629,1599,61,4.2,476,"S, M, L, XL",Blue,Relaxed Fit,Cotton,Long Sleeves,Printed,"Blue Floral Printed Opaque Casual shirts ,has a Spread Collar, Button Placket, Long Regular Sleeves, Curved hem Fit: Relaxed Fit The model (height 5'8) is wearing a size S Pure Cotton Hand Wash Wash care: Hand Wash",InStock,VIVIDH IMPEX,https://www.myntra.com/Shirts/Tzelynn/Tzelynn-Floral-Printed-Pure-Cotton-Casual-Shirt/42005494/buy,2026-06-26T05:32:19.624356+00:00
Myntra,The Roadster Lifestyle Co. Women Striped Oversized Pure Cotton Casual Shirt,"https://assets.myntassets.com/h_720,q_70,w_540/v1/assets/images/35141946/2025/7/3/caeb4a7a-7d07-4569-a742-f96e23b3fc3c1751521208912-Womens-Oversize-Long-Sleeve-Shirt-291751521208287-1.jpg",Roadster,Apparel,Shirts,732,1799,59,4.3,1298,"XS, S, M, L, XL",Blue,Oversized,Cotton,Long Sleeves,Striped,"Blue vertical stripes striped opaque Casual shirt ,has a spread collar, button placket, 1 patch pocket, long regular sleeves, curved hem Brand Fit: Fit: Oversized The model (height 5'8) is wearing a size S 100% Cotton Machine wash Wash care: Machine Wash",InStock,FRACTAL INDUSTRIES LIMITED,https://www.myntra.com/Shirts/Roadster/The-Roadster-Lifestyle-Co-Women-Striped-Oversized-Pure-Cotton-Casual-Shirt/35141946/buy,2026-06-26T05:32:19.624356+00:00
Myntra,KALAMIR Relaxed Fit Mandarin Collar Floral Printed Pure Cotton Opaque Shirt,"https://assets.myntassets.com/h_720,q_70,w_540/v1/assets/images/2025/JULY/18/6R4GQ3b0_e0b46c6ee81a48658f5b1fb04b3eee57.jpg",KALAMIR,Apparel,Shirts,701,2330,70,4.4,161,"XS, S, M, L, XL",Cream,Relaxed Fit,Cotton,Three-Quarter Sleeves,Printed,"Cream,black and white floral printed opaque casual shirt ,has a mandarin collar, button placket, no pocket, three-quarter regular sleeves, curved hem Brand Fit: Relaxed Fit: Relaxed Fit The model (height 5'8) is wearing a size S 100% Cotton Machine wash Wash care: Machine Wash",InStock,Beom Commerce Private Limited,https://www.myntra.com/Shirts/KALAMIR/KALAMIR-Relaxed-Fit-Mandarin-Collar-Floral-Printed-Pure-Cotton-Opaque-Shirt/35750577/buy,2026-06-26T05:32:19.624356+00:00
Myntra,Style Quotient Black Smart Regular Fit Formal Shirt,"https://assets.myntassets.com/h_720,q_70,w_540/v1/assets/images/24147546/2023/7/22/211290f2-ba89-4465-86cc-d194a297c7481689969652008StyleQuotientWomenBlackSmartOpaqueFormalShirt1.jpg",Style Quotient,Apparel,Shirts,597,1299,54,4.3,2461,"S, M, L, XL",Black,Regular Fit,Polyester,Three-Quarter Sleeves,Solid,"Black solid opaque Formal shirt, has a spread collar, button placket, long regular sleeves, curved hem Brand Fit: Smart Fit: Regular Fit The model (height 5'8) is wearing a size S Polyester Machine Wash Wash care: Machine Wash",InStock,Savadika Retail Private Limited,https://www.myntra.com/Shirts/Style+Quotient/Style-Quotient-Black-Smart-Regular-Fit-Formal-Shirt/24147546/buy,2026-06-26T05:32:19.624356+00:00
Myntra,The Roadster Lifestyle Co. Striped Oversized Shirt,"https://assets.myntassets.com/h_720,q_70,w_540/v1/assets/images/35018145/2025/7/2/0c1216b2-9e88-4c49-a655-7b3c115a9b201751440705381-Womens-Oversize-Long-Sleeve-Shirt-8161751440704701-1.jpg",Roadster,Apparel,Shirts,599,1799,67,4.4,19139,"S, M, XL",Turquoise Blue,Oversized,Cotton,Long Sleeves,Striped,"Turquiose Blue vertical stripes striped opaque Casual shirt ,has a spread collar, button placket, long regular sleeves, curved hem Brand Fit: Fit: Relaxed Fit The model (height 5'8) is wearing a size S 100% COTTON Machine Wash Wash care: Machine Wash",InStock,FRACTAL INDUSTRIES LIMITED,https://www.myntra.com/Shirts/Roadster/The-Roadster-Lifestyle-Co-Striped-Oversized-Shirt/35018145/buy,2026-06-26T05:32:19.624356+00:00
Myntra,Maaesa Women Tie & Dyed Long Sleeve Casual Loose Fit Shirt,"https://assets.myntassets.com/h_720,q_70,w_540/v1/assets/images/2025/JUNE/21/7cmH63wi_7b0dc181259c4ac78d9efb7ff018a42c.jpg",Maaesa,Apparel,Shirts,699,2497,72,4.2,334,"S, M, L, XL, XXL, 3XL",Blue,Oversized,Viscose Rayon,Long Sleeves,Dyed,"Yellow and blue ombre dyed opaque Casual shirt ,has a spread collar, button placket, long regular sleeves, curved hem Tie &amp; Dyed Regular Fit Spread Collar Casual Shirt For Women Fit: Loose Fit The model (height 5'8) is wearing a size S Viscose Rayon Hand Wash Wash care: Hand Wash",InStock,PINK DECEMBER FASHION PRIVATE LIMITED,https://www.myntra.com/Shirts/Maaesa/Maaesa-Women-Tie--Dyed-Long-Sleeve-Casual-Loose-Fit-Shirt/35097414/buy,2026-06-26T05:32:19.624356+00:00
Myntra,glitchez Vertical Stripes Oversize Shirt,"https://assets.myntassets.com/h_720,q_70,w_540/v1/assets/images/2025/MAY/2/IiacjzqA_a72d1732b6284ca49537980977f21eae.jpg",glitchez,Apparel,Shirts,573,1399,59,4.2,249,"S, M, L, XL",Pink,Oversized,Viscose Rayon,Long Sleeves,Striped,"The Striped Comfy Oversize Shirt combines effortless style with maximum comfort, featuring bold stripes for a laid-back yet chic vibe. Perfect for any casual outing, its relaxed fit makes it a go-to piece for all-day wear. Color: Pink &amp; white Neckline: Spread collar Sleeve Styling: Long, drop-shoulder Oversize The model (height 5'8) is wearing a size XS 100% Viscose Machine wash Wash care: Machine Wash",InStock,Shreyash Retail Private Limited,https://www.myntra.com/Shirts/glitchez/glitchez-Vertical-Stripes-Oversize-Shirt/32562127/buy,2026-06-26T05:32:19.624356+00:00
Myntra,J Turritopsis Women Comfort Casual Shirt,"https://assets.myntassets.com/h_720,q_70,w_540/v1/assets/images/2026/JANUARY/15/FGKCiQYa_fda06726043540a5a1c7277ae6ff512c.jpg",J Turritopsis,Apparel,Shirts,358,999,64,4.5,34,"S, M, L, XL, XXL",Olive,Regular Fit,Crepe,Short Sleeves,Solid,"Olive Green Solid Opaque Casual shirts ,has a Spread Collar, Button Placket, Short Regular Sleeves, Curved hem Brand Fit: Comfort Fit: Regular Fit The model (height 5'8) is wearing a size S Hand wash in cold water or machine wash on a gentle cycle. Wash care: Hand Wash",InStock,J TURRITOPSIS,https://www.myntra.com/Shirts/J+Turritopsis/J-Turritopsis-Women-Comfort-Casual-Shirt/39390329/buy,2026-06-26T05:32:19.624356+00:00
Myntra,Style Quotient Women Standard Striped Casual Shirt,"https://assets.myntassets.com/h_720,q_70,w_540/v1/assets/images/2025/DECEMBER/24/HaplV4fW_24d58e2e8a314a9da9a4b48c52581ff7.jpg",Style Quotient,Apparel,Shirts,655,1199,45,4.1,18,"S, M, L, XL",Pink,Regular Fit,Polyester,Short Sleeves,Striped,"Pink vertical stripes striped opaque Casual shirt ,has a spread collar, button placket, na pocket, short regular sleeves, curved hem Brand Fit: Standard Fit: Regular Fit The model (height 5'8) is wearing a size S Machine Wash Wash care: Machine Wash",InStock,KRISLON SYNTHETICS PVT LTD,https://www.myntra.com/Shirts/Style+Quotient/Style-Quotient-Women-Standard-Striped-Casual-Shirt/38916837/buy,2026-06-26T05:32:19.624356+00:00
Myntra,Style Quotient Women Yellow Solid Classic Cotton Formal Shirt,"https://assets.myntassets.com/h_720,q_70,w_540/v1/assets/images/19761196/2022/9/2/46bb4192-c994-419e-8996-3d222043639b1662106894506StyleQuotientWomenYellowClassicFormalShirt1.jpg",Style Quotient,Apparel,Shirts,569,1499,62,4.3,25053,"XS, S, M, L, XL",Yellow,Regular Fit,Cotton,Long Sleeves,Solid,"Yellow solid opaque Formal shirt ,has a spread collar, button placket, na pocket, long regular sleeves, curved hem Brand Fit: Classic Fit: Regular Fit The model (height 5'8) is wearing a size S COTTON HAND WASH Wash care: Hand Wash",InStock,Savadika Retail Private Limited,https://www.myntra.com/Shirts/Style+Quotient/Style-Quotient-Women-Yellow-Solid-Classic-Cotton-Formal-Shirt/19761196/buy,2026-06-26T05:32:19.624356+00:00
Myntra,The Roadster Life Co. Solid Cotton Casual Shirt With Side Ruched Tie-up Detail,"https://assets.myntassets.com/h_720,q_70,w_540/v1/assets/images/23491400/2023/7/5/b7c39d5d-adaa-48e5-8926-d17f2bb3cd2a1688552956028-Roadster-Women-Shirts-621688552955548-1.jpg",Roadster,Apparel,Shirts,869,1799,52,4.4,2051,"XS, S, M, L, XL, XXL",White,Regular Fit,Cotton,Long Sleeves,Solid,"White solid Casual shirt ,has a spread collar, button placket, long regular sleeves, curved hem, and side ruched tie-up detail Fit: Regular Fit The model (height 5'8) is wearing a size S Cotton Machine wash Wash care: Machine Wash",InStock,Savadika Retail Private Limited,https://www.myntra.com/Shirts/Roadster/The-Roadster-Life-Co-Solid--Cotton-Casual-Shirt-With-Side-Ruched-Tie-up-Detail/23491400/buy,2026-06-26T05:32:19.624356+00:00
Myntra,Mast & Harbour Cherry Red Chest Pocket Detailed Pure Cotton Shirt,"https://assets.myntassets.com/h_720,q_70,w_540/v1/assets/images/29893650/2024/8/6/55aaa16f-8d5c-4ca7-b080-c30ff09d9f861722924612952-Mast--Harbour-Cherry-Red-Chest-Pocket-Detailed-Pure-Cotton-S-4.jpg",Mast & Harbour,Apparel,Shirts,539,1499,64,4.1,635,"XS, S, M, L, XL",Red,Regular Fit,Cotton,Long Sleeves,Solid,"Cherry Red Solid Shirt, has a spread collar, long cuffed sleeves, 2 chest pockets on both the sides, curved hem The model (height 5""8') is wearing a size S 100% Cotton&nbsp; Machine-wash Wash care: Machine Wash",InStock,Sane Retails Private Limited,https://www.myntra.com/Shirts/Mast+%26+Harbour/Mast--Harbour-Cherry-Red-Chest-Pocket-Detailed-Pure-Cotton-Shirt/29893650/buy,2026-06-26T05:32:19.624356+00:00
Myntra,Outzidr Women Boxy Fit Casual Shirt,"https://assets.myntassets.com/h_720,q_70,w_540/v1/assets/images/2025/JULY/16/yb3ixhki_a0b14e65c87b4b12a6a1ca71dc29d476.jpg",Outzidr,Apparel,Shirts,743,749,1,4.3,593,"XS, S, M, L, XL",Blue,Boxy,Cotton,Short Sleeves,Solid,"Blue vertical stripes solid opaque Casual shirt ,has a spread collar, button placket, na pocket, short regular sleeves, straight hem Brand Fit: Fit: Boxy&nbsp;Fit The model (height 5'8) is wearing a size S Machine wash Wash care: Machine Wash",InStock,INATI LIFESTYLE PRIVATE LIMITED,https://www.myntra.com/Shirts/Outzidr/Outzidr-Women-Boxy-Fit-Casual-Shirt/35704432/buy,2026-06-26T05:32:19.624356+00:00
Myntra,The Souled Store Women Regular Fit Striped White Fitted Shirts,"https://assets.myntassets.com/h_720,q_70,w_540/v1/assets/images/2026/MAY/25/8odkMZma_a1d63e9c472f48f585acdfd5110693ad.jpg",The Souled Store,Apparel,Shirts,1199,1299,8,4.6,181,"XXS, XS, S, M, L, XL, XXL",White,Regular Fit,Cotton,Long Sleeves,Striped,"White Vertical Stripes Striped Opaque Formal shirts ,has a Spread Collar, Button Placket, Long Regular Sleeves, Curved hem Brand Fit: Fit: Regular Fit The model (height 5'8) is wearing a size S Add a touch of sophistication to your wardrobe with this womens striped cotton shirt. Its breathable fabric and classic design make it ideal for office wear or casual outings. 100% Cotton, machine-wash Wash care: Machine Wash",InStock,THE SOULED STORE PVT. LTD.,https://www.myntra.com/Shirts/The+Souled+Store/The-Souled-Store-Women-Regular-Fit-Striped-White-Fitted-Shirts/39932245/buy,2026-06-26T05:32:19.624356+00:00
Myntra,all about you Women Comfort Slim Fit Formal Shirt,"https://assets.myntassets.com/h_720,q_70,w_540/v1/assets/images/2026/JANUARY/11/4kWj6pmM_9139e38d455745eb8b4e4c5f753bde2a.jpg",all about you,Apparel,Shirts,689,1299,47,3.7,109,"S, M, L, XL",White,Slim Fit,Cotton,Long Sleeves,Solid,"White solid opaque Formal shirt ,has a spread collar, button placket, na pocket, long roll-up sleeves, curved hem Brand Fit: Comfort Fit: Slim Fit The model (height 5'8) is wearing a size S Machine Wash Wash care: Machine Wash",InStock,LORD SHIVA ENTERPRISES,https://www.myntra.com/Shirts/all+about+you/all-about-you-Women-Comfort-Slim-Fit-Formal-Shirt/39328922/buy,2026-06-26T05:32:19.624356+00:00
Myntra,BHADRIYAA Women Relaxed Casual Shirt,"https://assets.myntassets.com/h_720,q_70,w_540/v1/assets/images/2026/MAY/4/mlu1ZGaM_8fef07cf84b74977a9ebf3cc8cf226f2.jpg",BHADRIYAA,Apparel,Shirts,454,2199,79,3.4,13,"S/M, M/L, L/XL",Green,Regular Fit,Cotton,Long Sleeves,Solid,"Green Solid Opaque Casual shirts ,has a Spread Collar, Button Placket, 1 Patch pocket, Long Roll-Up Sleeves, Curved hem Brand Fit: Relaxed Fit: Regular Fit The model (height 5'8) is wearing a size S white oversized cotton shirt for women Regular Machine Wash Wash care: Machine Wash",InStock,SHAGUN CREATIONS,https://www.myntra.com/Shirts/BHADRIYAA/BHADRIYAA-Women-Relaxed-Casual-Shirt/41836419/buy,2026-06-26T05:32:19.624356+00:00
Myntra,Funday Fashion Boxy Fit Spread Collar Long Sleeves Casual Shirt,"https://assets.myntassets.com/h_720,q_70,w_540/v1/assets/images/22575624/2023/3/30/513113aa-24ba-4482-8ebe-eb205955ad031680117230702FundayFashionWomenBlackBoxyOpaqueCasualShirt1.jpg",Funday Fashion,Apparel,Shirts,405,1599,75,4.3,1889,"S, L, XL",Black,Boxy,Viscose Rayon,Long Sleeves,Solid,"Black solid opaque casual shirt, has a spread collar, button placket, sleeveless long roll-up sleeves, straight hem Fit: Boxy The model (height 5'8) is wearing a size S Viscose Rayon Hand Wash Wash care: Machine Wash",InStock,SYS ONLINE STORE,https://www.myntra.com/Shirts/Funday+Fashion/Funday-Fashion-Boxy-Fit-Spread-Collar-Long-Sleeves-Casual-Shirt/22575624/buy,2026-06-26T05:32:19.624356+00:00
Myntra,ONLY Women Opaque Casual Shirt,"https://assets.myntassets.com/h_720,q_70,w_540/v1/assets/images/2025/FEBRUARY/28/qfkILTed_ecae71b94d3e407aa28a8f8d0916ae5c.jpg",ONLY,Apparel,Shirts,1225,3499,65,4.5,22,"M, L, XL, XXL",White,Regular Fit,Cotton,Long Sleeves,Self Design,"White ethnic motifs self design opaque Casual shirt ,has a collarless, button placket, na pocket, long puff sleeves, curved hem Brand Fit: Fit: Regular Fit The model (height 5'8) is wearing a size S 100% Cotton ,Machine Wash Wash care: Machine Wash",InStock,ONLY RETAIL PVT LTD,https://www.myntra.com/Shirts/ONLY/ONLY-Women-Opaque-Casual-Shirt/32991633/buy,2026-06-26T05:32:19.624356+00:00
Myntra,The Roadster Lifestyle Co. Women Cuban Collar Vertical Striped Cotton Boxy Casual Shirt,"https://assets.myntassets.com/h_720,q_70,w_540/v1/assets/images/2024/SEPTEMBER/17/4j0E1s3p_55f7c70b17db41bd9884527778e6cd33.jpg",Roadster,Apparel,Shirts,606,2099,71,4.4,6873,"XS, S, M, L, XL, XXL",Black,Boxy,Cotton,Short Sleeves,Striped,Black opaque casual shirt Cuban collar Button placket Straight hemline Boxy The model (height 5.8') is wearing a size S Cotton Hand Wash Wash care: Hand Wash,InStock,Savadika Retail Private Limited,https://www.myntra.com/Shirts/Roadster/The-Roadster-Lifestyle-Co-Women-Cuban-Collar-Vertical-Striped-Cotton-Boxy-Casual-Shirt/31012271/buy,2026-06-26T05:32:19.624356+00:00
Myntra,Style Quotient Women Smart Opaque Formal Shirt,"https://assets.myntassets.com/h_720,q_70,w_540/v1/assets/images/2024/OCTOBER/17/istWZkll_1c48000f81b047cdbeab827dea577885.jpg",Style Quotient,Apparel,Shirts,597,1299,54,4.3,2461,"S, M, L, XL",Grey,Regular Fit,Polyester,Three-Quarter Sleeves,Solid,"Grey solid opaque Formal shirt ,has a spread collar, button placket, na pocket, three-quarter regular sleeves, curved hem Brand Fit: Smart Fit: Regular Fit The model (height 5'8) is wearing a size S Machine Wash Wash care: Machine Wash",InStock,Savadika Retail Private Limited,https://www.myntra.com/Shirts/Style+Quotient/Style-Quotient-Women-Smart-Opaque-Formal-Shirt/31334900/buy,2026-06-26T05:32:19.624356+00:00
Myntra,French Connection Vertical Striped Casual Shirt,"https://assets.myntassets.com/h_720,q_70,w_540/v1/assets/images/2026/MAY/13/zvMn9PB5_19d4c59ad093413587c642aeb98a9a8c.jpg",French Connection,Apparel,Shirts,804,2299,65,4,25,"XS, S, M, L, XL",Beige,Regular Fit,Cotton,Long Sleeves,Striped,"Beige vertical striped Opaque Casual shirt, has a mandarin Collar, Button Placket, Long Regular Sleeves, curved hem Disclaimer: The model is AI generated Fit: Regular Fit The model (height 5'8) is wearing a size S 54% Polyester &amp; 46% Cotton Machine Wash Wash care: Machine Wash",InStock,Sane Retails Private Limited,https://www.myntra.com/Shirts/French+Connection/French-Connection-Vertical-Striped-Casual-Shirt/40659843/buy,2026-06-26T05:32:19.624356+00:00
Myntra,Lavozia Women Floral Embroidered Linen Blend Casual Shirts,"https://assets.myntassets.com/h_720,q_70,w_540/v1/assets/images/2026/MARCH/10/IVcWMh8f_3a1781dfca66476bafdefe845de03608.jpg",Lavozia,Apparel,Shirts,497,1699,71,4.3,381,"XS, S, M, L, XL, XXL",Beige,Regular Fit,Cotton,Short Sleeves,Self Design,"Beige Solid Opaque Casual shirts ,has a Cuban Collar, Button Placket, Short Regular Sleeves, Straight hem Brand Fit: Fit: Regular Fit The model (height 5'8) is wearing a size S Pair this embroidered shirt with high-waist blue jeans and sneakers for a relaxed daytime look, or style it with wide-leg trousers and flats for a chic casual outfit. 100% CottonMachine Wash Wash care: Machine Wash",InStock,S.S TEXTILES,https://www.myntra.com/Shirts/Lavozia/Lavozia-Women-Floral-Embroidered-Linen-Blend-Casual-Shirts/40578755/buy,2026-06-26T05:32:19.624356+00:00
Myntra,Style Quotient Women Classic Formal Shirt,"https://assets.myntassets.com/h_720,q_70,w_540/v1/assets/images/19761192/2022/9/2/c8d23350-c45e-431f-9daf-8cca5d4ec77c1662106042547StyleQuotientWomenBlueClassicFormalShirt1.jpg",Style Quotient,Apparel,Shirts,614,1499,59,4.3,25053,"XS, S, M, L, XL",Blue,Regular Fit,Cotton,Long Sleeves,Solid,"Blue solid opaque Formal shirt ,has a spread collar, button placket, na pocket, long regular sleeves, curved hem Brand Fit: Classic Fit: Regular Fit The model (height 5'8) is wearing a size S COTTON HAND WASH Wash care: Hand Wash",InStock,Savadika Retail Private Limited,https://www.myntra.com/Shirts/Style+Quotient/Style-Quotient-Women-Classic-Formal-Shirt/19761192/buy,2026-06-26T05:32:19.624356+00:00
Myntra,Funday Fashion Women Solid Casual Denim Shirt,"https://assets.myntassets.com/h_720,q_70,w_540/v1/assets/images/2026/APRIL/22/YeUqydhZ_59586c17e624433dbf00cc1a3868fb8f.jpg",Funday Fashion,Apparel,Shirts,809,1499,46,4.1,37,"XL, XXL, 3XL",Blue,Oversized,Denim,Long Sleeves,Solid,"Blue Solid Opaque Casual shirts ,has a Spread Collar, Button Placket, Long Roll-Up Sleeves, Curved hem Brand Fit: Fit: Oversized The model (height 5'8) is wearing a size S Denim Hand Wash Wash care: Hand Wash",InStock,SYS ONLINE STORE,https://www.myntra.com/Shirts/Funday+Fashion/Funday-Fashion-Women-Solid-Casual-Denim-Shirt/41558730/buy,2026-06-26T05:32:19.624356+00:00
Myntra,bebe Green Cutout Lace Long Sleeve Shirt,"https://assets.myntassets.com/h_720,q_70,w_540/v1/assets/images/2025/MAY/7/8ot1ZY66_c629187b6b684069b82d8a7b02bd9afa.jpg",bebe,Apparel,Shirts,1049,2499,58,3.9,324,"M, L, XL, XXL",Green,Relaxed Fit,Other,Long Sleeves,Solid,"Green other checks solid opaque Casual shirt ,has a spread collar, button placket, na pocket, long regular sleeves, curved hem Brand Fit: Fit: Relaxed Fit The model (height 5'8) is wearing a size S Machine Wash Wash care: Machine Wash",InStock,Adilaxmi E-commerce Private Limited,https://www.myntra.com/Shirts/bebe/bebe-Green-Cutout-Lace-Long-Sleeve-Shirt/33979500/buy,2026-06-26T05:32:19.624356+00:00
Myntra,Funday Fashion Spread Collar Casual Shirt,"https://assets.myntassets.com/h_720,q_70,w_540/v1/assets/images/22575150/2023/3/30/20b90ca0-12be-4d5c-a34b-313099e46a9f1680152929752Shirts1.jpg",Funday Fashion,Apparel,Shirts,390,1499,74,4.2,2892,"XS, S, M, L",Burgundy,Regular Fit,Viscose Rayon,Sleeveless,Solid,"Burgundy solid opaque casual shirt ,has a spread collar, button placket, sleeveless, curved hem Brand Fit: Fit: Regular Fit The model (height 5'8) is wearing a size S Viscose Rayon Machine Wash Wash care: Machine Wash",InStock,SYS ONLINE STORE,https://www.myntra.com/Shirts/Funday+Fashion/Funday-Fashion-Spread-Collar-Casual-Shirt/22575150/buy,2026-06-26T05:32:19.624356+00:00
Myntra,PURYS Women Classic Animal Printed Casual Shirt,"https://assets.myntassets.com/h_720,q_70,w_540/v1/assets/images/2025/NOVEMBER/1/etGCKh8z_d19afa6c04e0403597aad74db0695868.jpg",PURYS,Apparel,Shirts,899,1999,55,4.4,104,"S, M, L, XL, XXL",Olive,Regular Fit,Satin,Long Sleeves,Printed,"Olive green animal printed opaque Casual shirt ,has a spread collar, button placket, na pocket, long regular sleeves, curved hem Brand Fit: Classic Fit: Regular Fit The model (height 5'8) is wearing a size S This abstract satin blouse is a standout piece that pairs effortlessly with black pencil skirts, tailored trousers, or leather pants for a sleek, fashion-forward look. The reptile-inspired print adds depth and texture, making it ideal for minimalist styling with bold accessories. Chiffon Satin Machine Wash Wash care: Machine Wash",InStock,PURYS ENTERPRISES PRIVATE LIMITED,https://www.myntra.com/Shirts/PURYS/PURYS-Women-Classic-Animal-Printed-Casual-Shirt/37710103/buy,2026-06-26T05:32:19.624356+00:00
Myntra,glitchez Women Striped Casual Shirt,"https://assets.myntassets.com/h_720,q_70,w_540/v1/assets/images/2026/APRIL/7/QluWxFhU_a2eef9299dcb475e936115a9bdd30c0f.jpg",glitchez,Apparel,Shirts,600,1999,70,3,22,"XS, S, M, L",White,Slim Fit,Polyester,Short Sleeves,Striped,"White Vertical Stripes Striped Opaque Casual shirts ,has a Spread Collar, , Short, Straight hem Brand Fit: Slim Fit The model (height 5'8) is wearing a size S Wash care: Machine Wash",InStock,AAHWAN ENTERPRISE,https://www.myntra.com/Shirts/glitchez/glitchez-Women-Striped-Casual-Shirt/41205667/buy,2026-06-26T05:32:19.624356+00:00
Myntra,Allen Solly Woman Geometric Printed Tie-Ups Casual Shirt,"https://assets.myntassets.com/h_720,q_70,w_540/v1/assets/images/25259790/2023/10/17/203275fe-7e24-4fbc-8eb5-ecb4e59dc3481697533726263-Allen-Solly-Woman-Women-Shirts-9361697533725917-1.jpg",Allen Solly Woman,Apparel,Shirts,1199,1999,40,4.5,151,"XS, S, M, L, XL, XXL",Peach,Regular Fit,Polyester,Long Sleeves,Printed,"Peach-coloured geometric printed opaque Casual shirt ,has a spread collar, button placket, long regular sleeves, curved hem Regular Fit Size worn by the model: S Chest: 34"" Height: 5'6"" 100% Polyester Machine Wash Wash care: Machine Wash",InStock,Westbury Holdings Pvt Ltd_Madura,https://www.myntra.com/Shirts/Allen+Solly+Woman/Allen-Solly-Woman-Geometric-Printed-Tie-Ups-Casual-Shirt/25259790/buy,2026-06-26T05:32:19.624356+00:00
Myntra,The Roadster Lifestyle Co. Women Textured Spread Collar Casual Shirt,"https://assets.myntassets.com/h_720,q_70,w_540/v1/assets/images/2025/JUNE/14/bgeUOJxB_fb5ee22f468e44148d6e309f9d2feef8.jpg",Roadster,Apparel,Shirts,599,2199,73,4.2,7009,"XS, S, M, L, XL",Purple,Regular Fit,Polyester,Long Sleeves,Textured,"Purple opaque casual shirt for women Spread collar Button placket Curved hemline Textured Regular length Long, Drop-shoulder sleeves Regular Fit The model (height 5.8') is wearing a size S Polyester Machine Wash Wash care: Machine Wash",InStock,SUNSHINE LIFESTYLE,https://www.myntra.com/Shirts/Roadster/The-Roadster-Lifestyle-Co-Women-Textured-Spread-Collar-Casual-Shirt/34933575/buy,2026-06-26T05:32:19.624356+00:00
Myntra,Style Quotient Smart Spread Collar Formal Shirt,"https://assets.myntassets.com/h_720,q_70,w_540/v1/assets/images/22748178/2023/4/13/5bf855e8-02b1-4d6c-9364-31540ad5ac9f1681333223609StyleQuotientsWomenSolidWhiteSatinFormalShirt1.jpg",Style Quotient,Apparel,Shirts,655,1299,50,4.3,2928,"S, M, L, XL",White,Regular Fit,Polyester,Long Sleeves,Solid,"White solid opaque formal shirt ,has a mandarin collar, button placket, long regular sleeves, curved hem Brand Fit: Smart Fit: Regular Fit The model (height 5'8) is wearing a size S Polyester Hand Wash Wash care: Hand Wash",InStock,KRISLON SYNTHETICS PVT LTD,https://www.myntra.com/Shirts/Style+Quotient/Style-Quotient-Smart-Spread-Collar-Formal-Shirt/22748178/buy,2026-06-26T05:32:19.624356+00:00
Myntra,Lahaba Women Casual Shirt,"https://assets.myntassets.com/h_720,q_70,w_540/v1/assets/images/2026/JUNE/2/2cegGM0D_344b32652b9c4f05bfcae070984c98a0.jpg",Lahaba,Apparel,Shirts,388,999,61,3.5,10,"XS, S, M, L, XL, XXL",Brown,Regular Fit,Cotton,Long Sleeves,Textured,"Brown Textured Opaque Casual shirts ,has a Spread Collar, Button Placket, Long Regular Sleeves, Curved hem Brand Fit: Fit: Regular Fit The model (height 5'8) is wearing a size S Style this classic Brown shirt with blue denim jeans and minimal gold accessories for a timeless casual look. You can also tuck it into tailored trousers or a skirt for a smart semi-formal outfit perfect for brunches, meetings, or casual evenings. Machine Wash Wash care: Machine Wash",InStock,A K GARMENTS,https://www.myntra.com/Shirts/Lahaba/Lahaba-Women-Casual-Shirt/42761255/buy,2026-06-26T05:32:19.624356+00:00
Myntra,Nautica Vertical Striped Relaxed Fit Pure Cotton Casual Shirt,"https://assets.myntassets.com/h_720,q_70,w_540/v1/assets/images/2026/APRIL/14/2Kc8HjK8_8f9c0bdbfb6a4d0aa2174df736bba0fa.jpg",Nautica,Apparel,Shirts,1151,1799,36,4.6,32,"XS, S, M, L, XL",Navy Blue,Relaxed Fit,Cotton,Short Sleeves,Striped,"Navy Blue Vertical Striped Opaque Casual shirt, has a Spread Collar, Button Placket, 2 Patch pocket, Short Extended Sleeves, Curved hem Disclaimer: The model is AI generated Fit: Relaxed Fit The model (height 5'8) is wearing a size S 100% Cotton Machine Wash Wash care: Machine Wash",InStock,Savadika Retail Private Limited,https://www.myntra.com/Shirts/Nautica/Nautica-Vertical-Striped-Relaxed-Fit-Pure-Cotton-Casual-Shirt/40471554/buy,2026-06-26T05:32:19.624356+00:00
Myntra,Phosphorus Oversized Checked Casual Shirt,"https://assets.myntassets.com/h_720,q_70,w_540/v1/assets/images/2026/MAY/21/x0Pe9BfH_0e4585ea2c574bcd87ddd29b97d23e25.jpg",Phosphorus,Apparel,Shirts,979,2799,65,4.6,23,"XS, S, M, L, XL",Pink,Oversized,"Cotton, Polyester",Long Sleeves,Checked,"Pink and white checked opaque casual shirt ,has a spread collar, button placket, long regular sleeves, curved hem Disclaimer: The model is AI generated. Brand Fit: Fit: Oversized The model (height 5'6) is wearing a size S 57% polyester, 43% cotton Machine wash Wash care: Machine Wash",InStock,Shreyash Retail Private Limited,https://www.myntra.com/Shirts/Phosphorus/Phosphorus-Oversized-Checked-Casual-Shirt/38265132/buy,2026-06-26T05:32:19.624356+00:00
Myntra,Zyla Women Standard Casual Shirt,"https://assets.myntassets.com/h_720,q_70,w_540/v1/assets/images/2025/NOVEMBER/28/nBdK7aDz_047c61a646a94143a1da0f192ce9f668.jpg",Zyla,Apparel,Shirts,414,2199,81,3.9,446,"S, M, L",Green,Regular Fit,Cotton,Long Sleeves,Textured,"Green textured opaque Casual shirt ,has a spread collar, button placket, 1 patch pocket, long roll-up sleeves, curved hem Brand Fit: Standard Fit: Regular Fit The model (height 5'8) is wearing a size S Black oversized cotton shirt for women Regular Machine Wash Wash care: Machine Wash",InStock,SHAGUN CREATIONS,https://www.myntra.com/Shirts/Zyla/Zyla-Women-Standard-Casual-Shirt/38272921/buy,2026-06-26T05:32:19.624356+00:00
Myntra,glitchez Crinkled Boxy Shirt,"https://assets.myntassets.com/h_720,q_70,w_540/v1/assets/images/2025/DECEMBER/12/HptN5ZYB_153697c7e05549d2b5833122cf5756e9.jpg",glitchez,Apparel,Shirts,669,999,33,4.2,987,"XS, S, M, L, XL",Fuchsia,Boxy,Cotton,Long Sleeves,Solid,"This Barbiecore Shirt is your ticket to living life in pink! This ain't your childhood toy box - it's a fashion statement fit for a modern boss babe. Color: Bright Pink Neckline: Spread Collar Sleeve Styling: Cuffed Closure:Button Pocket Type : 1 Chest Pocket The model (height 5'8"") is wearing a size S 100% cotton Machine wash Wash care: Machine Wash",InStock,Shreyash Retail Private Limited,https://www.myntra.com/Shirts/glitchez/glitchez-Crinkled-Boxy-Shirt/31568412/buy,2026-06-26T05:32:19.624356+00:00
Myntra,max Women Opaque Casual Shirt,"https://assets.myntassets.com/h_720,q_70,w_540/v1/assets/images/2025/MARCH/11/oAmHubS4_22753962c8f94fdbbce8a2261323de0a.jpg",max,Apparel,Shirts,799,999,20,4.6,199,"XS, M, L, XL, XXL",Blue,Regular Fit,Cotton,Long Sleeves,Solid,"Blue solid opaque Casual shirt ,has a spread collar, button placket, long roll-up sleeves, curved hem Brand Fit: Fit: Regular Fit The model (height 5'8) is wearing a size S 100% COTTON Wash care: Machine Wash",InStock,Landmark Online India Pvt Ltd,https://www.myntra.com/Shirts/max/max-Women-Opaque-Casual-Shirt/33139750/buy,2026-06-26T05:32:19.624356+00:00
Myntra,all about you Ethnic Printed Full Puff-Sleeves Casual Shirt,"https://assets.myntassets.com/h_720,q_70,w_540/v1/assets/images/21144710/2023/4/14/0c2a4e54-4c24-42d5-9d60-58bff7e2053f1681457074918-all-about-you-Women-Shirts-6591681457074380-1.jpg",all about you,Apparel,Shirts,447,1399,68,4.4,1246,"S, M, L, XL, XXL",Brown,Regular Fit,Polyester,Long Sleeves,Printed,"The brown and beige ethnic printed casual shirt for women, has a spread collar, long puff sleeves, regular length, curved hem, and regular fit. Size worn by the model: S Chest: 30'' Height: 5'6"" 100% Polyester&nbsp; Machine Wash Wash care: Machine Wash",InStock,Konde Products & Services Private Limited,https://www.myntra.com/Shirts/all+about+you/all-about-you-Ethnic-Printed-Full-Puff-Sleeves-Casual-Shirt/21144710/buy,2026-06-26T05:32:19.624356+00:00
Myntra,The Roadster Life Co. Pure Cotton Chambray Casual Shirt,"https://assets.myntassets.com/h_720,q_70,w_540/v1/assets/images/2025/NOVEMBER/12/9dQaB2hB_e52bf0c570ea43c9aa886cf45464468e.jpg",Roadster,Apparel,Shirts,720,1999,64,4.3,2401,"XS, S, M, L, XL",Blue,Regular Fit,Cotton,Long Sleeves,Faded,"Blue washed effect opaque casual shirt, has a spread collar, zip closure, 2 flap pockets, long roll-up sleeves, curved hem Fit: Regular Fit The model (height 5'8) is wearing a size S 100% Cotton Machine wash Wash care: Machine Wash",InStock,FRACTAL INDUSTRIES LIMITED,https://www.myntra.com/Shirts/Roadster/The-Roadster-Life-Co-Pure-Cotton-Chambray-Casual-Shirt/37139803/buy,2026-06-26T05:32:19.624356+00:00
Myntra,Molly & Michel Women Comfort Slim Fit Casual Shirt,"https://assets.myntassets.com/h_720,q_70,w_540/v1/assets/images/2025/DECEMBER/11/LaIcFtgJ_2c78c93b571142d8bd3d7b8b0f4c76e2.jpg",Molly & Michel,Apparel,Shirts,495,1699,71,4.1,11,"S, M, L, XL",Yellow,Slim Fit,Cotton,Long Sleeves,Solid,"Yellow solid opaque Casual shirt ,has a spread collar, button placket, na pocket, long regular sleeves, curved hem Brand Fit: Comfort Fit: Slim Fit The model (height 5'8) is wearing a size S Machine Wash Wash care: Machine Wash",InStock,SHAGUN ENTERPRISES,https://www.myntra.com/Shirts/Molly+%26+Michel/Molly--Michel-Women-Comfort-Slim-Fit-Casual-Shirt/38559407/buy,2026-06-26T05:32:19.624356+00:00
Myntra,Style Quotient Smart Spread Collar Formal Shirt,"https://assets.myntassets.com/h_720,q_70,w_540/v1/assets/images/22748182/2023/4/13/1c1f853b-8d7b-4648-b4a2-fd3e9b3e6b1a1681333219349StyleQuotientsWomenSolidBlueChambrayFormalShirt1.jpg",Style Quotient,Apparel,Shirts,659,1499,56,4.4,2525,"M, L, XL",Blue,Regular Fit,Polyester,Long Sleeves,Solid,"Blue solid opaque formal shirt ,has a spread collar, button placket, long regular sleeves, curved hem Brand Fit: Smart Fit: Regular Fit The model (height 5'8) is wearing a size S Polyester Hand Wash Wash care: Hand Wash",InStock,Savadika Retail Private Limited,https://www.myntra.com/Shirts/Style+Quotient/Style-Quotient-Smart-Spread-Collar-Formal-Shirt/22748182/buy,2026-06-26T05:32:19.624356+00:00
Myntra,THE FASHION HUB Women Printed Casual Shirt,"https://assets.myntassets.com/h_720,q_70,w_540/v1/assets/images/2026/JUNE/17/cb1piecq_99564513d60b418bb862628e359dc34f.jpg",THE FASHION HUB,Apparel,Shirts,565,1299,56,0,0,"S, M, XL, XXL, 4XL, 5XL",Black,Regular Fit,Viscose Rayon,Long Sleeves,Printed,"Black Ethnic Motifs Printed Casual shirts ,has a Spread Collar, Button Placket, Long Regular Sleeves, Curved hem Brand Fit: Fit: Regular Fit The model (height 5'8) is wearing a size S Give your casual wardrobe a chic, bohemian update with this vibrant printed shirt. Featuring an intricate blend of ethnic motifs and geometric patterns in rich rust and charcoal tones, its relaxed fit and soft fabric ensure all-day comfort. Style it tucked into high-waisted denim shorts or tailored trousers, and complete the look with oversized sunglasses and chunky sneakers for an effortless weekend vibe. Regular machine wash Wash care: Machine Wash",InStock,P.P. ENTERPRISES,https://www.myntra.com/Shirts/THE+FASHION+HUB/THE-FASHION-HUB-Women-Printed-Casual-Shirt/42851087/buy,2026-06-26T05:32:19.624356+00:00
Myntra,Hancock Cuban Collar Relaxed Striped Formal Pure Cotton Shirt,"https://assets.myntassets.com/h_720,q_70,w_540/v1/assets/images/23867270/2023/7/4/c55fe2f1-442f-4dd6-b9e4-4da04d62ec031688471009069HancockWomenNavyBlueRelaxedOpaqueStripedFormalShirt1.jpg",Hancock,Apparel,Shirts,998,2299,57,4.1,445,"XS, S, M, L, XL",Navy Blue,Regular Fit,Cotton,Short Sleeves,Striped,"Navy blue &amp; white striped opaque formal shirt, has a cuban collar, button placket, short roll-up sleeves, straight hem Brand Fit: Relaxed Fit: Regular Fit The model (height 5'8) is wearing a size S Cotton Machine Wash Wash care: Machine Wash",InStock,SIDHBALI CREATIONS,https://www.myntra.com/Shirts/Hancock/Hancock-Cuban-Collar-Relaxed-Striped-Formal-Pure-Cotton-Shirt/23867270/buy,2026-06-26T05:32:19.624356+00:00
Myntra,Tokyo Talkies Women Navy Blue Cuff Sleeves Comfort Casual Satin Shirt,"https://assets.myntassets.com/h_720,q_70,w_540/v1/assets/images/23433102/2023/5/26/9aa5fe59-ac3e-4c88-8192-7188bbfc06f21685120710619TokyoTalkiesWomenBlueOpaqueCasualShirt1.jpg",Tokyo Talkies,Apparel,Shirts,323,1199,73,4.4,1149,"XS, S, M, L",Navy Blue,Regular Fit,Satin,Long Sleeves,Solid,"Navy Blue solid opaque Casual shirt ,has a spread collar, button placket, long regular sleeves, curved hem Brand Fit: Comfort Fit: Regular Fit The model (height 5'8) is wearing a size S Satin Machine wash Wash care: Machine Wash",InStock,Konde Products & Services Private Limited,https://www.myntra.com/Shirts/Tokyo+Talkies/Tokyo-Talkies-Women-Navy-Blue-Cuff-Sleeves-Comfort-Casual-Satin-Shirt/23433102/buy,2026-06-26T05:32:19.624356+00:00
Myntra,SASSAFRAS Oversized Striped Spread Collar Casual Shirt,"https://assets.myntassets.com/h_720,q_70,w_540/v1/assets/images/25003326/2023/9/16/4c7ef804-3227-41e4-be60-21be7aee3de81694858189410SASSAFRASWomenBlueOpaqueStripedCasualShirt1.jpg",SASSAFRAS,Apparel,Shirts,645,1699,62,4.2,4172,"XS, S, M, L, XL, XXL",Blue,Oversized,Viscose Rayon,Long Sleeves,Striped,"Blue &amp; white vertical stripes striped opaque casual shirt ,has a spread collar, button placket, long regular sleeves, curved hem Fit: Oversized The model (height 5'8) is wearing a size S 100% rayon Machine Wash Wash care: Machine Wash",InStock,ARDENT Retail Co.,https://www.myntra.com/Shirts/SASSAFRAS/SASSAFRAS-Oversized-Striped-Spread-Collar-Casual-Shirt/25003326/buy,2026-06-26T05:32:19.624356+00:00
Myntra,The Roadster Life Co. Striped Drop-Shoulder Sleeves Relaxed Fit Casual Shirt,"https://assets.myntassets.com/h_720,q_70,w_540/v1/assets/images/2025/SEPTEMBER/26/LXz2MX5U_17efd56d4b7a4fac9224ee60b411d3a5.jpg",Roadster,Apparel,Shirts,682,1699,60,4.3,1298,"XS, S, M, L, XL",Blue,Relaxed Fit,Viscose Rayon,Long Sleeves,Striped,"Blue vertical stripes opaque casual shirt ,has a jewel collar, button placket, long drop-shoulder sleeves, curved hem Fit: Relaxed Fit The model (height 5'8) is wearing a size S 100% Viscose Rayon Machine Wash Wash care: Machine Wash",InStock,FRACTAL INDUSTRIES LIMITED,https://www.myntra.com/Shirts/Roadster/The-Roadster-Life-Co-Striped-Drop-Shoulder-Sleeves-Relaxed-Fit-Casual-Shirt/36978681/buy,2026-06-26T05:32:19.624356+00:00
Myntra,HERE&NOW Women Spread Collar Cotton Casual Shirt,"https://assets.myntassets.com/h_720,q_70,w_540/v1/assets/images/2025/SEPTEMBER/8/HPy1e1VI_464b1eda31754910bec1747a8593762a.jpg",HERE&NOW,Apparel,Shirts,743,2299,68,4.2,2520,"S, M, L, XL, XXL",Purple,Oversized,Cotton,Long Sleeves,Solid,"Purple solid opaque Casual shirt ,has a spread collar, button placket, long regular sleeves, curved hem Brand Fit: Fit: Oversized The model (height 5'8) is wearing a size S Cotton Machine wash Wash care: Machine Wash",InStock,Sixth Sense,https://www.myntra.com/Shirts/HERE%26NOW/HERENOW-Women-Spread-Collar-Cotton-Casual-Shirt/36784609/buy,2026-06-26T05:32:19.624356+00:00
Myntra,The Souled Store Olive Women Spread Collar Solid Polycotton Slim Fit Shirts,"https://assets.myntassets.com/h_720,q_70,w_540/v1/assets/images/2025/OCTOBER/31/qVzJoEAC_7414b3cb579342d8b4c209ba1c00d4b0.jpg",The Souled Store,Apparel,Shirts,1399,1399,,4.6,61,"XXS, XS, S, M, L, XL, XXL",Olive,Relaxed Fit,"Elastane, Polycotton",Long Sleeves,Solid,"Olive opaque casual shirt for women Spread collar Button placket Curved hemline Solid Regular length Long, Drop-shoulder sleeves Relaxed Fit The model (height 5.8') is wearing a size S 66% Cotton 31% Polyester 3% Elastane Machine Wash Wash care: Machine Wash",InStock,THE SOULED STORE PVT. LTD.,https://www.myntra.com/Shirts/The+Souled+Store/The-Souled-Store-Olive-Women-Spread-Collar-Solid-Polycotton-Slim-Fit-Shirts/37693814/buy,2026-06-26T05:32:19.624356+00:00
Myntra,FITHUB Pleated Cotton Formal Shirt,"https://assets.myntassets.com/h_720,q_70,w_540/v1/assets/images/29177636/2024/4/25/8ea63159-5a34-424a-bd6c-148cba50f4961714018316226FITHUBWomenOpaqueCasualShirt1.jpg",FITHUB,Apparel,Shirts,790,1699,54,4.4,7737,"S, M, L, XL, XXL, 3XL, 4XL",Cream,Regular Fit,Cotton,Long Sleeves,Solid,"Cream-coloured solid opaque Formal shirt ,has a mandarin collar, button placket, long puff sleeves, straight hem Fit: Regular Fit The model (height 5'8) is wearing a size S Cotton Machine Wash Wash care: Machine Wash",InStock,KOSHARA VENTURES (GUJARAT) PRIVATE LIMITED,https://www.myntra.com/Shirts/FITHUB/FITHUB-Pleated-Cotton-Formal-Shirt/29177636/buy,2026-06-26T05:32:19.624356+00:00
Myntra,Style Quotient Smart Regular Fit Opaque Formal Shirt,"https://assets.myntassets.com/h_720,q_70,w_540/v1/assets/images/25770034/2023/11/4/a1ee31ed-8784-49d1-b96e-3a7d45d475d11699106387060StyleQuotientWomenPinkSmartOpaqueFormalShirt1.jpg",Style Quotient,Apparel,Shirts,614,1499,59,4.4,2525,"S, M, L, XL",Pink,Regular Fit,Polyester,Long Sleeves,Solid,"Pink solid opaque Formal shirt ,has a spread collar, button placket, long regular sleeves, curved hem Brand Fit: Smart Fit: Regular Fit The model (height 5'8) is wearing a size S Polyester Machine Wash Wash care: Machine Wash",InStock,Savadika Retail Private Limited,https://www.myntra.com/Shirts/Style+Quotient/Style-Quotient-Smart-Regular-Fit-Opaque-Formal-Shirt/25770034/buy,2026-06-26T05:32:19.624356+00:00
Myntra,Stylecast X Slyck Abstract Printed Spread Collar Cuff Sleeves Shirt,"https://assets.myntassets.com/h_720,q_70,w_540/v1/assets/images/2024/DECEMBER/5/1IgdF0RY_e442c4abe7df4de1b410715ae8cab606.jpg",Stylecast X Slyck,Apparel,Shirts,467,1199,61,4.1,8546,"XS, S, M, L, XL",White,Regular Fit,Polyester,Long Sleeves,Printed,"White abstract printed opaque Casual shirt ,has a spread collar, button placket, na pocket, long regular sleeves, curved hem Brand Fit: Comfort Fit: Regular Fit The model (height 5'8) is wearing a size S 100 % POLYESTER, Hand Wash Wash care: Hand Wash",InStock,Shreyash Retail Private Limited,https://www.myntra.com/Shirts/Stylecast+X+Slyck/Stylecast-X-Slyck-Abstract-Printed-Spread-Collar-Cuff-Sleeves-Shirt/31850649/buy,2026-06-26T05:32:19.624356+00:00
Myntra,Hancock Sharp Slim Fit Vertical Striped Cotton Formal Shirt,"https://assets.myntassets.com/h_720,q_70,w_540/v1/assets/images/22043152/2023/2/20/5f448761-9fee-45da-b29a-fd5c0f7e93de1676866065376HancockWomenNavyBlueSharpSlimFitStripedFormalShirt1.jpg",Hancock,Apparel,Shirts,949,1899,50,4.5,930,"S, M, L, XL",Navy Blue,Slim Fit,Cotton,Long Sleeves,Striped,"Navy blue vertical stripes opaque Formal shirt ,has a spread collar, concealed button placket, long regular sleeves, curved hem Brand Fit: Sharp Fit: Slim Fit The model (height 5'8) is wearing a size S Cotton&nbsp; Machine Wash Wash care: Machine Wash",InStock,Sane Retails Private Limited,https://www.myntra.com/Shirts/Hancock/Hancock-Sharp-Slim-Fit-Vertical-Striped-CottonFormal-Shirt/22043152/buy,2026-06-26T05:32:19.624356+00:00
Myntra,The Roadster Lifestyle Co Checked Relaxed-Fit Casual Shirt,"https://assets.myntassets.com/h_720,q_70,w_540/v1/assets/images/2026/JANUARY/12/ZwFY3Olg_98272023595d47c984c1f438c0c02e27.jpg",Roadster,Apparel,Shirts,734,2199,67,3.9,257,"S, M, L, XL, XXL",Cream,Relaxed Fit,Cotton,Three-Quarter Sleeves,Checked,"Cream color checked relaxed-fit shirt has a spread collar, three quarter sleeve, full placket button closure with curved hem Relaxed fit The model (height 5'8"") is wearing a size S Fabric : Cotton Jute&nbsp; Machine wash Wash care: Machine Wash",InStock,OEQUAL FASHION,https://www.myntra.com/Shirts/Roadster/The-Roadster-Lifestyle-Co-Checked-Relaxed-Fit-Casual-Shirt/37450471/buy,2026-06-26T05:32:19.624356+00:00
Myntra,The Roadster Life Co. Opaque Striped Pure Cotton Oversized Casual Shirt,"https://assets.myntassets.com/h_720,q_70,w_540/v1/assets/images/32135278/2025/1/23/5b8fe0f2-6045-4e99-b3f5-78e496f0f2e41737611448947-Womens-Oversize-Long-Sleeve-Seersucker-Stripe-Shirt-39717376-1.jpg",Roadster,Apparel,Shirts,599,1799,67,4.4,19139,"XS, S, M, L, XL",White,Oversized,Cotton,Long Sleeves,Striped,"White &amp; grey vertical stripes striped opaque casual shirt ,has a spread collar, button placket, long drop-shoulder sleeves, curved hem Fit: Oversized The model (height 5'8) is wearing a size S 100% Cotton Machine Wash Wash care: Machine Wash",InStock,FRACTAL INDUSTRIES LIMITED,https://www.myntra.com/Shirts/Roadster/The-Roadster-Life-Co-Opaque-Striped-Pure-Cotton-Oversized-Casual-Shirt/32135278/buy,2026-06-26T05:32:19.624356+00:00
Myntra,Blue Ronin Women Standard Regular Fit Formal Shirt,"https://assets.myntassets.com/h_720,q_70,w_540/v1/assets/images/2026/JUNE/11/iKoAwGoA_7387f640bb3d4b70a8ff99cf3f3e0f9e.jpg",Blue Ronin,Apparel,Shirts,535,1199,55,4.2,2164,"S, M, L, XL",Maroon,Regular Fit,Cotton,Three-Quarter Sleeves,Solid,"Maroon solid opaque Formal shirt ,has a spread collar, button placket, na pocket, three-quarter regular sleeves, curved hem Brand Fit: Standard Fit: Regular Fit The model (height 5'8) is wearing a size S Cotton Hand Wash Wash care: Hand Wash",InStock,EQUITECH TRADING PRIVATE LIMITED,https://www.myntra.com/Shirts/Blue+Ronin/Blue-Ronin-Women-Standard-Regular-Fit-Formal-Shirt/33551311/buy,2026-06-26T05:32:19.624356+00:00
Myntra,The Roadster Lifestyle Co. Women Cuban Collar Textured Cotton Boxy Casual Shirt,"https://assets.myntassets.com/h_720,q_70,w_540/v1/assets/images/2024/DECEMBER/3/cIpO5TRQ_c4342892ddac47a592baf34d9fcf99cd.jpg",Roadster,Apparel,Shirts,565,2099,73,4.3,2352,"XS, S, M, L, XL, XXL",Blue,Boxy,Cotton,Short Sleeves,Self Design,Blue &amp; White sheer casual shirt Cuban collar Button placket Short sleeves Straight hemline Boxy Fit The model (height 5.8') is wearing a size S Cotton Hand Wash Wash care: Hand Wash,InStock,Savadika Retail Private Limited,https://www.myntra.com/Shirts/Roadster/The-Roadster-Lifestyle-Co-Women-Cuban-Collar-Textured-Cotton-Boxy-Casual-Shirt/31820752/buy,2026-06-26T05:32:19.624356+00:00
Myntra,Style Quotient Women Smart Formal Shirt,"https://assets.myntassets.com/h_720,q_70,w_540/v1/assets/images/21498970/2023/1/31/79bab0b7-6d91-4ef2-bd9e-d2ea3657417e1675153494610StyleQuotientWomenSmartFormalShirt1.jpg",Style Quotient,Apparel,Shirts,599,1499,60,4.3,25053,"S, M, L, XL",Pink,Regular Fit,Polycotton,Long Sleeves,Solid,"Solid opaque Formal shirt ,has a spread collar, button placket, long regular sleeves, curved hem Brand Fit: Smart Fit: Regular Fit The model (height 5'8) is wearing a size S Poly Cotton Machine wash Wash care: Hand Wash",InStock,Savadika Retail Private Limited,https://www.myntra.com/Shirts/Style+Quotient/Style-Quotient-Women-Smart-Formal-Shirt/21498970/buy,2026-06-26T05:32:19.624356+00:00
Myntra,HERE&NOW Women Green Solid Spread Collar Long Sleeves Cotton Shirt,"https://assets.myntassets.com/h_720,q_70,w_540/v1/assets/images/2025/OCTOBER/1/iu4Me7r5_edf6c3b5c325414d9d56a8e2b18d34bf.jpg",HERE&NOW,Apparel,Shirts,743,2299,68,4.1,429,"S, M, L, XL, XXL",Olive,Oversized,Cotton,Long Sleeves,Solid,Green Solid Spread Collar Long Sleeves Cotton Shirt Set Content: 1 Shirt Colour:&nbsp;Green Pattern: Solid Neck:Spread collar Closure: Concealed button placket Sleeve: Short Long sleeves Hemline: Straight hem Brand Fit: Fit: Oversized The model (height 5'8) is wearing a size S Machine wash Wash care: Machine Wash,InStock,Sixth Sense,https://www.myntra.com/Shirts/HERE%26NOW/HERENOW-Women-Green-Solid-Spread-Collar-Long-Sleeves-Cotton-Shirt/36784611/buy,2026-06-26T05:32:19.624356+00:00
Myntra,Molly & Michel Spread Collar Comfort Slim Fit Cotton Casual Shirt,"https://assets.myntassets.com/h_720,q_70,w_540/v1/assets/images/2025/OCTOBER/30/Z3ngb0Ca_2abb8bd488c440f7834f120c258c14cb.jpg",Molly & Michel,Apparel,Shirts,495,1899,74,4.1,380,"S, M, L, XL",Yellow,Slim Fit,Cotton,Long Sleeves,Solid,"Yellow solid opaque casual shirt ,has a spread collar, button placket, no pocket, long regular sleeves, curved hem Brand Fit: Comfort Fit: Slim Fit The model (height 5'8) is wearing a size S Cotton Machine Wash Wash care: Machine Wash",InStock,SHAGUN ENTERPRISES,https://www.myntra.com/Shirts/Molly+%26+Michel/Molly--Michel-Spread-Collar-Comfort-Slim-Fit-Cotton-Casual-Shirt/37673649/buy,2026-06-26T05:32:19.624356+00:00
Myntra,Lahaba Women Casual Shirt,"https://assets.myntassets.com/h_720,q_70,w_540/v1/assets/images/2026/JUNE/2/GCIeDJHb_816e96793246433594a50d3d8b695d70.jpg",Lahaba,Apparel,Shirts,388,999,61,2.3,14,"XS, S, M, L, XL, XXL",White,Regular Fit,Cotton,Long Sleeves,Solid,"White Solid Opaque Casual shirts ,has a Spread Collar, Button Placket, Long Regular Sleeves, Curved hem Brand Fit: Fit: Regular Fit The model (height 5'8) is wearing a size S Style this classic White shirt with blue denim jeans and minimal gold accessories for a timeless casual look. You can also tuck it into tailored trousers or a skirt for a smart semi-formal outfit perfect for brunches, meetings, or casual evenings. Machine Wash Wash care: Machine Wash",InStock,A K GARMENTS,https://www.myntra.com/Shirts/Lahaba/Lahaba-Women-Casual-Shirt/42761258/buy,2026-06-26T05:32:19.624356+00:00
Myntra,Chemistry Women Solid Opaque Casual Shirt,"https://assets.myntassets.com/h_720,q_70,w_540/v1/assets/images/24310244/2023/8/4/746c709e-6d36-4ea8-ac16-4561935a891c1691145586074-Chemistry-Women-Shirts-7091691145585669-1.jpg",Chemistry,Apparel,Shirts,443,1249,65,4.2,4869,"S, M, L, XL, XXL",Olive,Regular Fit,Polyester,Short Sleeves,Solid,"Olive green solid opaque Casual shirt ,has a mandarin collar, button placket, short roll-up sleeves, straight hem Brand Fit: New Regular Fit Size worn by the model: S Chest: 31"" Height: 5'6"" Hand Wash As Per tag, 100% Polyester Wash care: Hand Wash",InStock,GG APPARELS,https://www.myntra.com/Shirts/Chemistry/Chemistry-Women-Solid-Opaque-Casual-Shirt/24310244/buy,2026-06-26T05:32:19.624356+00:00
Myntra,HERE&NOW Women Semi Sheer Casual Shirt,"https://assets.myntassets.com/h_720,q_70,w_540/v1/assets/images/2025/NOVEMBER/23/IOmzlg2x_0bc1962d7c914ffc939a7b146e00f5ad.jpg",HERE&NOW,Apparel,Shirts,697,2299,70,4.1,1715,"S, M, L, XL, XXL",Cream,Oversized,Cotton,Three-Quarter Sleeves,Textured,"Cream-coloured textured semi sheer Casual shirt ,has a spread collar, button placket, three-quarter roll-up sleeves, straight hem Brand Fit: Fit: Oversized The model (height 5'8) is wearing a size S Machine wash Wash care: Machine Wash",InStock,Sixth Sense,https://www.myntra.com/Shirts/HERE%26NOW/HERENOW-Women-Semi-Sheer-Casual-Shirt/38189251/buy,2026-06-26T05:32:19.624356+00:00
Myntra,The Roadster Life Co. Oversized Textured Pure Cotton Casual Shirt,"https://assets.myntassets.com/h_720,q_70,w_540/v1/assets/images/2025/OCTOBER/18/KSrA2VlV_8ad40543f86345328ff7d7b575b14d32.jpg",Roadster,Apparel,Shirts,702,1799,61,4.2,3959,"XS, S, M, L, XL",Brown,Oversized,Cotton,Long Sleeves,Solid,"Brown textured solid opaque casual shirt, has a spread collar, button placket, long drop-shoulder sleeves, curved hem Fit: Oversized The model (height 5'8) is wearing a size S 100% Cotton Machine Wash Wash care: Machine Wash",InStock,FRACTAL INDUSTRIES LIMITED,https://www.myntra.com/Shirts/Roadster/The-Roadster-Life-Co-Oversized-Textured-Pure-Cotton-Casual-Shirt/33636928/buy,2026-06-26T05:32:19.624356+00:00
Myntra,EKISHA Women Relaxed Fit Conversational Printed Spread Collar Pure Cotton Casual Shirt,"https://assets.myntassets.com/h_720,q_70,w_540/v1/assets/images/2025/JUNE/16/86uINalM_136e29c4f0ed4590ac93272efa373cd3.jpg",EKISHA,Apparel,Shirts,728,2800,74,4.2,789,"M, L, XL, XXL",White,Relaxed Fit,Cotton,Long Sleeves,Printed,White &amp; Teal opaque casual shirt for women Spread collar Button placket Curved hemline Conversational Printed Longline length Long sleeves Relaxed Fit The model (height 5.8') is wearing a size S 100% Cotton Dry Clean Wash care: Dry Clean,InStock,A AND M TEXTILES,https://www.myntra.com/Shirts/EKISHA/EKISHA-Women-Relaxed-Fit-Conversational-Printed-Spread-Collar-Pure-Cotton-Casual-Shirt/34966058/buy,2026-06-26T05:32:19.624356+00:00
Myntra,Bene Kleed Women Regular fit Pure Cotton Denim Shirt,"https://assets.myntassets.com/h_720,q_70,w_540/v1/assets/images/25636088/2023/11/7/8fa7659c-583e-4677-aaf7-05733ebcb4481699335508721-Wome-Denim-shirt-with-big-pockets-and-contrast-stitch-927169-1.jpg",Bene Kleed,Apparel,Shirts,899,2299,61,4.4,547,"S, M, L, XL, XXL",Navy Blue,Regular Fit,Cotton,Long Sleeves,Solid,"Navy blue solid opaque Casual shirt ,has a spread collar, button placket, 2 flap pocket, long regular sleeves, straight hem Brand Fit: Fit: Regular Fit The model (height 5'8) is wearing a size S 100% Cotton&nbsp; Machine Wash Wash care: Machine Wash",InStock,SHAKTI BRANDZ PRIVATE LIMITED,https://www.myntra.com/Shirts/Bene+Kleed/Bene-Kleed-Women-Regular-fit-Pure-Cotton-Denim-Shirt/25636088/buy,2026-06-26T05:32:19.624356+00:00
Myntra,Zyla Women Relaxed Casual Shirt,"https://assets.myntassets.com/h_720,q_70,w_540/v1/assets/images/2026/APRIL/28/54DJhCNS_66f108c8444c421191d449373249ae99.jpg",Zyla,Apparel,Shirts,414,2199,81,4.1,84,"S/M, M/L, L/XL",Green,Relaxed Fit,Cotton,Long Sleeves,Textured,"Green Textured Opaque Casual shirts ,has a Spread Collar, Button Placket, 1 Patch pocket, Long Roll-Up Sleeves, Curved hem Brand Fit: Relaxed Fit: Relaxed Fit The model (height 5'8) is wearing a size S white oversized cotton shirt for women Regular Machine Wash Wash care: Machine Wash",InStock,SHAGUN CREATIONS,https://www.myntra.com/Shirts/Zyla/Zyla-Women-Relaxed-Casual-Shirt/41692761/buy,2026-06-26T05:32:19.624356+00:00
Myntra,CORSICA Women Comfort Slim Fit Casual Shirt,"https://assets.myntassets.com/h_720,q_70,w_540/v1/assets/images/2025/DECEMBER/15/ajbrli7J_d029f436dab646788112949dfa009833.jpg",CORSICA,Apparel,Shirts,585,1699,66,4.1,5368,"S, M, L, XL",Blue,Slim Fit,Cotton,Long Sleeves,Solid,"Blue solid opaque Casual shirt ,has a spread collar, button placket, na pocket, long regular sleeves, curved hem Brand Fit: Comfort Fit: Slim Fit The model (height 5'8) is wearing a size S Machine Wash Wash care: Machine Wash",InStock,LORD SHIVA ENTERPRISES,https://www.myntra.com/Shirts/CORSICA/CORSICA-Women-Comfort-Slim-Fit-Casual-Shirt/38644005/buy,2026-06-26T05:32:19.624356+00:00
Myntra,Style Quotient Women White Classic Casual Shirt,"https://assets.myntassets.com/h_720,q_70,w_540/v1/assets/images/19577030/2022/8/20/71b290d7-9b8b-404a-8579-a5057e6b0bc31661007459044StyleQuotientWomenWhiteClassicCasualShirt1.jpg",Style Quotient,Apparel,Shirts,393,1299,70,4.2,1607,"S, M, L, XL",White,Regular Fit,Viscose Rayon,Long Sleeves,Solid,"White solid opaque Casual shirt ,has a Cuban collar, button placket, long regular sleeves, Curved hem Brand Fit: Classic Fit: Regular Fit The model (height 5'8) is wearing a size S Viscose Rayon Hand Wash Wash care: Hand Wash",InStock,KRISLON SYNTHETICS PVT LTD,https://www.myntra.com/Shirts/Style+Quotient/Style-Quotient-Women-White-Classic-Casual-Shirt/19577030/buy,2026-06-26T05:32:19.624356+00:00
Myntra,CODE by Lifestyle Women Casual Shirt,"https://assets.myntassets.com/h_720,q_70,w_540/v1/assets/images/2025/NOVEMBER/6/zZhkPYhN_1d88611b245240fc97b1c3c3f58b0a93.jpg",CODE by Lifestyle,Apparel,Shirts,1259,1799,30,4.4,226,"XS, S, M, XL, XXL",Blue,Regular Fit,Polyester,Long Sleeves,Solid,"Blue solid opaque Casual shirt ,has a spread collar, button placket, na pocket, long regular sleeves, curved hem Brand Fit: Fit: Regular Fit The model (height 5'8) is wearing a size S Amp up your wardrobe with this solid shirt that has a spread collar, full sleeves with button cuffs and a button placket. Perfect for a variety of casual occasions, this shirt is a versatile addition that effortlessly combines style and functionality. Material:100% POLYESTER ; Machine Wash Wash care: Machine Wash",InStock,LANDMARK ONLINE INDIA PVT LTD,https://www.myntra.com/Shirts/CODE+by+Lifestyle/CODE-by-Lifestyle-Women-Casual-Shirt/37791743/buy,2026-06-26T05:32:19.624356+00:00
Myntra,BHADRIYAA Women Relaxed Casual Shirt,"https://assets.myntassets.com/h_720,q_70,w_540/v1/assets/images/2026/MAY/4/YIOk8vqX_e26c79d89082407db9b5e68e31563b65.jpg",BHADRIYAA,Apparel,Shirts,454,2199,79,3.5,8,"S/M, M/L, L/XL, XL/XXL, XXL, 3XL",Grey,Regular Fit,Cotton,Long Sleeves,Textured,"Grey Textured Opaque Casual shirts ,has a Spread Collar, Button Placket, 1 Patch pocket, Long Regular Sleeves, Curved hem Brand Fit: Relaxed Fit: Regular Fit The model (height 5'8) is wearing a size S white oversized cotton shirt for women Regular Machine Wash Wash care: Machine Wash",InStock,SHAGUN CREATIONS,https://www.myntra.com/Shirts/BHADRIYAA/BHADRIYAA-Women-Relaxed-Casual-Shirt/41836222/buy,2026-06-26T05:32:19.624356+00:00
Myntra,The Lifestyle Co Printed Pure Polyester Spread Collar Relaxed Fit Shirt,"https://assets.myntassets.com/h_720,q_70,w_540/v1/assets/images/2026/MAY/25/iqWyAOlM_8c57c8e59cad4e48b69cd163827ca8d0.jpg",Roadster,Apparel,Shirts,734,1999,63,3.9,583,"S, M, L, XL, XXL",Blue,Relaxed Fit,Polyester,Long Sleeves,Printed,"Blue brown &amp; whitew floral printed relaxed-fit shirt has a spread collar long sleeve, full placket button closure with curved hem Relaxed Fit The model (height 5'8"") is wearing size S Polyester Machine Wash Wash care: Machine Wash",InStock,OEQUAL FASHION,https://www.myntra.com/Shirts/Roadster/The-Lifestyle-Co-Printed-Pure-Polyester-Spread-Collar-Relaxed-Fit-Shirt/38233059/buy,2026-06-26T05:32:19.624356+00:00
Myntra,HERE&NOW Women Oversized Fit Spread Collar Textured Cotton Casual Shirt,"https://assets.myntassets.com/h_720,q_70,w_540/v1/assets/images/32063776/2024/12/24/3bb16fe4-a2b1-40b9-9dca-4a84d38588031735030577609HERENOWWomenSlimFitOpaqueCasualShirt1.jpg",HERE&NOW,Apparel,Shirts,794,2299,65,4.1,3922,"S, M, L, XL, XXL",White,Oversized,Cotton,Long Sleeves,Self Design,"White opaque casual shirt Spread collar Concealed button placket Long, Raglan sleeves Curved hemline Oversized fit The model (height 5.8') is wearing a size S Cotton Machine Wash Wash care: Machine Wash",InStock,Sixth Sense,https://www.myntra.com/Shirts/HERE%26NOW/HERENOW-Women-Oversized-Fit-Spread-Collar-Textured-Cotton-Casual-Shirt/32063776/buy,2026-06-26T05:32:19.624356+00:00
Myntra,The Roadster Lifestyle Co. Oversized Pure Cotton Casual Shirt,"https://assets.myntassets.com/h_720,q_70,w_540/v1/assets/images/33177777/2025/4/15/c4d3c000-49f6-48a1-973d-f8870373cc321744698621307-Womens-Oversize-Long-Sleeve-Johny-Collar-Pure-Cotton-Navy-Bl-1.jpg",Roadster,Apparel,Shirts,598,1499,60,4.3,3226,"XS, S, M, L, XL",Navy Blue,Oversized,Cotton,Long Sleeves,Solid,"Navy blue solid opaque Casual shirt ,has a spread collar, button placket, long regular sleeves, curved hem Brand Fit: Fit: Oversized The model (height 5'8) is wearing a size S 100% Cotton Machine Wash Wash care: Machine Wash",InStock,FRACTAL INDUSTRIES LIMITED,https://www.myntra.com/Shirts/Roadster/The-Roadster-Lifestyle-Co-Oversized-Pure-Cotton-Casual-Shirt/33177777/buy,2026-06-26T05:32:19.624356+00:00
Myntra,glitchez Women Slim Fit Striped Casual Shirt,"https://assets.myntassets.com/h_720,q_70,w_540/v1/assets/images/2026/MARCH/13/K4YxrICW_4bc0e15dadba4f4d93c52f2f17047d47.jpg",glitchez,Apparel,Shirts,596,1999,70,3.7,456,"XS, S, L, XL",Blue,Slim Fit,Polyester,Long Sleeves,Striped,"Blue Solid Striped Opaque Casual shirts ,has a Button-Down Collar, , Long Regular Sleeves, Curved hem Brand Fit: Fit: Slim Fit The model (height 5'8) is wearing a size S Wash care: Machine Wash",InStock,AAHWAN ENTERPRISE,https://www.myntra.com/Shirts/glitchez/glitchez-Women-Slim-Fit-Striped-Casual-Shirt/40650966/buy,2026-06-26T05:32:19.624356+00:00
Myntra,Mast & Harbour Spread Collar Casual Shirt,"https://assets.myntassets.com/h_720,q_70,w_540/v1/assets/images/2026/JUNE/3/JBpac3OG_9bcbc2c26c814d8a87220f9496f633a8.jpg",Mast & Harbour,Apparel,Shirts,659,1999,67,3.8,8,"S, M, L, XL",Pink,Regular Fit,Cotton,Long Sleeves,Solid,"Pink solid opaque casual shirt, has a spread collar, button placket, long regular sleeves, curved hem Disclaimer: The model is AI generated Fit: Regular Fit The model (height 5'8) is wearing a size S 100% Cotton Machine Wash Wash care: Machine Wash",InStock,Sane Retails Private Limited,https://www.myntra.com/Shirts/Mast+%26+Harbour/Mast--Harbour-Spread-Collar-Casual-Shirt/40243375/buy,2026-06-26T05:32:19.624356+00:00
Myntra,The Roadster Life Co. Pure Cotton Classic Striped Casual Shirt,"https://assets.myntassets.com/h_720,q_70,w_540/v1/assets/images/2025/DECEMBER/11/G4cXj8Bp_b72aa52ea60f4ab98ae184254b38f56b.jpg",Roadster,Apparel,Shirts,894,2199,59,4.3,2822,"XS, S, M, L, XL, XXL",Blue,Regular Fit,Cotton,Long Sleeves,Striped,"Blue vertical striped opaque Casual shirt, has a spread collar, button placket, long extended sleeves, straight hem Brand Fit: Classic Fit: Regular Fit The model (height 5'8) is wearing a size S 100% Cotton Machine wash Wash care: Machine Wash",InStock,STREAMLINE APPARELS PRIVATE LIMITED,https://www.myntra.com/Shirts/Roadster/The-Roadster-Life-Co-Pure-Cotton-Classic-Striped-Casual-Shirt/38322155/buy,2026-06-26T05:32:19.624356+00:00
Myntra,Femibazaar Women Yellow Stripe Oversized Shirts,"https://assets.myntassets.com/h_720,q_70,w_540/v1/assets/images/2025/JULY/16/g5MywM5b_aacc2b4cd5d34a26b05fa0c3ac425d6f.jpg",Femibazaar,Apparel,Shirts,440,1599,72,4,2594,"S, M, L, XL",Yellow,Oversized,Polycotton,Long Sleeves,Striped,Type :Oversized shirt color : yellow set content 1 gender : women Gentle Machine Wash Wash care: Machine Wash,InStock,THE GOLDEN SEW,https://www.myntra.com/Shirts/Femibazaar/Femibazaar-Women-Yellow-Stripe-Oversized-Shirts/35756022/buy,2026-06-26T05:32:19.624356+00:00
Myntra,Hancock Women Solid Regular Fit Pure Cotton Formal Shirt,"https://assets.myntassets.com/h_720,q_70,w_540/v1/assets/images/20148452/2025/7/28/1cad3604-84c9-4945-a93e-ed6490f68a5c1753703575760-Hancock-Women-Solid-Regular-Fit-Pure-Cotton-Formal-Shirt-711-7.jpg",Hancock,Apparel,Shirts,998,2299,57,4.3,1101,"XS, S, M, L, XL",Lavender,Regular Fit,Cotton,Long Sleeves,Solid,"Lavender solid solid opaque Formal shirt ,has a spread collar, concealed button placket, long regular sleeves, curved hem Brand Fit: Comfort Fit: Regular Fit The model (height 5'8) is wearing a size S Cotton Wash with like colors, Wash in cold water, Dry in shade, Tumble dry low, Iron prints on reverse side Wash care: Machine Wash",InStock,SIDHBALI CREATIONS,https://www.myntra.com/Shirts/Hancock/Hancock-Women-Solid-Regular-Fit-Pure-Cotton-Formal-Shirt/20148452/buy,2026-06-26T05:32:19.624356+00:00
Myntra,The Roadster Life Co. Tartan Checks Pleated Detail Wrap-Style Shirt,"https://assets.myntassets.com/h_720,q_70,w_540/v1/assets/images/2025/OCTOBER/1/oZIdTdf7_cd0f85ef2865490f8e2963831bcac16f.jpg",Roadster,Apparel,Shirts,894,2199,59,4.4,3870,"XS, S, M, L, XL",Brown,Regular Fit,Viscose Rayon,Long Sleeves,Checked,"Brown and black tartan checked opaque pleated detail wrap-style casual shirt, has a spread collar, button placket, long regular sleeves, straight hem Fit: Regular Fit The model (height 5'8) is wearing a size S 100% Viscose Rayon Machine wash Wash care: Machine Wash",InStock,STREAMLINE APPARELS PRIVATE LIMITED,https://www.myntra.com/Shirts/Roadster/The-Roadster-Life-Co-Tartan-Checks-Pleated-Detail-Wrap-Style-Shirt/37159835/buy,2026-06-26T05:32:19.624356+00:00
Myntra,The Roadster Life Co. Oversized Checked Cotton Linen Shirt,"https://assets.myntassets.com/h_720,q_70,w_540/v1/assets/images/33178134/2025/5/14/e45b5e8c-b1e6-487c-8389-41d6a48d24721747205149924-Womens-Oversize-Long-Sleeve-Cotton-Linen-Checks-Shirt-225174-1.jpg",Roadster,Apparel,Shirts,692,1699,59,4.3,4189,"S, M, L, XL",Blue,Oversized,Cotton Linen,Long Sleeves,Checked,"Blue, green and white checked opaque casual shirt, has a spread collar, button placket, long regular sleeves, curved hem Fit: Oversized The model (height 5'8) is wearing a size S 85% Cotton &amp; 15% Linen Machine Wash Wash care: Machine Wash",InStock,FRACTAL INDUSTRIES LIMITED,https://www.myntra.com/Shirts/Roadster/The-Roadster-Life-Co-Oversized-Checked-Cotton-Linen-Shirt/33178134/buy,2026-06-26T05:32:19.624356+00:00
Myntra,FITHUB Women Textured Casual Shirt,"https://assets.myntassets.com/h_720,q_70,w_540/v1/assets/images/2025/SEPTEMBER/15/5NQIl83e_1bee8db34cca4e64aa72d2cc77913fa6.jpg",FITHUB,Apparel,Shirts,799,2499,68,4.5,600,"S, M, L, XL, XXL",Olive,Regular Fit,Cotton,Long Sleeves,Textured,"Olive green textured opaque Casual shirt ,has a cuban collar, button placket, na pocket, long regular sleeves, curved hem Fit: Regular Fit The model (height 5'8) is wearing a size S Cotton Machine Wash Wash care: Machine Wash",InStock,KOSHARA VENTURES (GUJARAT) PRIVATE LIMITED,https://www.myntra.com/Shirts/FITHUB/FITHUB-Women-Textured-Casual-Shirt/36957306/buy,2026-06-26T05:32:19.624356+00:00
Myntra,Style Quotient Striped Smart Regular Fit Opaque Formal Shirt,"https://assets.myntassets.com/h_720,q_70,w_540/v1/assets/images/25770038/2023/11/4/0ac68bcc-b84a-48fc-9d03-18024053ee091699106390494StyleQuotientWomenNude-ColouredSmartOpaqueStripedFormalShirt1.jpg",Style Quotient,Apparel,Shirts,597,1299,54,4.3,4201,"S, M, L, XL",Nude,Regular Fit,Polyester,Long Sleeves,Striped,"Nude-coloured &amp; black vertical striped opaque Formal shirt ,has a spread collar, button placket, long regular sleeves, high-low hem Brand Fit: Smart Fit: Regular Fit The model (height 5'8) is wearing a size S Polyester Machine Wash Wash care: Machine Wash",InStock,Savadika Retail Private Limited,https://www.myntra.com/Shirts/Style+Quotient/Style-Quotient-Striped-Smart-Regular-Fit-Opaque-Formal-Shirt/25770038/buy,2026-06-26T05:32:19.624356+00:00
Myntra,Hancock Sharp Concealed Button Placket Slim Fit Pure Cotton Formal Shirt,"https://assets.myntassets.com/h_720,q_70,w_540/v1/assets/images/22043142/2023/2/20/d28eb81d-4fcd-412f-b2e5-7ce33749156d1676866054551HancockWomenWhiteSharpSlimFitFormalShirt1.jpg",Hancock,Apparel,Shirts,949,1899,50,4.3,1690,"S, M, L, XL",White,Slim Fit,Cotton,Long Sleeves,Solid,"White solid opaque formal shirt ,has a spread collar, button placket, long regular sleeves, straight hem Brand Fit: Sharp Fit: Slim Fit The model (height 5'8) is wearing a size S Cotton Machine Wash Wash care: Machine Wash",InStock,SIDHBALI CREATIONS,https://www.myntra.com/Shirts/Hancock/Hancock-Sharp-Concealed-Button-Placket-Slim-Fit-Pure-Cotton-Formal-Shirt/22043142/buy,2026-06-26T05:32:19.624356+00:00
Myntra,HERE&NOW Women Printed Casual Shirt,"https://assets.myntassets.com/h_720,q_70,w_540/v1/assets/images/2025/OCTOBER/21/LImQFziy_ecd24e67dd9c423abce9dae3c6971404.jpg",HERE&NOW,Apparel,Shirts,694,2199,68,4.5,124,"S, M, L, XL, XXL",Pink,Oversized,Viscose Rayon,Long Sleeves,Printed,"Pink vertical stripes printed opaque Casual shirt ,has a spread collar, button placket, long regular sleeves, curved hem Brand Fit: Fit: Oversized The model (height 5'8) is wearing a size S Machine wash Wash care: Machine Wash",InStock,Sixth Sense,https://www.myntra.com/Shirts/HERE%26NOW/HERENOW-Women-Printed-Casual-Shirt/37461906/buy,2026-06-26T05:32:19.624356+00:00
Myntra,CHANE LUXE Women Relaxed Micro Checks Checked Casual Shirt,"https://assets.myntassets.com/h_720,q_70,w_540/v1/assets/images/2026/MAY/9/Ou0rgYhn_07bd27b254f64d0ab6ebfc1809b98634.jpg",CHANE LUXE,Apparel,Shirts,744,1899,61,3.2,5,"S, M, XL, XXL",Blue,Relaxed Fit,Cotton,Long Sleeves,Checked,"Blue Micro Checks Checked Opaque Casual shirts ,has a Peter Pan Collar, Button Placket, Long Regular Sleeves, Straight hem Brand Fit: Relaxed Fit: Relaxed Fit The model (height 5'8) is wearing a size S Gentle machine wash Wash care: Machine Wash",InStock,CHALK SKETCH LIFESTYLE LLP,https://www.myntra.com/Shirts/CHANE+LUXE/CHANE-LUXE-Women-Relaxed-Micro-Checks-Checked-Casual-Shirt/41982735/buy,2026-06-26T05:32:19.624356+00:00
Myntra,The Roadster Lifestyle Co. Checked Casual Shirt,"https://assets.myntassets.com/h_720,q_70,w_540/v1/assets/images/23978060/2023/8/3/96657da1-b68c-40e4-b330-df0e32bc63351691063477450-Roadster-Women-Shirts-4081691063476984-1.jpg",Roadster,Apparel,Shirts,722,2099,66,4.4,406,"XS, S, M, L, XL",Pink,Regular Fit,Viscose Rayon,Long Sleeves,Checked,"Pink and white checked opaque casual shirt ,has a cutaway collar, button placket, long regular sleeves, curved hem Regular Fit Size worn by the model: S Chest: 31'' Height: 5'7"" 100% Viscose rayon Machine wash Wash care: Machine Wash",InStock,POISE FASHION,https://www.myntra.com/Shirts/Roadster/The-Roadster-Lifestyle-Co-Checked-Casual-Shirt/23978060/buy,2026-06-26T05:32:19.624356+00:00
Myntra,Mystere Paris Women Classic Casual Shirt,"https://assets.myntassets.com/h_720,q_70,w_540/v1/assets/images/2026/JUNE/1/4hMvL93C_59819411c46f42d187ce1dd42a71284f.jpg",Mystere Paris,Apparel,Shirts,999,1999,50,0,0,"XS, S, M, L, XL",Burgundy,Oversized,Cotton,Long Sleeves,Self Design,"Burgundy Textured Self Design Opaque Casual shirts ,has a Spread Collar, Button Placket, Long Regular Sleeves, Curved hem Brand Fit: Classic Fit: Oversized The model (height 5'8) is wearing a size S Machine Wash Wash care: Machine Wash",InStock,CREATIVE GARMENTS PRIVATE LIMITED,https://www.myntra.com/Shirts/Mystere+Paris/Mystere-Paris-Women-Classic-Casual-Shirt/42397086/buy,2026-06-26T05:32:19.624356+00:00
Myntra,all about you Women Black Solid Casual Shirt,"https://assets.myntassets.com/h_720,q_70,w_540/v1/assets/images/2025/NOVEMBER/10/CsygmtIs_1ed6396e4e0c4193bfd8cbd57cdb3e48.jpg",all about you,Apparel,Shirts,569,1499,62,4.2,358,"S, M, L, XL",Black,Regular Fit,Polyester,Long Sleeves,Solid,"Black solid Casual shirt ,has a collarless with lapel detail, concealed button placket, long regular sleeves, straight hem Fit: Regular Fit Size worn by the model: S Chest: 32"" Height: 5'9"" Polyester&nbsp; Machine wash Wash care: Machine Wash",InStock,Konde Products & Services Private Limited,https://www.myntra.com/Shirts/all+about+you/all-about-you-Women-Black-Solid-Casual-Shirt/18966412/buy,2026-06-26T05:32:19.624356+00:00
Myntra,The Roadster Lifestyle Co. Women Striped Oversized Pure Cotton Casual Shirt,"https://assets.myntassets.com/h_720,q_70,w_540/v1/assets/images/34299319/2025/7/23/447933ef-20b6-44fc-a391-e7aabdb8a97b1753249388743-Womens-Oversize-Long-Sleeve-Cotton-Shirt-1361753249388175-1.jpg",Roadster,Apparel,Shirts,589,1599,63,4.1,1338,"XS, S, M, L, XL",Beige,Oversized,Cotton,Long Sleeves,Striped,"Beige vertical stripes striped opaque Casual shirt ,has a spread collar, button placket, long regular sleeves, curved hem Brand Fit: Fit: Oversized The model (height 5'8) is wearing a size S 100% Cotton Machine Wash Wash care: Machine Wash",InStock,FRACTAL INDUSTRIES LIMITED,https://www.myntra.com/Shirts/Roadster/The-Roadster-Lifestyle-Co-Women-Striped-Oversized-Pure-Cotton-Casual-Shirt/34299319/buy,2026-06-26T05:32:19.624356+00:00
Myntra,Hancock Women Sky Blue Solid Regular Fit Pure Cotton Formal Shirt,"https://assets.myntassets.com/h_720,q_70,w_540/v1/assets/images/20148446/2022/10/19/a5c49345-556e-47e7-b13d-371c22eee6651666161496542-Hancock-Women-Shirts-2121666161495934-1.jpg",Hancock,Apparel,Shirts,998,2299,57,4.3,1101,"S, M, L, XL",Blue,Regular Fit,Cotton,Long Sleeves,Solid,"Blue solid solid opaque formal shirt, has a spread collar, concealed button placket, long regular sleeves, curved hem Regular Fit Size worn by the model: S Chest: 32"" Height: 5'8"" Pure Cotton Machine wash Wash care: Machine Wash",InStock,SIDHBALI CREATIONS,https://www.myntra.com/Shirts/Hancock/Hancock-Women-Sky-Blue-Solid-Regular-Fit-Pure-Cotton-Formal-Shirt/20148446/buy,2026-06-26T05:32:19.624356+00:00
Myntra,The Roadster Lifestyle Co. Women Textured Spread Collar Casual Shirt,"https://assets.myntassets.com/h_720,q_70,w_540/v1/assets/images/2025/JUNE/14/RHIbL3kC_b9b77eb1bc8c455fb98c76c847ceee4e.jpg",Roadster,Apparel,Shirts,587,2199,73,4.2,7009,"XS, S, M, L",Navy Blue,Regular Fit,Polyester,Long Sleeves,Textured,Navy blue opaque casual shirt for women Spread collar Button placket Curved hemline Textured Regular length Long sleeves Regular Fit The model (height 5.8') is wearing a size S Polyester Machine Wash Wash care: Machine Wash,InStock,SUNSHINE LIFESTYLE,https://www.myntra.com/Shirts/Roadster/The-Roadster-Lifestyle-Co-Women-Textured-Spread-Collar-Casual-Shirt/34933634/buy,2026-06-26T05:32:19.624356+00:00
Myntra,ALL WAYS YOU Spread Collar Formal Shirt,"https://assets.myntassets.com/h_720,q_70,w_540/v1/assets/images/22429342/2023/3/20/3183376a-6798-460c-9bf0-fea40df822711679280139977ALLWAYSYOUWomenWhiteStandardOpaqueFormalShirt1.jpg",ALL WAYS YOU,Apparel,Shirts,476,1475,68,4.2,852,"XS, S, M, L, XL, XXL",White,Regular Fit,Crepe,Long Sleeves,Solid,"White solid opaque formal shirt, has a spread collar, concealed button placket, long regular sleeves, curved hem Brand Fit: Standard Fit: Regular Fit The model (height 5'8) is wearing a size S Crepe Machine Wash Wash care: Machine Wash",InStock,ALL WAYS YOU PRIVATE LIMITED,https://www.myntra.com/Shirts/ALL+WAYS+YOU/ALL-WAYS-YOU-Spread-Collar-Formal-Shirt/22429342/buy,2026-06-26T05:32:19.624356+00:00
Myntra,Tzelynn Women Sheer Casual Shirt,"https://assets.myntassets.com/h_720,q_70,w_540/v1/assets/images/2026/MARCH/22/0BiNC5J2_c22c0eea98d2414a99d29cf7cbc658d4.jpg",Tzelynn,Apparel,Shirts,593,1599,63,4.1,52,"S, M, L, XL",Brown,Relaxed Fit,Cotton,Long Sleeves,Printed,"Brown Solid Sheer Casual shirts ,has a Button-Down Collar, , Long Regular Sleeves, Curved hem Brand Fit: Fit: Relaxed Fit The model (height 5'8) is wearing a size S Wash care: Hand Wash",InStock,VIVIDH IMPEX,https://www.myntra.com/Shirts/Tzelynn/Tzelynn-Women-Sheer-Casual-Shirt/40838979/buy,2026-06-26T05:32:19.624356+00:00
Myntra,Ikonic klaer Women Comfort Striped Casual Shirt,"https://assets.myntassets.com/h_720,q_70,w_540/v1/assets/images/2026/JUNE/14/Q9n3LjVw_5849e3e9cb274d57b8ae85d8c2f57318.jpg",Ikonic klaer,Apparel,Shirts,1121,2399,53,4.5,109,"S, M, L, XL",Brown,Regular Fit,Cotton,Long Sleeves,Striped,"Brown vertical stripes striped opaque Casual shirt ,has a spread collar, button placket, na pocket, long regular sleeves, asymmetric hem Brand Fit: Comfort Fit: Regular Fit The model (height 5'8) is wearing a size S A modern twist on the classic shirt the tie-up waist creates a flattering shape, while the contrast collar and cuffs add polish. Pair with tailored trousers for work or high-waist jeans for a chic casual look. 100% Cotton Machine Wash Wash care: Hand Wash",InStock,Agarwal Cotton Mills,https://www.myntra.com/Shirts/Ikonic+klaer/Ikonic-klaer-Women-Comfort-Striped-Casual-Shirt/37893351/buy,2026-06-26T05:32:19.624356+00:00
Myntra,SASSAFRAS Curve White Plus Size Comfort Spread Collar Satin Casual Shirt,"https://assets.myntassets.com/h_720,q_70,w_540/v1/assets/images/26065582/2023/11/26/3d0bcdaa-f56e-4243-a468-0351b9d3ab1c1700939396125SASSAFRASCurveWomenOffWhiteComfortPartyShirt1.jpg",SASSAFRAS Curve,Apparel,Shirts,839,1999,58,4.2,418,"XXL, 3XL, 4XL, 5XL, 6XL",White,Regular Fit,Satin,Long Sleeves,Solid,"White solid opaque casual shirt, has a spread collar, button cuff, button placket, long regular sleeves, curved hem The model (height 5'8) is wearing a size XXL Satin Machine Wash Wash care: Machine Wash",InStock,ARDENT Retail Co.,https://www.myntra.com/Shirts/SASSAFRAS+Curve/SASSAFRAS-Curve-White-Plus-Size-Comfort-Spread-Collar-Satin-Casual-Shirt/26065582/buy,2026-06-26T05:32:19.624356+00:00
Myntra,The Roadster Life Co. Tartan Checked Pure Cotton Casual Shirt,"https://assets.myntassets.com/h_720,q_70,w_540/v1/assets/images/2026/MARCH/27/w0vnrTaR_417347c08d204c6c91ff86507ec956ed.jpg",Roadster,Apparel,Shirts,940,2499,62,4.1,381,"XXL, 3XL, 4XL, 5XL, 6XL",Black,Regular Fit,Cotton,Long Sleeves,Checked,"Black tartan checked opaque casual shirt, has a spread collar, button placket, long regular sleeves, curved hem Disclaimer: The model is AI generated. Fit: Regular Fit The model (height 5'8) is wearing a size S 100% Cotton Machine wash Wash care: Machine Wash",InStock,STREAMLINE APPARELS PRIVATE LIMITED,https://www.myntra.com/Shirts/Roadster/The-Roadster-Life-Co-Tartan-Checked-Pure-Cotton-Casual-Shirt/38660347/buy,2026-06-26T05:32:19.624356+00:00
Myntra,HERE&NOW Women Semiformal Shirt,"https://assets.myntassets.com/h_720,q_70,w_540/v1/assets/images/2026/FEBRUARY/10/8uDrNMql_378a41fdf30041b0b172506a53634c31.jpg",HERE&NOW,Apparel,Shirts,707,1444,51,4.1,47,"XS, S, M, L, XL, XXL",White,Relaxed Fit,Cotton,Long Sleeves,Textured,"White Textured Opaque Semiformal shirts ,has a Spread Collar, Button Placket, Long Regular Sleeves, Straight hem Brand Fit: Fit: Relaxed Fit The model (height 5'8) is wearing a size S Pair with high-waisted wide-leg trousers and pumps for a powerful office look. Machine wash cold on a gentle cycle or hand wash to preserve the pleat definition. Wash care: Machine Wash",InStock,Myriaad Trendz,https://www.myntra.com/Shirts/HERE%26NOW/HERENOW-Women-Semiformal-Shirt/39956343/buy,2026-06-26T05:32:19.624356+00:00
Myntra,Vero Moda Jen Spread Collar Regular Fit Casual Shirt,"https://assets.myntassets.com/h_720,q_70,w_540/v1/assets/images/2025/SEPTEMBER/2/LkDkvWkY_3a364cef1aa243d2af5abf16da288ba6.jpg",Vero Moda,Apparel,Shirts,799,1999,60,4.5,177,"M, L",Maroon,Regular Fit,Polyester,Long Sleeves,Solid,"Maroon solid opaque casual shirt ,has a spread collar, button placket, long puff sleeves, straight hem Fit: Regular Fit The model (height 5'8) is wearing a size S 051% Polyester-Recycled,049% Polyester Machine Wash Wash care: Machine Wash",InStock,Tech Connect Retail Pvt Ltd,https://www.myntra.com/Shirts/Vero+Moda/Vero-Moda-Jen-Spread-Collar-Regular-Fit-Casual-Shirt/36739990/buy,2026-06-26T05:32:19.624356+00:00
Myntra,The Roadster Lifestyle Co. Women Spread Collar Textured Satin Casual Shirt,"https://assets.myntassets.com/h_720,q_70,w_540/v1/assets/images/31298475/2024/11/28/4b835bec-08b6-4bb9-ad65-9f0d0a4936ba1732810841587-The-Roadster-Lifestyle-Co-Women-Spread-Collar-Textured-Satin-6.jpg",Roadster,Apparel,Shirts,555,2099,74,4,4358,"XS, S, M, L, XL, XXL",Mauve,Regular Fit,Satin,Long Sleeves,Self Design,Mauve opaque casual shirt Spread collar Button placket Long sleeves Curved hemline Regular Fit The model (height 5.8') is wearing a size S Satin Machine Wash Wash care: Machine Wash,InStock,Savadika Retail Private Limited,https://www.myntra.com/Shirts/Roadster/The-Roadster-Lifestyle-Co-Women-Spread-Collar-Textured-Satin-Casual-Shirt/31298475/buy,2026-06-26T05:32:19.624356+00:00
Myntra,CURVY STREET Plus Size Burgundy Classic Satin Casual Shirt,"https://assets.myntassets.com/h_720,q_70,w_540/v1/assets/images/23209174/2023/5/16/19a70f49-2d08-40f8-bc87-f796e8e004a11684181441585CURVYSTREETWomenBurgundyClassicOpaqueCasualShirt1.jpg",CURVY STREET,Apparel,Shirts,399,1999,80,4.4,2269,"XXL, 3XL, 4XL, 5XL, 6XL",Burgundy,Regular Fit,Polyester,Long Sleeves,Solid,"Burgundysolid opaque casual shirt ,has a spread collar, button placket, long regular sleeves, curved hem Plus size&nbsp; Brand Fit: Classic Fit: Regular Fit The model (height 5'8) is wearing a size S 100% Polyester&nbsp; Machine Wash Wash care: Machine Wash",InStock,STREET NINE FASHIONS PVT LTD,https://www.myntra.com/Shirts/CURVY+STREET/CURVY-STREET-Plus-Size-Burgundy-Classic-Satin-Casual-Shirt/23209174/buy,2026-06-26T05:32:19.624356+00:00
Myntra,The Roadster Life Co. Embellished Pure Cotton Casual Shirt,"https://assets.myntassets.com/h_720,q_70,w_540/v1/assets/images/2026/MARCH/6/hHggT5iF_3e4bfbeabffb4f2ab28f22ba849d4c4c.jpg",Roadster,Apparel,Shirts,948,2499,62,4.4,9788,"XS, S, M, L, XL, XXL",White,Regular Fit,Cotton,Long Sleeves,Solid,"White &amp; red solid&nbsp;opaque casual shirt, has a spread collar, button placket, long regular sleeves, straight hem The model (height 5'8) is wearing a size S 100% Cotton Machine wash Wash care: Machine Wash",InStock,STREAMLINE APPARELS PRIVATE LIMITED,https://www.myntra.com/Shirts/Roadster/The-Roadster-Life-Co-Embellished-Pure-Cotton-Casual-Shirt/40130161/buy,2026-06-26T05:32:19.624356+00:00
Myntra,Chemistry Spread Collar Casual Shirt,"https://assets.myntassets.com/h_720,q_70,w_540/v1/assets/images/2026/JUNE/22/kVEL4gi3_55cb96c994e745e0bbd71038fff0e271.jpg",Chemistry,Apparel,Shirts,588,1899,69,4.1,14,"S, M, L, XL, XXL",Pink,Regular Fit,Polyester,Long Sleeves,Solid,"Pink solid opaque casual shirt, has a spread collar, button placket, long regular sleeves, curved hem &nbsp;&nbsp; Disclaimer: This model is AI generated The model (height 5'8) is wearing a size S 100% Polyester&nbsp; Machine Wash Wash care: Machine Wash",InStock,Tech Connect Retail Pvt Ltd,https://www.myntra.com/Shirts/Chemistry/Chemistry-Spread-Collar-Casual-Shirt/40659932/buy,2026-06-26T05:32:19.624356+00:00
Myntra,The Roadster Life Co. Striped Pure Cotton Casual Shirt,"https://assets.myntassets.com/h_720,q_70,w_540/v1/assets/images/2026/JUNE/15/ehoQ40IH_dc58fb5a2f2f4b57a52d58a76a28dfe0.jpg",Roadster,Apparel,Shirts,894,2499,64,4.3,2822,"S, M, L, XL, XXL",Blue,Regular Fit,Cotton,Long Sleeves,Striped,"Blue and white striped opaque casual shirt, has a spread collar, button placket, pleated detail, long regular sleeves, curved hem Disclaimer: This model is AI generated 100% Cotton&nbsp; Machine Wash Wash care: Machine Wash",InStock,STREAMLINE APPARELS PRIVATE LIMITED,https://www.myntra.com/Shirts/Roadster/The-Roadster-Life-Co-Striped-Pure-Cotton-Casual-Shirt/41525916/buy,2026-06-26T05:32:19.624356+00:00
Myntra,KALINI Women Comfort Opaque Regular Fit Formal Shirt,"https://assets.myntassets.com/h_720,q_70,w_540/v1/assets/images/30107023/2024/7/3/31606418-fe44-4d13-a7d4-380fbf3c938c1720010925290KALINIWomenComfortOpaqueCasualShirt1.jpg",KALINI,Apparel,Shirts,351,1599,78,4,121,"S, M, L, XL",Burgundy,Regular Fit,Crepe,Long Sleeves,Solid,"Burgundy solid opaque Casual shirt ,has a spread collar, snap button placket, na pocket, long regular sleeves, straight hem Brand Fit: Comfort Fit: Regular Fit The model (height 5'8) is wearing a size S Crepe Machine Wash Wash care: Machine Wash",InStock,Riya Fashion,https://www.myntra.com/Shirts/KALINI/KALINI-Women-Comfort-Opaque-Regular-Fit-Formal-Shirt/30107023/buy,2026-06-26T05:32:19.624356+00:00
Myntra,THE FASHION HUB Women Casual Shirt,"https://assets.myntassets.com/h_720,q_70,w_540/v1/assets/images/2026/MAY/14/IV7fBfNw_4e927a927b4a4d3f80e56c9a6a9e5e12.jpg",THE FASHION HUB,Apparel,Shirts,470,999,53,0,0,"S, M, L, XL, XXL, 3XL, 4XL, 5XL",White,Regular Fit,Viscose Rayon,Three-Quarter Sleeves,Solid,"White Solid Opaque Casual shirts ,has a Band Collar, Button Placket, Three-Quarter Regular Sleeves, Curved hem Brand Fit: Fit: Regular Fit The model (height 5'8) is wearing a size S Refresh your everyday wardrobe with this elegant white linen blend shirt designed for effortless comfort and timeless style. Featuring a smart mandarin collar, breathable fabric, and relaxed silhouette, this versatile piece pairs perfectly with trousers, denims, or shorts for a chic casual look. Style it with minimal accessories and flats for a clean, sophisticated outfit suitable for brunches, office casual days, or weekend outings. Machine Wash Cold Wash care: Machine Wash",InStock,P.P. ENTERPRISES,https://www.myntra.com/Shirts/THE+FASHION+HUB/THE-FASHION-HUB-Women-Casual-Shirt/42156276/buy,2026-06-26T05:32:19.624356+00:00
Myntra,HERE&NOW Women Multi Stripes Striped Casual Shirt,"https://assets.myntassets.com/h_720,q_70,w_540/v1/assets/images/2026/FEBRUARY/21/SbYywwAx_a0a1d63926a24d74991b6748712ba41b.jpg",HERE&NOW,Apparel,Shirts,701,2299,70,4.2,965,"S, M, L, XL, XXL",Multi,Oversized,,Long Sleeves,Striped,"Multicoloured Multi Stripes Striped Opaque Casual shirts ,has a Spread Collar, Button Placket, 2 Patch pocket, Long Regular Sleeves, Curved hem Brand Fit: Fit: Regular Fit The model (height 5'8) is wearing a size S Machine wash Wash care: Machine Wash",InStock,Sixth Sense,https://www.myntra.com/Shirts/HERE%26NOW/HERENOW-Women-Multi-Stripes-Striped-Casual-Shirt/40215929/buy,2026-06-26T05:32:19.624356+00:00
Myntra,The Roadster Life Co. Women Pure Cotton Casual Shirt,"https://assets.myntassets.com/h_720,q_70,w_540/v1/assets/images/2026/JANUARY/21/4oJE06VP_500064bdad09402886065e06b80f0929.jpg",Roadster,Apparel,Shirts,836,1999,58,4.4,534,"XS, S, M, L, XL, XXL",Brown,Regular Fit,Cotton,Long Sleeves,Solid,"Brown Solid Opaque Casual shirts ,has a Spread Collar, Button Placket, Long Regular Sleeves, Curved hem Brand Fit: Fit: Regular Fit The model (height 5'8) is wearing a size S 100% cotton Machine wash Wash care: Machine Wash",InStock,STREAMLINE APPARELS PRIVATE LIMITED,https://www.myntra.com/Shirts/Roadster/The-Roadster-Life-Co-Women-Pure-Cotton-Casual-Shirt/39233794/buy,2026-06-26T05:32:19.624356+00:00
Myntra,The Roadster Life Co. Pinstripes Pure Cotton Wrap Style Pure Cotton Shirt,"https://assets.myntassets.com/h_720,q_70,w_540/v1/assets/images/2026/JANUARY/21/5BTDvM7P_97264b4b6b824c34b4fac6013fdcb09e.jpg",Roadster,Apparel,Shirts,924,2199,58,4.3,2822,"XS, S, M, L, XL, XXL",Pink,Regular Fit,Cotton,Long Sleeves,Striped,"Pink &amp; white pinstripes opaque wrap style shirt with pleated detail ,has a spread collar, button placket, long regular sleeves, straight hem Fit: Regular Fit The model (height 5'8) is wearing a size S 100% Cotton Machine wash Wash care: Machine Wash",InStock,STREAMLINE APPARELS PRIVATE LIMITED,https://www.myntra.com/Shirts/Roadster/The-Roadster-Life-Co-Pinstripes-Pure-Cotton-Wrap-Style-Pure-Cotton-Shirt/39326275/buy,2026-06-26T05:32:19.624356+00:00
Myntra,High Star Classic Oversized Spread Collar Long Sleeves Cotton Casual Shirt,"https://assets.myntassets.com/h_720,q_70,w_540/v1/assets/images/25901972/2023/11/16/8b4d1397-411a-44f2-b475-ea1233ade4581700126196482HighStarWomenBlackClassicOpaqueCasualShirt1.jpg",High Star,Apparel,Shirts,877,2299,62,4.3,17346,"S, M, L, XL",Black,Oversized,Cotton,Long Sleeves,Solid,"Black solid opaque casual shirt ,has a spread collar, button placket, 1 pocket, long regular sleeves, curved hemHigh Star - Product by BRND.ME Brand Fit: Classic Fit: Oversized The model (height 5'8) is wearing a size S 100% Cotton Machine Wash Wash care: Machine Wash",InStock,Mensa Brand Technologies Private Limited,https://www.myntra.com/Shirts/High+Star/High-Star-Classic-Oversized-Spread-Collar-Long-Sleeves-Cotton-Casual-Shirt/25901972/buy,2026-06-26T05:32:19.624356+00:00
Myntra,HERE&NOW Women Tartan Checks Checked Casual Shirt,"https://assets.myntassets.com/h_720,q_70,w_540/v1/assets/images/2025/NOVEMBER/27/pJ3tqVdW_6295cdf92e194ea7b71927d08f3cec33.jpg",HERE&NOW,Apparel,Shirts,743,2299,68,4.4,215,"S, M, L, XL, XXL",Multi,Oversized,Viscose Rayon,Long Sleeves,Checked,"Multicoloured tartan checks checked opaque Casual shirt ,has a spread collar, button placket, long regular sleeves, curved hem Brand Fit: Fit: Oversized The model (height 5'8) is wearing a size S Machine wash Wash care: Machine Wash",InStock,Sixth Sense,https://www.myntra.com/Shirts/HERE%26NOW/HERENOW-Women-Tartan-Checks-Checked-Casual-Shirt/38189249/buy,2026-06-26T05:32:19.624356+00:00
Myntra,High Star Classic Cuban Collar Long Sleeves Cotton Casual Shirt,"https://assets.myntassets.com/h_720,q_70,w_540/v1/assets/images/25844682/2023/11/10/5510a355-fc34-4634-8c26-eea486225cfb1699617064138HighStarWomenOrangeClassicOpaqueCasualShirt1.jpg",High Star,Apparel,Shirts,970,2499,61,4.2,4868,"S, M, L, XL, XXL",Orange,Regular Fit,Cotton,Long Sleeves,Solid,"Orange solid opaque casual shirt ,has a cuban collar, button placket, 2 pocket, long regular sleeves, curved hemHigh Star - Product by BRND.ME Brand Fit: Classic Fit: Regular Fit The model (height 5'8) is wearing a size S 100% Cotton Machine Wash Wash care: Machine Wash",InStock,Mensa Brand Technologies Private Limited,https://www.myntra.com/Shirts/High+Star/High-Star-Classic-Cuban-Collar-Long-Sleeves-Cotton-Casual-Shirt/25844682/buy,2026-06-26T05:32:19.624356+00:00
Myntra,HERE&NOW Women Khaki Spread Collar Casual Shirt,"https://assets.myntassets.com/h_720,q_70,w_540/v1/assets/images/2025/SEPTEMBER/8/4adDOvTp_7816009c3bac45a988a1fc9c6c8d06c5.jpg",HERE&NOW,Apparel,Shirts,743,2299,68,4.2,2520,"S, M, L, XL, XXL",Khaki,Oversized,Cotton,Long Sleeves,Solid,Color: Khaki Pattern: Solid Style: Casual shirt Collar: Spread Sleeves: Long Hem: Straight Closure: Button placket Brand Fit: Fit: Oversized The model (height 5'8) is wearing a size S Machine wash Wash care: Machine Wash,InStock,Sixth Sense,https://www.myntra.com/Shirts/HERE%26NOW/HERENOW-Women-Khaki-Spread-Collar-Casual-Shirt/36784612/buy,2026-06-26T05:32:19.624356+00:00
Myntra,PINACOLADA Spread Collar Long Sleeves Striped Cotton Oversized Casual Shirt,"https://assets.myntassets.com/h_720,q_70,w_540/v1/assets/images/29754132/2024/5/25/3e528943-2aaa-42d0-84b6-e577d7a1055d1716621904843PINACOLADAWomenOpaqueCasualShirt1.jpg",PINACOLADA,Apparel,Shirts,899,1499,40,4.2,7999,"S, M, L, XL",Black,Oversized,Cotton,Long Sleeves,Solid,"Black solid opaque Casual shirt ,has a spread collar, button placket, na pocket, long regular sleeves, curved hem Brand Fit: Fit: Oversized The model (height 5'8) is wearing a size S Cotton Machine wash Wash care: Machine Wash",InStock,Shreyash Retail Private Limited,https://www.myntra.com/Shirts/PINACOLADA/PINACOLADA-Spread-Collar-Long-Sleeves-Striped-Cotton-Oversized-Casual-Shirt/29754132/buy,2026-06-26T05:32:19.624356+00:00
Myntra,SAARSHE Women Relaxed Semi Sheer Casual Shirt,"https://assets.myntassets.com/h_720,q_70,w_540/v1/assets/images/2026/JUNE/3/evI60l3U_44535efdce7446489b4d15d15af48eea.jpg",SAARSHE,Apparel,Shirts,449,2199,80,0,0,"S, M, L, XL, XXL, 3XL",Black,Regular Fit,Cotton,Long Sleeves,Textured,"Black Textured Semi Sheer Casual shirts ,has a Spread Collar, Button Placket, 1 Patch pocket, Long Regular Sleeves, Curved hem Brand Fit: Relaxed Fit: Regular Fit The model (height 5'8) is wearing a size S white oversized cotton shirt for women Regular Machine Wash Wash care: Machine Wash",InStock,RAMAKRISHNA CREATIONS,https://www.myntra.com/Shirts/SAARSHE/SAARSHE-Women-Relaxed-Semi-Sheer-Casual-Shirt/42798274/buy,2026-06-26T05:32:19.624356+00:00
Myntra,Phosphorus Floral Lace Sheer Casual Shirt,"https://assets.myntassets.com/h_720,q_70,w_540/v1/assets/images/2026/MAY/21/eVG3wFtN_6e27a09b65954651b13826ddb82321e1.jpg",Phosphorus,Apparel,Shirts,923,2799,67,4.3,27,"XS, S, M, L",Black,Regular Fit,Cotton,Long Sleeves,Self Design,"Black floral self design sheer casual shirt,has a spread collar, button placket, long regular sleeves, straight hem Disclaimer : The model is AI generated. Fit: Regular Fit The model (height 5'8) is wearing a size S 69% Cotton, 31% Nylon Machine wash Wash care: Machine Wash",InStock,Shreyash Retail Private Limited,https://www.myntra.com/Shirts/Phosphorus/Phosphorus-Floral-Lace-Sheer-Casual-Shirt/38265115/buy,2026-06-26T05:32:19.624356+00:00
Myntra,The Roadster Life Co. Pure Cotton Striped Relaxed Fit Casual Shirt,"https://assets.myntassets.com/h_720,q_70,w_540/v1/assets/images/2025/NOVEMBER/12/cPxePrY7_8ac87d5224014f2197a3364aa4261da1.jpg",Roadster,Apparel,Shirts,589,1599,63,4.1,1338,"S, M, L, XL",Purple,Relaxed Fit,Cotton,Long Sleeves,Striped,"Purple and white vertical striped opaque casual shirt, has a spread collar, button placket, 1 patch pocket, long drop-shoulder sleeves, curved hem Fit: Relaxed Fit The model (height 5'8) is wearing a size S 100% Cotton Machine wash Wash care: Machine Wash",InStock,FRACTAL INDUSTRIES LIMITED,https://www.myntra.com/Shirts/Roadster/The-Roadster-Life-Co-Pure-Cotton-Striped-Relaxed-Fit-Casual-Shirt/36740835/buy,2026-06-26T05:32:19.624356+00:00
Myntra,HERE&NOW Women Checked Casual Shirt,"https://assets.myntassets.com/h_720,q_70,w_540/v1/assets/images/2025/AUGUST/8/UqRZVF6H_86255b19d42f4ce9a94edbf78627e585.jpg",HERE&NOW,Apparel,Shirts,794,2299,65,4.2,965,"S, M, L, XL, XXL",Navy Blue,Regular Fit,Cotton,Long Sleeves,Checked,"Navy blue and white grid tattersall checks checked Casual shirt, has a spread collar, button placket, 2 patch pockets with ruffle details, long sleeves, straight hem. Brand Fit: Fit: Regular Fit The model (height 5'8) is wearing a size S Cotton Machine wash Wash care: Machine Wash",InStock,Sixth Sense,https://www.myntra.com/Shirts/HERE%26NOW/HERENOW-Women-Checked-Casual-Shirt/36296107/buy,2026-06-26T05:32:19.624356+00:00
Myntra,JUNE & HARRY Relaxed Striped Satin Party Shirt,"https://assets.myntassets.com/h_720,q_70,w_540/v1/assets/images/24907964/2023/9/11/f602aad2-e7a6-41ad-91d7-4cb104708fd31694415132259JUNEHARRYWomenBlackRelaxedOpaqueStripedPartyShirt1.jpg",JUNE & HARRY,Apparel,Shirts,643,2199,71,4.1,564,"XS, S, M, L, XL",Black,Regular Fit,Satin,Long Sleeves,Striped,"Black &amp; white vertical stripes striped opaque party shirt ,has a spread collar, button placket, long regular sleeves, curved hem Brand Fit: Relaxed Fit: Regular Fit The model (height 5'8) is wearing a size S Satin Machine Wash Wash care: Machine Wash",InStock,DESIGNAGE PRIVATE LIMITED,https://www.myntra.com/Shirts/JUNE+%26+HARRY/JUNE--HARRY-Relaxed-Striped-Satin-Party-Shirt/24907964/buy,2026-06-26T05:32:19.624356+00:00
Myntra,Style Quotient Nude Smart Spread Collar Formal Shirt,"https://assets.myntassets.com/h_720,q_70,w_540/v1/assets/images/23306038/2023/5/21/462df9f3-51ad-462b-9129-8b6c287bad2d1684614684960StyleQuotientWomenNude-ColouredSmartOpaqueFormalShirt1.jpg",Style Quotient,Apparel,Shirts,579,999,42,4.2,1373,"S, M, L, XL",Nude,Regular Fit,Polyester,Short Sleeves,Solid,"Nude solid formal shirt, has a spread collar, button placket, short, extended sleeves, straight hem Brand Fit: Smart Fit: Regular Fit The model (height 5'8) is wearing a size S Polyester Hand Wash Wash care: Hand Wash",InStock,Krislon Synthetics Pvt.Ltd,https://www.myntra.com/Shirts/Style+Quotient/Style-Quotient-Nude-Smart-Spread-Collar-Formal-Shirt/23306038/buy,2026-06-26T05:32:19.624356+00:00
Myntra,Gerua By Libas Women Printed Casual Shirt,"https://assets.myntassets.com/h_720,q_70,w_540/v1/assets/images/2026/FEBRUARY/24/bYbdUoIu_d03022da74b64c0aa78f4811e922f887.jpg",Gerua By Libas,Apparel,Shirts,418,1599,74,4,114,"S, M, L, XL, XXL",Purple,Relaxed Fit,Cotton,Short Sleeves,Printed,"Purple Abstract Printed Opaque Casual shirts ,has a Spread Collar, Button Placket, Three-Quarter Regular Sleeves, Curved hem Brand Fit: Fit: Relaxed Fit The model (height 5'8) is wearing a size S Hand Wash, Separately In Cold Water, Do Not Bleach, Dry In Shade, Medium Iron. Wash care: Machine Wash",InStock,ZIVORE APPAREL PVT LTD,https://www.myntra.com/Shirts/Gerua+By+Libas/Gerua-By-Libas-Women-Printed-Casual-Shirt/40281817/buy,2026-06-26T05:32:19.624356+00:00
Myntra,The Roadster Life Co. Long Sleeves Casual Shirt,"https://assets.myntassets.com/h_720,q_70,w_540/v1/assets/images/2026/FEBRUARY/12/y85chFRs_a324788c33bf4f4a960fb59fe381bdf2.jpg",Roadster,Apparel,Shirts,592,1799,67,3.9,69,"XS, S, M, L, XL",White,Regular Fit,"Cotton, Elastane",Long Sleeves,Solid,"White solid opaque casual shirt, has a spread collar, button placket, long regular sleeves, curved hem Disclaimer: The model is AI generated. The model (height 5'8) is wearing a size S 98% Cotton &amp; 2% Elastane Machine wash Wash care: Machine Wash",InStock,FRACTAL INDUSTRIES LIMITED,https://www.myntra.com/Shirts/Roadster/The-Roadster-Life-Co-Long-Sleeves-Casual-Shirt/37647986/buy,2026-06-26T05:32:19.624356+00:00
Myntra,MULVARI Solid Button-down Striped Print Casual Short Sleeve Shirts,"https://assets.myntassets.com/h_720,q_70,w_540/v1/assets/images/2026/MARCH/25/9G8yyYW7_fc18339000bd48fb841cfe41cab5ae0d.jpg",MULVARI,Apparel,Shirts,600,1999,70,3.1,143,"XS, S, M, L",White,Tailored Fit,Polyester,Short Sleeves,Striped,"White Vertical Stripes Striped Casual shirts ,has a Spread Collar, , Short Regular Sleeves, Straight hem Brand Fit: Tailored Fit The model (height 5'8) is wearing a size S Wash care: Machine Wash",InStock,AAHWAN ENTERPRISE,https://www.myntra.com/Shirts/MULVARI/MULVARI-Solid-Button-down-Striped-Print-Casual-Short-Sleeve-Shirts/40900602/buy,2026-06-26T05:32:19.624356+00:00
Myntra,PURYS WORKSPACE Women Classic Band Collar Solid Formal Shirt,"https://assets.myntassets.com/h_720,q_70,w_540/v1/assets/images/2024/SEPTEMBER/14/twA5IUle_25656b00856142c0aee4460bb47be192.jpg",PURYS WORKSPACE,Apparel,Shirts,795,1999,60,4.2,292,"S, M, L, XL, XXL",Green,Regular Fit,Satin,Short Sleeves,Solid,"Green opaque formal shirt Band collar Concealed button placket Short, Kimono sleeves Curved hemline Regular Fit The model (height 5.8') is wearing a size S Satin Machine Wash Wash care: Machine Wash",InStock,PURYS ENTERPRISES PRIVATE LIMITED,https://www.myntra.com/Shirts/PURYS+WORKSPACE/PURYS-WORKSPACE-Women-Classic-Band-Collar-Solid-Formal-Shirt/30948916/buy,2026-06-26T05:32:19.624356+00:00
Myntra,U.S. Polo Assn. Women Women Casual Shirt,"https://assets.myntassets.com/h_720,q_70,w_540/v1/assets/images/2026/JANUARY/23/ZD5glt4i_11dc75f64d14401e9c0b9e9fd6297670.jpg",U.S. Polo Assn. Women,Apparel,Shirts,1319,1999,34,4.4,28,"S, M, L, XL",Blue,Regular Fit,Cotton,Long Sleeves,Solid,"Blue Solid Opaque Casual shirts ,has a Spread Collar, Button Placket, NA pocket, Long Regular Sleeves, Curved hem Brand Fit: Fit: Regular Fit The model (height 5'8) is wearing a size S Classic nautical style meets bold creativity in Modern Marine his summer, bright corals, electric blues, and playful pinks efresh timeless maritime hues. Flowing fabrics mimic ocan vaves, while artistic prints-abstract water reflections, sall, notifs, and marine florals-add a modern twist. Designed for sun-soaked adventures, from breezy beach days to city trolls, Modern Marine is where tradition meets vibrant expression. Designed with a focus on comfort, quality, and timeless appeal, this product seamlessly blends functionality with modern styleperfect for everyday use. | 65% Cotton, 32% Polyester, 3% Lycra | Machine wash Wash care: Machine Wash",InStock,ARVIND LIFESTYLE BRANDS LIMITED,https://www.myntra.com/Shirts/U.S.+Polo+Assn.+Women/US-Polo-Assn-Women-Women-Casual-Shirt/39571346/buy,2026-06-26T05:32:19.624356+00:00
Myntra,R.Code by The Roadster Life Co. Women Classic Striped Casual Shirt,"https://assets.myntassets.com/h_720,q_70,w_540/v1/assets/images/2026/JANUARY/23/aeCKWRyI_bc6bbedaebf34fd7b0b1ee4b3a18e523.jpg",R.Code by The Roadster Life Co.,Apparel,Shirts,498,2499,80,3.1,28,"XS, S, M, L, XL, XXL",Yellow,Oversized,Polyester,Three-Quarter Sleeves,Striped,"Yellow Vertical Stripes Striped Opaque Casual shirts ,has a Spread Collar, Button Placket, NA pocket, Three-Quarter Roll-Up Sleeves, Curved hem Brand Fit: Classic Fit: Oversized The model (height 5'8) is wearing a size S Crafted from lightweight, breathable woven fabric, this top is soft on the skin and suitable for all-day wear. Machine wash gently or hand wash in cold water with similar colours. Avoid bleach. Line dry or tumble dry on low heat, and iron on low temperature if required. Wash care: Machine Wash",InStock,SUNSHINE INTERNATIONAL BIZ PRIVATE LIMITED,https://www.myntra.com/Shirts/R.Code+by+The+Roadster+Life+Co./RCode-by-The-Roadster-Life-Co-Women-Classic-Striped-Casual-Shirt/39575665/buy,2026-06-26T05:32:19.624356+00:00
Myntra,SPYKAR Women Boxy Opaque Striped Casual Shirt,"https://assets.myntassets.com/h_720,q_70,w_540/v1/assets/images/2024/DECEMBER/4/pzvIyApM_da773b8510c74a36bf972ba5a7dbff13.jpg",SPYKAR,Apparel,Shirts,839,2399,65,4.2,59,"M, L, XL",Grey,Boxy,Cotton,Long Sleeves,Striped,"Grey solid striped opaque Casual shirt ,has a button-down collar, button placket, na pocket, long regular sleeves, straight hem Brand Fit: Fit: Boxy The model (height 5'8) is wearing a size S 100% cotton,Machine wash as per tag Wash care: Machine Wash",InStock,Shreyash Retail Private Limited,https://www.myntra.com/Shirts/SPYKAR/SPYKAR-Women-Boxy-Opaque-Striped-Casual-Shirt/31837193/buy,2026-06-26T05:32:19.624356+00:00
Myntra,The Roadster Life Co. Pure Cotton Textured Casual Shirt,"https://assets.myntassets.com/h_720,q_70,w_540/v1/assets/images/2026/JANUARY/7/79kdgX6u_823155ffe51745d58f3a827c0e5934df.jpg",Roadster,Apparel,Shirts,743,1999,63,4.2,2328,"S, M, L, XL, XXL",Green,Regular Fit,Cotton,Long Sleeves,Textured,"Green textured opaque casual shirt ,has a spread collar, button placket, long drop-shoulder sleeves, curved hem Brand Fit: Classic Fit: Regular Fit The model (height 5'8) is wearing a size S 100% cotton Machine wash Wash care: Machine Wash",InStock,STREAMLINE APPARELS PRIVATE LIMITED,https://www.myntra.com/Shirts/Roadster/The-Roadster-Life-Co-Pure-Cotton-Textured-Casual-Shirt/39001579/buy,2026-06-26T05:32:19.624356+00:00
Myntra,Nautica Oversized Fit Striped Cotton Linen Casual Shirt,"https://assets.myntassets.com/h_720,q_70,w_540/v1/assets/images/2026/MAY/13/905ncXRU_0e520893344a4c8d9fb934eb6e38005a.jpg",Nautica,Apparel,Shirts,1279,1999,36,4.3,10,"XS, S, M, L, XL",Pink,Oversized,Cotton,Long Sleeves,Striped,"White and pink striped opaque casual shirt, has a spread collar, button placket, 1 patch pocket, long regular sleeves, curved hem Disclaimer: This model is AI generated Oversized Fit The model (height 5'8) is wearing a size S 90% Cotton &amp; 10% Linen Machine Wash Wash care: Machine Wash",InStock,Savadika Retail Private Limited,https://www.myntra.com/Shirts/Nautica/Nautica-Oversized-Fit-Striped-Cotton-Linen-Casual-Shirt-/41202381/buy,2026-06-26T05:32:19.624356+00:00
Myntra,SASSAFRAS Women Black Solid All That Glitters Shirt,"https://assets.myntassets.com/h_720,q_70,w_540/v1/assets/images/20258490/2022/10/13/a7eb0627-1920-498e-89b6-36c91d558d521665657231312-SASSAFRAS-Women-Shirts-6571665657230889-1.jpg",SASSAFRAS,Apparel,Shirts,628,1699,63,4.2,1809,"XS, S, M, L, XL, XXL",Black,Relaxed Fit,Georgette,Long Sleeves,Self Design,"Add a dose of style to your closet with this smart and comfy shirt. With an attractive solid pattern and an alluring spread collar, this shirt is sure to stand apart.&nbsp; Black shade Classic solid pattern Spread collar Long drop-shoulder sleeves Georgette, dry clean Trend Alert Sparkle all night when you dress in beautiful party ensembles that are adorned with glittery embellishments, such as sequins or metallics. Brand Fit: Comfort Fit: Relaxed Fit Size worn by the model: S Chest: 31"" Height: 5'7"" 100% Polyester Dry-clean Wash care: Dry Clean",InStock,Sane Retails Private Limited,https://www.myntra.com/Shirts/SASSAFRAS/SASSAFRAS-Women--Black-Solid-All-That-Glitters-Shirt/20258490/buy,2026-06-26T05:32:19.624356+00:00
Myntra,Chemistry Women Solid Opaque Casual Shirt,"https://assets.myntassets.com/h_720,q_70,w_540/v1/assets/images/24310242/2023/8/4/91807494-f42f-441b-a416-d4f30becad671691145498682-Chemistry-Women-Shirts-7731691145498290-1.jpg",Chemistry,Apparel,Shirts,438,1249,65,4.2,4869,"S, M, L, XL, XXL",Black,Regular Fit,Polyester,Short Sleeves,Solid,"Black solid opaque Casual shirt ,has a mandarin collar, button placket, short roll-up sleeves, straight hem Brand Fit: New Regular Fit Size worn by the model: S Chest: 31"" Height: 5'6"" Hand Wash As Per tag, 100% Polyester Wash care: Hand Wash",InStock,GG APPARELS,https://www.myntra.com/Shirts/Chemistry/Chemistry-Women-Solid-Opaque-Casual-Shirt/24310242/buy,2026-06-26T05:32:19.624356+00:00
Myntra,WORK IT by STREET 9 Satin Casual Regular Fit Shirt,"https://assets.myntassets.com/h_720,q_70,w_540/v1/assets/images/22807884/2023/4/18/3d0a4144-5e82-4bb9-abbf-a262cb61a4b61681812855323Shirts1.jpg",WORK IT by STREET 9,Apparel,Shirts,339,1699,80,4.2,4406,"XS, S, M, L, XL",Champagne,Regular Fit,Satin,Long Sleeves,Solid,"Champagne solid opaque casual shirt, has a spread collar, button placket, long regular sleeves, curved hem Brand Fit: Comfort Fit: Regular Fit The model (height 5'8) is wearing a size S Satin Machine Wash Wash care: Machine Wash",InStock,STREET NINE FASHIONS PVT LTD,https://www.myntra.com/Shirts/WORK+IT+by+STREET+9/WORK-IT-by-STREET-9-Satin-Casual-Regular-Fit-Shirt/22807884/buy,2026-06-26T05:32:19.624356+00:00
Myntra,Tokyo Talkies Spread Collar Satin Regular Fit Shirt,"https://assets.myntassets.com/h_720,q_70,w_540/v1/assets/images/23536904/2023/6/5/8e819813-d02e-4a4e-b49a-09a9cbab93151685981444885TokyoTalkiesWomenBlackOpaqueCasualShirt1.jpg",Tokyo Talkies,Apparel,Shirts,359,1199,70,4.3,1021,"S, M, L",Black,Regular Fit,Satin,Long Sleeves,Solid,"Black solid casual shirt ,has a spread collar, button placket, long regular sleeves, curved hem Fit: Regular Fit The model (height 5'8) is wearing a size S Satin Machine Wash Wash care: Machine Wash",InStock,Konde Products & Services Private Limited,https://www.myntra.com/Shirts/Tokyo+Talkies/Tokyo-Talkies-Spread-Collar-Satin-Regular-Fit-Shirt/23536904/buy,2026-06-26T05:32:19.624356+00:00
Myntra,FITHUB Band Collar Pin Tucks Cotton Formal Shirt,"https://assets.myntassets.com/h_720,q_70,w_540/v1/assets/images/25971278/2023/11/21/69cf454a-aa46-46e1-b197-26032af01f9c1700575386200FITHUBWomenMaroonSmartOpaqueFormalShirt1.jpg",FITHUB,Apparel,Shirts,790,1699,54,4.4,7737,"S, M, L, XL, XXL, 3XL, 4XL",Maroon,Regular Fit,Cotton,Long Sleeves,Solid,"Maroon solid opaque pink tucks formal shirt, has band collar, long, regular sleeves, curved hemline The model (height 5'8) is wearing a size S Cotton Machine Wash Wash care: Machine Wash",InStock,KOSHARA VENTURES (GUJARAT) PRIVATE LIMITED,https://www.myntra.com/Shirts/FITHUB/FITHUB-Band-Collar-Pin-Tucks-Cotton-Formal-Shirt/25971278/buy,2026-06-26T05:32:19.624356+00:00
Myntra,Tzelynn Women Printed Casual Shirt,"https://assets.myntassets.com/h_720,q_70,w_540/v1/assets/images/2026/MAY/14/EMpARdbb_208e3e66aae54461b7c9c0177a4a8ff4.jpg",Tzelynn,Apparel,Shirts,699,1599,56,4.2,476,"S, M, L, XL",Blue,Relaxed Fit,"Cotton, Viscose Rayon",Long Sleeves,Printed,"Blue Abstract Printed Opaque Casual shirts ,has a Spread Collar, Button Placket, Long Regular Sleeves, Curved hem Brand Fit: Fit: Relaxed Fit The model (height 5'8) is wearing a size S Wash care: Hand Wash",InStock,VIVIDH IMPEX,https://www.myntra.com/Shirts/Tzelynn/Tzelynn-Women-Printed-Casual-Shirt/42130789/buy,2026-06-26T05:32:19.624356+00:00
Myntra,CURVY STREET Women Comfort Casual Shirt,"https://assets.myntassets.com/h_720,q_70,w_540/v1/assets/images/2025/NOVEMBER/22/7Y5jJOXR_db9a6f8ff0544069a73ec7542b4b4f81.jpg",CURVY STREET,Apparel,Shirts,689,1899,64,4.4,125,"XXL, 3XL, 4XL, 5XL, 6XL",Brown,Relaxed Fit,Cotton,Long Sleeves,Textured,"Brown textured opaque Casual shirt ,has a mandarin collar, button placket, long puff sleeves, straight hem Brand Fit: Comfort Fit: Relaxed Fit The model (height 5'8) is wearing a size S 100% Cotton Wash care: Machine Wash",InStock,STREET NINE FASHIONS PVT LTD,https://www.myntra.com/Shirts/CURVY+STREET/CURVY-STREET-Women-Comfort-Casual-Shirt/38168956/buy,2026-06-26T05:32:19.624356+00:00
Myntra,Hancock Relaxed Vertical Striped Pure Cotton Formal Shirt,"https://assets.myntassets.com/h_720,q_70,w_540/v1/assets/images/22340632/2023/3/14/1a909a22-30c3-489c-8787-b863718e72c81678800599959HancockWomenBlueRelaxedOpaqueStripedFormalShirt1.jpg",Hancock,Apparel,Shirts,998,1999,50,4.5,472,"XS, S, M, L, XL",Blue,Regular Fit,Cotton,Long Sleeves,Striped,"Blue &amp; white vertical striped opaque formal shirt ,has a spread collar, concealed button placket, long regular sleeves, curved hem Brand Fit: Relaxed Fit: Regular Fit The model (height 5'8) is wearing a size S Pure Cotton Machine Wash Wash care: Machine Wash",InStock,SIDHBALI CREATIONS,https://www.myntra.com/Shirts/Hancock/Hancock-Relaxed-Vertical-Striped-Pure-Cotton-Formal-Shirt/22340632/buy,2026-06-26T05:32:19.624356+00:00
Myntra,Gerua By Libas Women Printed Casual Shirt,"https://assets.myntassets.com/h_720,q_70,w_540/v1/assets/images/2026/MARCH/7/8YaVi5ez_747efc4be27b46459160591773ce12b9.jpg",Gerua By Libas,Apparel,Shirts,398,1599,75,4.1,36,"S, M, L, XL, XXL",Blue,Regular Fit,Cotton,Long Sleeves,Printed,"Blue Printed Opaque Casual shirts ,has a Spread Collar, Button Placket, 1 Patch pocket, Long Regular Sleeves, Curved hem Brand Fit: Fit: Regular Fit The model (height 5'8) is wearing a size S Hand Wash, Separately In Cold Water, Do Not Bleach, Dry In Shade, Medium Iron. Wash care: Machine Wash",InStock,ZIVORE APPAREL PVT LTD,https://www.myntra.com/Shirts/Gerua+By+Libas/Gerua-By-Libas-Women-Printed-Casual-Shirt/40281824/buy,2026-06-26T05:32:19.624356+00:00
Myntra,Femibazaar Women Blue Striped Polycotton Oversized Shirt,"https://assets.myntassets.com/h_720,q_70,w_540/v1/assets/images/2025/AUGUST/23/eVWSrO8e_6c2fed479ce9459cb1ed04f464194431.jpg",Femibazaar,Apparel,Shirts,449,1599,72,4,1145,"S, M, L, XL",Blue,Oversized,Polycotton,Long Sleeves,Striped,"Blue striped shirt has a spread collar, button placket, long, curved hem Brand Fit: Relaxed Fit: Oversized The model (height 5'8) is wearing a size S Gentle Machine Wash Wash care: Machine Wash",InStock,THE GOLDEN SEW,https://www.myntra.com/Shirts/Femibazaar/Femibazaar-Women-Blue-Striped-Polycotton-Oversized-Shirt/36566993/buy,2026-06-26T05:32:19.624356+00:00
Myntra,FITHUB Band Collar Pin Tucks Cotton Formal Shirt,"https://assets.myntassets.com/h_720,q_70,w_540/v1/assets/images/25971282/2023/11/21/63e07aaa-c252-4bc9-a1a4-87f9344ffac31700575380813FITHUBWomenBlackSmartOpaqueFormalShirt1.jpg",FITHUB,Apparel,Shirts,790,1699,54,4.4,7737,"S, M, L, XL, XXL, 3XL, 4XL",Black,Regular Fit,Cotton,Long Sleeves,Solid,"Black solid opaque pinktucks formal shirt, has band collar, long, regular sleeves, curved hemline The model (height 5'8) is wearing a size S Cotton Machine Wash Wash care: Machine Wash",InStock,KOSHARA VENTURES (GUJARAT) PRIVATE LIMITED,https://www.myntra.com/Shirts/FITHUB/FITHUB-Band-Collar-Pin-Tucks-Cotton-Formal-Shirt/25971282/buy,2026-06-26T05:32:19.624356+00:00
Myntra,Roadster Women Beige & Maroon Checked Relaxed Boxy Fit Casual Shirt,"https://assets.myntassets.com/h_720,q_70,w_540/v1/assets/images/2028078/2019/4/26/125a9a9d-d452-4ae4-9163-dd0d3244003a1556282322230-Roadster-Women-Beige--Maroon-Checked-Relaxed-Boxy-Fit-Casual-1.jpg",Roadster,Apparel,Shirts,894,2099,57,4.4,15368,"XS, S, M, XL, XXL",Beige,Boxy,,Long Sleeves,Checked,"Beige and maroon checked casual shirt, has a spread collar, button placket, 1 pocket, long sleeves, curved hem Relaxed Boxy Fit The model (height 5'8"") is wearing a size S This tee from Roadster has a traditional design. Keep it simple for the weekend with a pair of trim denims and canvas shoes. Viscose Rayon Machine-wash Wash care: Machine Wash",InStock,M/S STREAMLINE APPARELS PRIVATE LIMITED - SJIT,https://www.myntra.com/Shirts/Roadster/Roadster-Women-Beige--Maroon-Checked-Relaxed-Boxy-Fit-Casual-Shirt/2028078/buy,2026-06-26T05:32:19.624356+00:00
Myntra,Roadster Women Striped Oversized Casual Shirt,"https://assets.myntassets.com/h_720,q_70,w_540/v1/assets/images/30256917/2024/10/4/2db6633a-fbf6-403c-af6a-210c6b94e22f1728018949943-Womens-Oversize-Long-Sleeve-Seersucker-Stripe-Shirt-44517280-1.jpg",Roadster,Apparel,Shirts,599,1799,67,4.4,19139,"XS, S, M, L, XL",White,Oversized,Cotton,Long Sleeves,Striped,"White vertical stripes striped opaque Casual shirt ,has a spread collar, button placket, long regular sleeves, curved hem Brand Fit: Fit: Oversized The model (height 5'8) is wearing a size S 100% COTTON Wash care: Machine Wash",InStock,FRACTAL INDUSTRIES LIMITED,https://www.myntra.com/Shirts/Roadster/Roadster-Women-Striped-Oversized-Casual-Shirt/30256917/buy,2026-06-26T05:32:19.624356+00:00
Myntra,Hancock Comfort Puff Sleeves Cuban Collar Pleated Formal Shirt,"https://assets.myntassets.com/h_720,q_70,w_540/v1/assets/images/2026/JANUARY/30/GzsUMWSO_07a23910db6843b0a5320c00d161e8e0.jpg",Hancock,Apparel,Shirts,1214,2699,55,4.2,185,"XS, S, M, L, XL",Cream,Regular Fit,"Cotton, Satin",Short Sleeves,Solid,"Cream-coloured solid opaque Formal shirt ,has a cuban collar, button placket, short puff sleeves, curved hem Brand Fit: Comfort Regular Fit Size worn by the model: S Chest: 35'' Height: 5'10"" Cotton &amp; Satin Machine Wash Dark Colors Seperately Iron Prints on reverse side Tumble dry low Dry in shade Wash care: Machine Wash",InStock,SIDHBALI CREATIONS,https://www.myntra.com/Shirts/Hancock/Hancock-Comfort-Puff-Sleeves-Cuban-Collar-Pleated-Formal-Shirt/30052432/buy,2026-06-26T05:32:19.624356+00:00
Myntra,The Roadster Lifestyle Co. Pure Cotton Boxy Lace & Pintucks Detail Casual Shirt,"https://assets.myntassets.com/h_720,q_70,w_540/v1/assets/images/22050682/2024/2/26/1d77944e-91dd-458a-995f-ba259d4c64811708944721444-Roadster-Women-Shirts-4991708944721062-1.jpg",Roadster,Apparel,Shirts,956,2099,54,4.5,1465,"XS, S, M, L, XL, XXL",Off White,Boxy,Cotton,Long Sleeves,Solid,"Off white solid with pintuck and lace detailed&nbsp;opaque Casual shirt ,has a band collar, button placket, long puff sleeves, curved hem Boxy Fit Size worn by the model: s Chest: 30"" Height: 5'5"" Cotton&nbsp; Machine wash Wash care: Machine Wash",InStock,STREAMLINE APPARELS PRIVATE LIMITED,https://www.myntra.com/Shirts/Roadster/The-Roadster-Lifestyle-Co-Pure-Cotton-Boxy-Lace--Pintucks-Detail-Casual-Shirt/22050682/buy,2026-06-26T05:32:19.624356+00:00
Myntra,The Roadster Life Co. Oversized Fit Textured Pure Cotton Casual Shirt,"https://assets.myntassets.com/h_720,q_70,w_540/v1/assets/images/2026/APRIL/28/iSrb7TqM_d354cc6968194dce905b3be5e6ebd124.jpg",Roadster,Apparel,Shirts,702,1799,61,3.6,8,"XS, S, M, L, XL",White,Oversized,Cotton,Long Sleeves,Textured,"White self design textured opaque casual shirt, has a spread collar, button placket, long regular sleeves, straight hem Regular Fit The model (height 5'8) is wearing a size S 100% Cotton&nbsp; Machine Wash Wash care: Machine Wash",InStock,FRACTAL INDUSTRIES LIMITED,https://www.myntra.com/Shirts/Roadster/The-Roadster-Life-Co-Oversized-Fit-Textured-Pure-Cotton-Casual-Shirt/40702211/buy,2026-06-26T05:32:19.624356+00:00
Myntra,The Roadster Lifestyle Co. Striped Spread Collar Oversized Shirt,"https://assets.myntassets.com/h_720,q_70,w_540/v1/assets/images/2026/FEBRUARY/11/QFz6Oymf_bb0cdb4adc294bb79496e372bb8f5c43.jpg",Roadster,Apparel,Shirts,638,1499,57,4.1,10,"S, M, XL, XXL",Yellow,Oversized,Cotton,Long Sleeves,Striped,"Yellow striped oversized shirt ,has a spread collar, button placket, long sleeves, curved hem Oversized The model (height 5'8"") is wearing size S Women Cotton Oversized Shirt Cotton Machine Wash Wash care: Machine Wash",InStock,DIMPY GARMENTS,https://www.myntra.com/Shirts/Roadster/The-Roadster-Lifestyle-Co-Striped-Spread-Collar-Oversized-Shirt/39967044/buy,2026-06-26T05:32:19.624356+00:00
Myntra,DIMPY GARMENTS Women Relaxed Striped Casual Shirt,"https://assets.myntassets.com/h_720,q_70,w_540/v1/assets/images/2025/DECEMBER/20/4azfniXf_aacc4a9f3b0d4d4ab43e2505f18364d2.jpg",DIMPY GARMENTS,Apparel,Shirts,363,1499,76,4.1,291,"S, M, XL, XXL",Lime Green,Relaxed Fit,Cotton,Long Sleeves,Striped,"Lime green vertical stripes striped opaque Casual shirt ,has a spread collar, button placket, na pocket, long regular sleeves, straight hem Brand Fit: Relaxed Fit: Relaxed Fit The model (height 5'8) is wearing a size S Green Womens Striped Cotton Oversized Long Sleeve Button-Down Shirt Wash care: Machine Wash",InStock,Dimpy Garments,https://www.myntra.com/Shirts/DIMPY+GARMENTS/DIMPY-GARMENTS-Women-Relaxed-Striped-Casual-Shirt/38818738/buy,2026-06-26T05:32:19.624356+00:00
Myntra,CSP FASHION Women Vertical Striped Spread Collar Cotton Casual Shirt,"https://assets.myntassets.com/h_720,q_70,w_540/v1/assets/images/2025/AUGUST/21/FwtGJBqF_a39173d36f164dea852cde2e52387fce.jpg",CSP FASHION,Apparel,Shirts,537,999,46,4,176,"S, M, L, XL",Blue,Regular Fit,Cotton,Long Sleeves,Striped,Blue &amp; White opaque casual shirt for women Spread collar Button placket Curved hemline Vertical stripes Striped Regular length Long sleeves Regular Fit The model (height 5.8') is wearing a size S Cotton Machine Wash Wash care: Machine Wash,InStock,N P ENTERPRISES,https://www.myntra.com/Shirts/CSP+FASHION/CSP-FASHION-Women-Vertical-Striped-Spread-Collar-Cotton-Casual-Shirt/36515677/buy,2026-06-26T05:32:19.624356+00:00
Myntra,HERE&NOW Women Relaxed Fit Spread Collar Abstract Printed Casual Shirt,"https://assets.myntassets.com/h_720,q_70,w_540/v1/assets/images/2025/FEBRUARY/7/JcEfcW74_fda33a2066b34c1e84cac2a3b2a1a84f.jpg",HERE&NOW,Apparel,Shirts,743,2299,68,4.3,1433,"S, M, L, XL, XXL",Teal,Relaxed Fit,Viscose Rayon,Long Sleeves,Printed,"Teal, Red &amp; Green opaque casual shirt for women Spread collar Button placket Long, Drop-shoulder sleeves Curved hemline Relaxed Fit The model (height 5.8') is wearing a size S Viscose Rayon Machine Wash Wash care: Machine Wash",InStock,Sixth Sense,https://www.myntra.com/Shirts/HERE%26NOW/HERENOW-Women-Relaxed-Fit-Spread-Collar-Abstract-Printed-Casual-Shirt/32686736/buy,2026-06-26T05:32:19.624356+00:00
Myntra,H&M Peter Pan Collar cap-sleeved shirt,"https://assets.myntassets.com/h_720,q_70,w_540/v1/assets/images/2026/MARCH/16/us5sT9wa_dcfed04d3b3841ab8bf3aa6ced8adb4a.jpg",H&M,Apparel,Shirts,999,999,,4.6,337,"XXS, XS, S, M, L, XL",White,Regular Fit,Cotton,Short Sleeves,Striped,"Fitted shirt in crisp poplin with a collar, buttons down the front and cap sleeves. Princess seams at the front and back for a flattering silhouette. The model (height 5'8 ') is wearing a size S 73% Cotton, 23% Polyester, 4% Elastane Hand wash Wash care: Machine Wash",InStock,H & M Hennes & Mauritz Retail Private Limited,https://www.myntra.com/Shirts/H%26M/HM-Peter-Pan-Collar-cap-sleeved-shirt/40694574/buy,2026-06-26T05:32:19.624356+00:00
Myntra,THE FASHION HUB Women Semi Sheer Colourblocked Casual Shirt,"https://assets.myntassets.com/h_720,q_70,w_540/v1/assets/images/2026/MAY/8/WSJoPIJB_adde2c8abbaa400988451ef9b4823a3b.jpg",THE FASHION HUB,Apparel,Shirts,465,999,53,3.7,37,"S, M, L, XL, XXL, 3XL, 4XL, 5XL",Yellow,Regular Fit,Cotton,Long Sleeves,Colourblocked,"Yellow Colourblocked Semi Sheer Casual shirts ,has a Band Collar, Button Placket, Long Regular Sleeves, Curved hem Brand Fit: Fit: Regular Fit The model (height 5'8) is wearing a size S Elevate your everyday wardrobe with this sophisticated chocolate brown shirt. The standout ruched sleeves with tie-up details add a contemporary edge to a classic silhouette. Pair it with high-waisted beige trousers and loafers for a polished office look, or tuck it into distressed denim with ankle boots for a chic weekend ensemble. Gentle Machine Wash Wash care: Machine Wash",InStock,P.P. ENTERPRISES,https://www.myntra.com/Shirts/THE+FASHION+HUB/THE-FASHION-HUB-Women-Semi-Sheer-Colourblocked-Casual-Shirt/41954374/buy,2026-06-26T05:32:19.624356+00:00
Myntra,Sztori Plus Size Striped Seersucker Pure Cotton Casual Shirt,"https://assets.myntassets.com/h_720,q_70,w_540/v1/assets/images/2025/NOVEMBER/27/9ZkkcH3n_ab20aa8c50c24c18bdd57d77a85f6276.jpg",Sztori,Apparel,Shirts,886,2499,65,4.5,311,"XXL, 3XL, 4XL, 5XL",White,Regular Fit,Cotton,Long Sleeves,Striped,"Pink and white vertical stripes opaque Casual shirt ,has a spread collar, button placket, long regular sleeves, curved hem Fit: Regular Fit The model (height 5'8) is wearing a size 2XL 100% Cotton Machine wahs Wash care: Machine Wash",InStock,FRACTAL INDUSTRIES LIMITED,https://www.myntra.com/Shirts/Sztori/Sztori-Plus-Size-Striped-Seersucker-Pure-Cotton-Casual-Shirt/37510650/buy,2026-06-26T05:32:19.624356+00:00
Myntra,Chemistry Women Striped Formal Shirt,"https://assets.myntassets.com/h_720,q_70,w_540/v1/assets/images/35727672/2025/7/23/a7d79108-1cbb-4fe8-8ad0-e4c1b5864f491753250012057-Chemistry-Women-Shirts-9121753250011491-1.jpg",Chemistry,Apparel,Shirts,694,1899,63,4.3,286,"S, M, L, XL, XXL",Blue,Regular Fit,Viscose Rayon,Long Sleeves,Striped,"Blue vertical stripes striped opaque Formal shirt ,has a cutaway collar, button placket, long regular sleeves, curved hem Brand Fit: Fit: Regular Fit The model (height 5'8) is wearing a size S Viscose Rayon Machine Wash Wash care: Machine Wash",InStock,GG APPARELS,https://www.myntra.com/Shirts/Chemistry/Chemistry-Women-Striped-Formal-Shirt/35727672/buy,2026-06-26T05:32:19.624356+00:00
Myntra,The Roadster Lifestyle Co. Solid Regular Fit Shirt,"https://assets.myntassets.com/h_720,q_70,w_540/v1/assets/images/33439618/2025/5/6/6680a27e-d5a3-4aeb-8a5c-0dc80372565e1746531560675-The-Life-Co-Pure-Cotton-Wrap-Style-Casual-Shirt-624174653155-1.jpg",Roadster,Apparel,Shirts,869,1899,54,4.4,9788,"XS, S, M, L, XL, XXL",Olive,Regular Fit,Cotton,Long Sleeves,Solid,"Olive green solid opaque Casual shirt ,has a spread collar, button placket, 1 pocket, long regular sleeves, straight hem Brand Fit: Classic Fit: Regular Fit The model (height 5'8) is wearing a size S 100% Cotton MACHINE WASH Wash care: Machine Wash",InStock,STREAMLINE APPARELS PRIVATE LIMITED,https://www.myntra.com/Shirts/Roadster/The-Roadster-Lifestyle-Co-Solid-Regular-Fit-Shirt/33439618/buy,2026-06-26T05:32:19.624356+00:00
Myntra,HERE&NOW Women Cotton Casual Shirt,"https://assets.myntassets.com/h_720,q_70,w_540/v1/assets/images/33465591/2025/4/17/4c9af7b8-c13d-47fc-9467-a21a70b5533e1744889073250-HERENOW-Women-Opaque-Casual-Shirt-3511744889072780-1.jpg",HERE&NOW,Apparel,Shirts,700,2099,67,4.3,268,"S, M, L, XL, XXL",Orange,Oversized,Cotton,Short Sleeves,Solid,"Orange solid opaque Casual shirt ,has a spread collar, button placket, short regular sleeves, straight hem Brand Fit: Fit: Oversized The model (height 5'8) is wearing a size S Cotton Machine wash Wash care: Machine Wash",InStock,Sixth Sense,https://www.myntra.com/Shirts/HERE%26NOW/HERENOW-Women-Cotton-Casual-Shirt/33465591/buy,2026-06-26T05:32:19.624356+00:00
Myntra,Gerua By Libas Women Printed Casual Shirt,"https://assets.myntassets.com/h_720,q_70,w_540/v1/assets/images/2026/MARCH/7/FN9WObMZ_b73c697b241a48419dfe3624cca9f1d7.jpg",Gerua By Libas,Apparel,Shirts,418,1599,74,4,53,"S, M, L, XL, XXL",Yellow,Regular Fit,,Long Sleeves,Printed,"Yellow Printed Opaque Casual shirts ,has a Spread Collar, Button Placket, Long Regular Sleeves, Curved hem Brand Fit: Fit: Regular Fit The model (height 5'8) is wearing a size S Hand Wash, Separately In Cold Water, Do Not Bleach, Dry In Shade, Medium Iron. Wash care: Machine Wash",InStock,ZIVORE APPAREL PVT LTD,https://www.myntra.com/Shirts/Gerua+By+Libas/Gerua-By-Libas-Women-Printed-Casual-Shirt/40281891/buy,2026-06-26T05:32:19.624356+00:00
Myntra,CSP FASHION Women Vertical Striped Spread Collar Cotton Casual Shirt,"https://assets.myntassets.com/h_720,q_70,w_540/v1/assets/images/2025/AUGUST/21/idn61ZHj_6491a0addf064b44a6f5435932bd069a.jpg",CSP FASHION,Apparel,Shirts,537,999,46,4,496,"S, M, L, XL",Pink,Regular Fit,Cotton,Long Sleeves,Striped,Pink &amp; White opaque casual shirt for women Spread collar Button placket Curved hemline Vertical stripes Striped Regular length Long sleeves Regular Fit The model (height 5.8') is wearing a size S Cotton Machine Wash Wash care: Machine Wash,InStock,N P ENTERPRISES,https://www.myntra.com/Shirts/CSP+FASHION/CSP-FASHION-Women-Vertical-Striped-Spread-Collar-Cotton-Casual-Shirt/36515691/buy,2026-06-26T05:32:19.624356+00:00
Myntra,her by invictus Women Black & White Checked Regular Fit Shirt,"https://assets.myntassets.com/h_720,q_70,w_540/v1/assets/images/20113820/2022/10/4/2bef050c-1398-4e02-99aa-8902aa0356021664864621605-her-by-invictus-Women-Black-Checked-Casual-Shirt-90016648646-1.jpg",her by invictus,Apparel,Shirts,449,1498,70,4.1,1090,"S, M, L",Black,Regular Fit,Viscose Rayon,Long Sleeves,Checked,"Black &amp; white checked opaque shirt, has a ruffled mandarin collar, full button placket, long regular sleeves, and curved hem Regular Fit Size worn by the model: S Chest: 31"" Height: 5'7"" 100% Viscose rayon Machine wash Wash care: Machine Wash",InStock,Shreyash Retail Private Limited,https://www.myntra.com/Shirts/her+by+invictus/her-by-invictus-Women-Black--White-Checked-Regular-Fit-Shirt/20113820/buy,2026-06-26T05:32:19.624356+00:00
Myntra,The Roadster Lifestyle Co. Women Oversized Pure Cotton Casual Shirt,"https://assets.myntassets.com/h_720,q_70,w_540/v1/assets/images/33636921/2025/7/3/fe635822-361c-4358-a55e-4443dd6f884d1751517506217-The-Roadster-Lifestyle-Co-Solid-Oversized-Shirt-312175151750-1.jpg",Roadster,Apparel,Shirts,702,1799,61,4.2,3959,"S, M, L, XL",Olive,Oversized,Cotton,Long Sleeves,Solid,"Olive green solid opaque Casual shirt ,has a spread collar, button placket, 1 pocket, long regular sleeves, curved hem Brand Fit: Fit: Oversized The model (height 5'8) is wearing a size S 100% Cotton Machine wash Wash care: Machine Wash",InStock,FRACTAL INDUSTRIES LIMITED,https://www.myntra.com/Shirts/Roadster/The-Roadster-Lifestyle-Co-Women-Oversized-Pure-Cotton-Casual-Shirt/33636921/buy,2026-06-26T05:32:19.624356+00:00
Myntra,CURVY STREET Plus Size Floral Printed Shirt Collar Cuffed Sleeves Shirt Style Top Shirt,"https://assets.myntassets.com/h_720,q_70,w_540/v1/assets/images/25652394/2023/10/27/c0f3d412-ef12-4e9a-aa3e-da151b80bf841698396958753CURVYSTREETWomenBlueComfortOpaquePrintedCasualShirt1.jpg",CURVY STREET,Apparel,Shirts,479,1999,76,4.4,338,"XXL, 3XL, 4XL, 5XL",Blue,Slim Fit,,Three-Quarter Sleeves,Printed,"Blue &amp; off white floral printed shirt style top Shirt collar Long, cuffed sleeve Button closure The model (height 5'8) is wearing a size XXL 100% Polyester Machine Wash",InStock,STREET NINE FASHIONS PVT LTD,https://www.myntra.com/Shirts/CURVY+STREET/CURVY-STREET-Plus-Size-Floral-Printed-Shirt-Collar-Cuffed-Sleeves-Shirt-Style-Top-Shirt/25652394/buy,2026-06-26T05:32:19.624356+00:00
Myntra,Roadster Women Slim Fit Opaque Cotton Casual Shirt,"https://assets.myntassets.com/h_720,q_70,w_540/v1/assets/images/28007490/2024/3/12/b09c42fb-da50-4da9-bae4-a32c041c339c1710245218937-The-Life-Co-Pure-Cotton-Wrap-Style-Casual-Shirt-389171024521-1.jpg",Roadster,Apparel,Shirts,869,1899,54,4.4,9788,"XS, S, M, L, XL",Olive,Slim Fit,Cotton,Long Sleeves,Solid,"Olive green solid opaque Casual shirt ,has a spread collar, button placket, long puff sleeves, straight hem Slim Fit Size worn by the model: s Chest: 32"" Height: 5'7"" 100% Cotton Machine Wash Wash care: Machine Wash",InStock,STREAMLINE APPARELS PRIVATE LIMITED,https://www.myntra.com/Shirts/Roadster/Roadster-Women-Slim-Fit-Opaque-Cotton-Casual-Shirt/28007490/buy,2026-06-26T05:32:19.624356+00:00
Myntra,The Roadster Life Co. Opaque Striped Casual Shirt,"https://assets.myntassets.com/h_720,q_70,w_540/v1/assets/images/28126064/2025/3/17/12172d21-4b01-4e0b-995c-6ba6d6534ce81742194701822-Roadster-Striped-Opaque-Casual-Shirt-7311742194701334-1.jpg",Roadster,Apparel,Shirts,340,1099,69,4,746,"XS, S, M, L, XL, XXL",Green,Regular Fit,Viscose Rayon,Long Sleeves,Striped,"Green and white vertical striped opaque casual shirt, has a spread collar, button placket, long regular sleeves, curved hem. Fit: Regular Fit The model (height 5'8) is wearing a size S 100% Viscose Machine Wash Wash care: Machine Wash",InStock,Savadika Retail Private Limited,https://www.myntra.com/Shirts/Roadster/The-Roadster-Life-Co-Opaque-Striped-Casual-Shirt/28126064/buy,2026-06-26T05:32:19.624356+00:00
Myntra,Molly & Michel Women Comfort Slim Fit Formal Shirt,"https://assets.myntassets.com/h_720,q_70,w_540/v1/assets/images/2026/JANUARY/17/IqNviVM2_cc00c884db9644cc970de934ae18d8d7.jpg",Molly & Michel,Apparel,Shirts,575,1899,70,4.1,50,"S, M, L, XL",White,Slim Fit,Cotton,Long Sleeves,Solid,"White Solid Opaque Formal shirts ,has a Spread Collar, Button Placket, NA pocket, Long Regular Sleeves, Curved hem Brand Fit: Comfort Fit: Slim Fit The model (height 5'8) is wearing a size S Machine Wash Wash care: Machine Wash",InStock,SHAGUN ENTERPRISES,https://www.myntra.com/Shirts/Molly+%26+Michel/Molly--Michel-Women-Comfort-Slim-Fit-Formal-Shirt/39413618/buy,2026-06-26T05:32:19.624356+00:00
Myntra,STREET 9 Women Skinny Fit Casual Shirt,"https://assets.myntassets.com/h_720,q_70,w_540/v1/assets/images/2025/NOVEMBER/29/VTrKam9X_9692277cd4764b10aa423789568bc613.jpg",STREET 9,Apparel,Shirts,800,1899,58,4.1,64,"S, M, L, XL, XXL",Black,Skinny Fit,Cotton,Long Sleeves,Solid,"Black solid opaque Casual shirt ,has a spread collar, button placket, long regular sleeves, curved hem Brand Fit: India Slim Fit: Skinny Fit The model (height 5'8) is wearing a size S 100% Cotton Wash care: Machine Wash",InStock,STREET NINE FASHIONS PVT LTD,https://www.myntra.com/Shirts/STREET+9/STREET-9-Women-Skinny-Fit-Casual-Shirt/38318588/buy,2026-06-26T05:32:19.624356+00:00
Myntra,Chemistry Women Standard Opaque Formal Shirt,"https://assets.myntassets.com/h_720,q_70,w_540/v1/assets/images/25120400/2023/9/29/0003d4c2-08e5-49be-8062-95e4bbed364c1695977969922-Chemistry-Women-Standard-Opaque-Formal-Shirt-276169597796934-1.jpg",Chemistry,Apparel,Shirts,593,1599,63,4.3,6527,"S, M, L, XL, XXL",Black,Regular Fit,Polyester,Long Sleeves,Solid,"Black solid opaque Formal shirt ,has a cutaway collar, button placket, long regular sleeves, asymmetric hem Brand Fit: Standard Regular Fit Size worn by the model: S Chest: 31"" Height: 5'6"" 100% Polyester Hand Wash Wash care: Hand Wash",InStock,GG APPARELS,https://www.myntra.com/Shirts/Chemistry/Chemistry-Women-Standard-Opaque-Formal-Shirt/25120400/buy,2026-06-26T05:32:19.624356+00:00
Myntra,J Turritopsis Women Comfort Casual Shirt,"https://assets.myntassets.com/h_720,q_70,w_540/v1/assets/images/2026/JANUARY/15/5OZNqpqI_abdbb3b2b6bd49e59bda2b78b571abab.jpg",J Turritopsis,Apparel,Shirts,358,999,64,4.5,34,"S, M, L, XL, XXL",Navy Blue,Regular Fit,Crepe,Short Sleeves,Solid,"Navy Blue Solid Opaque Casual shirts ,has a Spread Collar, Button Placket, Short Roll-Up Sleeves, Curved hem Brand Fit: Comfort Fit: Regular Fit The model (height 5'8) is wearing a size S Hand wash in cold water or machine wash on a gentle cycle. Wash care: Hand Wash",InStock,J TURRITOPSIS,https://www.myntra.com/Shirts/J+Turritopsis/J-Turritopsis-Women-Comfort-Casual-Shirt/39390328/buy,2026-06-26T05:32:19.624356+00:00
Myntra,KALAMIR Ethnic Motifs Printed Oversized Cotton Casual Shirt,"https://assets.myntassets.com/h_720,q_70,w_540/v1/assets/images/35108835/2025/7/1/4c9231b1-7414-44f7-a6be-4c053eacf48b1751357744519-KALAMIR-Ethnic-Motifs-Printed-Relaxed-Fit-Cotton-Casual-Shir-1.jpg",KALAMIR,Apparel,Shirts,893,2330,62,4.6,843,"S, M, L, XL, XXL",Black,Oversized,Cotton,Long Sleeves,Printed,"Black, red &amp; blue ethnic motifs printed opaque Casual shirt ,has a spread collar, button placket, long regular sleeves, curved hem Oversized Fit The model (height 5.8') is wearing a size S 100% Cotton Wash Separately Gentle Machine wash Use mild detergent Dry in shade Wash care: Machine Wash",InStock,Beom Commerce Private Limited,https://www.myntra.com/Shirts/KALAMIR/KALAMIR-Ethnic-Motifs-Printed-Oversized-Cotton-Casual-Shirt/35108835/buy,2026-06-26T05:32:19.624356+00:00
Myntra,The Roadster Life Co. Pure Cotton Chambray Casual Shirt,"https://assets.myntassets.com/h_720,q_70,w_540/v1/assets/images/2025/NOVEMBER/12/oVjVgW7S_65bb8259ce9f4812bf2639ae12f1e22e.jpg",Roadster,Apparel,Shirts,728,1999,64,4.3,2401,"XS, S, M, L, XL",Grey,Regular Fit,Cotton,Long Sleeves,Faded,"Grey washed effect opaque casual shirt, has a spread collar, zip closure, 2 flap pockets, long roll-up sleeves, curved hem Fit: Regular Fit The model (height 5'8) is wearing a size S 100% Cotton Machine wash Wash care: Machine Wash",InStock,FRACTAL INDUSTRIES LIMITED,https://www.myntra.com/Shirts/Roadster/The-Roadster-Life-Co-Pure-Cotton-Chambray-Casual-Shirt/37139802/buy,2026-06-26T05:32:19.624356+00:00
Myntra,THE FASHION HUB Women Casual Shirt,"https://assets.myntassets.com/h_720,q_70,w_540/v1/assets/images/2026/MAY/8/wbvORbm6_231129ab0efc4b93935157683ee50e89.jpg",THE FASHION HUB,Apparel,Shirts,460,999,54,4,12,"S, M, L, XL, XXL, 3XL, 4XL, 5XL",Brown,Relaxed Fit,Cotton,Long Sleeves,Solid,"Brown Solid Opaque Casual shirts ,has a Spread Collar, Button Placket, Long Roll-Up Sleeves, Curved hem Brand Fit: Relaxed Fit Fit: Relaxed Fit The model (height 5'8) is wearing a size S Elevate your everyday wardrobe with this sophisticated chocolate brown shirt. The standout ruched sleeves with tie-up details add a contemporary edge to a classic silhouette. Pair it with high-waisted beige trousers and loafers for a polished office look, or tuck it into distressed denim with ankle boots for a chic weekend ensemble. Gentle Machine Wash Wash care: Machine Wash",InStock,P.P. ENTERPRISES,https://www.myntra.com/Shirts/THE+FASHION+HUB/THE-FASHION-HUB-Women-Casual-Shirt/41954358/buy,2026-06-26T05:32:19.624356+00:00
Myntra,The Roadster Lifestyle Co Women White Regular Fit Solid Casual Shirt,"https://assets.myntassets.com/h_720,q_70,w_540/v1/assets/images/9656251/2019/6/1/7b06399a-1f46-4745-a1be-5d17d28d8ddf1559392385813-Roadster-Women-White-Regular-Fit-Solid-Casual-Shirt-69315593-1.jpg",Roadster,Apparel,Shirts,743,1699,56,4.3,31560,"XS, S, M, L, XL, XXL",White,Regular Fit,Viscose Rayon,Long Sleeves,Solid,"White solid casual shirt, has a spread collar, long sleeves, button placket, high-low hem, one flap pocket The model (height 5'8"") is wearing a size S Look hip and stay warm all year long with this shirt from Roadster. When you're attending an outdoor concert or festival, match your shirt with dark wash jeans and sneakers. 100% viscose rayon Machine-wash Wash care: Machine Wash",InStock,STREAMLINE APPARELS PRIVATE LIMITED,https://www.myntra.com/Shirts/Roadster/The-Roadster-Lifestyle-Co-Women-White-Regular-Fit-Solid-Casual-Shirt/9656251/buy,2026-06-26T05:32:19.624356+00:00
Myntra,The Roadster Life Co. Cotton Pleated Asymmetric Closure Wrap Style Shirt,"https://assets.myntassets.com/h_720,q_70,w_540/v1/assets/images/2026/MARCH/2/7gqE7l5j_c0547e6468eb48959e28a0012834ab8f.jpg",Roadster,Apparel,Shirts,869,1999,57,4.4,9788,"XS, S, M, L, XL, XXL",Fuchsia,Regular Fit,Cotton,Long Sleeves,Solid,"Fuchsia solid opaque wrap style casual shirt ,has a spread collar, asymmetric button placket, long extended sleeves, straight hem Brand Fit: Classic Fit: Regular Fit The model (height 5'8) is wearing a size S 100% Cotton Machine wash Wash care: Machine Wash",InStock,STREAMLINE APPARELS PRIVATE LIMITED,https://www.myntra.com/Shirts/Roadster/The-Roadster-Life-Co-Cotton-Pleated-Asymmetric-Closure-Wrap-Style-Shirt/39021586/buy,2026-06-26T05:32:19.624356+00:00
Myntra,JAIPUR SARAI Women Relaxed Printed Casual Shirt,"https://assets.myntassets.com/h_720,q_70,w_540/v1/assets/images/2026/APRIL/18/9Gl1WUYB_e09c85433d9749f3bfb2c6266d50237c.jpg",JAIPUR SARAI,Apparel,Shirts,490,1999,75,4.5,75,"S, M, L, XL, XXL",Mustard,Regular Fit,Cotton,Long Sleeves,Printed,"Mustard Ethnic Motifs Printed Opaque Casual shirts ,has a Spread Collar, Button Placket, Long Regular Sleeves, Curved hem Brand Fit: Relaxed Fit: Regular Fit The model (height 5'8) is wearing a size S Pure Cotton Machine Wash Wash care: Machine Wash",InStock,Jaipur Sarai,https://www.myntra.com/Shirts/JAIPUR+SARAI/JAIPUR-SARAI-Women-Relaxed-Printed-Casual-Shirt/41474713/buy,2026-06-26T05:32:19.624356+00:00
Myntra,FUBACK Women Standard Floral Printed Casual Shirt,"https://assets.myntassets.com/h_720,q_70,w_540/v1/assets/images/2026/MAY/19/iLgOg0CQ_a8c5b66a34354d8d9caa02c2fc7ca8ed.jpg",FUBACK,Apparel,Shirts,385,1999,81,4,27,"S, M, L, XL, XXL",Black,Regular Fit,Cotton,Short Sleeves,Printed,"Black Floral Printed Opaque Casual shirts ,has a Spread Collar, Button Placket, Short Regular Sleeves, Curved hem Brand Fit: Standard Fit: Regular Fit The model (height 5'8) is wearing a size S Pair this stylish floral printed shirt with denim jeans, shorts or skirts for a trendy casual look. Designed with a relaxed fit and soft fabric, this shirt adds effortless charm to your everyday wardrobe. Perfect for vacations, brunch outings, shopping trips and summer styling. Machine Wash Wash care: Machine Wash",InStock,Flamingo International,https://www.myntra.com/Shirts/FUBACK/FUBACK-Women-Standard-Floral-Printed-Casual-Shirt/42294598/buy,2026-06-26T05:32:19.624356+00:00
Myntra,The Roadster Life Co. Opaque Striped Pure Cotton Oversized Casual Shirt,"https://assets.myntassets.com/h_720,q_70,w_540/v1/assets/images/32135279/2025/1/23/50ca5687-ec7a-48eb-ae74-4eedb78425951737611459502-Womens-Oversize-Long-Sleeve-Seersucker-Stripe-Shirt-60517376-1.jpg",Roadster,Apparel,Shirts,599,1799,67,4.4,19139,"S, M, L, XL",White,Oversized,Cotton,Long Sleeves,Striped,"White &amp; grey vertical stripes striped opaque Casual shirt ,has a spread collar, button placket, long drop-shoulder sleeves, curved hem Fit: Oversized The model (height 5'8) is wearing a size S 100% Cotton Machine Wash Wash care: Machine Wash",InStock,FRACTAL INDUSTRIES LIMITED,https://www.myntra.com/Shirts/Roadster/The-Roadster-Life-Co-Opaque-Striped-Pure-Cotton-Oversized-Casual-Shirt/32135279/buy,2026-06-26T05:32:19.624356+00:00
Myntra,glitchez Women Striped Casual Shirt,"https://assets.myntassets.com/h_720,q_70,w_540/v1/assets/images/2026/MARCH/13/m4N6nhv7_c8e5c9b5b86c490f998ea089eae663dd.jpg",glitchez,Apparel,Shirts,596,1999,70,3.1,115,"XS, S, M, L",Blue,Relaxed Fit,Polyester,Long Sleeves,Striped,"Blue Solid Striped Opaque Casual shirts ,has a Spread Collar, , Long Regular Sleeves, Straight hem Brand Fit: Relaxed Fit Fit: Relaxed Fit The model (height 5'8) is wearing a size S Wash care: Machine Wash",InStock,AAHWAN ENTERPRISE,https://www.myntra.com/Shirts/glitchez/glitchez-Women-Striped-Casual-Shirt/40650961/buy,2026-06-26T05:32:19.624356+00:00
Myntra,Tulip Eden Women Floral Printed Casual Shirt,"https://assets.myntassets.com/h_720,q_70,w_540/v1/assets/images/2025/NOVEMBER/14/QTuztR95_57752650e52d4a199e723bb79d7d8842.jpg",Tulip Eden,Apparel,Shirts,710,1999,64,3.9,97,"XS, S, M, L, XL",Beige,Relaxed Fit,Polyester,Long Sleeves,Printed,"Beige floral printed opaque Casual shirt ,has a spread collar, button placket, long roll-up sleeves, straight hem Brand Fit: Fit: Relaxed Fit The model (height 5'8) is wearing a size S Machine Wash Wash care: Machine Wash",InStock,SALASAR TEXTILES,https://www.myntra.com/Shirts/Tulip+Eden/Tulip-Eden-Women-Floral-Printed-Casual-Shirt/37970887/buy,2026-06-26T05:32:19.624356+00:00
Myntra,PURYS WORKSPACE Women Classic Cuban Collar Solid Formal Shirt,"https://assets.myntassets.com/h_720,q_70,w_540/v1/assets/images/2024/SEPTEMBER/14/R86oqPZq_a33bb8f515464d2a92edb520bb3fd0a3.jpg",PURYS WORKSPACE,Apparel,Shirts,627,1999,69,4.2,394,"S, M, L, XXL",Coffee Brown,Regular Fit,Satin,Short Sleeves,Solid,"Coffee brown opaque formal shirt Cuban collar Button placket Short, Kimono sleeves Curved hemline Regular Fit The model (height 5.8') is wearing a size S Satin Machine Wash Wash care: Machine Wash",InStock,PURYS ENTERPRISES PRIVATE LIMITED,https://www.myntra.com/Shirts/PURYS+WORKSPACE/PURYS-WORKSPACE-Women-Classic-Cuban-Collar-Solid-Formal-Shirt/30948935/buy,2026-06-26T05:32:19.624356+00:00
Myntra,MULVARI Women Striped Casual Shirt,"https://assets.myntassets.com/h_720,q_70,w_540/v1/assets/images/2026/FEBRUARY/26/pGqiYa24_4dc60d3dab3c497f98078370b9b9fd6c.jpg",MULVARI,Apparel,Shirts,1999,1999,,3.9,9,"XS, S, M, L",Orange,Relaxed Fit,Polyester,Long Sleeves,Striped,"Orange Vertical Stripes Striped Opaque Casual shirts ,has a Spread Collar, Button Placket, Long Regular Sleeves, Curved hem Brand Fit: Relaxed Fit Fit: Relaxed Fit The model (height 5'8) is wearing a size S Wash care: Machine Wash",OutOfStock,AAHWAN ENTERPRISE,https://www.myntra.com/Shirts/MULVARI/MULVARI-Women-Striped-Casual-Shirt/40347603/buy,2026-06-26T05:32:19.624356+00:00
Myntra,Style Quotient Women Smart Formal Shirt,"https://assets.myntassets.com/h_720,q_70,w_540/v1/assets/images/20676812/2022/11/24/85ab4d4d-4ae2-412e-93ab-7cf8100c1c891669292373670-Style-Quotient-Women-Navy-Blue-Solid-Smart-Formal-Shirt-5701-1.jpg",Style Quotient,Apparel,Shirts,608,1049,42,4.2,4607,"S, M, L, XL",Navy Blue,Regular Fit,Polyester,Three-Quarter Sleeves,Solid,"Navy blue solid opaque Formal shirt ,has a spread collar, button placket, three-quarter regular sleeves, curved hem Brand Fit: Smart Fit: Regular Fit The model (height 5'8) is wearing a size S Polyster Hand Wash Wash care: Hand Wash",InStock,Krislon Synthetics Pvt.Ltd,https://www.myntra.com/Shirts/Style+Quotient/Style-Quotient-Women-Smart-Formal-Shirt/20676812/buy,2026-06-26T05:32:19.624356+00:00
Myntra,Maaesa Women Tie & Dyed Long Sleeve Casual Loose Fit Shirt,"https://assets.myntassets.com/h_720,q_70,w_540/v1/assets/images/2025/JUNE/21/Zuix8buf_d8980d60693744788344b15fe0b1be6b.jpg",Maaesa,Apparel,Shirts,699,2497,72,4.2,334,"S, M, L, XL, XXL, 3XL",Peach,Oversized,Viscose Rayon,Long Sleeves,Dyed,"Peach-coloured tie and dye dyed opaque Casual shirt ,has a spread collar, button placket, long regular sleeves, curved hem Tie &amp; Dyed Regular Fit Spread Collar Casual Shirt For Women Fit: Loose Fit The model (height 5'8) is wearing a size S Viscose Rayon Hand Wash Wash care: Hand Wash",InStock,PINK DECEMBER FASHION PRIVATE LIMITED,https://www.myntra.com/Shirts/Maaesa/Maaesa-Women-Tie--Dyed-Long-Sleeve-Casual-Loose-Fit-Shirt/35097405/buy,2026-06-26T05:32:19.624356+00:00
Myntra,Sztori Plus Size Spread Collar Casual Shirt,"https://assets.myntassets.com/h_720,q_70,w_540/v1/assets/images/2026/MAY/4/tqkw8OOq_f5a4b1b34cb9412cbcf8bf4698452043.jpg",Sztori,Apparel,Shirts,679,1999,66,4.2,25,"XXL, 3XL, 4XL, 5XL, 6XL",Beige,Regular Fit,Polyester,Long Sleeves,Solid,"Beige Solid Opaque Casual shirt, has a Spread Collar, Button Placket, Long Regular Sleeves, Curved hem Disclaimer: The model is AI generated Fit: Regular Fit The model (height 5'8) is wearing a size XXL 100% Polyester Machine Wash Wash care: Machine Wash",InStock,Shreyash Retail Private Limited,https://www.myntra.com/Shirts/Sztori/Sztori-Plus-Size-Spread-Collar-Casual-Shirt/39232003/buy,2026-06-26T05:32:19.624356+00:00
Myntra,STREET 9 Women Comfort Slim Fit Shirt,"https://assets.myntassets.com/h_720,q_70,w_540/v1/assets/images/2026/MARCH/2/8N1CvFCq_8ff77804ab274a17954362087a0859ca.jpg",STREET 9,Apparel,Shirts,679,1699,60,4.3,2944,"S, M, L, XL, XXL",Brown,Slim Fit,Cotton,Short Sleeves,Solid,"Brown Solid Opaque shirts, , Short, Brand Fit: Comfort Fit: Slim Fit The model (height 5'8) is wearing a size S 100% Cotton Wash care: Machine Wash",InStock,STREET NINE FASHIONS PVT LTD,https://www.myntra.com/Shirts/STREET+9/STREET-9-Women-Comfort-Slim-Fit-Shirt/40420959/buy,2026-06-26T05:32:19.624356+00:00
Myntra,The Roadster Life Co. Pure Cotton Opaque Casual Shirt,"https://assets.myntassets.com/h_720,q_70,w_540/v1/assets/images/31496674/2025/1/16/00e34930-2c69-4c5a-b9ad-2f5aa1911cc01737029817516-Roadster-Women-Shirts-881737029816865-1.jpg",Roadster,Apparel,Shirts,645,1899,66,4.1,216,"XS, S, M, L, XL, XXL",Rust,Regular Fit,Cotton,Long Sleeves,Solid,"Rust orange solid opaque casual shirt ,has a spread collar, button placket, 1 patch pocket, long regular sleeves, curved hem Fit: Regular Fit The model (height 5'8) is wearing a size S 100% Cotton&nbsp; Machine wash Wash care: Machine Wash",InStock,Savadika Retail Private Limited,https://www.myntra.com/Shirts/Roadster/The-Roadster-Life-Co-Pure-Cotton-Opaque-Casual-Shirt/31496674/buy,2026-06-26T05:32:19.624356+00:00
Myntra,The Roadster Life Co. Textured Casual Shirt,"https://assets.myntassets.com/h_720,q_70,w_540/v1/assets/images/2026/JUNE/24/3U0MQMo6_9f5b44edd4724be5b1594056913c871a.jpg",Roadster,Apparel,Shirts,479,1499,68,4.4,40,"XS, S, M, L",Brown,Regular Fit,Viscose Rayon,Long Sleeves,Solid,"Brown textured opaque casual shirt, has a spread collar, button placket,&nbsp; long regular sleeves, curved hem Disclaimer: The model is AI generated The model (height 5'8) is wearing a size S 100% Viscose Machine Wash Wash care: Machine Wash",InStock,Savadika Retail Private Limited,https://www.myntra.com/Shirts/Roadster/The-Roadster-Life-Co-Textured-Casual-Shirt/40243811/buy,2026-06-26T05:32:19.624356+00:00
Myntra,The Roadster Life Co. Striped Seersucker Casual Shirt,"https://assets.myntassets.com/h_720,q_70,w_540/v1/assets/images/2025/SEPTEMBER/1/6fA6nPBm_d1020310becd4796a7f8f89e01b30a21.jpg",Roadster,Apparel,Shirts,869,2199,60,4.3,2822,"XS, S, L, XL, XXL",Pink,Regular Fit,Cotton,Long Sleeves,Striped,"Pink vertical stripes striped opaque Casual shirt ,has a spread collar, button placket, long regular sleeves, straight hem Brand Fit: Fit: Regular Fit The model (height 5'8) is wearing a size S 100% Cotton MACHINE WASH Wash care: Machine Wash",InStock,STREAMLINE APPARELS PRIVATE LIMITED,https://www.myntra.com/Shirts/Roadster/The-Roadster-Life-Co-Striped-Seersucker-Casual-Shirt/36569470/buy,2026-06-26T05:32:19.624356+00:00
Myntra,Hancock Women White Solid Pure Cotton Slim Fit Formal Shirt,"https://assets.myntassets.com/h_720,q_70,w_540/v1/assets/images/11530274/2020/8/10/55f8a89d-7ba3-4e66-8a82-8bbc5332fef51597044540546-Hancock-Women-Shirts-7041597044539246-1.jpg",Hancock,Apparel,Shirts,949,1899,50,4.2,1928,"S, M, L, XL",White,Slim Fit,Cotton,Long Sleeves,Solid,"White solid formal shirt, has a spread collar, long sleeves, concealed button placket, and curved hem Slim Fit The model (height 5'8"") is wearing a size S Crafted to keep you warm, this Hancock shirt is super likeable. Match yours with easy loafers and dark trousers to your next office meeting. Material: 100% Cotton Machine Wash Wash care: Machine Wash",InStock,SIDHBALI CREATIONS,https://www.myntra.com/Shirts/Hancock/Hancock-Women-White-Solid-Pure-Cotton-Slim-Fit-Formal-Shirt/11530274/buy,2026-06-26T05:32:19.624356+00:00
Myntra,CORSICA Women Classic Opaque Casual Shirt,"https://assets.myntassets.com/h_720,q_70,w_540/v1/assets/images/2025/FEBRUARY/28/HNObD5Yd_efb21ca87e0140acb22c6e74b32ae7ae.jpg",CORSICA,Apparel,Shirts,399,1499,73,3.7,2536,"S, M, L, XL, XXL",Black,Regular Fit,Georgette,Long Sleeves,Solid,"Black solid opaque Casual shirt ,has a spread collar, button placket, na pocket, long regular sleeves, straight hem Brand Fit: Classic Fit: Regular Fit The model (height 5'8) is wearing a size S Do Not Bleach Wash care: Hand Wash",InStock,PENTACOM VENTURES,https://www.myntra.com/Shirts/CORSICA/CORSICA-Women-Classic-Opaque-Casual-Shirt/33002508/buy,2026-06-26T05:32:19.624356+00:00
Myntra,glitchez Women Casual Shirt,"https://assets.myntassets.com/h_720,q_70,w_540/v1/assets/images/2026/MARCH/13/VZKUGh6L_992ec29095bb4822870b01be3d7b3740.jpg",glitchez,Apparel,Shirts,596,1999,70,3.8,35,"XS, S, M, L",White,Slim Fit,Polyester,Short Sleeves,Solid,"White Solid Opaque Casual shirts ,has a Spread Collar, , Short Regular Sleeves, Straight hem Brand Fit: Slim Fit Fit: Slim Fit The model (height 5'8) is wearing a size S Wash care: Machine Wash",InStock,AAHWAN ENTERPRISE,https://www.myntra.com/Shirts/glitchez/glitchez-Women-Casual-Shirt/40650964/buy,2026-06-26T05:32:19.624356+00:00
Myntra,The Roadster Lifestyle Co. Women Spread Collar Textured Casual Shirt,"https://assets.myntassets.com/h_720,q_70,w_540/v1/assets/images/2024/DECEMBER/3/PIbhVHIo_d72377452f854452acaf0a080f5387da.jpg",Roadster,Apparel,Shirts,615,1999,.,4.2,7009,"XS, S, M, L, XL, XXL",Blue,Regular Fit,Polyester,Long Sleeves,Self Design,1 Blue opaque casual shirt Spread collar Button placket Long sleeves Curved hemline Regular Fit The model (height 5.8') is wearing a size S Polyester Machine Wash Wash care: Machine Wash,InStock,SUNSHINE LIFESTYLE,https://www.myntra.com/Shirts/Roadster/The-Roadster-Lifestyle-Co-Women-Spread-Collar-Textured-Casual-Shirt/31820739/buy,2026-06-26T05:32:19.624356+00:00
Myntra,Style Quotient Women Striped Formal Shirt,"https://assets.myntassets.com/h_720,q_70,w_540/v1/assets/images/22391496/2023/3/16/bd15d85f-b8e9-43bb-9d13-d6ba0f6095e01678987969382StyleQuotientWomenBlackSmartOpaqueStripedFormalShirt1.jpg",Style Quotient,Apparel,Shirts,584,1499,61,4.3,4201,"S, M, L, XL",Black,Regular Fit,Polyester,Long Sleeves,Striped,"Black vertical striped opaque Formal shirt ,has a spread collar, button placket, long regular sleeves, high-low hem Brand Fit: Smart Fit: Regular Fit The model (height 5'8) is wearing a size S Polyester Hand Wash Wash care: Hand Wash",InStock,Savadika Retail Private Limited,https://www.myntra.com/Shirts/Style+Quotient/Style-Quotient-Women-Striped-Formal-Shirt/22391496/buy,2026-06-26T05:32:19.624356+00:00
Myntra,RARE CAMEL New Slim Fit Self Design Cotton Formal Shirt,"https://assets.myntassets.com/h_720,q_70,w_540/v1/assets/images/2025/MAY/20/esPWgngj_cd355774d10246088faf4308b953569c.jpg",RARE CAMEL,Apparel,Shirts,499,1699,71,4.2,8,"S, M, L, XL, XXL",White,Slim Fit,Cotton,Long Sleeves,Self Design,"White self design opaque Formal shirt ,has a spread collar, button placket, long roll-up sleeves, curved hem Brand Fit: New Fit: Slim Fit The model (height 5'8) is wearing a size S Cotton Machine Wash Wash care: Machine Wash",InStock,M/S AAYRA FASHION,https://www.myntra.com/Shirts/RARE+CAMEL/RARE-CAMEL-New-Slim-Fit-Self-Design-Cotton-Formal-Shirt/34301802/buy,2026-06-26T05:32:19.624356+00:00
Myntra,Gerua By Libas Women Printed Casual Shirt,"https://assets.myntassets.com/h_720,q_70,w_540/v1/assets/images/2026/APRIL/23/QX49vGw8_5c66d3d47c744455aa9ebd4d390d392d.jpg",Gerua By Libas,Apparel,Shirts,418,1599,74,4,114,"S, M, L, XL, XXL",Blue,Relaxed Fit,Cotton,Three-Quarter Sleeves,Printed,"Blue Abstract Printed Opaque Casual shirts ,has a Spread Collar, Button Placket, Three-Quarter Roll-Up Sleeves, Curved hem Brand Fit: Fit: Relaxed Fit The model (height 5'8) is wearing a size S Hand Wash, Separately In Cold Water, Do Not Bleach, Dry In Shade, Medium Iron. Wash care: Machine Wash",InStock,ZIVORE APPAREL PVT LTD,https://www.myntra.com/Shirts/Gerua+By+Libas/Gerua-By-Libas-Women-Printed-Casual-Shirt/40281835/buy,2026-06-26T05:32:19.624356+00:00
Myntra,The Roadster Life Co. Cotton-Linen Striped Drop-Shoulder Sleeves Relaxed Fit Casual Shirt,"https://assets.myntassets.com/h_720,q_70,w_540/v1/assets/images/2026/FEBRUARY/20/gjfBn6Lk_0564b578ba9e4c1fb2379711349af6ad.jpg",Roadster,Apparel,Shirts,599,1799,67,4,61,"S, M, L, XL",Cream,Relaxed Fit,"Linen, Cotton Linen",Long Sleeves,Striped,"Cream-coloured Vertical Stripes Striped Opaque Casual shirts ,has a Spread Collar, Button Placket, Long Drop-Shoulder Sleeves, Curved hem Fit: Relaxed Fit The model (height 5'8) is wearing a size S 70% Cotton, 30% Linen Machine Wash Wash care: Machine Wash",InStock,FRACTAL INDUSTRIES LIMITED,https://www.myntra.com/Shirts/Roadster/The-Roadster-Life-Co-Cotton-Linen-Striped-Drop-Shoulder-Sleeves-Relaxed-Fit-Casual-Shirt/39376345/buy,2026-06-26T05:32:19.624356+00:00
Myntra,French Connection Vertical Striped Casual Shirt,"https://assets.myntassets.com/h_720,q_70,w_540/v1/assets/images/2026/JUNE/24/y9XGSd6g_6c2d0e0b31d74e759fef4c3a876e3344.jpg",French Connection,Apparel,Shirts,804,2299,65,4,25,"XS, S, M, L, XL",Pink,Regular Fit,Cotton,Long Sleeves,Striped,"Pink vertical striped Opaque Casual shirt, has a mandarin Collar, Button Placket, Long Regular Sleeves, curved hem Disclaimer: The model is AI generated Fit: Regular Fit The model (height 5'8) is wearing a size S 54% Polyester &amp; 46% Cotton Machine Wash Wash care: Machine Wash",InStock,Sane Retails Private Limited,https://www.myntra.com/Shirts/French+Connection/French-Connection-Vertical-Striped-Casual-Shirt/40659835/buy,2026-06-26T05:32:19.624356+00:00
Myntra,KALAMIR Ethnic Motifs Printed Spread Collar Comfort Cotton Oversized Casual Shirt,"https://assets.myntassets.com/h_720,q_70,w_540/v1/assets/images/2025/AUGUST/18/NsfmvQvd_c7eecc6eaba74060ae33636033c9f0b7.jpg",KALAMIR,Apparel,Shirts,797,2830,72,4.5,116,"S, M, XL",Brown,Oversized,Cotton,Long Sleeves,Printed,"Brown ethnic motifs printed opaque casual shirt ,has a spread collar, button placket, long regular sleeves, curved hem Brand Fit: Comfort Fit: Oversized The model (height 5'8) is wearing a size S Cotton Machine Wash Wash care: Machine Wash",InStock,Beom Commerce Private Limited,https://www.myntra.com/Shirts/KALAMIR/KALAMIR-Ethnic-Motifs-Printed-Spread-Collar-Comfort-Cotton-Oversized-Casual-Shirt/36454560/buy,2026-06-26T05:32:19.624356+00:00
Myntra,all about you Pure Cotton Opaque Casual Shirt,"https://assets.myntassets.com/h_720,q_70,w_540/v1/assets/images/20557922/2023/3/13/53999c19-5d77-40e3-9703-4e26ffb9dac11678695197136-all-about-you-Women-Shirts-3071678695196563-1.jpg",all about you,Apparel,Shirts,379,999,62,4.2,5352,"XS, S, M, L, XL",Navy Blue,Regular Fit,Cotton,Three-Quarter Sleeves,Solid,"Navy blue solid opaque Casual shirt ,has a mandarin collar, button placket, three-quarter puff sleeves, curved hem Regular Fit Size worn by the model: s Chest: 32"" Height: 5'7"" 100% Cotton&nbsp; Machine wash Wash care: Machine Wash",InStock,Konde Products & Services Private Limited,https://www.myntra.com/Shirts/all+about+you/all-about-you-Pure-Cotton-Opaque-Casual-Shirt/20557922/buy,2026-06-26T05:32:19.624356+00:00
Myntra,all about you Women Classic Floral Printed Semiformal Shirt,"https://assets.myntassets.com/h_720,q_70,w_540/v1/assets/images/2025/NOVEMBER/1/SANyYUN0_0d7b4ad587774312bd0af6f2405e8ba2.jpg",all about you,Apparel,Shirts,699,1999,65,3.7,137,"S, M, L, XL, XXL",Cream,Regular Fit,Viscose Rayon,Long Sleeves,Printed,"Cream-coloured floral printed opaque Semiformal shirt ,has a spread collar, button placket, na pocket, three-quarter regular sleeves, straight hem Brand Fit: Classic Fit: Regular Fit The model (height 5'8) is wearing a size S Rayon Hand &amp; Machin Whash Wash care: Machine Wash",InStock,SYASII DESIGNERS LLP,https://www.myntra.com/Shirts/all+about+you/all-about-you-Women-Classic-Floral-Printed-Semiformal-Shirt/37712185/buy,2026-06-26T05:32:19.624356+00:00
Myntra,The Roadster Life Co. Women Pure Cotton Wrap Style Denim Shirt,"https://assets.myntassets.com/h_720,q_70,w_540/v1/assets/images/2025/NOVEMBER/28/0bfZDTkK_3e4ebca70d09464f935956cf46344b95.jpg",Roadster,Apparel,Shirts,880,1999,56,4.4,9788,"XS, S, M, L, XL, XXL",Navy Blue,Regular Fit,Cotton,Long Sleeves,Solid,"Blue solid opaque Casual shirt ,has a spread collar, button placket, long regular sleeves, straight hem Brand Fit: Classic Fit: Regular Fit The model (height 5'8) is wearing a size S 100% Cotton Machine wash Wash care: Machine Wash",InStock,M/S STREAMLINE APPARELS PRIVATE LIMITED - SJIT,https://www.myntra.com/Shirts/Roadster/The-Roadster-Life-Co-Women-Pure-Cotton-Wrap-Style-Denim-Shirt/36826287/buy,2026-06-26T05:32:19.624356+00:00
Myntra,Roadster Women Pink High-Low Shirt With Roll-Up Sleeves,"https://assets.myntassets.com/h_720,q_70,w_540/v1/assets/images/8816777/2019/6/14/fddcc388-186b-4277-a33e-2d2e380701541560497607018-Roadster-Women-Pink-Solid-Shirt-2191560497605861-1.jpg",Roadster,Apparel,Shirts,743,1699,56,4.3,31560,"XS, S, M, L, XL, XXL",Pink,Regular Fit,Viscose Rayon,Long Sleeves,Solid,"Pink solid casual shirt, has a spread collar, roll-up sleeves, high-low hem and one flap pocket The model (height 5'8"") is wearing a size S This Roadster shirt will help provide the perfect amount of warmth. Wear yours with slim black jeans and trainers for a casual brunch date with your ladies. Viscose Machine wash Wash care: Machine Wash",InStock,M/S STREAMLINE APPARELS PRIVATE LIMITED - SJIT,https://www.myntra.com/Shirts/Roadster/Roadster-Women-Pink-High-Low-Shirt-With-Roll-Up-Sleeves/8816777/buy,2026-06-26T05:32:19.624356+00:00
Myntra,Styli Striped Opaque Casual Shirt,"https://assets.myntassets.com/h_720,q_70,w_540/v1/assets/images/24061956/2024/9/19/3e8d7b91-d56f-43d9-b5f6-6f8cfdab546e1726757429644-Styli-Striped-Opaque-Casual-Shirt-3671726757429291-1.jpg",Styli,Apparel,Shirts,809,899,10,4,320,"XS, S, M, L, XL, XXL",Burgundy,Regular Fit,Polyester,Long Sleeves,Striped,"Burgundy vertical striped opaque Casual shirt ,has a spread collar, button placket, long regular sleeves, curved hem Fit: Regular Fit The model (height 5'8) is wearing a size S Polyester Machine Wash Wash care: Machine Wash",InStock,PREMIERE RETAIL TRADING PRIVATE LIMITED,https://www.myntra.com/Shirts/Styli/Styli-Striped-Opaque-Casual-Shirt/24061956/buy,2026-06-26T05:32:19.624356+00:00
Myntra,Roadster Pure Cotton Cuffed Sleeves Shirt,"https://assets.myntassets.com/h_720,q_70,w_540/v1/assets/images/2026/MARCH/6/TZPzby1u_b38feccac705473c9e1d3b4433b83cfd.jpg",Roadster,Apparel,Shirts,869,2199,60,4.4,9788,"XS, S, M, L, XL, XXL",Brown,Regular Fit,Cotton,Long Sleeves,Solid,"Brown&nbsp;regular shirt Solid Spread Collar Long, Cuffed Sleeves Pleated detail Woven Cotton Button closure The model (height 5'8) is wearing a size S 100% Cotton Machine wash Wash care: Machine Wash",InStock,STREAMLINE APPARELS PRIVATE LIMITED,https://www.myntra.com/Shirts/Roadster/Roadster-Pure-Cotton-Cuffed-Sleeves-Shirt/39919055/buy,2026-06-26T05:32:19.624356+00:00
Myntra,Blue Ronin Women Standard Slim Fit Spread Collar Formal Shirt,"https://assets.myntassets.com/h_720,q_70,w_540/v1/assets/images/2026/JUNE/11/SWiZRtfl_c5bd2a92b0454f4d94f289134c9780a4.jpg",Blue Ronin,Apparel,Shirts,535,1199,55,4.2,2164,"S, M, L, XL",White,Slim Fit,Cotton,Three-Quarter Sleeves,Solid,"White solid Formal shirt ,has a spread collar, full, na pocket, three-quarter Sleeveless, curved hem The model (height 5'8) is wearing a size S Cotton Hand Wash Wash care: Hand Wash",InStock,EQUITECH TRADING PRIVATE LIMITED,https://www.myntra.com/Shirts/Blue+Ronin/Blue-Ronin-Women-Standard-Slim-Fit-Spread-Collar-Formal-Shirt/33551298/buy,2026-06-26T05:32:19.624356+00:00
Myntra,The Roadster Life Co. Pure Cotton Pleated Classic Casual Shirt,"https://assets.myntassets.com/h_720,q_70,w_540/v1/assets/images/2025/NOVEMBER/17/3CSTDx4a_1022eff2500c434e96c11c3affd9cf36.jpg",Roadster,Apparel,Shirts,869,1999,57,4.4,9788,"XS, S, M, L, XL, XXL",Navy Blue,Regular Fit,Cotton,Long Sleeves,Solid,"Navy blue solid opaque Casual shirt, has a spread collar, button placket, long regular sleeves, straight hem Brand Fit: Classic Fit: Regular Fit The model (height 5'8) is wearing a size S 100% Cotton Machine wash Wash care: Machine Wash",InStock,STREAMLINE APPARELS PRIVATE LIMITED,https://www.myntra.com/Shirts/Roadster/The-Roadster-Life-Co-Pure-Cotton-Pleated-Classic-Casual-Shirt/37570486/buy,2026-06-26T05:32:19.624356+00:00
Myntra,Style Quotient White Smart Spread Collar Formal Shirt,"https://assets.myntassets.com/h_720,q_70,w_540/v1/assets/images/24147624/2023/7/23/8e47fd5e-0d1c-4c7d-990c-358b29a37d9f1690053214755StyleQuotientWomenWhiteSmartOpaqueFormalShirt1.jpg",Style Quotient,Apparel,Shirts,599,1199,50,4.2,1678,"S, M, L, XL",White,Regular Fit,Polyester,Long Sleeves,Solid,"White coloured solid opaque formal shirt, has a spread collar, button placket, long regular sleeves, curved hem Brand Fit: Smart Fit: Regular Fit The model (height 5'8) is wearing a size S Polyester Machine Wash Wash care: Machine Wash",InStock,Krislon Synthetics Pvt.Ltd,https://www.myntra.com/Shirts/Style+Quotient/Style-Quotient-White-Smart-Spread-Collar-Formal-Shirt/24147624/buy,2026-06-26T05:32:19.624356+00:00
Myntra,Strong And Brave Women Odour Free Formal Shirt,"https://assets.myntassets.com/h_720,q_70,w_540/v1/assets/images/24157244/2023/7/24/0eb8c789-be50-4502-8bc2-291c02d5260d1690188583661Shirts1.jpg",Strong And Brave,Apparel,Shirts,1006,1899,47,4.3,1027,"XS, S, M, L, XL, XXL, 3XL, 4XL",Blue,Regular Fit,Polyester,Long Sleeves,Solid,"Blue solid opaque Casual shirt ,has a spread collar, button placket, long regular sleeves, curved hem Fit: Regular Fit The model (height 5'8) is wearing a size S Polyester Machine Wash Wash care: Machine Wash",InStock,GENUS APPARELS LTD.,https://www.myntra.com/Shirts/Strong+And+Brave/Strong-And-Brave-Women-Odour-Free-Formal-Shirt/24157244/buy,2026-06-26T05:32:19.624356+00:00
Myntra,KALAMIR Comfort Graphic Printed Spread Collar Casual Shirt,"https://assets.myntassets.com/h_720,q_70,w_540/v1/assets/images/2025/AUGUST/13/ZDchtyFA_d8e98a6659e74ecca1ec465df84fa2dc.jpg",KALAMIR,Apparel,Shirts,893,2330,62,4.6,843,"S, M, L, XL, XXL",Red,Oversized,Cotton,Long Sleeves,Printed,"Red geometric printed opaque Casual shirt ,has a spread collar, button placket, na pocket, long regular sleeves, curved hem Brand Fit: Comfort Fit: Oversized The model (height 5'8) is wearing a size S Pure Cotton Machine&nbsp;Wash Wash care: Machine Wash",InStock,Beom Commerce Private Limited,https://www.myntra.com/Shirts/KALAMIR/KALAMIR-Comfort-Graphic-Printed-Spread-Collar-Casual-Shirt/36381358/buy,2026-06-26T05:32:19.624356+00:00
Myntra,glitchez Women Slim Fit Striped Casual Shirt,"https://assets.myntassets.com/h_720,q_70,w_540/v1/assets/images/2026/MARCH/13/n2SAOAj4_d512b1ee11aa48beb6309b4e82317ae6.jpg",glitchez,Apparel,Shirts,596,1999,70,3.7,442,"XS, M, L, XL",Black,Slim Fit,Polyester,Long Sleeves,Striped,"Black Solid Striped Opaque Casual shirts ,has a Button-Down Collar, , Long Regular Sleeves, Curved hem Brand Fit: Fit: Slim Fit The model (height 5'8) is wearing a size S Wash care: Machine Wash",InStock,AAHWAN ENTERPRISE,https://www.myntra.com/Shirts/glitchez/glitchez-Women-Slim-Fit-Striped-Casual-Shirt/40650962/buy,2026-06-26T05:32:19.624356+00:00
Myntra,THE FASHION HUB Women Casual Shirt,"https://assets.myntassets.com/h_720,q_70,w_540/v1/assets/images/2026/MAY/8/YbGDEPtk_b30c339e152c41ae8f444a35c74af74f.jpg",THE FASHION HUB,Apparel,Shirts,460,999,54,4.2,6,"S, M, L, XL, XXL, 3XL, 4XL, 5XL",Brown,Regular Fit,Cotton,Long Sleeves,Solid,"Brown Solid Opaque Casual shirts ,has a Spread Collar, Button Placket, Long Regular Sleeves, Curved hem Brand Fit: Fit: Regular Fit The model (height 5'8) is wearing a size S Elevate your everyday wardrobe with this sophisticated chocolate brown shirt. The standout ruched sleeves with tie-up details add a contemporary edge to a classic silhouette. Pair it with high-waisted beige trousers and loafers for a polished office look, or tuck it into distressed denim with ankle boots for a chic weekend ensemble. Gentle Machine Wash Wash care: Machine Wash",InStock,P.P. ENTERPRISES,https://www.myntra.com/Shirts/THE+FASHION+HUB/THE-FASHION-HUB-Women-Casual-Shirt/41954364/buy,2026-06-26T05:32:19.624356+00:00
Myntra,The Roadster Lifestyle Co. Solid Casual Shirt,"https://assets.myntassets.com/h_720,q_70,w_540/v1/assets/images/17288984/2023/9/27/62a2fc50-4e76-40d9-823c-ff13787429331695807449839-Roadster-Women-Shirts-4681695807449265-1.jpg",Roadster,Apparel,Shirts,743,1699,56,4.3,31560,"XS, S, M, L, XL, XXL",Pink,Regular Fit,Viscose Rayon,Long Sleeves,Solid,"Pink solid opaque Casual shirt ,has a spread collar, button placket, 1 flap pocket, long roll-up sleeves, curved hem Regular Fit Size worn by the model: S Chest: 33'' Height: 5'7"" 100% Viscose rayon Machine wash Wash care: Machine Wash",InStock,STREAMLINE APPARELS PRIVATE LIMITED,https://www.myntra.com/Shirts/Roadster/The-Roadster-Lifestyle-Co-Solid-Casual-Shirt/17288984/buy,2026-06-26T05:32:19.624356+00:00
Myntra,Style Quotient Women Modern Formal Shirt,"https://assets.myntassets.com/h_720,q_70,w_540/v1/assets/images/2026/MAY/6/PgtTi08R_b436bbbe88964a9e94d5875ca374d5f4.jpg",Style Quotient,Apparel,Shirts,706,1399,50,4.2,1562,"S, M, L, XL",Grey,Regular Fit,Polyester,Long Sleeves,Solid,"Grey Solid Opaque Formal shirts ,has a Spread Collar, Button Placket, Long Regular Sleeves, Curved hem Brand Fit: Modern Fit: Regular Fit The model (height 5'8) is wearing a size S Pair it with black trousers or a pencil skirt for a sharp office look, or wear with jeans and flats for casual elegance. Machine Wash Wash care: Machine Wash",InStock,KRISLON SYNTHETICS PVT LTD,https://www.myntra.com/Shirts/Style+Quotient/Style-Quotient-Women-Modern-Formal-Shirt/41890292/buy,2026-06-26T05:32:19.624356+00:00
Myntra,DIMPY GARMENTS Women Relaxed Striped Casual Shirt,"https://assets.myntassets.com/h_720,q_70,w_540/v1/assets/images/2025/DECEMBER/20/rIJZ3P6o_a296da3f85e147ecb52281caa83fead2.jpg",DIMPY GARMENTS,Apparel,Shirts,363,1499,76,4,455,"S, M, L, XL",Pink,Relaxed Fit,Cotton,Long Sleeves,Striped,"Pink vertical stripes striped opaque Casual shirt ,has a spread collar, button placket, na pocket, long regular sleeves, straight hem Brand Fit: Relaxed Fit: Relaxed Fit The model (height 5'8) is wearing a size S Womens Pink Striped Cotton Oversized Long Sleeve Button-Down Shirt Wash care: Machine Wash",InStock,Dimpy Garments,https://www.myntra.com/Shirts/DIMPY+GARMENTS/DIMPY-GARMENTS-Women-Relaxed-Striped-Casual-Shirt/38818740/buy,2026-06-26T05:32:19.624356+00:00
Myntra,Style Quotient Smart Spread Collar Three-Quarter Sleeves Cotton Formal Shirt,"https://assets.myntassets.com/h_720,q_70,w_540/v1/assets/images/29537706/2024/5/14/e25c6dfb-ea3e-4499-a6ba-8ce6f1d7472c1715683678372StyleQuotientWomenSmartOpaqueFormalShirt1.jpg",Style Quotient,Apparel,Shirts,674,1299,48,4.3,2461,"S, M, L, XL",White,Regular Fit,Polyester,Three-Quarter Sleeves,Solid,"White solid opaque Formal shirt ,has a spread collar, button placket, na pocket, three-quarter regular sleeves, curved hem Brand Fit: Smart Fit: Regular Fit The model (height 5'8) is wearing a size S Polyester Machine Wash Wash care: Machine Wash",InStock,KRISLON SYNTHETICS PVT LTD,https://www.myntra.com/Shirts/Style+Quotient/Style-Quotient-Smart-Spread-Collar-Three-Quarter-Sleeves-Cotton-Formal-Shirt/29537706/buy,2026-06-26T05:32:19.624356+00:00
Myntra,Roadster Women Slim Fit Opaque Cotton Casual Shirt,"https://assets.myntassets.com/h_720,q_70,w_540/v1/assets/images/28007498/2024/3/12/0428db67-1514-41e0-8e88-0427947a479b1710245325107-The-Life-Co-Pure-Cotton-Wrap-Style-Casual-Shirt-919171024532-6.jpg",Roadster,Apparel,Shirts,894,1899,53,4.4,9788,"XS, S, M, L, XL, XXL",Rust,Slim Fit,Cotton,Long Sleeves,Solid,"Rust regular shirt style top Solid Shirt collar, long, cuffed sleeves&nbsp; Gathered or pleated detail Woven Button closure Size worn by the model: s Chest: 32"" Height: 5'7"" 100% Cotton Machine Wash Wash care: Machine Wash",InStock,STREAMLINE APPARELS PRIVATE LIMITED,https://www.myntra.com/Shirts/Roadster/Roadster-Women-Slim-Fit-Opaque-Cotton-Casual-Shirt/28007498/buy,2026-06-26T05:32:19.624356+00:00
Myntra,THE FASHION HUB Women Casual Shirt,"https://assets.myntassets.com/h_720,q_70,w_540/v1/assets/images/2026/MAY/29/VRPZuWFM_b2c548133acc4f9396a8b699cd65d340.jpg",THE FASHION HUB,Apparel,Shirts,391,1299,70,0,0,"S, M, L, XL, XXL, 3XL, 4XL, 5XL",Black,Regular Fit,Cotton,Three-Quarter Sleeves,Solid,"Black Solid Opaque Casual shirts ,has a Band Collar, Button Placket, 1 Patch pocket, Three-Quarter Puff Sleeves, Curved hem Brand Fit: Fit: Regular Fit The model (height 5'8) is wearing a size S Redefine your casual wardrobe with this chic black shirt. Featuring a modern mandarin collar and dramatic puff sleeves, it effortlessly balances sophisticated structure with a relaxed silhouette. Pair it with distressed denim shorts and white sneakers for an effortless daytime look, or tuck it into high-waisted trousers for a sharp, semi-formal ensemble. REGULAR MACHINE WASH Wash care: Machine Wash",InStock,P.P. ENTERPRISES,https://www.myntra.com/Shirts/THE+FASHION+HUB/THE-FASHION-HUB-Women-Casual-Shirt/42678636/buy,2026-06-26T05:32:19.624356+00:00
Myntra,TIRA Women Printed Casual Shirt,"https://assets.myntassets.com/h_720,q_70,w_540/v1/assets/images/2026/FEBRUARY/16/2EkeQeEd_65e51dcb27414c05a246177bd2e0b87e.jpg",TIRA,Apparel,Shirts,461,1627,72,4.1,19,"S, L, XL, XXL",Black,Relaxed Fit,Polyester,Long Sleeves,Printed,"Black Geometric Printed Opaque Casual shirts ,has a Spread Collar, Button Placket, Long Regular Sleeves, Curved hem Brand Fit: Fit: Relaxed Fit The model (height 5'8) is wearing a size S Dry Clean Only Wash care: Dry Clean",InStock,HEART N SOUL,https://www.myntra.com/Shirts/TIRA/TIRA-Women-Printed-Casual-Shirt/40062614/buy,2026-06-26T05:32:19.624356+00:00
Myntra,Style Quotient Smart Regular Fit Opaque Formal Shirt,"https://assets.myntassets.com/h_720,q_70,w_540/v1/assets/images/25770010/2023/11/4/737d4fdd-b36b-49f0-8ab9-ec07aa9506591699106344762StyleQuotientWomenMaroonSmartOpaqueFormalShirt1.jpg",Style Quotient,Apparel,Shirts,655,1299,50,4.3,2928,"S, L, XL",Maroon,Regular Fit,Satin,Long Sleeves,Solid,"Maroon solid opaque Formal shirt ,has a spread collar, button placket, long regular sleeves, curved hem Brand Fit: Smart Fit: Regular Fit The model (height 5'8) is wearing a size S Satin Machine Wash Wash care: Machine Wash",InStock,KRISLON SYNTHETICS PVT LTD,https://www.myntra.com/Shirts/Style+Quotient/Style-Quotient-Smart-Regular-Fit-Opaque-Formal-Shirt/25770010/buy,2026-06-26T05:32:19.624356+00:00
Myntra,CURVY STREET Plus Size Peach Relaxed Ethnic Motifs Printed Casual Shirt,"https://assets.myntassets.com/h_720,q_70,w_540/v1/assets/images/24237808/2023/7/28/cfa99b1d-6aa4-455f-bb58-4682f585f4461690490135065CURVYSTREETWomenMulticolouredRelaxedFloralOpaquePrintedCasua1.jpg",CURVY STREET,Apparel,Shirts,359,1799,80,4.4,525,"XXL, 3XL, 4XL, 5XL, 6XL",Peach,Regular Fit,Polyester,Long Sleeves,Printed,"Peach-coloured &amp; yellow ethnic motifs printed Casual shirt ,has a spread collar, button placket, long regular sleeves, curved hem Brand Fit: Relaxed Fit: Regular Fit The model (height 5'8) is wearing a size XXL 100% Polyester Machine Wash Wash care: Machine Wash",InStock,Shreyash Retail Private Limited,https://www.myntra.com/Shirts/CURVY+STREET/CURVY-STREET-Plus-Size-Peach-Relaxed-Ethnic-Motifs-Printed-Casual-Shirt/24237808/buy,2026-06-26T05:32:19.624356+00:00
Myntra,Tzelynn Women Floral Sheer Printed Casual Shirt,"https://assets.myntassets.com/h_720,q_70,w_540/v1/assets/images/2026/JUNE/13/3SS04vup_d7fce5835a3d470f8b4bbdaef7d7cfc0.jpg",Tzelynn,Apparel,Shirts,589,1599,63,0,0,"S, M, L, XL",Multi,Relaxed Fit,"Cotton, Viscose Rayon",Long Sleeves,Printed,"Multicoloured Floral Printed Sheer Casual shirts ,has a Spread Collar, Button Placket, Long Regular Sleeves, Curved hem Brand Fit: Fit: Relaxed Fit The model (height 5'8) is wearing a size S Wash care: Hand Wash",InStock,VIVIDH IMPEX,https://www.myntra.com/Shirts/Tzelynn/Tzelynn-Women-Floral-Sheer-Printed-Casual-Shirt/43073627/buy,2026-06-26T05:32:19.624356+00:00
Myntra,The Roadster Lifestyle Co. Solid Casual Shirt,"https://assets.myntassets.com/h_720,q_70,w_540/v1/assets/images/33177781/2025/4/15/919c769b-557c-48e3-b912-a91f06d7df071744706338009-Womens-Oversize-Long-Sleeve-Johny-Collar-Pure-Cotton-Shirt-3-1.jpg",Roadster,Apparel,Shirts,598,1499,60,4.3,3226,"S, M, L, XL",Rust,Regular Fit,Cotton,Long Sleeves,Solid,"Rust solid opaque Casual shirt ,has a spread collar, button placket, long regular sleeves, curved hem Brand Fit: Fit: Regular Fit The model (height 5'8) is wearing a size S 100% COTTON Machine Wash Wash care: Machine Wash",InStock,FRACTAL INDUSTRIES LIMITED,https://www.myntra.com/Shirts/Roadster/The-Roadster-Lifestyle-Co-Solid-Casual-Shirt/33177781/buy,2026-06-26T05:32:19.624356+00:00
Myntra,Mast & Harbour Cotton Linen Casual Shirt,"https://assets.myntassets.com/h_720,q_70,w_540/v1/assets/images/2026/JUNE/5/TR2689pa_b6d5ed302b854f24b2e1fc79841b3789.jpg",Mast & Harbour,Apparel,Shirts,509,1699,70,4.4,68,"S, M, L, XL",Blue,Regular Fit,"Cotton, Linen",Three-Quarter Sleeves,Solid,"Blue Solid Opaque Casual shirt, has a Spread Collar, Button Placket, 1 Patch pocket, Three-Quarter Roll-Up Sleeves, Curved hem Disclaimer: The model is AI generated Fit: Regular Fit The model (height 5'8) is wearing a size S 88% Cotton &amp; 12% Linen Machine wash Wash care: Machine Wash",InStock,Sane Retails Private Limited,https://www.myntra.com/Shirts/Mast+%26+Harbour/Mast--Harbour-Cotton-Linen-Casual-Shirt/40243636/buy,2026-06-26T05:32:19.624356+00:00
Myntra,Chemistry Women Comfort Gingham Checks Checked Casual Shirt,"https://assets.myntassets.com/h_720,q_70,w_540/v1/assets/images/2026/MAY/9/iXj4WB3f_077f85b20eea41e588a44916e983b819.jpg",Chemistry,Apparel,Shirts,689,1999,66,4,65,"S, M, L, XXL",Pink,Relaxed Fit,Polyester,Long Sleeves,Checked,"Pink Gingham Checks Checked Opaque Casual shirts ,has a Spread Collar, Button Placket, 1 Patch pocket, Long Roll-Up Sleeves, Curved hem Brand Fit: Comfort Fit: Relaxed Fit The model (height 5'8) is wearing a size S 100% Polyester, Machine wash Wash care: Machine Wash",InStock,CLICKAWISH ENTERPRISES PRIVATE LIMITED,https://www.myntra.com/Shirts/Chemistry/Chemistry-Women-Comfort-Gingham-Checks-Checked-Casual-Shirt/41983170/buy,2026-06-26T05:32:19.624356+00:00
Myntra,Styli Women Black Checked Spread Colllar Long Sleeves Shirt,"https://assets.myntassets.com/h_720,q_70,w_540/v1/assets/images/24061876/2023/7/17/f25195e8-6877-43e9-bc32-ba27243504301689599090165StyliWomenBlackTartanChecksOpaqueCheckedCasualShirt1.jpg",Styli,Apparel,Shirts,747,849,12,4.2,416,"XS, S, M, L, XL, XXL",Black,Regular Fit,Polyester,Long Sleeves,Checked,"Black tartan checks checked opaque casual shirt ,has a spread collar, button placket, long regular sleeves, curved hem Fit: Regular Fit The model (height 5'8) is wearing a size S 100% Polyester Machine Wash Wash care: Machine Wash",InStock,PREMIERE RETAIL TRADING PRIVATE LIMITED,https://www.myntra.com/Shirts/Styli/Styli-Women-Black-Checked-Spread-Colllar-Long-Sleeves-Shirt/24061876/buy,2026-06-26T05:32:19.624356+00:00
Myntra,Style Quotient Spread Collar Smart Formal Shirt,"https://assets.myntassets.com/h_720,q_70,w_540/v1/assets/images/2025/JUNE/23/V3f8XbZK_f2f6d23153364d50af43ca9fc64f3412.jpg",Style Quotient,Apparel,Shirts,650,1049,38,4.5,168,"S, M, L, XL",Green,Regular Fit,Polycotton,Short Sleeves,Solid,"Green solid opaque formal shirt ,has a spread collar, button placket, short cap sleeves, curved hem Brand Fit: Smart Fit: Regular Fit The model (height 5'8) is wearing a size S Polycotton Machine Wash Wash care: Machine Wash",InStock,Savadika Retail Private Limited,https://www.myntra.com/Shirts/Style+Quotient/Style-Quotient-Spread-Collar-Smart-Formal-Shirt/35127306/buy,2026-06-26T05:32:19.624356+00:00
Myntra,Hancock Women Black & White Slim Fit Striped Formal Shirt,"https://assets.myntassets.com/h_720,q_70,w_540/v1/assets/images/2026/JANUARY/30/ziIcRf1F_1978096bac604aa78fae67931748fdaa.jpg",Hancock,Apparel,Shirts,949,1899,50,4.3,2204,"S, M, L, XL",Black,Slim Fit,Cotton,Long Sleeves,Striped,"Black and White striped formal shirt, has a spread collar, long sleeves, concealed button placket, and curved hem The model (height 5'8"") is wearing a size S The cotton shirt by Hancock has long-sleeves that are sure to keep you warm during the cold days. It can be paired with trousers when you need a work look. Material: Cotton Machine Wash Wash care: Machine Wash",InStock,SIDHBALI CREATIONS,https://www.myntra.com/Shirts/Hancock/Hancock-Women-Black--White-Slim-Fit-Striped-Formal-Shirt/12338012/buy,2026-06-26T05:32:19.624356+00:00
Myntra,KALINI Women Floral Printed Oversized Casual Shirt,"https://assets.myntassets.com/h_720,q_70,w_540/v1/assets/images/2025/MAY/12/Vq4O4ULT_b914905078294015b907786f8c1ae514.jpg",KALINI,Apparel,Shirts,572,2199,74,4,1320,"XS, S, M, L, XL, XXL, 3XL",White,Oversized,Viscose Rayon,Three-Quarter Sleeves,Printed,"Orange floral printed opaque Casual shirt ,has a spread collar, button placket, three-quarter Puff sleeves, curved hem Brand Fit: Fit: Oversized The model (height 5'8) is wearing a size S Viscose Rayon Machine wase and hand wase Wash care: Machine Wash",InStock,NEEL FAB & FASHION,https://www.myntra.com/Shirts/KALINI/KALINI-Women-Floral-Printed-Oversized-Casual-Shirt-/34136159/buy,2026-06-26T05:32:19.624356+00:00
Myntra,THE FASHION HUB Women Casual Shirt,"https://assets.myntassets.com/h_720,q_70,w_540/v1/assets/images/2026/MAY/14/FtNHOKmD_e7976eb5d0cf43bb9ac46c73cf051e29.jpg",THE FASHION HUB,Apparel,Shirts,470,999,53,2.6,7,"S, M, L, XL, XXL, 3XL, 4XL, 5XL",White,Regular Fit,Viscose Rayon,Three-Quarter Sleeves,Solid,"White Solid Opaque Casual shirts ,has a Band Collar, Button Placket, Three-Quarter Regular Sleeves, Curved hem Brand Fit: Fit: Regular Fit The model (height 5'8) is wearing a size S Refresh your everyday wardrobe with this elegant white linen blend shirt designed for effortless comfort and timeless style. Featuring a smart mandarin collar, breathable fabric, and relaxed silhouette, this versatile piece pairs perfectly with trousers, denims, or shorts for a chic casual look. Style it with minimal accessories and flats for a clean, sophisticated outfit suitable for brunches, office casual days, or weekend outings. Machine Wash Cold Wash care: Machine Wash",InStock,P.P. ENTERPRISES,https://www.myntra.com/Shirts/THE+FASHION+HUB/THE-FASHION-HUB-Women-Casual-Shirt/42156272/buy,2026-06-26T05:32:19.624356+00:00
Myntra,ADBUCKS Oversized Fit Vertical Striped Drop-Shoulder Sleeves Linen Casual Shirt,"https://assets.myntassets.com/h_720,q_70,w_540/v1/assets/images/2025/JUNE/9/KWrPo3p0_8e8db6ed9df34c9a970db3bcac73def5.jpg",ADBUCKS,Apparel,Shirts,837,1999,58,3,99,"S, M, L, XL, XXL",Red,Oversized,Linen,Long Sleeves,Striped,"Red &amp; white vertical striped opaque casual shirt ,has a spread collar, button placket, no pocket, long, drop shoulder sleeves, curved hem Fit: Oversized The model (height 5'8) is wearing a size S Linen Machine Wash Wash care: Machine Wash",InStock,BUCKSB,https://www.myntra.com/Shirts/ADBUCKS/ADBUCKS-Oversized-Fit-Vertical-Striped-Drop-Shoulder-Sleeves-Linen-Casual-Shirt/34809741/buy,2026-06-26T05:32:19.624356+00:00
Myntra,Roadster Women Blue Casual Shirt,"https://assets.myntassets.com/h_720,q_70,w_540/v1/assets/images/1764493/2022/9/26/fb71b78b-7317-4a64-b9a9-b7cf2aa4f5141664178232989-Roadster-Women-Blue-Denim-Casual-Shirt-1411664178232210-1.jpg",Roadster,Apparel,Shirts,869,1899,54,4.2,5704,"XS, S, M, XL",Blue,Regular Fit,Cotton,Long Sleeves,Solid,"Blue solid opaque Casual shirt ,has a spread collar, button placket, 1 patch pocket, long roll-up sleeves, curved hem Brand Fit: Fit: Regular Fit The model (height 5'8) is wearing a size S With this Roadster cotton shirt, you will look great and feel confident. Wear yours with slim black jeans and trainers for a casual brunch date with your ladies. 100% cotton Machine-wash Wash care: Machine Wash",InStock,STREAMLINE APPARELS PRIVATE LIMITED,https://www.myntra.com/Shirts/Roadster/Roadster-Women-Blue-Casual-Shirt/1764493/buy,2026-06-26T05:32:19.624356+00:00
Myntra,Roadster Women White & Black Slim Fit Checked Casual Shirt,"https://assets.myntassets.com/h_720,q_70,w_540/v1/assets/images/1805909/2023/9/21/9cad35ab-cea9-49d4-bd6e-253eb5d00a921695299782088RoadsterWomenWhiteBlackSlimFitCheckedCasualShirt1.jpg",Roadster,Apparel,Shirts,816,1899,57,4.2,38552,"XS, M, L, XL",White,Slim Fit,,Long Sleeves,Checked,"White and black checked casual shirt, has a spread collar, a full button placket, long sleeves with roll-up tab features, two chest pockets, curved hem Slim fit The model (height 5'8'') is wearing a size S This shirt from Roadster has soft fabric and a relaxed fit. Wear yours with slim black jeans and trainers for a casual brunch date with your ladies. 100% viscose Machine-wash Wash care: Machine Wash",InStock,STREAMLINE APPARELS PRIVATE LIMITED,https://www.myntra.com/Shirts/Roadster/Roadster-Women-White--Black-Slim-Fit-Checked-Casual-Shirt/1805909/buy,2026-06-26T05:32:19.624356+00:00
Myntra,The Roadster Lifestyle Co. Women Spread Collar Textured Satin Casual Shirt,"https://assets.myntassets.com/h_720,q_70,w_540/v1/assets/images/31298472/2024/11/28/2d9ff930-00fc-4a49-8db7-b6aeb97e2b361732810821635-The-Roadster-Lifestyle-Co-Women-Spread-Collar-Textured-Satin-6.jpg",Roadster,Apparel,Shirts,597,1999,70,4,4358,"XS, S, M, L, XL, XXL",Teal,Regular Fit,Satin,Long Sleeves,Self Design,Teal opaque casual shirt Spread collar Button placket Long sleeves Curved hemline Regular Fit The model (height 5.8') is wearing a size S Satin Machine Wash Wash care: Machine Wash,InStock,Savadika Retail Private Limited,https://www.myntra.com/Shirts/Roadster/The-Roadster-Lifestyle-Co-Women-Spread-Collar-Textured-Satin-Casual-Shirt/31298472/buy,2026-06-26T05:32:19.624356+00:00
Myntra,Roadster Women White Casual Shirt,"https://assets.myntassets.com/h_720,q_70,w_540/v1/assets/images/13722880/2021/7/8/13702fdd-cca2-49fe-9a87-86de1fe2ac831625746048207-Roadster-Women-Shirts-1971625746047624-6.jpg",Roadster,Apparel,Shirts,441,1299,66,4.2,1392,"XS, S, M, L, XL, XXL",White,Regular Fit,Polyester,Long Sleeves,Solid,"White solid opaque Casual shirt ,has a mandarin collar, button placket, long puff sleeves, straight hem Brand Fit: Fit: Regular Fit The model (height 5'8) is wearing a size S Polyester , Machine wash Wash care: Machine Wash",InStock,Savadika Retail Private Limited,https://www.myntra.com/Shirts/Roadster/Roadster-Women-White-Casual-Shirt/13722880/buy,2026-06-26T05:32:19.624356+00:00
Myntra,Style Quotient Women Smart Fit Solid Spread Collar Formal Shirt,"https://assets.myntassets.com/h_720,q_70,w_540/v1/assets/images/2025/AUGUST/7/X4PYVkMq_5ac951a317c7468cb19a7a16f99a4303.jpg",Style Quotient,Apparel,Shirts,644,1499,57,4.3,25053,"S, M, L, XL",Beige,Regular Fit,Polycotton,Long Sleeves,Solid,Beige opaque formal shirt for women Spread collar Button placket Curved hemline Solid Regular length Long sleeves Smart Regular Fit The model (height 5.8') is wearing a size S Polycotton Machine Wash Wash care: Machine Wash,InStock,KRISLON SYNTHETICS PVT LTD,https://www.myntra.com/Shirts/Style+Quotient/Style-Quotient-Women-Smart-Fit-Solid-Spread-Collar-Formal-Shirt/36263788/buy,2026-06-26T05:32:19.624356+00:00
Myntra,Molly & Michel Women Comfort Slim Fit Formal Shirt,"https://assets.myntassets.com/h_720,q_70,w_540/v1/assets/images/2026/JANUARY/1/LbKh9FXS_66ff104db35a4a3791d418c1bc934595.jpg",Molly & Michel,Apparel,Shirts,577,1699,66,4,343,"S, M, L, XL",White,Slim Fit,Cotton,Long Sleeves,Solid,"White solid opaque Formal shirt ,has a spread collar, button placket, na pocket, long regular sleeves, curved hem Brand Fit: Comfort Fit: Slim Fit The model (height 5'8) is wearing a size S Machine Wash Wash care: Machine Wash",InStock,SHAGUN ENTERPRISES,https://www.myntra.com/Shirts/Molly+%26+Michel/Molly--Michel-Women-Comfort-Slim-Fit-Formal-Shirt/39104636/buy,2026-06-26T05:32:19.624356+00:00
Myntra,Funday Fashion Self Design Opaque Casual Shirt,"https://assets.myntassets.com/h_720,q_70,w_540/v1/assets/images/22727212/2023/4/11/261b9b54-b102-4b02-886a-9e7a4658e9571681177004793FUNDAYFASHIONWomenSelfDesignCasualBlackShirt1.jpg",Funday Fashion,Apparel,Shirts,387,1499,74,4.2,890,"XS, S, M, L",Black,Regular Fit,Georgette,Long Sleeves,Self Design,"Black self design opaque casual shirt, has a spread collar, button placket, long regular sleeves, curved hem Fit: Regular Fit The model (height 5'8) is wearing a size S Georgette Machine Wash Wash care: Machine Wash",InStock,SYS ONLINE STORE,https://www.myntra.com/Shirts/Funday+Fashion/Funday-Fashion-Self-Design-Opaque-Casual-Shirt/22727212/buy,2026-06-26T05:32:19.624356+00:00
Myntra,The Roadster Life Co. Double- Breasted Striped Pure Cotton Shirt,"https://assets.myntassets.com/h_720,q_70,w_540/v1/assets/images/2025/DECEMBER/5/Vw8zd89M_a0fad027237c4b9295525987ecb17f31.jpg",Roadster,Apparel,Shirts,924,2199,58,4.3,2822,"XS, S, M, L, XL, XXL",White,Regular Fit,Cotton,Long Sleeves,Striped,"White vertical stripes striped opaque Casual shirt ,has a spread collar, button placket, long regular sleeves, curved hem Brand Fit: Fit: Regular Fit The model (height 5'8) is wearing a size S 100% Cotton Machine wash Wash care: Machine Wash",InStock,STREAMLINE APPARELS PRIVATE LIMITED,https://www.myntra.com/Shirts/Roadster/The-Roadster-Life-Co-Double--Breasted-Striped-Pure-Cotton-Shirt/38361452/buy,2026-06-26T05:32:19.624356+00:00
Myntra,glitchez Floral Embroidered Casual Shirt,"https://assets.myntassets.com/h_720,q_70,w_540/v1/assets/images/2025/JULY/16/8xzCNSsb_6253a86bf18f4d73a71d836756f244eb.jpg",glitchez,Apparel,Shirts,819,1999,59,4.4,339,"XS, S, M, L, XL",Cream,Regular Fit,Cotton,Long Sleeves,Self Design,"Color: Cream-colored Neckline: Spread Collar&nbsp;&nbsp;&nbsp;&nbsp; Sleeve Styling: Long, Regular sleeves&nbsp;&nbsp; Closure: Button Brand Fit: Fit: Regular Fit The model (height 5'8) is wearing a size S 100% Cotton&nbsp; Machine wash Wash care: Machine Wash",InStock,Shreyash Retail Private Limited,https://www.myntra.com/Shirts/glitchez/glitchez-Floral-Embroidered-Casual-Shirt/31793329/buy,2026-06-26T05:32:19.624356+00:00
Myntra,The Roadster Lifestyle Co. Tartan Checked Regular Fit Shirt,"https://assets.myntassets.com/h_720,q_70,w_540/v1/assets/images/33465873/2025/5/5/f1d283b1-02ff-4975-9529-e8b68f5aba2b1746448513133-The-Life-Co-Checked--Wrap-Style-Casual-Shirt-575174644851226-1.jpg",Roadster,Apparel,Shirts,894,1999,55,4.4,3870,"XS, S, M, L, XL, XXL",Black,Regular Fit,Cotton,Long Sleeves,Checked,"Black tartan checks checked opaque Casual shirt ,has a spread collar, button placket, 1 pocket, long regular sleeves, straight hem Brand Fit: Classic Fit: Regular Fit The model (height 5'8) is wearing a size S 100% Cotton MACHINE WASH Wash care: Machine Wash",InStock,STREAMLINE APPARELS PRIVATE LIMITED,https://www.myntra.com/Shirts/Roadster/The-Roadster-Lifestyle-Co-Tartan-Checked-Regular-Fit-Shirt/33465873/buy,2026-06-26T05:32:19.624356+00:00
Myntra,SZN Women Sheer Casual Shirt,"https://assets.myntassets.com/h_720,q_70,w_540/v1/assets/images/2026/MARCH/22/T7uqjR5u_d6c0c5b8a2674abea3bef2b41879abe4.jpg",SZN,Apparel,Shirts,570,1599,64,4.3,155,"S, M, L, XL",Brown,Relaxed Fit,Cotton,Long Sleeves,Printed,"Brown Solid Sheer Casual shirts ,has a Button-Down Collar, , Long Regular Sleeves, Curved hem Brand Fit: Fit: Relaxed Fit The model (height 5'8) is wearing a size S Wash care: Hand Wash",InStock,Sumtinath Enterprises,https://www.myntra.com/Shirts/SZN/SZN-Women-Sheer-Casual-Shirt/40836703/buy,2026-06-26T05:32:19.624356+00:00
Myntra,all about you Women Comfort Striped Casual Shirt,"https://assets.myntassets.com/h_720,q_70,w_540/v1/assets/images/2026/JANUARY/11/e8CXnfwN_7f2f81c3fe4749b88a70bcd5c74f13bd.jpg",all about you,Apparel,Shirts,701,1899,63,4.1,464,"S, M, L, XL",Blue,Regular Fit,Cotton,Long Sleeves,Striped,"Blue vertical stripes striped opaque Casual shirt ,has a spread collar, button placket, na pocket, long regular sleeves, curved hem Brand Fit: Comfort Fit: Regular Fit The model (height 5'8) is wearing a size S Machine Wash Wash care: Machine Wash",InStock,LORD SHIVA ENTERPRISES,https://www.myntra.com/Shirts/all+about+you/all-about-you-Women-Comfort-Striped-Casual-Shirt/39318385/buy,2026-06-26T05:32:19.624356+00:00
Myntra,FITHUB Women Casual Spread Collar Shirt,"https://assets.myntassets.com/h_720,q_70,w_540/v1/assets/images/2026/MAY/14/terG848H_5865a14ecf004d5bbc8368ae1d3e62b1.jpg",FITHUB,Apparel,Shirts,899,2499,64,4.6,14,"S, M, L, XL",Rust,Relaxed Fit,Linen,Long Sleeves,Solid,Rust Solid Opaque Casual shirts Has a Button-Down Collar Button Placket Long Regular Sleeves Curved hem Brand Fit: Fit: Relaxed Fit The model (height 5'8) is wearing a size S Linen Machine Wash and Hand Wash Wash care: Machine Wash,InStock,KOSHARA VENTURES (GUJARAT) PRIVATE LIMITED,https://www.myntra.com/Shirts/FITHUB/FITHUB-Women-Casual-Spread-Collar-Shirt/41647218/buy,2026-06-26T05:32:19.624356+00:00
Myntra,all about you Semi Sheer Printed Shirt,"https://assets.myntassets.com/h_720,q_70,w_540/v1/assets/images/2025/NOVEMBER/10/qAOe3aGw_d18050248b1849c9adcd08373e3ba090.jpg",all about you,Apparel,Shirts,560,1699,67,4.2,345,"S, M, L, XL",Black,Regular Fit,Polyester,Long Sleeves,Printed,"Black abstract printed semi sheer casual shirt, has a cuban collar, full button placket, long slit sleeves, and curved hem Regular Fit Size worn by the model: S Chest: 30"" Height: 5'6"" 100% Polyester Machine wash Wash care: Machine Wash",InStock,Konde Products & Services Private Limited,https://www.myntra.com/Shirts/all+about+you/all-about-you-Semi-Sheer-Printed-Shirt/23276270/buy,2026-06-26T05:32:19.624356+00:00
Myntra,The Roadster Lifestyle Co Printed Pure Cotton Shirt,"https://assets.myntassets.com/h_720,q_70,w_540/v1/assets/images/2026/MAY/25/K7LrGrgh_501f40dbe2e04ef8b661419d763a31c3.jpg",Roadster,Apparel,Shirts,734,1999,63,3.9,583,"S, M, L, XL, XXL",Red,Relaxed Fit,Viscose Rayon,Long Sleeves,Printed,"Product Design Details: Color : Red &amp; white Top Printed Shirt Collar Long Sleeves Woven cotton Button closure The model (height 5'8"") is wearing size S 100 % Cotton Machine Wash Wash care: Machine Wash",InStock,OEQUAL FASHION,https://www.myntra.com/Shirts/Roadster/The-Roadster-Lifestyle-Co-Printed-Pure-Cotton-Shirt/39106410/buy,2026-06-26T05:32:19.624356+00:00
Myntra,Chemistry Striped Cinched Waist Pure Cotton Casual Shirt,"https://assets.myntassets.com/h_720,q_70,w_540/v1/assets/images/2026/APRIL/23/v5noHhr2_731e64900d05409e97f5cc6aa8a22386.jpg",Chemistry,Apparel,Shirts,864,2199,61,4.4,142,"XS, S, L, XL, XXL",Pink,Regular Fit,Cotton,Long Sleeves,Striped,"Pink and white striped opaque casual shirt, has a spread collar, button placket,&nbsp; long sleeves, curved hem Disclaimer: The model is AI generated The model (height 5'8'') is wearing a size S 100% Cotton Machine wash Wash care: Machine Wash",InStock,STREAMLINE APPARELS PRIVATE LIMITED,https://www.myntra.com/Shirts/Chemistry/Chemistry-Striped-Cinched-Waist-Pure-Cotton-Casual-Shirt/41049841/buy,2026-06-26T05:32:19.624356+00:00
Myntra,French Connection Vertical Striped Casual Shirt,"https://assets.myntassets.com/h_720,q_70,w_540/v1/assets/images/2026/JUNE/24/fvEyhDBZ_301495462b494e2da84397d468d0cef7.jpg",French Connection,Apparel,Shirts,804,2299,65,4,25,"XS, S, M, L, XL",Blue,Regular Fit,Cotton,Long Sleeves,Striped,"Blue vertical striped Opaque Casual shirt, has a mandarin Collar, Button Placket, Long Regular Sleeves, curved hem Disclaimer: The model is AI generated Fit: Regular Fit The model (height 5'8) is wearing a size S 54% Polyester &amp; 46% Cotton Machine Wash Wash care: Machine Wash",InStock,Sane Retails Private Limited,https://www.myntra.com/Shirts/French+Connection/French-Connection-Vertical-Striped-Casual-Shirt/40659834/buy,2026-06-26T05:32:19.624356+00:00
Myntra,CORSICA Women Opaque Striped Party Shirt,"https://assets.myntassets.com/h_720,q_70,w_540/v1/assets/images/2025/FEBRUARY/18/41G1Dwlr_c7e0223d5f8744a0a233be0fabc76adf.jpg",CORSICA,Apparel,Shirts,689,1899,64,4.2,3415,"S, M, L, XL",Blue,Regular Fit,Cotton,Long Sleeves,Striped,"Blue vertical stripes striped opaque Party shirt ,has a spread collar, button placket, na pocket, long regular sleeves, curved hem Brand Fit: Fit: Regular Fit The model (height 5'8) is wearing a size S Machine Wash Wash care: Machine Wash",InStock,LORD SHIVA ENTERPRISES,https://www.myntra.com/Shirts/CORSICA/CORSICA-Women-Opaque-Striped-Party-Shirt/32840769/buy,2026-06-26T05:32:19.624356+00:00
Myntra,Tzelynn Floral Printed Casual Shirt,"https://assets.myntassets.com/h_720,q_70,w_540/v1/assets/images/2026/APRIL/25/w8zdSofc_acc8d75cb020495ba4eee223d3bca2c1.jpg",Tzelynn,Apparel,Shirts,589,1599,63,4.1,41,"S, M, L, XL",Maroon,Relaxed Fit,Cotton,Long Sleeves,Printed,"Maroon Floral Printed Opaque Casual shirts ,has a Spread Collar, Button Placket, Long Regular Sleeves, Curved hem Brand Fit: Fit: Relaxed Fit The model (height 5'8) is wearing a size S Wash care: Hand Wash",InStock,VIVIDH IMPEX,https://www.myntra.com/Shirts/Tzelynn/Tzelynn-Floral-Printed-Casual-Shirt/41633762/buy,2026-06-26T05:32:19.624356+00:00
Myntra,Maaesa Women Tie & Dyed Long Sleeve Casual Loose Fit Shirt,"https://assets.myntassets.com/h_720,q_70,w_540/v1/assets/images/2025/APRIL/10/7fnQNfnt_1115d7baa269456daa1130564066fdb9.jpg",Maaesa,Apparel,Shirts,699,2497,72,4.2,977,"S, M, L, XL, XXL, 3XL",Pink,Oversized,Viscose Rayon,Long Sleeves,Dyed,"Pink tie and dye dyed opaque Casual shirt ,has a spread collar, button placket, long drop shoulder sleeves, curved hem Fit: Loose Fit The model (height 5'8) is wearing a size S Viscose Rayon Hand Wash Wash care: Hand Wash",InStock,PINK DECEMBER FASHION PRIVATE LIMITED,https://www.myntra.com/Shirts/Maaesa/Maaesa-Women-Tie--Dyed-Long-Sleeve-Casual-Loose-Fit-Shirt/33548610/buy,2026-06-26T05:32:19.624356+00:00
Myntra,QIOA Women Relaxed Striped Casual Shirt,"https://assets.myntassets.com/h_720,q_70,w_540/v1/assets/images/2026/FEBRUARY/11/lZgYBaOT_7de83a09433648799d46529eb93d159e.jpg",QIOA,Apparel,Shirts,478,1499,68,4.2,89,"S, M, XL, XXL",Yellow,Relaxed Fit,Cotton,Long Sleeves,Striped,"Yellow Vertical Stripes Striped Opaque Casual shirts ,has a Spread Collar, Button Placket, Long Regular Sleeves, Curved hem Brand Fit: Relaxed Fit: Relaxed Fit The model (height 5'8) is wearing a size S Women Cotton Oversized Shirt Cotton, Gentle Wash Wash care: Machine Wash",InStock,Sehgall,https://www.myntra.com/Shirts/QIOA/QIOA-Women-Relaxed-Striped-Casual-Shirt/39966755/buy,2026-06-26T05:32:19.624356+00:00
Myntra,High Star Oversized Striped Cotton Casual Shirt,"https://assets.myntassets.com/h_720,q_70,w_540/v1/assets/images/22804140/2023/4/18/084a4c95-fe00-4301-a29e-6a8c7038ffa11681781747318HighStarWomenBlueCottonOversizedStripedShirt1.jpg",High Star,Apparel,Shirts,1137,1999,43,4.2,4868,"S, M, L, XL, XXL",Blue,Tailored Fit,Cotton,Long Sleeves,Striped,"Blue &amp; white vertical striped opaque shirt, has a spread collar, button placket, long regular sleeves, curved hemHigh Star - Product by BRND.ME Brand Fit: Classic Fit: Tailored Fit The model (height 5'8) is wearing a size S 100% Cotton Machine Wash Wash care: Machine Wash",InStock,Mensa Brand Technologies Private Limited,https://www.myntra.com/Shirts/High+Star/High-Star-Oversized-Striped-Cotton-Casual-Shirt/22804140/buy,2026-06-26T05:32:19.624356+00:00
Myntra,SASSAFRAS Striped Spread Collar Oversized Casual Shirt,"https://assets.myntassets.com/h_720,q_70,w_540/v1/assets/images/25003320/2023/10/4/342dd815-f67b-4021-adbd-595c1b426c921696417448917-SASSAFRAS-Striped-Spread-Collar-Oversized-Casual-Shirt-52416-11.jpg",SASSAFRAS,Apparel,Shirts,594,1699,65,4.2,4172,"XS, S, M, L, XL, XXL",Red,Oversized,Viscose Rayon,Long Sleeves,Striped,"Red striped opaque casual shirt, has a spread collar, button placket, no pocket, short regular sleeves, curved hem Fit: Oversized The model (height 5'8) is wearing a size S 100% rayon Machine Wash Wash care: Machine Wash",InStock,ARDENT Retail Co.,https://www.myntra.com/Shirts/SASSAFRAS/SASSAFRAS-Striped-Spread-Collar-Oversized-Casual-Shirt/25003320/buy,2026-06-26T05:32:19.624356+00:00
Myntra,The Roadster Life Co. Cotton Pleated Asymmetric Closure Wrap Style Shirt,"https://assets.myntassets.com/h_720,q_70,w_540/v1/assets/images/2026/MARCH/2/TMCm5X5Q_96ed83c051684f52b1510cc22ca81d75.jpg",Roadster,Apparel,Shirts,869,1999,57,4.4,9788,"XS, S, M, L, XL, XXL",Lime Green,Regular Fit,Cotton,Long Sleeves,Solid,"Lime green solid opaque wrap style casual shirt ,has a spread collar, asymmetric button placket, long extended sleeves, straight hem Brand Fit: Classic Fit: Regular Fit The model (height 5'8) is wearing a size S 100% Cotton Machine wash Wash care: Machine Wash",InStock,STREAMLINE APPARELS PRIVATE LIMITED,https://www.myntra.com/Shirts/Roadster/The-Roadster-Life-Co-Cotton-Pleated-Asymmetric-Closure-Wrap-Style-Shirt/39021591/buy,2026-06-26T05:32:19.624356+00:00
Myntra,Roadster Women Black Cotton Casual Shirt,"https://assets.myntassets.com/h_720,q_70,w_540/v1/assets/images/15049280/2022/6/30/9c7d3901-9921-46f0-9622-117ad650c2781656581665196-Roadster-Women-Shirts-6911656581664632-1.jpg",Roadster,Apparel,Shirts,498,1299,62,4.3,403,"XS, S, M, L, XL, XXL",Black,Regular Fit,Cotton,Short Sleeves,Solid,"Black solid opaque Casual shirt, has a spread collar, button placket, short puff sleeves, curved hem Fit: Regular Fit The model (height 5'8) is wearing a size S 100% Cotton&nbsp; Machine wash Wash care: Machine Wash",InStock,GG APPARELS,https://www.myntra.com/Shirts/Roadster/Roadster-Women-Black-Cotton-Casual-Shirt/15049280/buy,2026-06-26T05:32:19.624356+00:00
Myntra,Kralz Women Classic Colourblocked Casual Shirt,"https://assets.myntassets.com/h_720,q_70,w_540/v1/assets/images/2026/MAY/5/Z8jOIEUz_dc9a2411d7554dabbca12a4a9727969a.jpg",Kralz,Apparel,Shirts,490,1200,59,0,0,"S, M, L, XL, XXL",Multi,Regular Fit,Polyester,Three-Quarter Sleeves,Colourblocked,"Multicoloured Colourblocked Opaque Casual shirts ,has a Spread Collar, Button Placket, Three-Quarter Roll-Up Sleeves, Curved hem Brand Fit: Classic Fit: Regular Fit The model (height 5'8) is wearing a size S Pair this digital printed shirt with denim jeans, sneakers, or flats for a stylish casual look comfortable cotton blend fabric. Machine wash or hand wash Wash care: Hand Wash",InStock,NARAYANI CREATIONS,https://www.myntra.com/Shirts/Kralz/Kralz-Women-Classic-Colourblocked-Casual-Shirt/41868150/buy,2026-06-26T05:32:19.624356+00:00
Myntra,Roadster The Lifestyle Co. Pure Cotton Striped Casual Relaxed Fit Shirt,"https://assets.myntassets.com/h_720,q_70,w_540/v1/assets/images/28138120/2024/4/17/46898a45-4ff1-4ea8-8d73-16a7c21d3f271713345529664-Roadster-Women-Shirts-3821713345529200-1.jpg",Roadster,Apparel,Shirts,545,2099,74,4.2,2328,"S, M, L, XL, XXL",White,Relaxed Fit,Cotton,Long Sleeves,Striped,"White and blue vertical striped opaque casual shirt, has a spread collar, button placket, long regular sleeves, curved hem Relaxed Fit Size worn by the model: S Chest: 34"" Height: 5'8"" Pure Cotton Machine wash Wash care: Machine Wash",InStock,Savadika Retail Private Limited,https://www.myntra.com/Shirts/Roadster/Roadster-The-Lifestyle-Co-Pure-Cotton-Striped-Casual-Relaxed-Fit-Shirt/28138120/buy,2026-06-26T05:32:19.624356+00:00
Myntra,THE FASHION HUB Women Casual Shirt,"https://assets.myntassets.com/h_720,q_70,w_540/v1/assets/images/2026/FEBRUARY/4/2AQhx9Nx_990cf366e9564aa9a2fce3b9ecd80cec.jpg",THE FASHION HUB,Apparel,Shirts,497,1299,62,4.3,41,"S, M, L, XL, XXL, 3XL, 4XL, 5XL",Brown,Regular Fit,Cotton,Long Sleeves,Solid,"Brown Solid Opaque Casual shirts ,has a Spread Collar, Button Placket, Long Roll-Up Sleeves, Curved hem Brand Fit: Fit: Regular Fit The model (height 5'8) is wearing a size S REGULAR MACHINE WASH Wash care: Machine Wash",InStock,P.P. ENTERPRISES,https://www.myntra.com/Shirts/THE+FASHION+HUB/THE-FASHION-HUB-Women-Casual-Shirt/39846522/buy,2026-06-26T05:32:19.624356+00:00
Myntra,Femibazaar Women Relaxed Striped Casual Shirt,"https://assets.myntassets.com/h_720,q_70,w_540/v1/assets/images/2025/NOVEMBER/4/x3IxVGXe_f52438c92353436496ea73ecb476564d.jpg",Femibazaar,Apparel,Shirts,449,1599,72,4,156,"S, M, L",Pink,Oversized,Polycotton,Long Sleeves,Striped,"Pink vertical stripes striped opaque Casual shirt ,has a spread collar, button placket, long regular sleeves, straight hem Brand Fit: Relaxed Fit: Oversized The model (height 5'8) is wearing a size S Gentle Machine Wash Wash care: Machine Wash",InStock,THE GOLDEN SEW,https://www.myntra.com/Shirts/Femibazaar/Femibazaar-Women-Relaxed-Striped-Casual-Shirt/37763349/buy,2026-06-26T05:32:19.624356+00:00
Myntra,HERE&NOW Women Striped Casual Shirt,"https://assets.myntassets.com/h_720,q_70,w_540/v1/assets/images/2025/NOVEMBER/27/GIpHsyfD_820d63e989854a7ab55030c63e6c159b.jpg",HERE&NOW,Apparel,Shirts,694,2299,70,4.1,1715,"S, M, L, XL, XXL",Olive,Oversized,Cotton,Three-Quarter Sleeves,Striped,"Olive green vertical stripes striped opaque Casual shirt ,has a spread collar, button placket, three-quarter roll-up sleeves, curved hem Brand Fit: Fit: Oversized The model (height 5'8) is wearing a size S Machine wash Wash care: Machine Wash",InStock,Sixth Sense,https://www.myntra.com/Shirts/HERE%26NOW/HERENOW-Women-Striped-Casual-Shirt/38189255/buy,2026-06-26T05:32:19.624356+00:00
Myntra,Gerua By Libas Women Printed Casual Shirt,"https://assets.myntassets.com/h_720,q_70,w_540/v1/assets/images/2026/MARCH/7/ElgBZ3wK_53e7d96c313f49af869c2ee50e782ab1.jpg",Gerua By Libas,Apparel,Shirts,428,1599,73,4,222,"S, M, L, XL, XXL",Rust,Relaxed Fit,Cotton,Long Sleeves,Printed,"Rust Printed Opaque Casual shirts ,has a Spread Collar, Button Placket, Long Regular Sleeves, Curved hem Brand Fit: Fit: Regular Fit The model (height 5'8) is wearing a size S Hand Wash, Separately In Cold Water, Do Not Bleach, Dry In Shade, Medium Iron. Wash care: Machine Wash",InStock,ZIVORE APPAREL PVT LTD,https://www.myntra.com/Shirts/Gerua+By+Libas/Gerua-By-Libas-Women-Printed-Casual-Shirt/40308015/buy,2026-06-26T05:32:19.624356+00:00
Myntra,all about you Women Comfort Striped Casual Shirt,"https://assets.myntassets.com/h_720,q_70,w_540/v1/assets/images/2026/JANUARY/11/hHOrSUmj_474408ea5c2544bbb5cd1912a135a0b3.jpg",all about you,Apparel,Shirts,804,1899,58,3.8,38,"S, M, L, XL",Blue,Oversized,Cotton,Long Sleeves,Striped,"Blue vertical stripes striped opaque Casual shirt ,has a spread collar, button placket, na pocket, long regular sleeves, straight hem Brand Fit: Comfort Fit: Oversized The model (height 5'8) is wearing a size S Machine Wash Wash care: Machine Wash",InStock,LORD SHIVA ENTERPRISES,https://www.myntra.com/Shirts/all+about+you/all-about-you-Women-Comfort-Striped-Casual-Shirt/39328928/buy,2026-06-26T05:32:19.624356+00:00
Myntra,HERE&NOW Women Oversized Fit Spread Collar Textured Cotton Casual Shirt,"https://assets.myntassets.com/h_720,q_70,w_540/v1/assets/images/32063774/2024/12/24/4391eeb4-0c62-406a-8cc0-57fb3357cbf41735030584668HERENOWWomenSlimFitOpaqueCasualShirt1.jpg",HERE&NOW,Apparel,Shirts,743,2299,68,4.1,3922,"S, M, L, XL, XXL",Taupe,Oversized,Cotton,Long Sleeves,Self Design,"Taupe opaque casual shirt Spread collar Concealed button placket Long, Raglan sleeves Curved hemline Oversized fit The model (height 5.8') is wearing a size S Cotton Machine Wash Wash care: Machine Wash",InStock,Sixth Sense,https://www.myntra.com/Shirts/HERE%26NOW/HERENOW-Women-Oversized-Fit-Spread-Collar-Textured-Cotton-Casual-Shirt/32063774/buy,2026-06-26T05:32:19.624356+00:00
Myntra,CSP FASHION Women Vertical Striped Spread Collar Cotton Casual Shirt,"https://assets.myntassets.com/h_720,q_70,w_540/v1/assets/images/2025/AUGUST/21/douDirMu_0c01bd5d2e0e4c548662a2bd334ad840.jpg",CSP FASHION,Apparel,Shirts,537,999,46,3.9,96,"S, M, L, XL",Green,Regular Fit,Cotton,Long Sleeves,Striped,Green opaque casual shirt for women Spread collar Button placket Curved hemline Vertical stripes Striped Regular length Long sleeves Regular Fit The model (height 5.8') is wearing a size S Cotton Machine Wash Wash care: Machine Wash,InStock,N P ENTERPRISES,https://www.myntra.com/Shirts/CSP+FASHION/CSP-FASHION-Women-Vertical-Striped-Spread-Collar-Cotton-Casual-Shirt/36515687/buy,2026-06-26T05:32:19.624356+00:00
Myntra,glitchez Striped Drop-Shoulder Sleeves Oversized Casual Shirt,"https://assets.myntassets.com/h_720,q_70,w_540/v1/assets/images/2026/MARCH/10/5V7hf1FG_9decf35e7758401f9c2816fe48d8c70e.jpg",glitchez,Apparel,Shirts,560,1699,67,4.1,18,"XS, S, M, L, XL",Green,Oversized,Cotton,Long Sleeves,Striped,"Green striped opaque casual shirt, has a spread collar, button placket, long drop-shoulder sleeves, straight hem Disclaimer: the model is ai generated. Fit: Oversized The model (height 5'8) is wearing a size S 100% Cotton&nbsp; Machine wash Wash care: Machine Wash",InStock,Shreyash Retail Private Limited,https://www.myntra.com/Shirts/glitchez/glitchez-Striped-Drop-Shoulder-Sleeves-Oversized-Casual-Shirt/38889379/buy,2026-06-26T05:32:19.624356+00:00
Myntra,SHAYE Women White buttondown Casual Shirt,"https://assets.myntassets.com/h_720,q_70,w_540/v1/assets/images/16154712/2021/11/18/0ec59a2f-196d-4602-a4e4-a269097f60c21637214641613SHAYEWomenWhiteOpaqueCasualShirt1.jpg",SHAYE,Apparel,Shirts,894,1799,50,4.2,5937,"XS, S, M, L, XL",White,Regular Fit,Modal,Long Sleeves,Solid,"White solid Casual shirt , has a buttondown collar, button placket, long regular sleeves, Buttondown shirt Cuffs Brand Fit: Relaxed Fit The model (height 5'8) is wearing a size S Smart and stylish, this shirt is sure to give you a sophisticated look. Exquisitely designed with a spread collar and regular sleeves. This easy-breezy classic shirt will meet your every need. Fabric is soft, silky modal satin with a lustrous finish. 100% Modal Satin Machine wash Wash care: Machine Wash",InStock,Astrid Fashions Pvt Ltd,https://www.myntra.com/Shirts/SHAYE/SHAYE-Women-White-buttondown-Casual-Shirt/16154712/buy,2026-06-26T05:32:19.624356+00:00
Myntra,Hancock Sharp Slim Fit Striped Pure Cotton Formal Shirt,"https://assets.myntassets.com/h_720,q_70,w_540/v1/assets/images/22043154/2023/2/20/3cc10e76-d7cd-4637-b34b-9ab6b18f8b381676866064457HancockWomenWhiteSharpSlimFitStripedFormalShirt1.jpg",Hancock,Apparel,Shirts,949,1899,50,4.5,930,"S, M, L, XL",White,Slim Fit,Cotton,Long Sleeves,Striped,"White vertical stripes striped opaque formal shirt ,has a spread collar, concealed button placket, long regular sleeves, curved hem Brand Fit: Sharp Fit: Slim Fit The model (height 5'8) is wearing a size S Pure Cotton Machine Wash Wash care: Machine Wash",InStock,SIDHBALI CREATIONS,https://www.myntra.com/Shirts/Hancock/Hancock-Sharp-Slim-Fit-Striped-Pure-Cotton-Formal-Shirt/22043154/buy,2026-06-26T05:32:19.624356+00:00
Myntra,Mystere Paris Women Classic Casual Shirt,"https://assets.myntassets.com/h_720,q_70,w_540/v1/assets/images/2026/APRIL/9/6LWvcxUV_17e7fe15444c49598f75e1bde9225854.jpg",Mystere Paris,Apparel,Shirts,999,1999,50,4.1,17,"XS, S, M, L, XL",Rose,Oversized,Cotton,Long Sleeves,Self Design,"Pink Solid Casual shirts ,has a Cutaway Collar, Button Placket, Long Regular Sleeves, High-Low hem Brand Fit: Classic Fit: Oversized The model (height 5'8) is wearing a size S Machine Wash Wash care: Machine Wash",InStock,CREATIVE GARMENTS PRIVATE LIMITED,https://www.myntra.com/Shirts/Mystere+Paris/Mystere-Paris-Women-Classic-Casual-Shirt/41266959/buy,2026-06-26T05:32:19.624356+00:00
Myntra,CURVY STREET Plus Size Fuchsia Classic Satin Casual Shirt,"https://assets.myntassets.com/h_720,q_70,w_540/v1/assets/images/23209184/2023/5/16/5d455b4b-cbe7-4328-bb1e-654853bdc5ea1684180962055CURVYSTREETWomenFuchsiaClassicOpaqueCasualShirt1.jpg",CURVY STREET,Apparel,Shirts,399,1999,80,4.4,2269,"XXL, 3XL, 4XL, 5XL, 6XL",Fuchsia,Regular Fit,Satin,Long Sleeves,Solid,"Fuchsia solid opaque casual shirt ,has a spread collar, button placket, long regular sleeves, curved hem Plus size&nbsp; Brand Fit: Classic Fit: Regular Fit The model (height 5'8) is wearing a size S Satin Machine Wash Wash care: Machine Wash",InStock,STREET NINE FASHIONS PVT LTD,https://www.myntra.com/Shirts/CURVY+STREET/CURVY-STREET-Plus-Size-Fuchsia-Classic-Satin-Casual-Shirt/23209184/buy,2026-06-26T05:32:19.624356+00:00
Myntra,Hancock Women Solid Regular Fit Pure Cotton Formal Shirt,"https://assets.myntassets.com/h_720,q_70,w_540/v1/assets/images/2026/JANUARY/30/qRUpXBWN_df137506faf84cf2bd8bf1d08e8cf48b.jpg",Hancock,Apparel,Shirts,998,2299,57,4.3,1101,"XS, S, M, L, XL",Black,Regular Fit,Cotton,Long Sleeves,Solid,"Black solid solid opaque Formal shirt ,has a spread collar, concealed button placket, long regular sleeves, curved hem Brand Fit: Comfort Fit: Regular Fit The model (height 5'8) is wearing a size S Wash with like colors, Wash in cold water, Dry in shade, Tumble dry low, Iron prints on reverse side Wash care: Machine Wash",InStock,SIDHBALI CREATIONS,https://www.myntra.com/Shirts/Hancock/Hancock-Women-Solid-Regular-Fit-Pure-Cotton-Formal-Shirt/20287032/buy,2026-06-26T05:32:19.624356+00:00
Myntra,Style Quotient Blue Smart Opaque Cotton Casual Shirt,"https://assets.myntassets.com/h_720,q_70,w_540/v1/assets/images/23306026/2023/5/21/75e16c6e-9b87-45e7-aea7-5562d526fdf41684689266786StyleQuotientWomenBlueSmartOpaqueFormalShirt1.jpg",Style Quotient,Apparel,Shirts,453,1499,70,4.3,756,"XS, S, M, L, XL",Blue,Regular Fit,Cotton,Short Sleeves,Solid,"Blue solid opaque casual shirt, has a spread collar, button placket, short regular sleeves, curved hem Brand Fit: Smart Fit: Regular Fit The model (height 5'8) is wearing a size S Cotton Hand Wash Wash care: Hand Wash",InStock,KRISLON SYNTHETICS PVT LTD,https://www.myntra.com/Shirts/Style+Quotient/Style-Quotient-Blue-Smart-Opaque-Cotton-Casual-Shirt/23306026/buy,2026-06-26T05:32:19.624356+00:00
Myntra,The Roadster Lifestyle Co. Women Denim Pure Cotton Casual Shirt,"https://assets.myntassets.com/h_720,q_70,w_540/v1/assets/images/35084546/2025/7/23/2ff5ba60-be78-477f-adf2-6573786da0eb1753249498440-Womens-Long-Sleeve-Regular-Fit-Denim-Shirt-8071753249497648-1.jpg",Roadster,Apparel,Shirts,693,1799,61,4.3,4533,"XS, S, M, L, XL",Charcoal,Regular Fit,Denim,Long Sleeves,Solid,"Charcoal solid opaque Casual shirt ,has a spread collar, button placket, long regular sleeves, curved hem Brand Fit: Fit: Regular Fit The model (height 5'8) is wearing a size S 100% Cotton Machine Wash Wash care: Machine Wash",InStock,FRACTAL INDUSTRIES LIMITED,https://www.myntra.com/Shirts/Roadster/The-Roadster-Lifestyle-Co-Women-Denim-Pure-Cotton-Casual-Shirt/35084546/buy,2026-06-26T05:32:19.624356+00:00
Myntra,BEING NAUGHTY Women Comfort Mandarin Collar Textured Solid Casual Shirt,"https://assets.myntassets.com/h_720,q_70,w_540/v1/assets/images/2024/OCTOBER/8/y6wauPKx_7504dbe9b83d476f9b9a270667d7e3ca.jpg",BEING NAUGHTY,Apparel,Shirts,898,2299,61,4,1527,"XS, S, M, L, XL, XXL",Red,Regular Fit,Polyester,Three-Quarter Sleeves,Solid,Red opaque casual shirt Mandarin collar Button placket Three-quarter sleeves Curved hemline Regular Fit The model (height 5.8') is wearing a size S Polyester Machine Wash Wash care: Machine Wash,InStock,KANAK CREATION,https://www.myntra.com/Shirts/BEING+NAUGHTY/BEING-NAUGHTY-Women-Comfort-Mandarin-Collar-Textured-Solid-Casual-Shirt/31244394/buy,2026-06-26T05:32:19.624356+00:00
Myntra,CHIC BY TOKYO TALKIES Women Regular Fit Casual Shirt,"https://assets.myntassets.com/h_720,q_70,w_540/v1/assets/images/2025/AUGUST/26/lKEmWRpP_26a68076cce24745be600b6455a4c4fc.jpg",CHIC BY TOKYO TALKIES,Apparel,Shirts,449,1549,71,4.8,39,"XS, S, M, L, XL",Mustard,Regular Fit,Polyester,Short Sleeves,Solid,"Mustard solid opaque Casual shirt ,has a spread collar, button placket, short puff sleeves, curved hem Brand Fit: Fit: Regular Fit The model (height 5'8) is wearing a size S Polyester &nbsp;Machine Wash Wash care: Hand Wash",InStock,S & S Marketing,https://www.myntra.com/Shirts/CHIC+BY+TOKYO+TALKIES/CHIC-BY-TOKYO-TALKIES-Women-Regular-Fit-Casual-Shirt/36597441/buy,2026-06-26T05:32:19.624356+00:00
Myntra,Otira Women Standard Fit Solid Spread Collar Casual Shirt,"https://assets.myntassets.com/h_720,q_70,w_540/v1/assets/images/2025/MAY/21/plZKUpP5_bd6744bbe16f4ae2a6d09cefea878366.jpg",OTIRA,Apparel,Shirts,384,1475,74,4.4,142,"XS, S, M, L, XL, XXL",White,Regular Fit,Crepe,Long Sleeves,Solid,White opaque casual shirt for women Spread collar Concealed button placket Straight hemline Solid Regular length Long sleeves Regular Fit The model (height 5.8') is wearing a size S Poly Crepe Machine Wash Wash care: Machine Wash,InStock,DOEK DESIGN PRIVATE LIMITED,https://www.myntra.com/Shirts/OTIRA/Otira-Women-Standard-Fit-Solid-Spread-Collar-Casual-Shirt/34310528/buy,2026-06-26T05:32:19.624356+00:00
Myntra,HERE&NOW Women Casual Shirt,"https://assets.myntassets.com/h_720,q_70,w_540/v1/assets/images/2025/NOVEMBER/27/R6v5hTL3_efb5405210d9425290a70cccd8bdcc18.jpg",HERE&NOW,Apparel,Shirts,749,2299,67,4.2,2520,"S, M, L, XL",White,Oversized,Cotton,Long Sleeves,Textured,"White textured opaque Casual shirt ,has a spread collar, button placket, long roll-up sleeves, straight hem Brand Fit: Fit: Oversized The model (height 5'8) is wearing a size S Machine wash Wash care: Machine Wash",InStock,Sixth Sense,https://www.myntra.com/Shirts/HERE%26NOW/HERENOW-Women-Casual-Shirt/38189247/buy,2026-06-26T05:32:19.624356+00:00
Myntra,STREET 9 Comfort Oversized Striped Spread Collar Long Sleeve Cotton Shirt,"https://assets.myntassets.com/h_720,q_70,w_540/v1/assets/images/24741466/2023/8/30/158c4a7a-c9c7-43c3-b556-bdc62dccd8091693405592631Shirts1.jpg",STREET 9,Apparel,Shirts,575,2399,76,3.9,461,"XS, S, M, L",Blue,Oversized,Cotton,Long Sleeves,Striped,"Blue &amp; white vertical striped opaque Casual shirt ,has a spread collar, button placket, long regular sleeves, straight hem Brand Fit: Comfort Fit: Oversized The model (height 5'8) is wearing a size S 100% Cotton Machine Wash Wash care: Machine Wash",InStock,STREET NINE FASHIONS PVT LTD,https://www.myntra.com/Shirts/STREET+9/STREET-9-Comfort-Oversized-Striped-Spread-Collar-Long-Sleeve-Cotton-Shirt/24741466/buy,2026-06-26T05:32:19.624356+00:00
Myntra,DIMPY GARMENTS Women Relaxed Striped Casual Shirt,"https://assets.myntassets.com/h_720,q_70,w_540/v1/assets/images/2025/DECEMBER/20/N4xetx98_b511033efe7b4f4da1c2253fb8cc8f45.jpg",DIMPY GARMENTS,Apparel,Shirts,363,1499,76,4,455,"S, M, L, XL",Blue,Relaxed Fit,Cotton,Long Sleeves,Striped,"Blue vertical stripes striped opaque Casual shirt ,has a spread collar, button placket, na pocket, long regular sleeves, curved hem Brand Fit: Relaxed Fit: Relaxed Fit The model (height 5'8) is wearing a size S Womens Blue Striped Cotton Oversized Long Sleeve Button-Down Shirt Wash care: Machine Wash",InStock,Dimpy Garments,https://www.myntra.com/Shirts/DIMPY+GARMENTS/DIMPY-GARMENTS-Women-Relaxed-Striped-Casual-Shirt/38818789/buy,2026-06-26T05:32:19.624356+00:00
Myntra,Sztori Plus Size Relaxed Fit Pure Cotton Casual Shirt,"https://assets.myntassets.com/h_720,q_70,w_540/v1/assets/images/2026/MAY/4/hF00fniK_217ed7a40b454d139ac66848a1a9cf11.jpg",Sztori,Apparel,Shirts,781,2299,66,4.1,34,"XXL, 4XL, 5XL, 6XL",Brown,Relaxed Fit,Cotton,Short Sleeves,Solid,"Brown solid opaque casual shirt, has a spread collar, button placket, short regular sleeves, straight hem Disclaimer: The model is AI generated Fit: Relaxed Fit The model (height 5'8) is wearing a size S 100% Cotton&nbsp; Machine wash Wash care: Machine Wash",InStock,Shreyash Retail Private Limited,https://www.myntra.com/Shirts/Sztori/Sztori-Plus-Size-Relaxed-Fit-Pure-Cotton-Casual-Shirt/38091852/buy,2026-06-26T05:32:19.624356+00:00
Myntra,Street By Tokyo Talkies Graphic Mickey Mouse Printed Cotton Oversized Casual Shirt,"https://assets.myntassets.com/h_720,q_70,w_540/v1/assets/images/2025/AUGUST/26/2MiI66aQ_4b852028ddad44659c7d765bc886fda8.jpg",Street By Tokyo Talkies,Apparel,Shirts,543,3199,83,4.7,32,"S, M, L",Green,Oversized,Cotton,Long Sleeves,Printed,"Green &amp; white graphic printed opaque casual shirt ,has a spread collar, button placket, long regular sleeves, curved hem Fit: Oversized The model (height 5'8) is wearing a size S Cotton Machine Wash Wash care: Machine Wash",InStock,Shreyash Retail Private Limited,https://www.myntra.com/Shirts/Street+By+Tokyo+Talkies/Street-By-Tokyo-Talkies-Graphic-Mickey-Mouse-Printed-Cotton-Oversized-Casual-Shirt/36597339/buy,2026-06-26T05:32:19.624356+00:00
Myntra,all about you Ethnic Motifs Printed Pure Cotton Casual Shirt,"https://assets.myntassets.com/h_720,q_70,w_540/v1/assets/images/2026/MAY/21/tfptJ1JJ_c5492be77ee642039a1ec42551d4ac39.jpg",all about you,Apparel,Shirts,509,1699,70,4,5,"S, M, L, XL, XXL",Off White,Regular Fit,Cotton,Long Sleeves,Printed,"White, beige and blue ethnic motifs printed opaque casual shirt, has a spread collar, button placket, long drop-shoulder sleeves, curved hem Disclaimer: The model is AI generated The model (height 5'8) is wearing a size S 100% Cotton&nbsp; Machine Wash Wash care: Machine Wash",InStock,Konde Products & Services Private Limited,https://www.myntra.com/Shirts/all+about+you/all-about-you-Ethnic-Motifs-Printed-Pure-Cotton-Casual-Shirt/40139738/buy,2026-06-26T05:32:19.624356+00:00
Myntra,glitchez Women Casual Shirt,"https://assets.myntassets.com/h_720,q_70,w_540/v1/assets/images/2026/MARCH/13/MnVvxMxg_4c97ece392674284ab5304b81a0c2c04.jpg",glitchez,Apparel,Shirts,596,1999,70,2.5,17,"XS, S, M, L",Brown,Regular Fit,Satin,Long Sleeves,Textured,"Brown Solid Opaque Casual shirts ,has a Spread Collar, , Long Regular Sleeves, Straight hem Brand Fit: Fit: Regular Fit The model (height 5'8) is wearing a size S Wash care: Machine Wash",InStock,AAHWAN ENTERPRISE,https://www.myntra.com/Shirts/glitchez/glitchez-Women-Casual-Shirt/40650942/buy,2026-06-26T05:32:19.624356+00:00
Myntra,Style Quotient Women Standard Striped Casual Shirt,"https://assets.myntassets.com/h_720,q_70,w_540/v1/assets/images/2025/DECEMBER/24/K859Ju0X_ab40e7b3bbcf4fc6b2d2b88ee2dd950d.jpg",Style Quotient,Apparel,Shirts,674,1199,44,4.4,16,"S, M, L, XL",Blue,Regular Fit,Polycotton,Short Sleeves,Striped,"Blue vertical stripes striped opaque Casual shirt ,has a spread collar, button placket, na pocket, short puff sleeves, straight hem Brand Fit: Standard Fit: Regular Fit The model (height 5'8) is wearing a size S Machine Wash Wash care: Machine Wash",InStock,KRISLON SYNTHETICS PVT LTD,https://www.myntra.com/Shirts/Style+Quotient/Style-Quotient-Women-Standard-Striped-Casual-Shirt/38916820/buy,2026-06-26T05:32:19.624356+00:00
Myntra,Stylecast X Slyck Women Solid V-Neck Cuffed Sleeves Regular Fit Shirt,"https://assets.myntassets.com/h_720,q_70,w_540/v1/assets/images/2026/APRIL/23/FSFBEUYQ_6f9edac779b740779dd2498b216b75ef.jpg",Stylecast X Slyck,Apparel,Shirts,447,1599,72,4.1,219,"XS, S, M, L",Maroon,Regular Fit,Polyester,Long Sleeves,Self Design,"Maroon Textured Self Design Semi Sheer Casual shirts ,has a Band Collar, Button Placket, Long Regular Sleeves, Straight hem Brand Fit: Comfort Fit: Regular Fit The model (height 5'8) is wearing a size S 100 % POLYESTER, Hand Wash Wash care: Hand Wash",InStock,Shreyash Retail Private Limited,https://www.myntra.com/Shirts/Stylecast+X+Slyck/Stylecast-X-Slyck-Women-Solid-V-Neck-Cuffed-Sleeves-Regular-Fit-Shirt/41582012/buy,2026-06-26T05:32:19.624356+00:00
Myntra,STREET 9 Women Black Solid Relaxed Boxy Casual Shirt,"https://assets.myntassets.com/h_720,q_70,w_540/v1/assets/images/17904104/2022/4/16/efd4f52e-5d82-44fc-8e4b-0339cf59842f1650114944708STREET9WomenBlackRelaxedBoxyCasualShirt1.jpg",STREET 9,Apparel,Shirts,319,1599,80,3.8,3379,"XS, S, M, L, XL",Black,Boxy,Polyester,Long Sleeves,Solid,"Black solid opaque Casual shirt ,has a spread collar, button placket, na pocket, long regular sleeves, curved hem Brand Fit: Relaxed Fit: Boxy The model (height 5'8) is wearing a size S 100% Polyester Machine wash Wash care: Machine Wash",InStock,STREET NINE FASHIONS PVT LTD,https://www.myntra.com/Shirts/STREET+9/STREET-9-Women-Black-Solid-Relaxed-Boxy-Casual-Shirt/17904104/buy,2026-06-26T05:32:19.624356+00:00
Myntra,glitchez Women Casual Shirt,"https://assets.myntassets.com/h_720,q_70,w_540/v1/assets/images/2026/MAY/8/VxDmcdwL_b799a65eac1444b698ae87fa81abf1a3.jpg",glitchez,Apparel,Shirts,543,1699,68,0,0,"XS, XL, L, S, M",Brown,Oversized,Cotton,Short Sleeves,Solid,"Brown Solid Opaque Casual shirts Has a Spread Collar, Button Placket Short Regular Sleeves Straight hem Brand Fit: Fit: Oversized The model (height 5'8) is wearing a size S Cotton , Machine wash Wash care: Machine Wash",InStock,Shreyash Retail Private Limited,https://www.myntra.com/Shirts/glitchez/glitchez-Women-Casual-Shirt/38396791/buy,2026-06-26T05:32:19.624356+00:00
Myntra,FABLE STREET Women White Knitted Shirt,"https://assets.myntassets.com/h_720,q_70,w_540/v1/assets/images/2026/JUNE/10/uElSy75L_672800905a844f0587d6680c7239b8c7.jpg",FABLE STREET,Apparel,Shirts,1203,1695,29,4.1,1283,"XS, S, M, L, XL, XXL",White,Regular Fit,Cotton,Long Sleeves,Solid,"White solid opaque Formal shirt ,has a spread collar, button placket, pocket, long regular sleeves, curved hem Brand Fit: Fit: Regular Fit The model (height 5'8) is wearing a size S Cotton Machine wash Wash care: Machine Wash",InStock,Fable Street Lifestyle Solutions Private Limited,https://www.myntra.com/Shirts/FABLE+STREET/FABLE-STREET-Women-White-Knitted-Shirt/14486656/buy,2026-06-26T05:32:19.624356+00:00
Myntra,The Roadster Lifestyle Co. Women Textured Oversized Pure Cotton Shirt,"https://assets.myntassets.com/h_720,q_70,w_540/v1/assets/images/33563182/2025/6/4/b01f64e1-c245-4986-a332-c7ddda0c08c41749038611753-Womens-Oversize-Long-Sleeve-Solid-Mustard-Shirt-119174903861-1.jpg",Roadster,Apparel,Shirts,702,1799,61,4.2,3959,"S, M, L, XL",Mustard,Oversized,Cotton,Long Sleeves,Textured,"Mustard textured opaque Casual shirt ,has a spread collar, button placket, 1 patch pocket, long regular sleeves, curved hem Brand Fit: Fit: Oversized The model (height 5'8) is wearing a size S 100% Cotton Machine Wash Wash care: Machine Wash",InStock,FRACTAL INDUSTRIES LIMITED,https://www.myntra.com/Shirts/Roadster/The-Roadster-Lifestyle-Co-Women-Textured-Oversized-Pure-Cotton-Shirt/33563182/buy,2026-06-26T05:32:19.624356+00:00
Myntra,The Roadster Lifestyle Co. Cotton Casual Shirt,"https://assets.myntassets.com/h_720,q_70,w_540/v1/assets/images/31184732/2024/12/16/f0d4ad7b-4419-4535-8983-b8f04d2ad9191734339411144-Roadster-Women-Shirts-5191734339410513-1.jpg",Roadster,Apparel,Shirts,629,2099,70,4.2,157,"XS, S, M, L, XL, XXL",Green,Regular Fit,Cotton,Long Sleeves,Solid,"Green solid opaque casual shirt ,has a cutaway collar, button placket, 1 patch pocket, long drop-shoulder sleeves, curved hem Brand Fit: Regular Fit Size worn by the model: S Chest: 31'' Height: 5'7"" 100% cotton , Machine wash Wash care: Machine Wash",InStock,Savadika Retail Private Limited,https://www.myntra.com/Shirts/Roadster/The-Roadster-Lifestyle-Co-Cotton-Casual-Shirt/31184732/buy,2026-06-26T05:32:19.624356+00:00
Myntra,Bitterlime Women Relaxed Striped Casual Shirt,"https://assets.myntassets.com/h_720,q_70,w_540/v1/assets/images/2025/NOVEMBER/29/qXAWq1Yr_741d26abdf7e441082308c205f71f37f.jpg",Bitterlime,Apparel,Shirts,592,1999,70,4.1,171,"S, M, L, XL, XXL, 3XL",Brown,Oversized,Cotton,Long Sleeves,Striped,"Brown vertical stripes striped opaque Casual shirt ,has a spread collar, button placket, na pocket, long regular sleeves, straight hem Brand Fit: Relaxed Fit: Oversized The model (height 5'8) is wearing a size S Pair it with denim jeans, white sneakers, and a crossbody bag for a clean and effortless city-casual look. Do not Bleach, Do not Soak, Dry in Shade, Iron on reverse side. Machine Wash Wash care: Machine Wash",InStock,SANIL CREATIONS PRIVATE LIMITED,https://www.myntra.com/Shirts/Bitterlime/Bitterlime-Women-Relaxed-Striped-Casual-Shirt/38314463/buy,2026-06-26T05:32:19.624356+00:00
Myntra,The Roadster Life Co. Casual Shirt,"https://assets.myntassets.com/h_720,q_70,w_540/v1/assets/images/2025/OCTOBER/15/YxewrvQQ_77369435b44a49ac8b0d71749dbe890b.jpg",Roadster,Apparel,Shirts,389,1299,70,4.6,116,"XS, S, M, L, XL, XXL",Peach,Regular Fit,Polyester,Three-Quarter Sleeves,Solid,"Peach-coloured solid opaque casual shirt, has a spread collar, button placket, three-quarter puff sleeves, curved hem Brand Fit: Fit: Regular Fit The model (height 5'8) is wearing a size S 100% Polyester Machine wash Wash care: Machine Wash",InStock,Savadika Retail Private Limited,https://www.myntra.com/Shirts/Roadster/The-Roadster-Life-Co-Casual-Shirt/34801943/buy,2026-06-26T05:32:19.624356+00:00
Myntra,glitchez Pure Cotton Boxy Fit Shirt With Scalloped Sleeves,"https://assets.myntassets.com/h_720,q_70,w_540/v1/assets/images/2025/DECEMBER/8/F6doQPwc_dbfbab5c912f4de2b8261d786254fae5.jpg",glitchez,Apparel,Shirts,319,1699,.,4.1,34,"S, M, L, XL",Black,Boxy,Cotton,Short Sleeves,Solid,"The It-Top: Main character, but make it fashion. Color: Black&nbsp; Neckline: Spread Collar&nbsp; Sleeve Styling: Short, regular Brand Fit: Fit: Relaxed Fit The model (height 5'8) is wearing a size S 100% Cotton&nbsp; Machine wash Wash care: Machine Wash",InStock,Shreyash Retail Private Limited,https://www.myntra.com/Shirts/glitchez/glitchez-Pure-Cotton-Boxy-Fit-Shirt-With-Scalloped-Sleeves/35754715/buy,2026-06-26T05:32:19.624356+00:00
Myntra,HERE&NOW Women Printed Casual Shirt,"https://assets.myntassets.com/h_720,q_70,w_540/v1/assets/images/2025/OCTOBER/21/YGvxGHvz_ae10196ba09d4c20920891babfde5fd2.jpg",HERE&NOW,Apparel,Shirts,743,2199,66,4.5,124,"S, M, L, XL, XXL",Blue,Oversized,Viscose Rayon,Long Sleeves,Printed,"Blue vertical stripes printed opaque Casual shirt ,has a spread collar, button placket, long regular sleeves, curved hem Brand Fit: Fit: Oversized The model (height 5'8) is wearing a size S Machine wash Wash care: Machine Wash",InStock,Sixth Sense,https://www.myntra.com/Shirts/HERE%26NOW/HERENOW-Women-Printed-Casual-Shirt/37462472/buy,2026-06-26T05:32:19.624356+00:00
Myntra,Blue Ronin Women Standard Cotton Formal Shirt,"https://assets.myntassets.com/h_720,q_70,w_540/v1/assets/images/2026/MAY/26/2O4pimEo_94b017de954840c9814152c2e777f7fd.jpg",Blue Ronin,Apparel,Shirts,535,1199,55,4.2,2164,"S, M, L, XL",Beige,Regular Fit,Cotton,Three-Quarter Sleeves,Solid,"Beige solid opaque Formal shirt ,has a spread collar, button placket, na pocket, three-quarter regular sleeves, curved hem Brand Fit: Standard Fit: Regular Fit The model (height 5'8) is wearing a size S Cotton Hand Wash Wash care: Hand Wash",InStock,EQUITECH TRADING PRIVATE LIMITED,https://www.myntra.com/Shirts/Blue+Ronin/Blue-Ronin-Women-Standard-Cotton-Formal-Shirt/33551300/buy,2026-06-26T05:32:19.624356+00:00
Myntra,Berrylush White Spread Collar Casual Crop Shirt,"https://assets.myntassets.com/h_720,q_70,w_540/v1/assets/images/2025/DECEMBER/19/D6yKxDj1_15908a7c881b45f18ef441d008984f7c.jpg",Berrylush,Apparel,Shirts,483,949,49,4.2,1217,"S, M, L, XL",White,Regular Fit,Polyester,Long Sleeves,Solid,"White solid opaque casual shirt ,has a spread collar, button placket, 1 patch pocket, long regular sleeves, curved hem Regular Fit The model (height 5'8) is wearing a size S 100% Polyester Machine Wash Wash care: Machine Wash",InStock,Shreyash Retail Private Limited,https://www.myntra.com/Shirts/Berrylush/Berrylush-White-Spread-Collar-Casual-Crop-Shirt/23360314/buy,2026-06-26T05:32:19.624356+00:00
Myntra,THE FASHION HUB Women Printed Casual Shirt,"https://assets.myntassets.com/h_720,q_70,w_540/v1/assets/images/2026/MAY/19/aZYRGvIZ_52a6475397da429c8ffae0b7ecaa66f9.jpg",THE FASHION HUB,Apparel,Shirts,547,999,45,0,0,"S, M, L, XL, XXL, 3XL",Blue,Regular Fit,Cotton,Three-Quarter Sleeves,Printed,"Blue Ethnic Motifs Printed Opaque Casual shirts ,has a Mandarin Collar, Button Placket, Three-Quarter Regular Sleeves, Straight hem Brand Fit: Fit: Regular Fit The model (height 5'8) is wearing a size S Elevate your everyday ethnic wardrobe with this vibrant blue and rust printed kurti. Its structured mandarin collar and breathable cotton fabric make it a perfect choice for a ""desk-to-dinner"" transition. For a sophisticated professional look, pair it with slim-fit off-white trousers and pearl earrings as shown; for a more relaxed weekend vibe, swap the trousers for distressed denim and tan mojaris. Gentle Machine Wash Wash care: Machine Wash",InStock,P.P. ENTERPRISES,https://www.myntra.com/Shirts/THE+FASHION+HUB/THE-FASHION-HUB-Women-Printed-Casual-Shirt/42314577/buy,2026-06-26T05:32:19.624356+00:00
Myntra,The Roadster Lifestyle Co. Striped Oversized Pure Cotton Casual Shirt,"https://assets.myntassets.com/h_720,q_70,w_540/v1/assets/images/33178156/2025/4/15/8d973f48-17ba-4c9c-bb8f-3de8ad40fc091744698650195-Womens-Oversize-Long-Sleeve-Yarn-Dyed-Stripe-Shirt-632174469-1.jpg",Roadster,Apparel,Shirts,684,1599,57,4.2,3156,"XS, S, M, L, XL",Off White,Oversized,Cotton,Long Sleeves,Striped,"Off white vertical stripes striped opaque Casual shirt ,has a spread collar, button placket, 1 patch pocket, long regular sleeves, curved hem Brand Fit: Fit: Oversized The model (height 5'8) is wearing a size S 100% Cotton Machine Wash Wash care: Machine Wash",InStock,FRACTAL INDUSTRIES LIMITED - SJIT,https://www.myntra.com/Shirts/Roadster/The-Roadster-Lifestyle-Co-Striped-Oversized-Pure-Cotton-Casual-Shirt/33178156/buy,2026-06-26T05:32:19.624356+00:00
Myntra,STREET 9 Beige Comfort Pure Cotton Casual Oversized Shirt,"https://assets.myntassets.com/h_720,q_70,w_540/v1/assets/images/24741448/2023/8/30/99d17156-9123-4c40-b072-378f255c0ff41693407493815Shirts1.jpg",STREET 9,Apparel,Shirts,459,2299,80,3.9,5478,"XS, S, M, L",Beige,Oversized,Polyester,Long Sleeves,Solid,"Beige solid casual shirt ,has a spread collar, button placket, long regular sleeves, curved hem Brand Fit: Comfort Fit: Oversized The model (height 5'8) is wearing a size S 100% polyester Machine Wash Wash care: Machine Wash",InStock,Adilaxmi E-commerce Private Limited,https://www.myntra.com/Shirts/STREET+9/STREET-9-Beige-Comfort-Pure-Cotton-Casual-Oversized-Shirt/24741448/buy,2026-06-26T05:32:19.624356+00:00
Myntra,CORSICA Women Classic Opaque Casual Shirt,"https://assets.myntassets.com/h_720,q_70,w_540/v1/assets/images/2025/FEBRUARY/28/VHRL8Suk_9c9af38cd2d84eaf8d68ae75147fec45.jpg",CORSICA,Apparel,Shirts,399,1499,73,3.9,825,"S, M, L, XL, XXL",Black,Regular Fit,Georgette,Long Sleeves,Solid,"Black solid opaque Casual shirt ,has a spread collar, button placket, na pocket, long regular sleeves, curved hem Brand Fit: Classic Fit: Regular Fit The model (height 5'8) is wearing a size S Do Not Bleach Wash care: Hand Wash",InStock,PENTACOM VENTURES,https://www.myntra.com/Shirts/CORSICA/CORSICA-Women-Classic-Opaque-Casual-Shirt/33002428/buy,2026-06-26T05:32:19.624356+00:00
Myntra,English Navy Women Formal Shirt,"https://assets.myntassets.com/h_720,q_70,w_540/v1/assets/images/21401796/2023/1/3/b26e1cdb-aef2-4745-981f-305f630493701672759054701Shirts1.jpg",English Navy,Apparel,Shirts,743,1199,38,4.2,6424,"XS, S, M, L, XL",Cream,Regular Fit,Polyester,Long Sleeves,Solid,"Solid opaque Formal shirt ,has a spread collar, concealed button placket, long regular sleeves, straight hem Fit: Regular Fit The model (height 5'8) is wearing a size S Polyester Machine wash Wash care: Machine Wash",InStock,SIDHBALI CREATIONS,https://www.myntra.com/Shirts/English+Navy/English-Navy-Women-Formal-Shirt/21401796/buy,2026-06-26T05:32:19.624356+00:00
Myntra,Libas Off White Floral Printed Cotton Shirt,"https://assets.myntassets.com/h_720,q_70,w_540/v1/assets/images/2026/MARCH/31/HhtI3lUt_d67a158af9624a33aeca899321ecc788.jpg",Libas,Apparel,Shirts,449,799,44,4.4,26,"S, M, L, XL, XXL",Off White,Relaxed Fit,Cotton,Three-Quarter Sleeves,Printed,"Off White Floral Printed Casual shirts ,has a Spread Collar, Button Placket, Three-Quarter, Asymmetric hem Brand Fit: Classic Fit: Relaxed Fit The model (height 5'8) is wearing a size S Hand Wash, Separately In Cold Water, Do Not Bleach, Dry In Shade, Medium Iron. Wash care: Machine Wash",InStock,ZIVORE APPAREL PRIVATE LIMITED,https://www.myntra.com/Shirts/Libas/Libas-Off-White-Floral-Printed-Cotton-Shirt/40828694/buy,2026-06-26T05:32:19.624356+00:00
Myntra,Tzelynn Embroidered Spread Collar Casual Shirt,"https://assets.myntassets.com/h_720,q_70,w_540/v1/assets/images/2025/DECEMBER/23/p9UGMtLx_22e0f8e6c8ca4da88a8bd4ac11b2126e.jpg",Tzelynn,Apparel,Shirts,589,1699,65,4,226,"S, M, L, XL",Black,Regular Fit,Viscose Rayon,Long Sleeves,Self Design,"Black &amp; white embroidered regular-fit casual shirt ,has a spread collar, button placket, long sleeves and straight hem The model (height 5'8"") is wearing a S Viscose Rayon Hand Wash Wash care: Hand Wash",InStock,VIVIDH IMPEX,https://www.myntra.com/Shirts/Tzelynn/Tzelynn-Embroidered-Spread-Collar-Casual-Shirt/38872377/buy,2026-06-26T05:32:19.624356+00:00
Myntra,Zucchini Women Casual Shirt,"https://assets.myntassets.com/h_720,q_70,w_540/v1/assets/images/2026/MAY/10/d7DYWJBV_a3ba98298ad5436b9d4e231c9892894b.jpg",Zucchini,Apparel,Shirts,994,2549,61,0,0,"S, M, L, XL",Brown,Relaxed Fit,Polyester,Short Sleeves,Solid,"Brown Solid Opaque Casual shirts ,has a Collarless, Mock Placket, Short Regular Sleeves, Asymmetric hem Brand Fit: Fit: Relaxed Fit The model (height 5'8) is wearing a size S Pair this asymmetric brown shirt with tailored beige trousers and loafers for a chic, smart-casual office look. Transition easily to evening plans by swapping in statement earrings and strappy heels. Machine Wash Wash care: Machine Wash",InStock,Shreyash Retail Private Limited,https://www.myntra.com/Shirts/Zucchini/Zucchini-Women-Casual-Shirt/42033139/buy,2026-06-26T05:32:19.624356+00:00
Myntra,The Souled Store Women Oversized Fit Looney Tunes Printed White Shirts,"https://assets.myntassets.com/h_720,q_70,w_540/v1/assets/images/24031340/2023/7/14/6eae9c54-b177-46c3-818d-9ce8403d0a0e1689358640378TheSouledStoreWomenWhiteRelaxedOpaqueCasualShirt1.jpg",The Souled Store,Apparel,Shirts,1199,1999,40,4.3,394,"XXS, XS, S, M, L, XL, XXL",White,Oversized,Cotton,Long Sleeves,Printed,"White, pink &amp; black graphic printed opaque Casual shirt ,has a spread collar, button placket, na pocket, long regular sleeves, curved hem Brand Fit: Relaxed Fit: Oversized The model (height 5'8) is wearing a size S Pure Cotton Machine Wash Wash care: Machine Wash",InStock,THE SOULED STORE PVT. LTD.,https://www.myntra.com/Shirts/The+Souled+Store/The-Souled-Store-Women-Oversized-Fit-Looney-Tunes-Printed-White-Shirts/24031340/buy,2026-06-26T05:32:19.624356+00:00
Myntra,Roadster Women Blue Black Regular Fit Polka Dot Print Casual Shirt,"https://assets.myntassets.com/h_720,q_70,w_540/v1/assets/images/2026/MARCH/17/77Kjb0D8_2413be2456004f05b1f2f7712dd82257.jpg",Roadster,Apparel,Shirts,319,999,68,4.3,2597,"XS, S, M, L, XL, XXL",Blue,Regular Fit,Polyester,Sleeveless,Printed,"Blue and Black Polka Dot Print casual shirt, has a spread collar, sleeveless, button placket, and straight hem The model (height 5'8"") is wearing a size S The style and versatility of this sleeveless shirt by Roadster makes it a great staple item. It can be worn with trim denims and canvas shoes for a cool concert ensemble. Material: Polyester Machine Wash Wash care: Machine Wash",InStock,Savadika Retail Private Limited,https://www.myntra.com/Shirts/Roadster/Roadster-Women-Blue--Black-Regular-Fit-Polka-Dot-Print-Casual-Shirt/13298958/buy,2026-06-26T05:32:19.624356+00:00
Myntra,CORSICA Women Classic Opaque Casual Shirt,"https://assets.myntassets.com/h_720,q_70,w_540/v1/assets/images/2025/FEBRUARY/28/EiTL4cdL_891b0f1760de4e1691433fa5fd7a6b3b.jpg",CORSICA,Apparel,Shirts,399,1499,73,3.7,2536,"S, M, L, XL, XXL",White,Regular Fit,Georgette,Long Sleeves,Solid,"White solid opaque Casual shirt ,has a spread collar, button placket, na pocket, long regular sleeves, straight hem Brand Fit: Classic Fit: Regular Fit The model (height 5'8) is wearing a size S Do Not Bleach Wash care: Hand Wash",InStock,PENTACOM VENTURES,https://www.myntra.com/Shirts/CORSICA/CORSICA-Women-Classic-Opaque-Casual-Shirt/33002512/buy,2026-06-26T05:32:19.624356+00:00
